service_id,monday,tuesday,wednesday,thursday,friday,saturday,sunday,start_date,end_date
Mon-Tue-Wed-Thu-Fri-Sat-Sun_20260728-20270830,1,1,1,1,1,1,1,20260728,20270830
Mon-Tue-Wed-Thu-Fri-Sat-Sun_20260817-20260830,1,1,1,1,1,1,1,20260817,20260830
Mon-Tue-Wed-Thu-Fri-Sat-Sun_20260911-20260927,1,1,1,1,1,1,1,20260911,20260927
Mon-Tue-Wed-Thu-Fri-Sat-Sun_20260616-20270829,1,1,1,1,1,1,1,20260616,20270829
Mon-Tue-Wed-Thu-Fri-Sat-Sun_20260118-20270830,1,1,1,1,1,1,1,20260118,20270830
Mon-Tue-Wed-Thu-Fri-Sat-Sun_20260711-20270830,1,1,1,1,1,1,1,20260711,20270830
Mon-Tue-Wed-Thu-Fri-Sat-Sun_20260912-20260927,1,1,1,1,1,1,1,20260912,20260927
Mon-Tue-Wed-Thu-Fri-Sat-Sun_20260901-20270830,1,1,1,1,1,1,1,20260901,20270830
Mon-Tue-Wed-Thu-Fri-Sat-Sun_20260416-20270830,1,1,1,1,1,1,1,20260416,20270830
Mon-Tue-Wed-Thu-Fri-Sat-Sun_20260803-20260830,1,1,1,1,1,1,1,20260803,20260830
Mon-Tue-Wed-Thu-Fri-Sat-Sun_20260326-20270830,1,1,1,1,1,1,1,20260326,20270830
Mon-Tue-Wed-Thu-Fri-Sat-Sun_20260903-20270830,1,1,1,1,1,1,1,20260903,20270830
Mon-Tue-Wed-Thu-Fri-Sat-Sun_20260716-20261013,1,1,1,1,1,1,1,20260716,20261013
Mon-Tue-Wed-Thu-Fri-Sat-Sun_20260524-20261006,1,1,1,1,1,1,1,20260524,20261006
Mon-Tue-Wed-Thu-Fri-Sat-Sun_20260811-20270830,1,1,1,1,1,1,1,20260811,20270830
Mon-Tue-Wed-Thu-Fri-Sat-Sun_20260413-20270829,1,1,1,1,1,1,1,20260413,20270829
Mon-Tue-Wed-Thu-Fri-Sat-Sun_20260109-20270829,1,1,1,1,1,1,1,20260109,20270829
Mon-Tue-Wed-Thu-Fri-Sat-Sun_20260205-20270830,1,1,1,1,1,1,1,20260205,20270830
Mon-Tue-Wed-Thu-Fri-Sat-Sun_20260504-20270830,1,1,1,1,1,1,1,20260504,20270830
Mon-Tue-Wed-Thu-Fri-Sat-Sun_20260824-20260830,1,1,1,1,1,1,1,20260824,20260830
Mon-Tue-Wed-Thu-Fri-Sat-Sun_20260812-20261031,1,1,1,1,1,1,1,20260812,20261031
Mon-Tue-Wed-Thu-Fri-Sat-Sun_20260722-20261017,1,1,1,1,1,1,1,20260722,20261017
Mon-Tue-Wed-Thu-Fri-Sat-Sun_20260601-20261006,1,1,1,1,1,1,1,20260601,20261006
Mon-Tue-Wed-Thu-Fri-Sat-Sun_20260403-20270830,1,1,1,1,1,1,1,20260403,20270830
Mon-Tue-Wed-Thu-Fri-Sat-Sun_20260101-20260901,1,1,1,1,1,1,1,20260101,20260901
Mon-Tue-Wed-Thu-Fri-Sat-Sun_20260128-20270830,1,1,1,1,1,1,1,20260128,20270830
Mon-Tue-Wed-Thu-Fri-Sat-Sun_20260108-20270829,1,1,1,1,1,1,1,20260108,20270829
Mon-Tue-Wed-Thu-Fri-Sat-Sun_20260210-20270830,1,1,1,1,1,1,1,20260210,20270830
Mon-Tue-Wed-Thu-Fri-Sat-Sun_20260507-20260831,1,1,1,1,1,1,1,20260507,20260831
Mon-Tue-Wed-Thu-Fri-Sat-Sun_20260218-20270217,1,1,1,1,1,1,1,20260218,20270217
Mon-Tue-Wed-Thu-Fri-Sat-Sun_20260629-20270313,1,1,1,1,1,1,1,20260629,20270313
Mon-Tue-Wed-Thu-Fri-Sat-Sun_20260308-20270829,1,1,1,1,1,1,1,20260308,20270829
Mon-Tue-Wed-Thu-Fri-Sat-Sun_20260620-20261005,1,1,1,1,1,1,1,20260620,20261005
Mon-Tue-Wed-Thu-Fri-Sat-Sun_20260421-20270830,1,1,1,1,1,1,1,20260421,20270830
Mon-Tue-Wed-Thu-Fri-Sat-Sun_20260602-20261014,1,1,1,1,1,1,1,20260602,20261014
Mon-Tue-Wed-Thu-Fri-Sat-Sun_20260828-20270830,1,1,1,1,1,1,1,20260828,20270830
Mon-Tue-Wed-Thu-Fri-Sat-Sun_20260901-20260930,1,1,1,1,1,1,1,20260901,20260930
Mon-Tue-Wed-Thu-Fri-Sat-Sun_20260805-20270830,1,1,1,1,1,1,1,20260805,20270830
Mon-Tue-Wed-Thu-Fri-Sat-Sun_20260515-20270830,1,1,1,1,1,1,1,20260515,20270830
Mon-Tue-Wed-Thu-Fri-Sat-Sun_20260102-20270830,1,1,1,1,1,1,1,20260102,20270830
Mon-Tue-Wed-Thu-Fri-Sat-Sun_20260703-20270830,1,1,1,1,1,1,1,20260703,20270830
Mon-Tue-Wed-Thu-Fri-Sat-Sun_20261020-20270829,1,1,1,1,1,1,1,20261020,20270829
Mon-Tue-Wed-Thu-Fri-Sat-Sun_20260710-20270830,1,1,1,1,1,1,1,20260710,20270830
Mon-Tue-Wed-Thu-Fri-Sat-Sun_20260819-20260918,1,1,1,1,1,1,1,20260819,20260918
Mon-Tue-Wed-Thu-Fri-Sat-Sun_20260226-20270830,1,1,1,1,1,1,1,20260226,20270830
Mon-Tue-Wed-Thu-Fri-Sat-Sun_20260630-20261027,1,1,1,1,1,1,1,20260630,20261027
Mon-Tue-Wed-Thu-Fri-Sat-Sun_20260807-20270830,1,1,1,1,1,1,1,20260807,20270830
Mon-Tue-Wed-Thu-Fri-Sat-Sun_20260813-20260901,1,1,1,1,1,1,1,20260813,20260901
Mon-Tue-Wed-Thu-Fri-Sat-Sun_20260324-20270830,1,1,1,1,1,1,1,20260324,20270830
Mon-Tue-Wed-Thu-Fri-Sat-Sun_20260819-20270829,1,1,1,1,1,1,1,20260819,20270829
Mon-Tue-Wed-Thu-Fri-Sat-Sun_20260111-20270830,1,1,1,1,1,1,1,20260111,20270830
Mon-Tue-Wed-Thu-Fri-Sat-Sun_20260618-20270829,1,1,1,1,1,1,1,20260618,20270829
Mon-Tue-Wed-Thu-Fri-Sat-Sun_20260313-20270830,1,1,1,1,1,1,1,20260313,20270830
Mon-Tue-Wed-Thu-Fri-Sat-Sun_20260628-20261231,1,1,1,1,1,1,1,20260628,20261231
Mon-Tue-Wed-Thu-Fri-Sat-Sun_20260723-20270830,1,1,1,1,1,1,1,20260723,20270830
Mon-Tue-Wed-Thu-Fri-Sat-Sun_20260715-20270830,1,1,1,1,1,1,1,20260715,20270830
Mon-Tue-Wed-Thu-Fri-Sat-Sun_20260804-20260830,1,1,1,1,1,1,1,20260804,20260830
Mon-Tue-Wed-Thu-Fri-Sat-Sun_20260815-20270830,1,1,1,1,1,1,1,20260815,20270830
Mon-Tue-Wed-Thu-Fri-Sat-Sun_20260225-20270830,1,1,1,1,1,1,1,20260225,20270830
Mon-Tue-Wed-Thu-Fri-Sat-Sun_20260402-20270830,1,1,1,1,1,1,1,20260402,20270830
Mon-Tue-Wed-Thu-Fri-Sat-Sun_20260302-20270830,1,1,1,1,1,1,1,20260302,20270830
Mon-Tue-Wed-Thu-Fri-Sat-Sun_20260823-20270830,1,1,1,1,1,1,1,20260823,20270830
Mon-Tue-Wed-Thu-Fri-Sat-Sun_20260602-20261020,1,1,1,1,1,1,1,20260602,20261020
Mon-Tue-Wed-Thu-Fri-Sat-Sun_20260522-20270830,1,1,1,1,1,1,1,20260522,20270830
Mon-Tue-Wed-Thu-Fri-Sat-Sun_20260820-20261011,1,1,1,1,1,1,1,20260820,20261011
Mon-Tue-Wed-Thu-Fri-Sat-Sun_20260829-20260901,1,1,1,1,1,1,1,20260829,20260901
Mon-Tue-Wed-Thu-Fri-Sat-Sun_20260814-20270830,1,1,1,1,1,1,1,20260814,20270830
Mon-Tue-Wed-Thu-Fri-Sat-Sun_20260424-20270830,1,1,1,1,1,1,1,20260424,20270830
Mon-Tue-Wed-Thu-Fri-Sat-Sun_20260729-20260829,1,1,1,1,1,1,1,20260729,20260829
Mon-Tue-Wed-Thu-Fri-Sat-Sun_20260510-20270829,1,1,1,1,1,1,1,20260510,20270829
Mon-Tue-Wed-Thu-Fri-Sat-Sun_20260725-20270829,1,1,1,1,1,1,1,20260725,20270829
Mon-Tue-Wed-Thu-Fri-Sat-Sun_20260601-20270829,1,1,1,1,1,1,1,20260601,20270829
Mon-Tue-Wed-Thu-Fri-Sat-Sun_20260523-20270830,1,1,1,1,1,1,1,20260523,20270830
Mon-Tue-Wed-Thu-Fri-Sat-Sun_20260819-20260831,1,1,1,1,1,1,1,20260819,20260831
Mon-Tue-Wed-Thu-Fri-Sat-Sun_20260123-20270830,1,1,1,1,1,1,1,20260123,20270830
Mon-Tue-Wed-Thu-Fri-Sat-Sun_20260808-20261001,1,1,1,1,1,1,1,20260808,20261001
Mon-Tue-Wed-Thu-Fri-Sat-Sun_20260819-20261031,1,1,1,1,1,1,1,20260819,20261031
Mon-Tue-Wed-Thu-Fri-Sat-Sun_20260101-20261018,1,1,1,1,1,1,1,20260101,20261018
Mon-Tue-Wed-Thu-Fri-Sat-Sun_20260510-20270830,1,1,1,1,1,1,1,20260510,20270830
Mon-Tue-Wed-Thu-Fri-Sat-Sun_20260801-20261031,1,1,1,1,1,1,1,20260801,20261031
Mon-Tue-Wed-Thu-Fri-Sat-Sun_20260217-20270829,1,1,1,1,1,1,1,20260217,20270829
Mon-Tue-Wed-Thu-Fri-Sat-Sun_20260303-20270829,1,1,1,1,1,1,1,20260303,20270829
Mon-Tue-Wed-Thu-Fri-Sat-Sun_20260616-20270830,1,1,1,1,1,1,1,20260616,20270830
Mon-Tue-Wed-Thu-Fri-Sat-Sun_20260823-20270829,1,1,1,1,1,1,1,20260823,20270829
Mon-Tue-Wed-Thu-Fri-Sat-Sun_20260411-20270830,1,1,1,1,1,1,1,20260411,20270830
Mon-Tue-Wed-Thu-Fri-Sat-Sun_20260211-20270830,1,1,1,1,1,1,1,20260211,20270830
Mon-Tue-Wed-Thu-Fri-Sat-Sun_20261012-20270830,1,1,1,1,1,1,1,20261012,20270830
Mon-Tue-Wed-Thu-Fri-Sat-Sun_20260729-20260831,1,1,1,1,1,1,1,20260729,20260831
Mon-Tue-Wed-Thu-Fri-Sat-Sun_20260611-20270830,1,1,1,1,1,1,1,20260611,20270830
Mon-Tue-Wed-Thu-Fri-Sat-Sun_20260526-20270830,1,1,1,1,1,1,1,20260526,20270830
Mon-Tue-Wed-Thu-Fri-Sat-Sun_20260818-20270829,1,1,1,1,1,1,1,20260818,20270829
Mon-Tue-Wed-Thu-Fri-Sat-Sun_20260508-20270830,1,1,1,1,1,1,1,20260508,20270830
Mon-Tue-Wed-Thu-Fri-Sat-Sun_20260112-20270830,1,1,1,1,1,1,1,20260112,20270830
Mon-Tue-Wed-Thu-Fri-Sat-Sun_20260804-20270829,1,1,1,1,1,1,1,20260804,20270829
Mon-Tue-Wed-Thu-Fri-Sat-Sun_20260218-20270830,1,1,1,1,1,1,1,20260218,20270830
Mon-Tue-Wed-Thu-Fri-Sat-Sun_20260708-20270829,1,1,1,1,1,1,1,20260708,20270829
Mon-Tue-Wed-Thu-Fri-Sat-Sun_20260804-20261017,1,1,1,1,1,1,1,20260804,20261017
Mon-Tue-Wed-Thu-Fri-Sat-Sun_20260830-20270830,1,1,1,1,1,1,1,20260830,20270830
Mon-Tue-Wed-Thu-Fri-Sat-Sun_20260409-20270830,1,1,1,1,1,1,1,20260409,20270830
Mon-Tue-Wed-Thu-Fri-Sat-Sun_20260101-20261027,1,1,1,1,1,1,1,20260101,20261027
Mon-Tue-Wed-Thu-Fri-Sat-Sun_20260620-20270830,1,1,1,1,1,1,1,20260620,20270830
Mon-Tue-Wed-Thu-Fri-Sat-Sun_20260701-20270830,1,1,1,1,1,1,1,20260701,20270830
Mon-Tue-Wed-Thu-Fri-Sat-Sun_20260501-20270830,1,1,1,1,1,1,1,20260501,20270830
Mon-Tue-Wed-Thu-Fri-Sat-Sun_20260101-20261231,1,1,1,1,1,1,1,20260101,20261231
Mon-Tue-Wed-Thu-Fri-Sat-Sun_20260206-20270830,1,1,1,1,1,1,1,20260206,20270830
Mon-Tue-Wed-Thu-Fri-Sat-Sun_20260316-20270830,1,1,1,1,1,1,1,20260316,20270830
Mon-Tue-Wed-Thu-Fri-Sat-Sun_20260918-20260921,1,1,1,1,1,1,1,20260918,20260921
Mon-Tue-Wed-Thu-Fri-Sat-Sun_20260912-20260926,1,1,1,1,1,1,1,20260912,20260926
Mon-Tue-Wed-Thu-Fri-Sat-Sun_20260613-20270830,1,1,1,1,1,1,1,20260613,20270830
Mon-Tue-Wed-Thu-Fri-Sat-Sun_20260213-20270830,1,1,1,1,1,1,1,20260213,20270830
Mon-Tue-Wed-Thu-Fri-Sat-Sun_20260227-20270830,1,1,1,1,1,1,1,20260227,20270830
Mon-Tue-Wed-Thu-Fri-Sat-Sun_20260224-20270830,1,1,1,1,1,1,1,20260224,20270830
Mon-Tue-Wed-Thu-Fri-Sat-Sun_20260813-20270830,1,1,1,1,1,1,1,20260813,20270830
Mon-Tue-Wed-Thu-Fri-Sat-Sun_20260416-20270829,1,1,1,1,1,1,1,20260416,20270829
Mon-Tue-Wed-Thu-Fri-Sat-Sun_20260829-20260831,1,1,1,1,1,1,1,20260829,20260831
Mon-Tue-Wed-Thu-Fri-Sat-Sun_20260101-20270228,1,1,1,1,1,1,1,20260101,20270228
Mon-Tue-Wed-Thu-Fri-Sat-Sun_20260621-20270830,1,1,1,1,1,1,1,20260621,20270830
Mon-Tue-Wed-Thu-Fri-Sat-Sun_20260828-20260830,1,1,1,1,1,1,1,20260828,20260830
Mon-Tue-Wed-Thu-Fri-Sat-Sun_20260829-20260908,1,1,1,1,1,1,1,20260829,20260908
Mon-Tue-Wed-Thu-Fri-Sat-Sun_20260826-20260924,1,1,1,1,1,1,1,20260826,20260924
Mon-Tue-Wed-Thu-Fri-Sat-Sun_20260829-20270830,1,1,1,1,1,1,1,20260829,20270830
Mon-Tue-Wed-Thu-Fri-Sat-Sun_20260721-20270830,1,1,1,1,1,1,1,20260721,20270830
Mon-Tue-Wed-Thu-Fri-Sat-Sun_20260819-20270830,1,1,1,1,1,1,1,20260819,20270830
Mon-Tue-Wed-Thu-Fri-Sat-Sun_20260727-20270119,1,1,1,1,1,1,1,20260727,20270119
Mon-Tue-Wed-Thu-Fri-Sat-Sun_20260418-20270830,1,1,1,1,1,1,1,20260418,20270830
Mon-Tue-Wed-Thu-Fri-Sat-Sun_20260729-20260909,1,1,1,1,1,1,1,20260729,20260909
Mon-Tue-Wed-Thu-Fri-Sat-Sun_20260303-20270830,1,1,1,1,1,1,1,20260303,20270830
Mon-Tue-Wed-Thu-Fri-Sat-Sun_20260728-20260908,1,1,1,1,1,1,1,20260728,20260908
Mon-Tue-Wed-Thu-Fri-Sat-Sun_20260818-20260829,1,1,1,1,1,1,1,20260818,20260829
Mon-Tue-Wed-Thu-Fri-Sat-Sun_20260101-20260830,1,1,1,1,1,1,1,20260101,20260830
Mon-Tue-Wed-Thu-Fri-Sat-Sun_20260721-20270711,1,1,1,1,1,1,1,20260721,20270711
Mon-Tue-Wed-Thu-Fri-Sat-Sun_20260126-20261001,1,1,1,1,1,1,1,20260126,20261001
Mon-Tue-Wed-Thu-Fri-Sat-Sun_20260509-20270830,1,1,1,1,1,1,1,20260509,20270830
Mon-Tue-Wed-Thu-Fri-Sat-Sun_20260315-20270830,1,1,1,1,1,1,1,20260315,20270830
Mon-Tue-Wed-Thu-Fri-Sat-Sun_20260807-20260831,1,1,1,1,1,1,1,20260807,20260831
Mon-Tue-Wed-Thu-Fri-Sat-Sun_20260720-20260831,1,1,1,1,1,1,1,20260720,20260831
Mon-Tue-Wed-Thu-Fri-Sat-Sun_20260722-20270830,1,1,1,1,1,1,1,20260722,20270830
Mon-Tue-Wed-Thu-Fri-Sat-Sun_20260105-20270830,1,1,1,1,1,1,1,20260105,20270830
Mon-Tue-Wed-Thu-Fri-Sat-Sun_20260911-20260926,1,1,1,1,1,1,1,20260911,20260926
Mon-Tue-Wed-Thu-Fri-Sat-Sun_20260101-20261006,1,1,1,1,1,1,1,20260101,20261006
Mon-Tue-Wed-Thu-Fri-Sat-Sun_20260804-20260829,1,1,1,1,1,1,1,20260804,20260829
Mon-Tue-Wed-Thu-Fri-Sat-Sun_20260729-20260830,1,1,1,1,1,1,1,20260729,20260830
Mon-Tue-Wed-Thu-Fri-Sat-Sun_20260317-20270830,1,1,1,1,1,1,1,20260317,20270830
Mon-Tue-Wed-Thu-Fri-Sat-Sun_20260310-20270228,1,1,1,1,1,1,1,20260310,20270228
Mon-Tue-Wed-Thu-Fri-Sat-Sun_20260724-20270830,1,1,1,1,1,1,1,20260724,20270830
Mon-Tue-Wed-Thu-Fri-Sat-Sun_20260722-20270829,1,1,1,1,1,1,1,20260722,20270829
Mon-Tue-Wed-Thu-Fri-Sat-Sun_20260114-20270830,1,1,1,1,1,1,1,20260114,20270830
Mon-Tue-Wed-Thu-Fri-Sat-Sun_20260419-20270830,1,1,1,1,1,1,1,20260419,20270830
Mon-Tue-Wed-Thu-Fri-Sat-Sun_20260524-20270830,1,1,1,1,1,1,1,20260524,20270830
Mon-Tue-Wed-Thu-Fri-Sat-Sun_20260102-20270829,1,1,1,1,1,1,1,20260102,20270829
Mon-Tue-Wed-Thu-Fri-Sat-Sun_20260103-20270830,1,1,1,1,1,1,1,20260103,20270830
Mon-Tue-Wed-Thu-Fri-Sat-Sun_20260808-20260913,1,1,1,1,1,1,1,20260808,20260913
Mon-Tue-Wed-Thu-Fri-Sat-Sun_20260702-20270830,1,1,1,1,1,1,1,20260702,20270830
Mon-Tue-Wed-Thu-Fri-Sat-Sun_20260104-20270830,1,1,1,1,1,1,1,20260104,20270830
Mon-Tue-Wed-Thu-Fri-Sat-Sun_20260312-20270830,1,1,1,1,1,1,1,20260312,20270830
Mon-Tue-Wed-Thu-Fri-Sat-Sun_20260116-20270830,1,1,1,1,1,1,1,20260116,20270830
Mon-Tue-Wed-Thu-Fri-Sat-Sun_20260816-20260915,1,1,1,1,1,1,1,20260816,20260915
Mon-Tue-Wed-Thu-Fri-Sat-Sun_20260609-20270830,1,1,1,1,1,1,1,20260609,20270830
Mon-Tue-Wed-Thu-Fri-Sat-Sun_20260602-20270830,1,1,1,1,1,1,1,20260602,20270830
Mon-Tue-Wed-Thu-Fri-Sat-Sun_20260514-20270506,1,1,1,1,1,1,1,20260514,20270506
Mon-Tue-Wed-Thu-Fri-Sat-Sun_20260719-20270830,1,1,1,1,1,1,1,20260719,20270830
Mon-Tue-Wed-Thu-Fri-Sat-Sun_20260101-20261022,1,1,1,1,1,1,1,20260101,20261022
Mon-Tue-Wed-Thu-Fri-Sat-Sun_20260815-20270104,1,1,1,1,1,1,1,20260815,20270104
Mon-Tue-Wed-Thu-Fri-Sat-Sun_20260629-20270830,1,1,1,1,1,1,1,20260629,20270830
Mon-Tue-Wed-Thu-Fri-Sat-Sun_20260722-20270103,1,1,1,1,1,1,1,20260722,20270103
Mon-Tue-Wed-Thu-Fri-Sat-Sun_20260825-20270830,1,1,1,1,1,1,1,20260825,20270830
Mon-Tue-Wed-Thu-Fri-Sat-Sun_20260828-20260901,1,1,1,1,1,1,1,20260828,20260901
Mon-Tue-Wed-Thu-Fri-Sat-Sun_20260702-20270829,1,1,1,1,1,1,1,20260702,20270829
Mon-Tue-Wed-Thu-Fri-Sat-Sun_20260507-20260830,1,1,1,1,1,1,1,20260507,20260830
Mon-Tue-Wed-Thu-Fri-Sat-Sun_20260217-20270830,1,1,1,1,1,1,1,20260217,20270830
Mon-Tue-Wed-Thu-Fri-Sat-Sun_20260826-20260909,1,1,1,1,1,1,1,20260826,20260909
Mon-Tue-Wed-Thu-Fri-Sat-Sun_20260828-20260831,1,1,1,1,1,1,1,20260828,20260831
Mon-Tue-Wed-Thu-Fri-Sat-Sun_20260215-20270830,1,1,1,1,1,1,1,20260215,20270830
Mon-Tue-Wed-Thu-Fri-Sat-Sun_20260626-20260912,1,1,1,1,1,1,1,20260626,20260912
Mon-Tue-Wed-Thu-Fri-Sat-Sun_20260308-20270830,1,1,1,1,1,1,1,20260308,20270830
Mon-Tue-Wed-Thu-Fri-Sat-Sun_20260331-20270829,1,1,1,1,1,1,1,20260331,20270829
Mon-Tue-Wed-Thu-Fri-Sat-Sun_20260625-20270830,1,1,1,1,1,1,1,20260625,20270830
Mon-Tue-Wed-Thu-Fri-Sat-Sun_20260329-20270830,1,1,1,1,1,1,1,20260329,20270830
Mon-Tue-Wed-Thu-Fri-Sat-Sun_20260612-20270830,1,1,1,1,1,1,1,20260612,20270830
Mon-Tue-Wed-Thu-Fri-Sat-Sun_20260730-20260828,1,1,1,1,1,1,1,20260730,20260828
Mon-Tue-Wed-Thu-Fri-Sat-Sun_20260802-20270830,1,1,1,1,1,1,1,20260802,20270830
Mon-Tue-Wed-Thu-Fri-Sat-Sun_20260601-20260904,1,1,1,1,1,1,1,20260601,20260904
Mon-Tue-Wed-Thu-Fri-Sat-Sun_20260325-20270829,1,1,1,1,1,1,1,20260325,20270829
Mon-Tue-Wed-Thu-Fri-Sat-Sun_20260225-20270829,1,1,1,1,1,1,1,20260225,20270829
Mon-Tue-Wed-Thu-Fri-Sat-Sun_20260731-20270830,1,1,1,1,1,1,1,20260731,20270830
Mon-Tue-Wed-Thu-Fri-Sat-Sun_20260327-20270830,1,1,1,1,1,1,1,20260327,20270830
Mon-Tue-Wed-Thu-Fri-Sat-Sun_20260430-20270830,1,1,1,1,1,1,1,20260430,20270830
Mon-Tue-Wed-Thu-Fri-Sat-Sun_20260203-20270830,1,1,1,1,1,1,1,20260203,20270830
Mon-Tue-Wed-Thu-Fri-Sat-Sun_20260828-20260829,1,1,1,1,1,1,1,20260828,20260829
Mon-Tue-Wed-Thu-Fri-Sat-Sun_20260717-20270829,1,1,1,1,1,1,1,20260717,20270829
Mon-Tue-Wed-Thu-Fri-Sat-Sun_20260823-20261018,1,1,1,1,1,1,1,20260823,20261018
Mon-Tue-Wed-Thu-Fri-Sat-Sun_20260401-20270830,1,1,1,1,1,1,1,20260401,20270830
Mon-Tue-Wed-Thu-Fri-Sat-Sun_20260207-20270830,1,1,1,1,1,1,1,20260207,20270830
Mon-Tue-Wed-Thu-Fri-Sat-Sun_20260626-20270830,1,1,1,1,1,1,1,20260626,20270830
Mon-Tue-Wed-Thu-Fri-Sat-Sun_20260511-20270830,1,1,1,1,1,1,1,20260511,20270830
Mon-Tue-Wed-Thu-Fri-Sat-Sun_20260817-20270829,1,1,1,1,1,1,1,20260817,20270829
Mon-Tue-Wed-Thu-Fri-Sat-Sun_20260503-20270829,1,1,1,1,1,1,1,20260503,20270829
Mon-Tue-Wed-Thu-Fri-Sat-Sun_20260513-20270830,1,1,1,1,1,1,1,20260513,20270830
Mon-Tue-Wed-Thu-Fri-Sat-Sun_20260730-20260830,1,1,1,1,1,1,1,20260730,20260830
Mon-Tue-Wed-Thu-Fri-Sat-Sun_20260820-20270829,1,1,1,1,1,1,1,20260820,20270829
Mon-Tue-Wed-Thu-Fri-Sat-Sun_20260801-20270830,1,1,1,1,1,1,1,20260801,20270830
Mon-Tue-Wed-Thu-Fri-Sat-Sun_20260912-20260923,1,1,1,1,1,1,1,20260912,20260923
Mon-Tue-Wed-Thu-Fri-Sat-Sun_20260115-20270830,1,1,1,1,1,1,1,20260115,20270830
Mon-Tue-Wed-Thu-Fri-Sat-Sun_20260815-20270829,1,1,1,1,1,1,1,20260815,20270829
Mon-Tue-Wed-Thu-Fri-Sat-Sun_20260129-20270830,1,1,1,1,1,1,1,20260129,20270830
Mon-Tue-Wed-Thu-Fri-Sat-Sun_20260520-20270830,1,1,1,1,1,1,1,20260520,20270830
Mon-Tue-Wed-Thu-Fri-Sat-Sun_20260824-20270830,1,1,1,1,1,1,1,20260824,20270830
Mon-Tue-Wed-Thu-Fri-Sat-Sun_20260803-20260909,1,1,1,1,1,1,1,20260803,20260909
Mon-Tue-Wed-Thu-Fri-Sat-Sun_20260108-20270830,1,1,1,1,1,1,1,20260108,20270830
Mon-Tue-Wed-Thu-Fri-Sat-Sun_20260728-20260831,1,1,1,1,1,1,1,20260728,20260831
Mon-Tue-Wed-Thu-Fri-Sat-Sun_20260725-20261231,1,1,1,1,1,1,1,20260725,20261231
Mon-Tue-Wed-Thu-Fri-Sat-Sun_20260127-20270830,1,1,1,1,1,1,1,20260127,20270830
Mon-Tue-Wed-Thu-Fri-Sat-Sun_20260426-20270830,1,1,1,1,1,1,1,20260426,20270830
Mon-Tue-Wed-Thu-Fri-Sat-Sun_20260825-20270829,1,1,1,1,1,1,1,20260825,20270829
Mon-Tue-Wed-Thu-Fri-Sat-Sun_20260512-20270830,1,1,1,1,1,1,1,20260512,20270830
Mon-Tue-Wed-Thu-Fri-Sat-Sun_20260124-20270830,1,1,1,1,1,1,1,20260124,20270830
Mon-Tue-Wed-Thu-Fri-Sat-Sun_20260520-20270829,1,1,1,1,1,1,1,20260520,20270829
Mon-Tue-Wed-Thu-Fri-Sat-Sun_20260804-20260902,1,1,1,1,1,1,1,20260804,20260902
Mon-Tue-Wed-Thu-Fri-Sat-Sun_20260320-20260920,1,1,1,1,1,1,1,20260320,20260920
Mon-Tue-Wed-Thu-Fri-Sat-Sun_20260506-20270830,1,1,1,1,1,1,1,20260506,20270830
Mon-Tue-Wed-Thu-Fri-Sat-Sun_20260726-20270830,1,1,1,1,1,1,1,20260726,20270830
Mon-Tue-Wed-Thu-Fri-Sat-Sun_20260716-20260930,1,1,1,1,1,1,1,20260716,20260930
Mon-Tue-Wed-Thu-Fri-Sat-Sun_20260519-20270829,1,1,1,1,1,1,1,20260519,20270829
Mon-Tue-Wed-Thu-Fri-Sat-Sun_20260121-20270830,1,1,1,1,1,1,1,20260121,20270830
Mon-Tue-Wed-Thu-Fri-Sat-Sun_20260617-20270830,1,1,1,1,1,1,1,20260617,20270830
Mon-Tue-Wed-Thu-Fri-Sat-Sun_20260817-20270830,1,1,1,1,1,1,1,20260817,20270830
Mon-Tue-Wed-Thu-Fri-Sat-Sun_20260101-20261007,1,1,1,1,1,1,1,20260101,20261007
Mon-Tue-Wed-Thu-Fri-Sat-Sun_20260803-20270830,1,1,1,1,1,1,1,20260803,20270830
Mon-Tue-Wed-Thu-Fri-Sat-Sun_20260731-20260829,1,1,1,1,1,1,1,20260731,20260829
Mon-Tue-Wed-Thu-Fri-Sat-Sun_20260802-20261031,1,1,1,1,1,1,1,20260802,20261031
Mon-Tue-Wed-Thu-Fri-Sat-Sun_20260319-20270830,1,1,1,1,1,1,1,20260319,20270830
Mon-Tue-Wed-Thu-Fri-Sat-Sun_20260505-20270830,1,1,1,1,1,1,1,20260505,20270830
Mon-Tue-Wed-Thu-Fri-Sat-Sun_20260716-20270829,1,1,1,1,1,1,1,20260716,20270829
Mon-Tue-Wed-Thu-Fri-Sat-Sun_20260819-20270119,1,1,1,1,1,1,1,20260819,20270119
Mon-Tue-Wed-Thu-Fri-Sat-Sun_20260630-20270830,1,1,1,1,1,1,1,20260630,20270830
Mon-Tue-Wed-Thu-Fri-Sat-Sun_20260817-20260828,1,1,1,1,1,1,1,20260817,20260828
Mon-Tue-Wed-Thu-Fri-Sat-Sun_20260625-20260922,1,1,1,1,1,1,1,20260625,20260922
Mon-Tue-Wed-Thu-Fri-Sat-Sun_20260519-20270830,1,1,1,1,1,1,1,20260519,20270830
Mon-Tue-Wed-Thu-Fri-Sat-Sun_20260104-20270829,1,1,1,1,1,1,1,20260104,20270829
Mon-Tue-Wed-Thu-Fri-Sat-Sun_20260718-20270830,1,1,1,1,1,1,1,20260718,20270830
Mon-Tue-Wed-Thu-Fri-Sat-Sun_20260502-20270830,1,1,1,1,1,1,1,20260502,20270830
Mon-Tue-Wed-Thu-Fri-Sat-Sun_20260222-20270830,1,1,1,1,1,1,1,20260222,20270830
Mon-Tue-Wed-Thu-Fri-Sat-Sun_20260306-20270830,1,1,1,1,1,1,1,20260306,20270830
Mon-Tue-Wed-Thu-Fri-Sat-Sun_20260410-20270830,1,1,1,1,1,1,1,20260410,20270830
Mon-Tue-Wed-Thu-Fri-Sat-Sun_20260812-20270830,1,1,1,1,1,1,1,20260812,20270830
Mon-Tue-Wed-Thu-Fri-Sat-Sun_20260417-20270830,1,1,1,1,1,1,1,20260417,20270830
Mon-Tue-Wed-Thu-Fri-Sat-Sun_20260817-20260916,1,1,1,1,1,1,1,20260817,20260916
Mon-Tue-Wed-Thu-Fri-Sat-Sun_20260801-20270728,1,1,1,1,1,1,1,20260801,20270728
Mon-Tue-Wed-Thu-Fri-Sat-Sun_20260331-20270830,1,1,1,1,1,1,1,20260331,20270830
Mon-Tue-Wed-Thu-Fri-Sat-Sun_20260603-20270830,1,1,1,1,1,1,1,20260603,20270830
Mon-Tue-Wed-Thu-Fri-Sat-Sun_20260422-20270830,1,1,1,1,1,1,1,20260422,20270830
Mon-Tue-Wed-Thu-Fri-Sat-Sun_20260228-20270830,1,1,1,1,1,1,1,20260228,20270830
Mon-Tue-Wed-Thu-Fri-Sat-Sun_20260326-20270829,1,1,1,1,1,1,1,20260326,20270829
Mon-Tue-Wed-Thu-Fri-Sat-Sun_20260204-20270830,1,1,1,1,1,1,1,20260204,20270830
Mon-Tue-Wed-Thu-Fri-Sat-Sun_20260806-20260930,1,1,1,1,1,1,1,20260806,20260930
Mon-Tue-Wed-Thu-Fri-Sat-Sun_20260730-20260829,1,1,1,1,1,1,1,20260730,20260829
Mon-Tue-Wed-Thu-Fri-Sat-Sun_20260809-20260913,1,1,1,1,1,1,1,20260809,20260913
Mon-Tue-Wed-Thu-Fri-Sat-Sun_20260220-20270830,1,1,1,1,1,1,1,20260220,20270830
Mon-Tue-Wed-Thu-Fri-Sat-Sun_20260304-20270830,1,1,1,1,1,1,1,20260304,20270830
Mon-Tue-Wed-Thu-Fri-Sat-Sun_20260818-20270830,1,1,1,1,1,1,1,20260818,20270830
Mon-Tue-Wed-Thu-Fri-Sat-Sun_20260606-20270830,1,1,1,1,1,1,1,20260606,20270830
Mon-Tue-Wed-Thu-Fri-Sat-Sun_20260619-20261004,1,1,1,1,1,1,1,20260619,20261004
Mon-Tue-Wed-Thu-Fri-Sat-Sun_20260305-20270830,1,1,1,1,1,1,1,20260305,20270830
Mon-Tue-Wed-Thu-Fri-Sat-Sun_20260302-20260901,1,1,1,1,1,1,1,20260302,20260901
Mon-Tue-Wed-Thu-Fri-Sat-Sun_20260716-20260928,1,1,1,1,1,1,1,20260716,20260928
Mon-Tue-Wed-Thu-Fri-Sat-Sun_20260301-20260831,1,1,1,1,1,1,1,20260301,20260831
Mon-Tue-Wed-Thu-Fri-Sat-Sun_20260813-20260831,1,1,1,1,1,1,1,20260813,20260831
Mon-Tue-Wed-Thu-Fri-Sat-Sun_20260622-20270830,1,1,1,1,1,1,1,20260622,20270830
Mon-Tue-Wed-Thu-Fri-Sat-Sun_20260715-20261020,1,1,1,1,1,1,1,20260715,20261020
Mon-Tue-Wed-Thu-Fri-Sat-Sun_20260715-20270829,1,1,1,1,1,1,1,20260715,20270829
Mon-Tue-Wed-Thu-Fri-Sat-Sun_20260314-20270829,1,1,1,1,1,1,1,20260314,20270829
Mon-Tue-Wed-Thu-Fri-Sat-Sun_20260311-20270830,1,1,1,1,1,1,1,20260311,20270830
Mon-Tue-Wed-Thu-Fri-Sat-Sun_20260406-20270830,1,1,1,1,1,1,1,20260406,20270830
Mon-Tue-Wed-Thu-Fri-Sat-Sun_20260801-20270828,1,1,1,1,1,1,1,20260801,20270828
Mon-Tue-Wed-Thu-Fri-Sat-Sun_20260201-20270830,1,1,1,1,1,1,1,20260201,20270830
Mon-Tue-Wed-Thu-Fri-Sat-Sun_20260106-20270830,1,1,1,1,1,1,1,20260106,20270830
Mon-Tue-Wed-Thu-Fri-Sat-Sun_20260425-20270830,1,1,1,1,1,1,1,20260425,20270830
Mon-Tue-Wed-Thu-Fri-Sat-Sun_20260618-20270830,1,1,1,1,1,1,1,20260618,20270830
Mon-Tue-Wed-Thu-Fri-Sat-Sun_20260408-20270830,1,1,1,1,1,1,1,20260408,20270830
Mon-Tue-Wed-Thu-Fri-Sat-Sun_20260101-20260831,1,1,1,1,1,1,1,20260101,20260831
Mon-Tue-Wed-Thu-Fri-Sat-Sun_20260518-20270830,1,1,1,1,1,1,1,20260518,20270830
Mon-Tue-Wed-Thu-Fri-Sat-Sun_20260829-20260830,1,1,1,1,1,1,1,20260829,20260830
Mon-Tue-Wed-Thu-Fri-Sat-Sun_20260507-20270830,1,1,1,1,1,1,1,20260507,20270830
Mon-Tue-Wed-Thu-Fri-Sat-Sun_20260107-20270830,1,1,1,1,1,1,1,20260107,20270830
Mon-Tue-Wed-Thu-Fri-Sat-Sun_20260427-20270830,1,1,1,1,1,1,1,20260427,20270830
Mon-Tue-Wed-Thu-Fri-Sat-Sun_20260521-20270830,1,1,1,1,1,1,1,20260521,20270830
Mon-Tue-Wed-Thu-Fri-Sat-Sun_20260101-20261024,1,1,1,1,1,1,1,20260101,20261024
Mon-Tue-Wed-Thu-Fri-Sat-Sun_20260214-20270830,1,1,1,1,1,1,1,20260214,20270830
Mon-Tue-Wed-Thu-Fri-Sat-Sun_20260301-20270830,1,1,1,1,1,1,1,20260301,20270830
Mon-Tue-Wed-Thu-Fri-Sat-Sun_20250101-20270830,1,1,1,1,1,1,1,20250101,20270830
Mon-Tue-Wed-Thu-Fri-Sat-Sun_20260101-20270227,1,1,1,1,1,1,1,20260101,20270227
Mon-Tue-Wed-Thu-Fri-Sat-Sun_20260628-20260926,1,1,1,1,1,1,1,20260628,20260926
Mon-Tue-Wed-Thu-Fri-Sat-Sun_20260725-20270830,1,1,1,1,1,1,1,20260725,20270830
Mon-Tue-Wed-Thu-Fri-Sat-Sun_20260619-20270829,1,1,1,1,1,1,1,20260619,20270829
Mon-Tue-Wed-Thu-Fri-Sat-Sun_20260830-20261231,1,1,1,1,1,1,1,20260830,20261231
Mon-Tue-Wed-Thu-Fri-Sat-Sun_20260822-20260831,1,1,1,1,1,1,1,20260822,20260831
Mon-Tue-Wed-Thu-Fri-Sat-Sun_20260815-20260924,1,1,1,1,1,1,1,20260815,20260924
Mon-Tue-Wed-Thu-Fri-Sat-Sun_20260801-20270731,1,1,1,1,1,1,1,20260801,20270731
Mon-Tue-Wed-Thu-Fri-Sat-Sun_20260219-20270830,1,1,1,1,1,1,1,20260219,20270830
Mon-Tue-Wed-Thu-Fri-Sat-Sun_20260722-20261018,1,1,1,1,1,1,1,20260722,20261018
Mon-Tue-Wed-Thu-Fri-Sat-Sun_20260812-20260830,1,1,1,1,1,1,1,20260812,20260830
Mon-Tue-Wed-Thu-Fri-Sat-Sun_20260226-20270829,1,1,1,1,1,1,1,20260226,20270829
Mon-Tue-Wed-Thu-Fri-Sat-Sun_20260505-20270829,1,1,1,1,1,1,1,20260505,20270829
Mon-Tue-Wed-Thu-Fri-Sat-Sun_20260808-20270830,1,1,1,1,1,1,1,20260808,20270830
Mon-Tue-Wed-Thu-Fri-Sat-Sun_20260101-20270830,1,1,1,1,1,1,1,20260101,20270830
Mon-Tue-Wed-Thu-Fri-Sat-Sun_20260209-20270830,1,1,1,1,1,1,1,20260209,20270830
Mon-Tue-Wed-Thu-Fri-Sat-Sun_20260323-20270830,1,1,1,1,1,1,1,20260323,20270830
Mon-Tue-Wed-Thu-Fri-Sat-Sun_20260116-20270829,1,1,1,1,1,1,1,20260116,20270829
Mon-Tue-Wed-Thu-Fri-Sat-Sun_20260821-20261014,1,1,1,1,1,1,1,20260821,20261014
Mon-Tue-Wed-Thu-Fri-Sat-Sun_20260829-20260924,1,1,1,1,1,1,1,20260829,20260924
Mon-Tue-Wed-Thu-Fri-Sat-Sun_20260828-20260926,1,1,1,1,1,1,1,20260828,20260926
Mon-Tue-Wed-Thu-Fri-Sat-Sun_20260628-20270830,1,1,1,1,1,1,1,20260628,20270830
Mon-Tue-Wed-Thu-Fri-Sat-Sun_20260718-20260930,1,1,1,1,1,1,1,20260718,20260930
Mon-Tue-Wed-Thu-Fri-Sat-Sun_20260829-20260926,1,1,1,1,1,1,1,20260829,20260926
Mon-Tue-Wed-Thu-Fri-Sat-Sun_20260605-20270830,1,1,1,1,1,1,1,20260605,20270830
Mon-Tue-Wed-Thu-Fri-Sat-Sun_20260113-20270830,1,1,1,1,1,1,1,20260113,20270830
Mon-Tue-Wed-Thu-Fri-Sat-Sun_20260126-20270830,1,1,1,1,1,1,1,20260126,20270830
Mon-Tue-Wed-Thu-Fri-Sat-Sun_20260716-20260831,1,1,1,1,1,1,1,20260716,20260831
Mon-Tue-Wed-Thu-Fri-Sat-Sun_20260706-20270830,1,1,1,1,1,1,1,20260706,20270830
Mon-Tue-Wed-Thu-Fri-Sat-Sun_20260717-20270830,1,1,1,1,1,1,1,20260717,20270830
Mon-Tue-Wed-Thu-Fri-Sat-Sun_20260223-20270830,1,1,1,1,1,1,1,20260223,20270830
Mon-Tue-Wed-Thu-Fri-Sat-Sun_20260202-20270830,1,1,1,1,1,1,1,20260202,20270830
Mon-Tue-Wed-Thu-Fri-Sat-Sun_20260802-20260901,1,1,1,1,1,1,1,20260802,20260901
Mon-Tue-Wed-Thu-Fri-Sat-Sun_20260101-20270331,1,1,1,1,1,1,1,20260101,20270331
Mon-Tue-Wed-Thu-Fri-Sat-Sun_20260615-20270830,1,1,1,1,1,1,1,20260615,20270830
Mon-Tue-Wed-Thu-Fri-Sat-Sun_20260429-20270830,1,1,1,1,1,1,1,20260429,20270830
Mon-Tue-Wed-Thu-Fri-Sat-Sun_20260525-20270830,1,1,1,1,1,1,1,20260525,20270830
Mon-Tue-Wed-Thu-Fri-Sat-Sun_20260819-20260830,1,1,1,1,1,1,1,20260819,20260830
Mon-Tue-Wed-Thu-Fri-Sat-Sun_20260212-20270830,1,1,1,1,1,1,1,20260212,20270830
Mon-Tue-Wed-Thu-Fri-Sat-Sun_20260611-20270829,1,1,1,1,1,1,1,20260611,20270829
Mon-Tue-Wed-Thu-Fri-Sat-Sun_20260727-20270830,1,1,1,1,1,1,1,20260727,20270830
Mon-Tue-Wed-Thu-Fri-Sat-Sun_20260126-20261006,1,1,1,1,1,1,1,20260126,20261006
Mon-Tue-Wed-Thu-Fri-Sat-Sun_20260610-20270830,1,1,1,1,1,1,1,20260610,20270830
Mon-Tue-Wed-Thu-Fri-Sat-Sun_20260122-20270830,1,1,1,1,1,1,1,20260122,20270830
Mon-Tue-Wed-Thu-Fri-Sat-Sun_20260115-20270829,1,1,1,1,1,1,1,20260115,20270829
Mon-Tue-Wed-Thu-Fri-Sat-Sun_20260731-20260830,1,1,1,1,1,1,1,20260731,20260830
Mon-Tue-Wed-Thu-Fri-Sat-Sun_20260430-20270829,1,1,1,1,1,1,1,20260430,20270829
Mon-Tue-Wed-Thu-Fri-Sat-Sun_20260604-20270830,1,1,1,1,1,1,1,20260604,20270830
Mon-Tue-Wed-Thu-Fri-Sat-Sun_20260414-20270829,1,1,1,1,1,1,1,20260414,20270829
Mon-Tue-Wed-Thu-Fri-Sat-Sun_20260615-20261020,1,1,1,1,1,1,1,20260615,20261020
Mon-Tue-Wed-Thu-Fri-Sat-Sun_20260322-20270830,1,1,1,1,1,1,1,20260322,20270830
Mon-Tue-Wed-Thu-Fri-Sat-Sun_20260603-20270829,1,1,1,1,1,1,1,20260603,20270829
Mon-Tue-Wed-Thu-Fri-Sat-Sun_20260626-20260913,1,1,1,1,1,1,1,20260626,20260913
Mon-Tue-Wed-Thu-Fri-Sat-Sun_20260828-20260925,1,1,1,1,1,1,1,20260828,20260925
Mon-Tue-Wed-Thu-Fri-Sat-Sun_20260407-20270830,1,1,1,1,1,1,1,20260407,20270830
Mon-Tue-Wed-Thu-Fri-Sat-Sun_20260321-20270830,1,1,1,1,1,1,1,20260321,20270830
Mon-Tue-Wed-Thu-Fri-Sat-Sun_20260820-20261012,1,1,1,1,1,1,1,20260820,20261012
Mon-Tue-Wed-Thu-Fri-Sat-Sun_20260716-20270830,1,1,1,1,1,1,1,20260716,20270830
Mon-Tue-Wed-Thu-Fri-Sat-Sun_20260827-20260925,1,1,1,1,1,1,1,20260827,20260925
Mon-Tue-Wed-Thu-Fri-Sat-Sun_20260514-20270830,1,1,1,1,1,1,1,20260514,20270830
Mon-Tue-Wed-Thu-Fri-Sat-Sun_20260627-20270830,1,1,1,1,1,1,1,20260627,20270830
Mon-Tue-Wed-Thu-Fri-Sat-Sun_20260821-20270830,1,1,1,1,1,1,1,20260821,20270830
Mon-Tue-Wed-Thu-Fri-Sat-Sun_20260428-20270830,1,1,1,1,1,1,1,20260428,20270830
Mon-Tue-Wed-Thu-Fri-Sat-Sun_20260911-20260922,1,1,1,1,1,1,1,20260911,20260922
Mon-Tue-Wed-Thu-Fri-Sat-Sun_20260528-20270830,1,1,1,1,1,1,1,20260528,20270830
Mon-Tue-Wed-Thu-Fri-Sat-Sun_20260619-20270830,1,1,1,1,1,1,1,20260619,20270830
Mon-Tue-Wed-Thu-Fri-Sat-Sun_20260503-20270830,1,1,1,1,1,1,1,20260503,20270830
Mon-Tue-Wed-Thu-Fri-Sat-Sun_20260516-20270830,1,1,1,1,1,1,1,20260516,20270830
Mon-Tue-Wed-Thu-Fri-Sat-Sun_20260805-20260830,1,1,1,1,1,1,1,20260805,20260830
Mon-Tue-Wed-Thu-Fri-Sat-Sun_20260802-20260831,1,1,1,1,1,1,1,20260802,20260831
Mon-Tue-Wed-Thu-Fri-Sat-Sun_20260813-20270829,1,1,1,1,1,1,1,20260813,20270829
Mon-Tue-Wed-Thu-Fri-Sat-Sun_20260429-20270829,1,1,1,1,1,1,1,20260429,20270829
Mon-Tue-Wed-Thu-Fri-Sat-Sun_20260218-20270829,1,1,1,1,1,1,1,20260218,20270829
Mon-Tue-Wed-Thu-Fri-Sat-Sun_20260314-20270830,1,1,1,1,1,1,1,20260314,20270830
Mon-Tue-Wed-Thu-Fri-Sat-Sun_20260810-20270830,1,1,1,1,1,1,1,20260810,20270830
Mon-Tue-Wed-Thu-Fri-Sat-Sun_20260822-20270830,1,1,1,1,1,1,1,20260822,20270830
Mon-Tue-Wed-Thu-Fri-Sat-Sun_20260804-20270830,1,1,1,1,1,1,1,20260804,20270830
Mon-Tue-Wed-Thu-Fri-Sat-Sun_20260320-20270830,1,1,1,1,1,1,1,20260320,20270830
Mon-Tue-Wed-Thu-Fri-Sat-Sun_20260321-20260920,1,1,1,1,1,1,1,20260321,20260920
Mon-Tue-Wed-Thu-Fri-Sat-Sun_20261001-20270103,1,1,1,1,1,1,1,20261001,20270103
Mon-Tue-Wed-Thu-Fri-Sat-Sun_20260601-20261014,1,1,1,1,1,1,1,20260601,20261014
Mon-Tue-Wed-Thu-Fri-Sat-Sun_20260624-20270830,1,1,1,1,1,1,1,20260624,20270830
Mon-Tue-Wed-Thu-Fri-Sat-Sun_20260722-20260830,1,1,1,1,1,1,1,20260722,20260830
Mon-Tue-Wed-Thu-Fri-Sat-Sun_20260707-20270830,1,1,1,1,1,1,1,20260707,20270830
Mon-Tue-Wed-Thu-Fri-Sat-Sun_20260120-20270830,1,1,1,1,1,1,1,20260120,20270830
Mon-Tue-Wed-Thu-Fri-Sat-Sun_20260601-20270830,1,1,1,1,1,1,1,20260601,20270830
Mon-Tue-Wed-Thu-Fri-Sat-Sun_20260722-20270721,1,1,1,1,1,1,1,20260722,20270721
Mon-Tue-Wed-Thu-Fri-Sat-Sun_20260831-20260909,1,1,1,1,1,1,1,20260831,20260909
Mon-Tue-Wed-Thu-Fri-Sat-Sun_20260820-20260829,1,1,1,1,1,1,1,20260820,20260829
Mon-Tue-Wed-Thu-Fri-Sat-Sun_20260829-20260907,1,1,1,1,1,1,1,20260829,20260907
Mon-Tue-Wed-Thu-Fri-Sat-Sun_20260722-20261019,1,1,1,1,1,1,1,20260722,20261019
Mon-Tue-Wed-Thu-Fri-Sat-Sun_20260826-20270830,1,1,1,1,1,1,1,20260826,20270830
Mon-Tue-Wed-Thu-Fri-Sat-Sun_20260911-20260925,1,1,1,1,1,1,1,20260911,20260925
Mon-Tue-Wed-Thu-Fri-Sat-Sun_20260307-20270830,1,1,1,1,1,1,1,20260307,20270830
Mon-Tue-Wed-Thu-Fri-Sat-Sun_20260130-20270830,1,1,1,1,1,1,1,20260130,20270830
Mon-Tue-Wed-Thu-Fri-Sat-Sun_20260804-20261016,1,1,1,1,1,1,1,20260804,20261016
Mon-Tue-Wed-Thu-Fri-Sat-Sun_20260821-20270829,1,1,1,1,1,1,1,20260821,20270829
Mon-Tue-Wed-Thu-Fri-Sat-Sun_20260827-20260831,1,1,1,1,1,1,1,20260827,20260831
Mon-Tue-Wed-Thu-Fri-Sat-Sun_20260820-20270830,1,1,1,1,1,1,1,20260820,20270830
Mon-Tue-Wed-Thu-Fri-Sat-Sun_20260814-20260830,1,1,1,1,1,1,1,20260814,20260830
Mon-Tue-Wed-Thu-Fri-Sat-Sun_20260625-20270829,1,1,1,1,1,1,1,20260625,20270829
Mon-Tue-Wed-Thu-Fri-Sat-Sun_20260313-20270829,1,1,1,1,1,1,1,20260313,20270829
Mon-Tue-Wed-Thu-Fri-Sat-Sun_20260325-20270830,1,1,1,1,1,1,1,20260325,20270830
Mon-Tue-Wed-Thu-Fri-Sat-Sun_20260827-20260829,1,1,1,1,1,1,1,20260827,20260829
Mon-Tue-Wed-Thu-Fri-Sat-Sun_20260727-20270829,1,1,1,1,1,1,1,20260727,20270829
Mon-Tue-Wed-Thu-Fri-Sat-Sun_20260517-20270830,1,1,1,1,1,1,1,20260517,20270830
Mon-Tue-Wed-Thu-Fri-Sat-Sun_20260809-20270830,1,1,1,1,1,1,1,20260809,20270830
Mon-Tue-Wed-Thu-Fri-Sat-Sun_20260213-20270829,1,1,1,1,1,1,1,20260213,20270829
Mon-Tue-Wed-Thu-Fri-Sat-Sun_20260402-20270829,1,1,1,1,1,1,1,20260402,20270829
Mon-Tue-Wed-Thu-Fri-Sat-Sun_20260131-20270830,1,1,1,1,1,1,1,20260131,20270830
Mon-Tue-Wed-Thu-Fri-Sat-Sun_20260608-20270830,1,1,1,1,1,1,1,20260608,20270830
Mon-Tue-Wed-Thu-Fri-Sat-Sun_20260601-20261026,1,1,1,1,1,1,1,20260601,20261026
Mon-Tue-Wed-Thu-Fri-Sat-Sun_20260607-20270830,1,1,1,1,1,1,1,20260607,20270830
Mon-Tue-Wed-Thu-Fri-Sat-Sun_20261013-20270830,1,1,1,1,1,1,1,20261013,20270830
Mon-Tue-Wed-Thu-Fri-Sat-Sun_20260720-20270830,1,1,1,1,1,1,1,20260720,20270830
Mon-Tue-Wed-Thu-Fri-Sat-Sun_20260310-20270830,1,1,1,1,1,1,1,20260310,20270830
Mon-Tue-Wed-Thu-Fri-Sat-Sun_20260311-20270228,1,1,1,1,1,1,1,20260311,20270228
Mon-Tue-Wed-Thu-Fri-Sat-Sun_20260730-20270830,1,1,1,1,1,1,1,20260730,20270830
Mon-Tue-Wed-Thu-Fri-Sat-Sun_20260726-20270829,1,1,1,1,1,1,1,20260726,20270829
Mon-Tue-Wed-Thu-Fri-Sat-Sun_20260827-20270830,1,1,1,1,1,1,1,20260827,20270830
Mon-Tue-Wed-Thu-Fri-Sat-Sun_20260816-20270829,1,1,1,1,1,1,1,20260816,20270829
Mon-Tue-Wed-Thu-Fri-Sat-Sun_20260119-20270830,1,1,1,1,1,1,1,20260119,20270830
Mon-Tue-Wed-Thu-Fri-Sat-Sun_20260623-20270830,1,1,1,1,1,1,1,20260623,20270830
Mon-Tue-Wed-Thu-Fri-Sat-Sun_20260801-20260831,1,1,1,1,1,1,1,20260801,20260831
Mon-Tue-Wed-Thu-Fri-Sat-Sun_20260328-20270830,1,1,1,1,1,1,1,20260328,20270830
Mon-Tue-Wed-Thu-Fri-Sat-Sun_20260504-20261027,1,1,1,1,1,1,1,20260504,20261027
Mon-Tue-Wed-Thu-Fri-Sat-Sun_20260827-20260830,1,1,1,1,1,1,1,20260827,20260830
Mon-Tue-Wed-Thu-Fri-Sat-Sun_20260101-20270829,1,1,1,1,1,1,1,20260101,20270829
Mon-Tue-Wed-Thu-Fri-Sat-Sun_20260830-20260909,1,1,1,1,1,1,1,20260830,20260909
Mon-Tue-Wed-Thu-Fri-Sat-Sun_20260601-20261008,1,1,1,1,1,1,1,20260601,20261008
Mon-Tue-Wed-Thu-Fri-Sat_20260820-20270830,1,1,1,1,1,1,0,20260820,20270830
Mon-Tue-Wed-Thu-Fri-Sat_20260707-20270830,1,1,1,1,1,1,0,20260707,20270830
Mon-Tue-Wed-Thu-Fri-Sat_20260427-20270830,1,1,1,1,1,1,0,20260427,20270830
Mon-Tue-Wed-Thu-Fri-Sat_20260511-20270830,1,1,1,1,1,1,0,20260511,20270830
Mon-Tue-Wed-Thu-Fri-Sat_20260320-20270830,1,1,1,1,1,1,0,20260320,20270830
Mon-Tue-Wed-Thu-Fri-Sat_20260506-20270829,1,1,1,1,1,1,0,20260506,20270829
Mon-Tue-Wed-Thu-Fri-Sat_20260306-20270829,1,1,1,1,1,1,0,20260306,20270829
Mon-Tue-Wed-Thu-Fri-Sat_20260101-20260918,1,1,1,1,1,1,0,20260101,20260918
Mon-Tue-Wed-Thu-Fri-Sat_20260213-20270829,1,1,1,1,1,1,0,20260213,20270829
Mon-Tue-Wed-Thu-Fri-Sat_20260811-20270830,1,1,1,1,1,1,0,20260811,20270830
Mon-Tue-Wed-Thu-Fri-Sat_20260220-20270830,1,1,1,1,1,1,0,20260220,20270830
Mon-Tue-Wed-Thu-Fri-Sat_20260105-20270830,1,1,1,1,1,1,0,20260105,20270830
Mon-Tue-Wed-Thu-Fri-Sat_20260301-20270830,1,1,1,1,1,1,0,20260301,20270830
Mon-Tue-Wed-Thu-Fri-Sat_20260815-20270830,1,1,1,1,1,1,0,20260815,20270830
Mon-Tue-Wed-Thu-Fri-Sat_20260417-20270830,1,1,1,1,1,1,0,20260417,20270830
Mon-Tue-Wed-Thu-Fri-Sat_20260706-20270830,1,1,1,1,1,1,0,20260706,20270830
Mon-Tue-Wed-Thu-Fri-Sat_20260819-20270830,1,1,1,1,1,1,0,20260819,20270830
Mon-Tue-Wed-Thu-Fri-Sat_20260820-20270829,1,1,1,1,1,1,0,20260820,20270829
Mon-Tue-Wed-Thu-Fri-Sat_20260407-20270830,1,1,1,1,1,1,0,20260407,20270830
Mon-Tue-Wed-Thu-Fri-Sat_20260520-20270830,1,1,1,1,1,1,0,20260520,20270830
Mon-Tue-Wed-Thu-Fri-Sat_20260102-20270830,1,1,1,1,1,1,0,20260102,20270830
Mon-Tue-Wed-Thu-Fri-Sat_20260101-20270830,1,1,1,1,1,1,0,20260101,20270830
Mon-Tue-Wed-Thu-Fri-Sat_20260303-20270830,1,1,1,1,1,1,0,20260303,20270830
Mon-Tue-Wed-Thu-Fri-Sat_20260410-20270829,1,1,1,1,1,1,0,20260410,20270829
Mon-Tue-Wed-Thu-Fri-Sat_20260819-20270829,1,1,1,1,1,1,0,20260819,20270829
Mon-Tue-Wed-Thu-Fri-Sat_20260512-20270830,1,1,1,1,1,1,0,20260512,20270830
Mon-Tue-Wed-Thu-Fri-Sat_20260609-20270830,1,1,1,1,1,1,0,20260609,20270830
Mon-Tue-Wed-Thu-Fri-Sat_20260512-20261231,1,1,1,1,1,1,0,20260512,20261231
Mon-Tue-Wed-Thu-Fri-Sat_20260413-20270830,1,1,1,1,1,1,0,20260413,20270830
Mon-Tue-Wed-Thu-Fri-Sat_20260525-20270830,1,1,1,1,1,1,0,20260525,20270830
Mon-Tue-Wed-Thu-Fri-Sat_20260213-20270830,1,1,1,1,1,1,0,20260213,20270830
Mon-Tue-Wed-Thu-Fri-Sat_20260227-20270830,1,1,1,1,1,1,0,20260227,20270830
Mon-Tue-Wed-Thu-Fri-Sat_20260324-20270830,1,1,1,1,1,1,0,20260324,20270830
Mon-Tue-Wed-Thu-Fri-Sat_20260314-20270829,1,1,1,1,1,1,0,20260314,20270829
Mon-Tue-Wed-Thu-Fri-Sat_20260101-20270829,1,1,1,1,1,1,0,20260101,20270829
Mon-Tue-Wed-Thu-Fri-Sat_20260625-20270830,1,1,1,1,1,1,0,20260625,20270830
Mon-Tue-Wed-Thu-Fri-Sat_20260509-20270830,1,1,1,1,1,1,0,20260509,20270830
Mon-Tue-Wed-Thu-Fri-Sat_20260713-20270830,1,1,1,1,1,1,0,20260713,20270830
Mon-Tue-Wed-Thu-Fri-Sat_20260228-20270830,1,1,1,1,1,1,0,20260228,20270830
Mon-Tue-Wed-Thu-Fri-Sat_20260508-20270830,1,1,1,1,1,1,0,20260508,20270830
Mon-Tue-Wed-Thu-Fri-Sat_20260615-20270829,1,1,1,1,1,1,0,20260615,20270829
Mon-Tue-Wed-Thu-Fri-Sat_20260818-20270830,1,1,1,1,1,1,0,20260818,20270830
Mon-Tue-Wed-Thu-Fri-Sat_20260318-20270830,1,1,1,1,1,1,0,20260318,20270830
Mon-Tue-Wed-Thu-Fri-Sat_20260725-20270830,1,1,1,1,1,1,0,20260725,20270830
Mon-Tue-Wed-Thu-Fri-Sat_20260210-20270830,1,1,1,1,1,1,0,20260210,20270830
Mon-Tue-Wed-Thu-Fri-Sat_20260829-20270830,1,1,1,1,1,1,0,20260829,20270830
Mon-Tue-Wed-Thu-Fri-Sat_20260418-20270830,1,1,1,1,1,1,0,20260418,20270830
Mon-Tue-Wed-Thu-Fri-Sat_20260409-20270829,1,1,1,1,1,1,0,20260409,20270829
Mon-Tue-Wed-Thu-Fri-Sat_20260630-20270829,1,1,1,1,1,1,0,20260630,20270829
Mon-Tue-Wed-Thu-Fri-Sat_20261019-20270830,1,1,1,1,1,1,0,20261019,20270830
Mon-Tue-Wed-Thu-Fri-Sat_20260814-20270830,1,1,1,1,1,1,0,20260814,20270830
Mon-Tue-Wed-Thu-Fri-Sat_20260716-20260930,1,1,1,1,1,1,0,20260716,20260930
Mon-Tue-Wed-Thu-Fri-Sat_20260506-20270830,1,1,1,1,1,1,0,20260506,20270830
Mon-Tue-Wed-Thu-Fri-Sat_20260714-20270830,1,1,1,1,1,1,0,20260714,20270830
Mon-Tue-Wed-Thu-Fri-Sat_20260829-20260908,1,1,1,1,1,1,0,20260829,20260908
Mon-Tue-Wed-Thu-Fri-Sat_20260601-20270830,1,1,1,1,1,1,0,20260601,20270830
Mon-Tue-Wed-Thu-Fri-Sat_20260326-20270830,1,1,1,1,1,1,0,20260326,20270830
Mon-Tue-Wed-Thu-Fri-Sat_20260826-20260909,1,1,1,1,1,1,0,20260826,20260909
Mon-Tue-Wed-Thu-Fri-Sun_20260819-20270830,1,1,1,1,1,0,1,20260819,20270830
Mon-Tue-Wed-Thu-Fri-Sun_20260329-20270830,1,1,1,1,1,0,1,20260329,20270830
Mon-Tue-Wed-Thu-Fri-Sun_20260814-20270830,1,1,1,1,1,0,1,20260814,20270830
Mon-Tue-Wed-Thu-Fri-Sun_20260601-20270830,1,1,1,1,1,0,1,20260601,20270830
Mon-Tue-Wed-Thu-Fri-Sun_20260213-20270829,1,1,1,1,1,0,1,20260213,20270829
Mon-Tue-Wed-Thu-Fri-Sun_20260326-20270830,1,1,1,1,1,0,1,20260326,20270830
Mon-Tue-Wed-Thu-Fri-Sun_20260405-20270830,1,1,1,1,1,0,1,20260405,20270830
Mon-Tue-Wed-Thu-Fri-Sun_20260101-20270830,1,1,1,1,1,0,1,20260101,20270830
Mon-Tue-Wed-Thu-Fri-Sun_20260722-20270829,1,1,1,1,1,0,1,20260722,20270829
Mon-Tue-Wed-Thu-Fri-Sun_20260616-20270830,1,1,1,1,1,0,1,20260616,20270830
Mon-Tue-Wed-Thu-Fri-Sun_20260214-20270829,1,1,1,1,1,0,1,20260214,20270829
Mon-Tue-Wed-Thu-Fri-Sun_20260406-20270830,1,1,1,1,1,0,1,20260406,20270830
Mon-Tue-Wed-Thu-Fri-Sun_20260829-20270830,1,1,1,1,1,0,1,20260829,20270830
Mon-Tue-Wed-Thu-Fri-Sun_20260607-20270830,1,1,1,1,1,0,1,20260607,20270830
Mon-Tue-Wed-Thu-Fri-Sun_20260320-20270830,1,1,1,1,1,0,1,20260320,20270830
Mon-Tue-Wed-Thu-Fri-Sun_20260303-20270830,1,1,1,1,1,0,1,20260303,20270830
Mon-Tue-Wed-Thu-Fri-Sun_20260427-20270830,1,1,1,1,1,0,1,20260427,20270830
Mon-Tue-Wed-Thu-Fri-Sun_20260515-20270830,1,1,1,1,1,0,1,20260515,20270830
Mon-Tue-Wed-Thu-Fri-Sun_20260101-20270829,1,1,1,1,1,0,1,20260101,20270829
Mon-Tue-Wed-Thu-Fri-Sun_20260816-20260829,1,1,1,1,1,0,1,20260816,20260829
Mon-Tue-Wed-Thu-Fri-Sun_20260630-20270830,1,1,1,1,1,0,1,20260630,20270830
Mon-Tue-Wed-Thu-Fri-Sun_20260401-20270830,1,1,1,1,1,0,1,20260401,20270830
Mon-Tue-Wed-Thu-Fri-Sun_20260301-20270830,1,1,1,1,1,0,1,20260301,20270830
Mon-Tue-Wed-Thu-Fri-Sun_20260319-20270830,1,1,1,1,1,0,1,20260319,20270830
Mon-Tue-Wed-Thu-Fri-Sun_20260101-20260919,1,1,1,1,1,0,1,20260101,20260919
Mon-Tue-Wed-Thu-Fri-Sun_20260419-20270830,1,1,1,1,1,0,1,20260419,20270830
Mon-Tue-Wed-Thu-Fri-Sun_20260417-20270830,1,1,1,1,1,0,1,20260417,20270830
Mon-Tue-Wed-Thu-Fri_20260326-20270830,1,1,1,1,1,0,0,20260326,20270830
Mon-Tue-Wed-Thu-Fri_20260615-20270830,1,1,1,1,1,0,0,20260615,20270830
Mon-Tue-Wed-Thu-Fri_20260316-20270830,1,1,1,1,1,0,0,20260316,20270830
Mon-Tue-Wed-Thu-Fri_20260313-20270830,1,1,1,1,1,0,0,20260313,20270830
Mon-Tue-Wed-Thu-Fri_20260814-20270830,1,1,1,1,1,0,0,20260814,20270830
Mon-Tue-Wed-Thu-Fri_20260106-20270830,1,1,1,1,1,0,0,20260106,20270830
Mon-Tue-Wed-Thu-Fri_20260828-20260930,1,1,1,1,1,0,0,20260828,20260930
Mon-Tue-Wed-Thu-Fri_20260427-20270830,1,1,1,1,1,0,0,20260427,20270830
Mon-Tue-Wed-Thu-Fri_20260605-20270830,1,1,1,1,1,0,0,20260605,20270830
Mon-Tue-Wed-Thu-Fri_20260724-20270830,1,1,1,1,1,0,0,20260724,20270830
Mon-Tue-Wed-Thu-Fri_20260126-20270830,1,1,1,1,1,0,0,20260126,20270830
Mon-Tue-Wed-Thu-Fri_20260101-20270830,1,1,1,1,1,0,0,20260101,20270830
Mon-Tue-Wed-Thu-Fri_20260810-20270830,1,1,1,1,1,0,0,20260810,20270830
Mon-Tue-Wed-Thu-Fri_20260317-20270830,1,1,1,1,1,0,0,20260317,20270830
Mon-Tue-Wed-Thu-Sat-Sun_20260314-20270829,1,1,1,1,0,1,1,20260314,20270829
Mon-Tue-Wed-Thu-Sat-Sun_20260101-20270829,1,1,1,1,0,1,1,20260101,20270829
Mon-Tue-Wed-Thu-Sat-Sun_20260101-20270830,1,1,1,1,0,1,1,20260101,20270830
Mon-Tue-Wed-Thu-Sat-Sun_20260430-20270830,1,1,1,1,0,1,1,20260430,20270830
Mon-Tue-Wed-Thu-Sat-Sun_20260719-20270830,1,1,1,1,0,1,1,20260719,20270830
Mon-Tue-Wed-Thu-Sat-Sun_20260624-20270830,1,1,1,1,0,1,1,20260624,20270830
Mon-Tue-Wed-Thu-Sat-Sun_20260103-20270830,1,1,1,1,0,1,1,20260103,20270830
Mon-Tue-Wed-Thu-Sat-Sun_20260601-20270829,1,1,1,1,0,1,1,20260601,20270829
Mon-Tue-Wed-Thu-Sat-Sun_20260801-20270830,1,1,1,1,0,1,1,20260801,20270830
Mon-Tue-Wed-Thu-Sat-Sun_20260815-20260828,1,1,1,1,0,1,1,20260815,20260828
Mon-Tue-Wed-Thu-Sat_20260213-20270830,1,1,1,1,0,1,0,20260213,20270830
Mon-Tue-Wed-Thu-Sat_20260601-20270830,1,1,1,1,0,1,0,20260601,20270830
Mon-Tue-Wed-Thu_20260101-20270830,1,1,1,1,0,0,0,20260101,20270830
Mon-Tue-Wed-Thu_20260312-20270830,1,1,1,1,0,0,0,20260312,20270830
Mon-Tue-Wed-Fri-Sat-Sun_20260315-20270829,1,1,1,0,1,1,1,20260315,20270829
Mon-Tue-Wed-Fri-Sat-Sun_20260616-20270829,1,1,1,0,1,1,1,20260616,20270829
Mon-Tue-Wed-Fri-Sat-Sun_20260101-20270829,1,1,1,0,1,1,1,20260101,20270829
Mon-Tue-Wed-Fri-Sat-Sun_20260804-20270829,1,1,1,0,1,1,1,20260804,20270829
Mon-Tue-Wed-Fri-Sat-Sun_20260101-20270830,1,1,1,0,1,1,1,20260101,20270830
Mon-Tue-Wed-Fri-Sat-Sun_20260819-20270830,1,1,1,0,1,1,1,20260819,20270830
Mon-Tue-Wed-Fri-Sat-Sun_20260615-20270829,1,1,1,0,1,1,1,20260615,20270829
Mon-Tue-Wed-Fri-Sat-Sun_20260820-20270830,1,1,1,0,1,1,1,20260820,20270830
Mon-Tue-Wed-Fri-Sat-Sun_20260817-20270829,1,1,1,0,1,1,1,20260817,20270829
Mon-Tue-Wed-Fri-Sat-Sun_20260316-20270830,1,1,1,0,1,1,1,20260316,20270830
Mon-Tue-Wed-Fri-Sat-Sun_20260513-20270829,1,1,1,0,1,1,1,20260513,20270829
Mon-Tue-Wed-Fri-Sat-Sun_20260506-20270829,1,1,1,0,1,1,1,20260506,20270829
Mon-Tue-Wed-Fri-Sat-Sun_20260425-20270830,1,1,1,0,1,1,1,20260425,20270830
Mon-Tue-Wed-Fri-Sat-Sun_20260805-20260830,1,1,1,0,1,1,1,20260805,20260830
Mon-Tue-Wed-Fri-Sat-Sun_20260601-20270829,1,1,1,0,1,1,1,20260601,20270829
Mon-Tue-Wed-Fri-Sat-Sun_20260418-20270829,1,1,1,0,1,1,1,20260418,20270829
Mon-Tue-Wed-Fri-Sat_20260101-20270830,1,1,1,0,1,1,0,20260101,20270830
Mon-Tue-Wed-Fri-Sat_20260501-20270829,1,1,1,0,1,1,0,20260501,20270829
Mon-Tue-Wed-Fri-Sat_20260501-20270830,1,1,1,0,1,1,0,20260501,20270830
Mon-Tue-Wed-Fri-Sat_20260818-20260917,1,1,1,0,1,1,0,20260818,20260917
Mon-Tue-Wed-Fri-Sat_20260801-20270829,1,1,1,0,1,1,0,20260801,20270829
Mon-Tue-Wed-Fri-Sat_20260601-20261018,1,1,1,0,1,1,0,20260601,20261018
Mon-Tue-Wed-Fri-Sat_20260828-20270830,1,1,1,0,1,1,0,20260828,20270830
Mon-Tue-Wed-Fri-Sat_20260601-20270830,1,1,1,0,1,1,0,20260601,20270830
Mon-Tue-Wed-Fri-Sat_20260220-20270830,1,1,1,0,1,1,0,20260220,20270830
Mon-Tue-Wed-Fri-Sat_20260505-20270830,1,1,1,0,1,1,0,20260505,20270830
Mon-Tue-Wed-Fri-Sat_20260418-20270830,1,1,1,0,1,1,0,20260418,20270830
Mon-Tue-Wed-Fri-Sun_20260819-20270830,1,1,1,0,1,0,1,20260819,20270830
Mon-Tue-Wed-Fri_20260413-20270830,1,1,1,0,1,0,0,20260413,20270830
Mon-Tue-Wed-Fri_20260703-20270829,1,1,1,0,1,0,0,20260703,20270829
Mon-Tue-Wed-Fri_20260601-20270830,1,1,1,0,1,0,0,20260601,20270830
Mon-Tue-Wed-Sat_20260627-20270830,1,1,1,0,0,1,0,20260627,20270830
Mon-Tue-Wed-Sun_20260101-20270830,1,1,1,0,0,0,1,20260101,20270830
Mon-Tue-Wed_20260101-20270830,1,1,1,0,0,0,0,20260101,20270830
Mon-Tue-Thu-Fri-Sat-Sun_20260717-20270829,1,1,0,1,1,1,1,20260717,20270829
Mon-Tue-Thu-Fri-Sat-Sun_20260820-20270830,1,1,0,1,1,1,1,20260820,20270830
Mon-Tue-Thu-Fri-Sat-Sun_20260220-20270829,1,1,0,1,1,1,1,20260220,20270829
Mon-Tue-Thu-Fri-Sat-Sun_20260503-20270829,1,1,0,1,1,1,1,20260503,20270829
Mon-Tue-Thu-Fri-Sat-Sun_20260315-20270829,1,1,0,1,1,1,1,20260315,20270829
Mon-Tue-Thu-Fri-Sat-Sun_20260722-20261019,1,1,0,1,1,1,1,20260722,20261019
Mon-Tue-Thu-Fri-Sat-Sun_20260722-20270829,1,1,0,1,1,1,1,20260722,20270829
Mon-Tue-Thu-Fri-Sat-Sun_20260502-20270829,1,1,0,1,1,1,1,20260502,20270829
Mon-Tue-Thu-Fri-Sat-Sun_20260516-20270829,1,1,0,1,1,1,1,20260516,20270829
Mon-Tue-Thu-Fri-Sat-Sun_20260306-20270829,1,1,0,1,1,1,1,20260306,20270829
Mon-Tue-Thu-Fri-Sat-Sun_20260418-20270829,1,1,0,1,1,1,1,20260418,20270829
Mon-Tue-Thu-Fri-Sat-Sun_20260630-20270829,1,1,0,1,1,1,1,20260630,20270829
Mon-Tue-Thu-Fri-Sat-Sun_20260101-20270830,1,1,0,1,1,1,1,20260101,20270830
Mon-Tue-Thu-Fri-Sat-Sun_20260723-20270829,1,1,0,1,1,1,1,20260723,20270829
Mon-Tue-Thu-Fri-Sat-Sun_20260101-20270829,1,1,0,1,1,1,1,20260101,20270829
Mon-Tue-Thu-Fri-Sat-Sun_20260601-20270829,1,1,0,1,1,1,1,20260601,20270829
Mon-Tue-Thu-Fri-Sat-Sun_20260507-20270829,1,1,0,1,1,1,1,20260507,20270829
Mon-Tue-Thu-Fri-Sat-Sun_20260819-20270829,1,1,0,1,1,1,1,20260819,20270829
Mon-Tue-Thu-Fri-Sat-Sun_20260807-20270829,1,1,0,1,1,1,1,20260807,20270829
Mon-Tue-Thu-Fri-Sat_20260601-20270830,1,1,0,1,1,1,0,20260601,20270830
Mon-Tue-Thu-Fri-Sat_20260522-20270829,1,1,0,1,1,1,0,20260522,20270829
Mon-Tue-Thu-Fri-Sat_20260228-20270830,1,1,0,1,1,1,0,20260228,20270830
Mon-Tue-Thu-Fri-Sat_20260427-20270830,1,1,0,1,1,1,0,20260427,20270830
Mon-Tue-Thu-Fri-Sat_20260101-20270830,1,1,0,1,1,1,0,20260101,20270830
Mon-Tue-Thu-Fri-Sat_20260314-20270830,1,1,0,1,1,1,0,20260314,20270830
Mon-Tue-Thu-Fri-Sun_20260817-20260916,1,1,0,1,1,0,1,20260817,20260916
Mon-Tue-Thu-Fri-Sun_20260716-20260830,1,1,0,1,1,0,1,20260716,20260830
Mon-Tue-Thu-Fri-Sun_20260601-20270830,1,1,0,1,1,0,1,20260601,20270830
Mon-Tue-Thu-Fri-Sun_20260727-20260830,1,1,0,1,1,0,1,20260727,20260830
Mon-Tue-Thu-Fri-Sun_20260601-20270829,1,1,0,1,1,0,1,20260601,20270829
Mon-Tue-Thu-Fri-Sun_20260821-20270830,1,1,0,1,1,0,1,20260821,20270830
Mon-Tue-Thu-Fri-Sun_20260630-20260913,1,1,0,1,1,0,1,20260630,20260913
Mon-Tue-Thu-Fri-Sun_20260101-20270830,1,1,0,1,1,0,1,20260101,20270830
Mon-Tue-Thu-Fri-Sun_20260831-20270830,1,1,0,1,1,0,1,20260831,20270830
Mon-Tue-Thu-Fri_20260630-20270830,1,1,0,1,1,0,0,20260630,20270830
Mon-Tue-Thu-Fri_20260401-20270829,1,1,0,1,1,0,0,20260401,20270829
Mon-Tue-Thu-Fri_20260101-20270829,1,1,0,1,1,0,0,20260101,20270829
Mon-Tue-Thu-Fri_20260825-20270830,1,1,0,1,1,0,0,20260825,20270830
Mon-Tue-Thu-Fri_20260326-20270830,1,1,0,1,1,0,0,20260326,20270830
Mon-Tue-Thu-Fri_20260507-20270829,1,1,0,1,1,0,0,20260507,20270829
Mon-Tue-Thu-Sat-Sun_20260819-20270830,1,1,0,1,0,1,1,20260819,20270830
Mon-Tue-Thu-Sat-Sun_20260801-20270830,1,1,0,1,0,1,1,20260801,20270830
Mon-Tue-Thu-Sat-Sun_20260418-20270830,1,1,0,1,0,1,1,20260418,20270830
Mon-Tue-Thu-Sat-Sun_20260803-20270829,1,1,0,1,0,1,1,20260803,20270829
Mon-Tue-Thu-Sat_20260704-20270830,1,1,0,1,0,1,0,20260704,20270830
Mon-Tue-Thu-Sat_20260803-20270830,1,1,0,1,0,1,0,20260803,20270830
Mon-Tue-Thu-Sat_20260723-20270830,1,1,0,1,0,1,0,20260723,20270830
Mon-Tue-Thu-Sat_20260722-20261016,1,1,0,1,0,1,0,20260722,20261016
Mon-Tue-Thu-Sat_20260819-20270829,1,1,0,1,0,1,0,20260819,20270829
Mon-Tue-Thu-Sat_20260630-20270830,1,1,0,1,0,1,0,20260630,20270830
Mon-Tue-Thu-Sat_20260331-20260830,1,1,0,1,0,1,0,20260331,20260830
Mon-Tue-Thu-Sat_20260226-20270830,1,1,0,1,0,1,0,20260226,20270830
Mon-Tue-Thu-Sat_20260829-20270829,1,1,0,1,0,1,0,20260829,20270829
Mon-Tue-Thu-Sun_20260101-20270830,1,1,0,1,0,0,1,20260101,20270830
Mon-Tue-Thu-Sun_20260601-20270830,1,1,0,1,0,0,1,20260601,20270830
Mon-Tue-Thu_20260302-20270830,1,1,0,1,0,0,0,20260302,20270830
Mon-Tue-Thu_20260130-20270830,1,1,0,1,0,0,0,20260130,20270830
Mon-Tue-Thu_20260427-20270830,1,1,0,1,0,0,0,20260427,20270830
Mon-Tue-Thu_20260101-20270830,1,1,0,1,0,0,0,20260101,20270830
Mon-Tue-Thu_20260312-20270830,1,1,0,1,0,0,0,20260312,20270830
Mon-Tue-Fri-Sat-Sun_20260101-20270830,1,1,0,0,1,1,1,20260101,20270830
Mon-Tue-Fri-Sat_20260727-20270830,1,1,0,0,1,1,0,20260727,20270830
Mon-Tue-Fri-Sat_20260501-20270830,1,1,0,0,1,1,0,20260501,20270830
Mon-Tue-Fri-Sat_20260429-20270829,1,1,0,0,1,1,0,20260429,20270829
Mon-Tue-Fri-Sat_20260630-20270829,1,1,0,0,1,1,0,20260630,20270829
Mon-Tue-Fri-Sun_20260630-20270830,1,1,0,0,1,0,1,20260630,20270830
Mon-Tue-Fri_20260316-20270830,1,1,0,0,1,0,0,20260316,20270830
Mon-Tue-Fri_20260630-20270830,1,1,0,0,1,0,0,20260630,20270830
Mon-Tue-Fri_20260505-20270829,1,1,0,0,1,0,0,20260505,20270829
Mon-Tue-Sat-Sun_20260803-20260830,1,1,0,0,0,1,1,20260803,20260830
Mon-Tue-Sat_20260101-20270829,1,1,0,0,0,1,0,20260101,20270829
Mon-Tue-Sat_20260808-20270830,1,1,0,0,0,1,0,20260808,20270830
Mon-Tue-Sat_20260820-20261031,1,1,0,0,0,1,0,20260820,20261031
Mon-Tue-Sun_20260608-20270830,1,1,0,0,0,0,1,20260608,20270830
Mon-Tue-Sun_20260607-20270830,1,1,0,0,0,0,1,20260607,20270830
Mon-Tue_20260630-20261018,1,1,0,0,0,0,0,20260630,20261018
Mon-Tue_20260819-20270830,1,1,0,0,0,0,0,20260819,20270830
Mon-Tue_20260328-20270830,1,1,0,0,0,0,0,20260328,20270830
Mon-Tue_20260101-20270830,1,1,0,0,0,0,0,20260101,20270830
Mon-Wed-Thu-Fri-Sat-Sun_20260702-20270829,1,0,1,1,1,1,1,20260702,20270829
Mon-Wed-Thu-Fri-Sat-Sun_20260329-20270829,1,0,1,1,1,1,1,20260329,20270829
Mon-Wed-Thu-Fri-Sat-Sun_20260302-20260901,1,0,1,1,1,1,1,20260302,20260901
Mon-Wed-Thu-Fri-Sat-Sun_20260601-20270829,1,0,1,1,1,1,1,20260601,20270829
Mon-Wed-Thu-Fri-Sat-Sun_20260729-20270829,1,0,1,1,1,1,1,20260729,20270829
Mon-Wed-Thu-Fri-Sat-Sun_20260306-20270829,1,0,1,1,1,1,1,20260306,20270829
Mon-Wed-Thu-Fri-Sat-Sun_20260317-20270830,1,0,1,1,1,1,1,20260317,20270830
Mon-Wed-Thu-Fri-Sat-Sun_20260322-20270830,1,0,1,1,1,1,1,20260322,20270830
Mon-Wed-Thu-Fri-Sat-Sun_20260506-20270830,1,0,1,1,1,1,1,20260506,20270830
Mon-Wed-Thu-Fri-Sat-Sun_20260522-20270829,1,0,1,1,1,1,1,20260522,20270829
Mon-Wed-Thu-Fri-Sat-Sun_20260101-20270830,1,0,1,1,1,1,1,20260101,20270830
Mon-Wed-Thu-Fri-Sat-Sun_20260306-20270830,1,0,1,1,1,1,1,20260306,20270830
Mon-Wed-Thu-Fri-Sat-Sun_20260817-20270829,1,0,1,1,1,1,1,20260817,20270829
Mon-Wed-Thu-Fri-Sat-Sun_20260725-20270829,1,0,1,1,1,1,1,20260725,20270829
Mon-Wed-Thu-Fri-Sat-Sun_20260315-20270829,1,0,1,1,1,1,1,20260315,20270829
Mon-Wed-Thu-Fri-Sat-Sun_20260102-20270829,1,0,1,1,1,1,1,20260102,20270829
Mon-Wed-Thu-Fri-Sat-Sun_20260614-20270829,1,0,1,1,1,1,1,20260614,20270829
Mon-Wed-Thu-Fri-Sat-Sun_20260528-20270829,1,0,1,1,1,1,1,20260528,20270829
Mon-Wed-Thu-Fri-Sat-Sun_20260326-20270829,1,0,1,1,1,1,1,20260326,20270829
Mon-Wed-Thu-Fri-Sat-Sun_20260717-20270829,1,0,1,1,1,1,1,20260717,20270829
Mon-Wed-Thu-Fri-Sat-Sun_20260530-20270829,1,0,1,1,1,1,1,20260530,20270829
Mon-Wed-Thu-Fri-Sat-Sun_20260314-20260901,1,0,1,1,1,1,1,20260314,20260901
Mon-Wed-Thu-Fri-Sat-Sun_20260305-20270830,1,0,1,1,1,1,1,20260305,20270830
Mon-Wed-Thu-Fri-Sat-Sun_20260101-20270829,1,0,1,1,1,1,1,20260101,20270829
Mon-Wed-Thu-Fri-Sat-Sun_20260314-20270829,1,0,1,1,1,1,1,20260314,20270829
Mon-Wed-Thu-Fri-Sat-Sun_20260617-20270829,1,0,1,1,1,1,1,20260617,20270829
Mon-Wed-Thu-Fri-Sat-Sun_20260730-20270829,1,0,1,1,1,1,1,20260730,20270829
Mon-Wed-Thu-Fri-Sat-Sun_20260506-20270829,1,0,1,1,1,1,1,20260506,20270829
Mon-Wed-Thu-Fri-Sat-Sun_20260323-20270830,1,0,1,1,1,1,1,20260323,20270830
Mon-Wed-Thu-Fri-Sat-Sun_20260502-20270829,1,0,1,1,1,1,1,20260502,20270829
Mon-Wed-Thu-Fri-Sat-Sun_20260416-20270829,1,0,1,1,1,1,1,20260416,20270829
Mon-Wed-Thu-Fri-Sat-Sun_20260302-20270829,1,0,1,1,1,1,1,20260302,20270829
Mon-Wed-Thu-Fri-Sat_20260213-20270830,1,0,1,1,1,1,0,20260213,20270830
Mon-Wed-Thu-Fri-Sun_20260615-20270830,1,0,1,1,1,0,1,20260615,20270830
Mon-Wed-Thu-Fri-Sun_20260913-20260927,1,0,1,1,1,0,1,20260913,20260927
Mon-Wed-Thu-Fri-Sun_20260301-20270830,1,0,1,1,1,0,1,20260301,20270830
Mon-Wed-Thu-Fri-Sun_20260821-20270830,1,0,1,1,1,0,1,20260821,20270830
Mon-Wed-Thu-Fri-Sun_20260601-20270830,1,0,1,1,1,0,1,20260601,20270830
Mon-Wed-Thu-Fri-Sun_20260101-20261031,1,0,1,1,1,0,1,20260101,20261031
Mon-Wed-Thu-Fri-Sun_20260522-20270829,1,0,1,1,1,0,1,20260522,20270829
Mon-Wed-Thu-Fri_20260626-20270830,1,0,1,1,1,0,0,20260626,20270830
Mon-Wed-Thu-Sat-Sun_20260101-20270830,1,0,1,1,0,1,1,20260101,20270830
Mon-Wed-Thu-Sat-Sun_20260228-20270830,1,0,1,1,0,1,1,20260228,20270830
Mon-Wed-Thu-Sat-Sun_20260630-20260913,1,0,1,1,0,1,1,20260630,20260913
Mon-Wed-Thu-Sat-Sun_20260401-20260930,1,0,1,1,0,1,1,20260401,20260930
Mon-Wed-Thu-Sat-Sun_20260509-20270830,1,0,1,1,0,1,1,20260509,20270830
Mon-Wed-Thu-Sat-Sun_20260825-20260831,1,0,1,1,0,1,1,20260825,20260831
Mon-Wed-Thu-Sat_20260314-20270830,1,0,1,1,0,1,0,20260314,20270830
Mon-Wed-Thu-Sat_20260326-20270830,1,0,1,1,0,1,0,20260326,20270830
Mon-Wed-Thu-Sat_20260316-20270830,1,0,1,1,0,1,0,20260316,20270830
Mon-Wed-Thu-Sat_20260629-20270830,1,0,1,1,0,1,0,20260629,20270830
Mon-Wed-Thu-Sat_20260617-20261101,1,0,1,1,0,1,0,20260617,20261101
Mon-Wed-Thu-Sat_20260601-20270830,1,0,1,1,0,1,0,20260601,20270830
Mon-Wed-Thu-Sun_20260507-20270829,1,0,1,1,0,0,1,20260507,20270829
Mon-Wed-Thu-Sun_20260826-20270830,1,0,1,1,0,0,1,20260826,20270830
Mon-Wed-Thu-Sun_20260101-20270829,1,0,1,1,0,0,1,20260101,20270829
Mon-Wed-Thu-Sun_20260429-20270829,1,0,1,1,0,0,1,20260429,20270829
Mon-Wed-Thu_20260819-20270830,1,0,1,1,0,0,0,20260819,20270830
Mon-Wed-Fri-Sat-Sun_20260418-20270830,1,0,1,0,1,1,1,20260418,20270830
Mon-Wed-Fri-Sat-Sun_20260601-20270830,1,0,1,0,1,1,1,20260601,20270830
Mon-Wed-Fri-Sat_20260101-20270830,1,0,1,0,1,1,0,20260101,20270830
Mon-Wed-Fri-Sat_20260601-20261231,1,0,1,0,1,1,0,20260601,20261231
Mon-Wed-Fri-Sat_20260425-20270829,1,0,1,0,1,1,0,20260425,20270829
Mon-Wed-Fri-Sat_20260101-20270829,1,0,1,0,1,1,0,20260101,20270829
Mon-Wed-Fri-Sat_20260601-20270830,1,0,1,0,1,1,0,20260601,20270830
Mon-Wed-Fri-Sat_20260828-20260904,1,0,1,0,1,1,0,20260828,20260904
Mon-Wed-Fri-Sat_20260829-20270830,1,0,1,0,1,1,0,20260829,20270830
Mon-Wed-Fri-Sun_20260416-20270830,1,0,1,0,1,0,1,20260416,20270830
Mon-Wed-Fri-Sun_20260727-20270830,1,0,1,0,1,0,1,20260727,20270830
Mon-Wed-Fri-Sun_20260720-20260913,1,0,1,0,1,0,1,20260720,20260913
Mon-Wed-Fri-Sun_20260607-20270829,1,0,1,0,1,0,1,20260607,20270829
Mon-Wed-Fri-Sun_20260101-20270830,1,0,1,0,1,0,1,20260101,20270830
Mon-Wed-Fri_20260626-20260911,1,0,1,0,1,0,0,20260626,20260911
Mon-Wed-Fri_20260615-20270829,1,0,1,0,1,0,0,20260615,20270829
Mon-Wed-Fri_20260131-20270830,1,0,1,0,1,0,0,20260131,20270830
Mon-Wed-Fri_20260102-20270829,1,0,1,0,1,0,0,20260102,20270829
Mon-Wed-Fri_20260327-20270830,1,0,1,0,1,0,0,20260327,20270830
Mon-Wed-Fri_20260707-20270830,1,0,1,0,1,0,0,20260707,20270830
Mon-Wed-Fri_20260615-20270830,1,0,1,0,1,0,0,20260615,20270830
Mon-Wed-Fri_20260306-20270830,1,0,1,0,1,0,0,20260306,20270830
Mon-Wed-Fri_20260417-20270830,1,0,1,0,1,0,0,20260417,20270830
Mon-Wed-Fri_20260105-20270830,1,0,1,0,1,0,0,20260105,20270830
Mon-Wed-Fri_20260101-20270829,1,0,1,0,1,0,0,20260101,20270829
Mon-Wed-Fri_20260727-20260930,1,0,1,0,1,0,0,20260727,20260930
Mon-Wed-Fri_20260630-20270830,1,0,1,0,1,0,0,20260630,20270830
Mon-Wed-Fri_20260722-20270830,1,0,1,0,1,0,0,20260722,20270830
Mon-Wed-Fri_20260817-20270829,1,0,1,0,1,0,0,20260817,20270829
Mon-Wed-Fri_20260708-20270830,1,0,1,0,1,0,0,20260708,20270830
Mon-Wed-Fri_20260101-20270830,1,0,1,0,1,0,0,20260101,20270830
Mon-Wed-Fri_20260529-20270830,1,0,1,0,1,0,0,20260529,20270830
Mon-Wed-Fri_20260717-20270829,1,0,1,0,1,0,0,20260717,20270829
Mon-Wed-Fri_20260819-20270830,1,0,1,0,1,0,0,20260819,20270830
Mon-Wed-Fri_20260601-20270830,1,0,1,0,1,0,0,20260601,20270830
Mon-Wed-Fri_20260720-20260913,1,0,1,0,1,0,0,20260720,20260913
Mon-Wed-Fri_20260507-20270830,1,0,1,0,1,0,0,20260507,20270830
Mon-Wed-Sat_20260630-20270830,1,0,1,0,0,1,0,20260630,20270830
Mon-Wed-Sat_20260516-20270829,1,0,1,0,0,1,0,20260516,20270829
Mon-Wed-Sat_20260829-20270830,1,0,1,0,0,1,0,20260829,20270830
Mon-Wed-Sat_20260101-20270829,1,0,1,0,0,1,0,20260101,20270829
Mon-Wed-Sat_20260415-20270830,1,0,1,0,0,1,0,20260415,20270830
Mon-Wed-Sat_20260801-20260831,1,0,1,0,0,1,0,20260801,20260831
Mon-Wed-Sat_20260718-20260930,1,0,1,0,0,1,0,20260718,20260930
Mon-Wed-Sat_20260128-20270830,1,0,1,0,0,1,0,20260128,20270830
Mon-Wed-Sat_20260722-20270829,1,0,1,0,0,1,0,20260722,20270829
Mon-Wed-Sat_20260819-20270830,1,0,1,0,0,1,0,20260819,20270830
Mon-Wed-Sat_20260101-20270830,1,0,1,0,0,1,0,20260101,20270830
Mon-Wed-Sat_20260502-20270830,1,0,1,0,0,1,0,20260502,20270830
Mon-Wed-Sat_20260325-20270830,1,0,1,0,0,1,0,20260325,20270830
Mon-Wed-Sat_20260415-20270829,1,0,1,0,0,1,0,20260415,20270829
Mon-Wed-Sat_20260826-20260831,1,0,1,0,0,1,0,20260826,20260831
Mon-Wed-Sat_20260805-20270830,1,0,1,0,0,1,0,20260805,20270830
Mon-Wed-Sat_20260601-20270830,1,0,1,0,0,1,0,20260601,20270830
Mon-Wed-Sat_20260822-20270830,1,0,1,0,0,1,0,20260822,20270830
Mon-Wed-Sat_20260722-20261018,1,0,1,0,0,1,0,20260722,20261018
Mon-Wed-Sat_20260427-20270830,1,0,1,0,0,1,0,20260427,20270830
Mon-Wed-Sat_20260504-20270830,1,0,1,0,0,1,0,20260504,20270830
Mon-Wed-Sun_20260101-20270830,1,0,1,0,0,0,1,20260101,20270830
Mon-Wed-Sun_20260203-20270830,1,0,1,0,0,0,1,20260203,20270830
Mon-Wed_20260729-20270830,1,0,1,0,0,0,0,20260729,20270830
Mon-Wed_20260804-20260902,1,0,1,0,0,0,0,20260804,20260902
Mon-Wed_20260213-20270830,1,0,1,0,0,0,0,20260213,20270830
Mon-Wed_20260601-20270830,1,0,1,0,0,0,0,20260601,20270830
Mon-Wed_20260803-20260916,1,0,1,0,0,0,0,20260803,20260916
Mon-Wed_20260819-20270830,1,0,1,0,0,0,0,20260819,20270830
Mon-Wed_20260226-20270830,1,0,1,0,0,0,0,20260226,20270830
Mon-Wed_20260316-20270830,1,0,1,0,0,0,0,20260316,20270830
Mon-Wed_20260819-20260831,1,0,1,0,0,0,0,20260819,20260831
Mon-Wed_20260317-20270830,1,0,1,0,0,0,0,20260317,20270830
Mon-Wed_20260101-20270830,1,0,1,0,0,0,0,20260101,20270830
Mon-Thu-Fri-Sat-Sun_20260827-20260831,1,0,0,1,1,1,1,20260827,20260831
Mon-Thu-Fri-Sat-Sun_20260101-20270830,1,0,0,1,1,1,1,20260101,20270830
Mon-Thu-Fri-Sat-Sun_20260314-20270830,1,0,0,1,1,1,1,20260314,20270830
Mon-Thu-Fri-Sat-Sun_20260301-20270830,1,0,0,1,1,1,1,20260301,20270830
Mon-Thu-Fri-Sat-Sun_20260409-20270830,1,0,0,1,1,1,1,20260409,20270830
Mon-Thu-Fri-Sun_20260819-20261017,1,0,0,1,1,0,1,20260819,20261017
Mon-Thu-Fri-Sun_20260521-20270830,1,0,0,1,1,0,1,20260521,20270830
Mon-Thu-Fri_20260803-20270830,1,0,0,1,1,0,0,20260803,20270830
Mon-Thu-Fri_20260507-20270830,1,0,0,1,1,0,0,20260507,20270830
Mon-Thu-Fri_20260101-20270829,1,0,0,1,1,0,0,20260101,20270829
Mon-Thu-Fri_20260102-20270829,1,0,0,1,1,0,0,20260102,20270829
Mon-Thu-Fri_20260227-20270829,1,0,0,1,1,0,0,20260227,20270829
Mon-Thu-Fri_20260504-20270830,1,0,0,1,1,0,0,20260504,20270830
Mon-Thu-Fri_20260508-20270830,1,0,0,1,1,0,0,20260508,20270830
Mon-Thu-Sat-Sun_20260819-20261018,1,0,0,1,0,1,1,20260819,20261018
Mon-Thu-Sat-Sun_20260730-20261013,1,0,0,1,0,1,1,20260730,20261013
Mon-Thu-Sat-Sun_20260910-20260910,1,0,0,1,0,1,1,20260910,20260910
Mon-Thu-Sat-Sun_20260101-20270830,1,0,0,1,0,1,1,20260101,20270830
Mon-Thu-Sat_20260507-20270314,1,0,0,1,0,1,0,20260507,20270314
Mon-Thu-Sat_20260820-20270830,1,0,0,1,0,1,0,20260820,20270830
Mon-Thu-Sat_20260227-20270830,1,0,0,1,0,1,0,20260227,20270830
Mon-Thu-Sat_20260819-20270830,1,0,0,1,0,1,0,20260819,20270830
Mon-Thu-Sat_20260314-20270830,1,0,0,1,0,1,0,20260314,20270830
Mon-Thu-Sat_20260601-20270830,1,0,0,1,0,1,0,20260601,20270830
Mon-Thu-Sat_20260101-20270829,1,0,0,1,0,1,0,20260101,20270829
Mon-Thu-Sat_20260101-20270830,1,0,0,1,0,1,0,20260101,20270830
Mon-Thu-Sat_20260720-20270830,1,0,0,1,0,1,0,20260720,20270830
Mon-Thu-Sat_20260402-20270829,1,0,0,1,0,1,0,20260402,20270829
Mon-Thu-Sat_20260827-20260831,1,0,0,1,0,1,0,20260827,20260831
Mon-Thu-Sat_20260819-20270829,1,0,0,1,0,1,0,20260819,20270829
Mon-Thu-Sat_20260820-20260920,1,0,0,1,0,1,0,20260820,20260920
Mon-Thu-Sat_20260711-20270830,1,0,0,1,0,1,0,20260711,20270830
Mon-Thu-Sat_20260206-20270830,1,0,0,1,0,1,0,20260206,20270830
Mon-Thu-Sat_20260507-20270830,1,0,0,1,0,1,0,20260507,20270830
Mon-Thu-Sat_20260629-20270830,1,0,0,1,0,1,0,20260629,20270830
Mon-Thu-Sat_20260523-20270830,1,0,0,1,0,1,0,20260523,20270830
Mon-Thu-Sat_20260725-20270830,1,0,0,1,0,1,0,20260725,20270830
Mon-Thu-Sun_20260820-20270830,1,0,0,1,0,0,1,20260820,20270830
Mon-Thu-Sun_20260504-20270829,1,0,0,1,0,0,1,20260504,20270829
Mon-Thu-Sun_20260101-20270829,1,0,0,1,0,0,1,20260101,20270829
Mon-Thu-Sun_20260823-20270830,1,0,0,1,0,0,1,20260823,20270830
Mon-Thu_20260806-20260830,1,0,0,1,0,0,0,20260806,20260830
Mon-Thu_20260213-20270830,1,0,0,1,0,0,0,20260213,20270830
Mon-Thu_20260105-20270830,1,0,0,1,0,0,0,20260105,20270830
Mon-Thu_20260209-20270830,1,0,0,1,0,0,0,20260209,20270830
Mon-Thu_20260821-20260831,1,0,0,1,0,0,0,20260821,20260831
Mon-Thu_20260813-20270830,1,0,0,1,0,0,0,20260813,20270830
Mon-Thu_20260429-20270830,1,0,0,1,0,0,0,20260429,20270830
Mon-Thu_20260601-20270830,1,0,0,1,0,0,0,20260601,20270830
Mon-Thu_20260518-20270830,1,0,0,1,0,0,0,20260518,20270830
Mon-Thu_20260511-20270830,1,0,0,1,0,0,0,20260511,20270830
Mon-Thu_20260426-20270830,1,0,0,1,0,0,0,20260426,20270830
Mon-Thu_20260101-20270830,1,0,0,1,0,0,0,20260101,20270830
Mon-Thu_20260716-20260831,1,0,0,1,0,0,0,20260716,20260831
Mon-Thu_20260101-20270829,1,0,0,1,0,0,0,20260101,20270829
Mon-Thu_20260727-20260910,1,0,0,1,0,0,0,20260727,20260910
Mon-Thu_20260702-20270830,1,0,0,1,0,0,0,20260702,20270830
Mon-Thu_20260615-20270830,1,0,0,1,0,0,0,20260615,20270830
Mon-Thu_20260831-20260928,1,0,0,1,0,0,0,20260831,20260928
Mon-Thu_20260730-20260831,1,0,0,1,0,0,0,20260730,20260831
Mon-Thu_20260316-20270830,1,0,0,1,0,0,0,20260316,20270830
Mon-Thu_20260820-20270830,1,0,0,1,0,0,0,20260820,20270830
Mon-Thu_20260507-20270830,1,0,0,1,0,0,0,20260507,20270830
Mon-Thu_20260418-20270830,1,0,0,1,0,0,0,20260418,20270830
Mon-Thu_20260803-20270830,1,0,0,1,0,0,0,20260803,20270830
Mon-Thu_20260806-20260831,1,0,0,1,0,0,0,20260806,20260831
Mon-Thu_20260618-20261020,1,0,0,1,0,0,0,20260618,20261020
Mon-Thu_20260819-20270829,1,0,0,1,0,0,0,20260819,20270829
Mon-Thu_20260819-20270830,1,0,0,1,0,0,0,20260819,20270830
Mon-Fri-Sat-Sun_20260829-20260907,1,0,0,0,1,1,1,20260829,20260907
Mon-Fri-Sat_20260101-20270830,1,0,0,0,1,1,0,20260101,20270830
Mon-Fri-Sun_20260717-20270829,1,0,0,0,1,0,1,20260717,20270829
Mon-Fri-Sun_20260101-20270829,1,0,0,0,1,0,1,20260101,20270829
Mon-Fri-Sun_20260717-20270830,1,0,0,0,1,0,1,20260717,20270830
Mon-Fri_20260817-20260911,1,0,0,0,1,0,0,20260817,20260911
Mon-Fri_20260731-20260927,1,0,0,0,1,0,0,20260731,20260927
Mon-Fri_20260101-20270830,1,0,0,0,1,0,0,20260101,20270830
Mon-Fri_20260101-20270829,1,0,0,0,1,0,0,20260101,20270829
Mon-Fri_20260316-20270830,1,0,0,0,1,0,0,20260316,20270830
Mon-Fri_20260601-20270829,1,0,0,0,1,0,0,20260601,20270829
Mon-Fri_20260103-20270830,1,0,0,0,1,0,0,20260103,20270830
Mon-Fri_20260403-20270830,1,0,0,0,1,0,0,20260403,20270830
Mon-Fri_20260504-20270830,1,0,0,0,1,0,0,20260504,20270830
Mon-Fri_20260820-20270830,1,0,0,0,1,0,0,20260820,20270830
Mon-Fri_20260206-20270830,1,0,0,0,1,0,0,20260206,20270830
Mon-Fri_20260829-20270830,1,0,0,0,1,0,0,20260829,20270830
Mon-Fri_20260829-20261231,1,0,0,0,1,0,0,20260829,20261231
Mon-Fri_20260819-20260831,1,0,0,0,1,0,0,20260819,20260831
Mon-Fri_20260508-20270829,1,0,0,0,1,0,0,20260508,20270829
Mon-Fri_20260630-20270830,1,0,0,0,1,0,0,20260630,20270830
Mon-Fri_20260508-20270830,1,0,0,0,1,0,0,20260508,20270830
Mon-Fri_20260630-20270829,1,0,0,0,1,0,0,20260630,20270829
Mon-Fri_20260801-20260831,1,0,0,0,1,0,0,20260801,20260831
Mon-Fri_20260819-20260828,1,0,0,0,1,0,0,20260819,20260828
Mon-Fri_20260807-20270830,1,0,0,0,1,0,0,20260807,20270830
Mon-Fri_20260727-20270829,1,0,0,0,1,0,0,20260727,20270829
Mon-Fri_20260601-20270830,1,0,0,0,1,0,0,20260601,20270830
Mon-Fri_20260723-20270830,1,0,0,0,1,0,0,20260723,20270830
Mon-Fri_20260703-20270830,1,0,0,0,1,0,0,20260703,20270830
Mon-Fri_20260727-20260911,1,0,0,0,1,0,0,20260727,20260911
Mon-Fri_20260429-20270830,1,0,0,0,1,0,0,20260429,20270830
Mon-Fri_20260807-20260928,1,0,0,0,1,0,0,20260807,20260928
Mon-Sat-Sun_20260502-20270830,1,0,0,0,0,1,1,20260502,20270830
Mon-Sat-Sun_20260101-20270830,1,0,0,0,0,1,1,20260101,20270830
Mon-Sat_20260810-20260901,1,0,0,0,0,1,0,20260810,20260901
Mon-Sat_20260802-20260831,1,0,0,0,0,1,0,20260802,20260831
Mon-Sat_20260601-20270830,1,0,0,0,0,1,0,20260601,20270830
Mon-Sat_20260429-20270829,1,0,0,0,0,1,0,20260429,20270829
Mon-Sat_20260819-20261020,1,0,0,0,0,1,0,20260819,20261020
Mon-Sat_20260314-20270829,1,0,0,0,0,1,0,20260314,20270829
Mon-Sat_20260801-20260831,1,0,0,0,0,1,0,20260801,20260831
Mon-Sat_20260819-20270829,1,0,0,0,0,1,0,20260819,20270829
Mon-Sat_20260613-20270830,1,0,0,0,0,1,0,20260613,20270830
Mon-Sat_20260523-20270830,1,0,0,0,0,1,0,20260523,20270830
Mon-Sat_20260801-20260925,1,0,0,0,0,1,0,20260801,20260925
Mon-Sat_20260819-20270830,1,0,0,0,0,1,0,20260819,20270830
Mon-Sat_20260101-20270830,1,0,0,0,0,1,0,20260101,20270830
Mon-Sat_20260615-20270829,1,0,0,0,0,1,0,20260615,20270829
Mon-Sat_20260801-20270830,1,0,0,0,0,1,0,20260801,20270830
Mon-Sat_20260808-20260928,1,0,0,0,0,1,0,20260808,20260928
Mon-Sat_20260126-20270830,1,0,0,0,0,1,0,20260126,20270830
Mon-Sun_20260329-20270829,1,0,0,0,0,0,1,20260329,20270829
Mon-Sun_20260820-20270830,1,0,0,0,0,0,1,20260820,20270830
Mon-Sun_20260823-20260907,1,0,0,0,0,0,1,20260823,20260907
Mon-Sun_20260429-20270830,1,0,0,0,0,0,1,20260429,20270830
Mon-Sun_20260416-20270830,1,0,0,0,0,0,1,20260416,20270830
Mon-Sun_20260820-20261020,1,0,0,0,0,0,1,20260820,20261020
Mon-Sun_20260607-20270830,1,0,0,0,0,0,1,20260607,20270830
Mon_20260213-20270830,1,0,0,0,0,0,0,20260213,20270830
Mon_20260427-20270830,1,0,0,0,0,0,0,20260427,20270830
Mon_20260630-20270830,1,0,0,0,0,0,0,20260630,20270830
Mon_20260406-20260830,1,0,0,0,0,0,0,20260406,20260830
Mon_20260608-20270830,1,0,0,0,0,0,0,20260608,20270830
Mon_20261019-20261123,1,0,0,0,0,0,0,20261019,20261123
Mon_20260813-20270830,1,0,0,0,0,0,0,20260813,20270830
Mon_20260101-20270829,1,0,0,0,0,0,0,20260101,20270829
Mon_20260615-20270829,1,0,0,0,0,0,0,20260615,20270829
Mon_20260801-20260929,1,0,0,0,0,0,0,20260801,20260929
Mon_20260722-20261018,1,0,0,0,0,0,0,20260722,20261018
Mon_20260101-20260830,1,0,0,0,0,0,0,20260101,20260830
Mon_20260831-20260831,1,0,0,0,0,0,0,20260831,20260831
Mon_20260429-20270830,1,0,0,0,0,0,0,20260429,20270830
Mon_20260817-20260929,1,0,0,0,0,0,0,20260817,20260929
Mon_20260727-20270830,1,0,0,0,0,0,0,20260727,20270830
Mon_20260819-20260907,1,0,0,0,0,0,0,20260819,20260907
Mon_20260416-20270830,1,0,0,0,0,0,0,20260416,20270830
Mon_20260810-20260927,1,0,0,0,0,0,0,20260810,20260927
Mon_20260525-20260830,1,0,0,0,0,0,0,20260525,20260830
Mon_20260810-20260930,1,0,0,0,0,0,0,20260810,20260930
Mon_20260317-20270830,1,0,0,0,0,0,0,20260317,20270830
Mon_20260326-20270830,1,0,0,0,0,0,0,20260326,20270830
Mon_20261026-20270830,1,0,0,0,0,0,0,20261026,20270830
Mon_20260727-20260928,1,0,0,0,0,0,0,20260727,20260928
Mon_20260722-20270830,1,0,0,0,0,0,0,20260722,20270830
Mon_20260819-20260830,1,0,0,0,0,0,0,20260819,20260830
Mon_20260504-20261101,1,0,0,0,0,0,0,20260504,20261101
Mon_20260824-20260929,1,0,0,0,0,0,0,20260824,20260929
Mon_20260831-20260907,1,0,0,0,0,0,0,20260831,20260907
Mon_20260824-20260907,1,0,0,0,0,0,0,20260824,20260907
Mon_20260418-20270830,1,0,0,0,0,0,0,20260418,20270830
Mon_20260817-20270830,1,0,0,0,0,0,0,20260817,20270830
Mon_20260720-20260830,1,0,0,0,0,0,0,20260720,20260830
Mon_20260805-20260830,1,0,0,0,0,0,0,20260805,20260830
Mon_20260716-20260831,1,0,0,0,0,0,0,20260716,20260831
Mon_20260810-20270830,1,0,0,0,0,0,0,20260810,20270830
Mon_20260803-20270830,1,0,0,0,0,0,0,20260803,20270830
Mon_20260824-20260831,1,0,0,0,0,0,0,20260824,20260831
Mon_20260608-20261018,1,0,0,0,0,0,0,20260608,20261018
Mon_20260817-20260907,1,0,0,0,0,0,0,20260817,20260907
Mon_20260706-20270830,1,0,0,0,0,0,0,20260706,20270830
Mon_20260825-20270829,1,0,0,0,0,0,0,20260825,20270829
Mon_20260601-20270830,1,0,0,0,0,0,0,20260601,20270830
Mon_20260629-20270830,1,0,0,0,0,0,0,20260629,20270830
Mon_20260622-20260830,1,0,0,0,0,0,0,20260622,20260830
Mon_20260831-20260901,1,0,0,0,0,0,0,20260831,20260901
Mon_20260727-20260831,1,0,0,0,0,0,0,20260727,20260831
Mon_20260406-20270830,1,0,0,0,0,0,0,20260406,20270830
Mon_20260819-20260920,1,0,0,0,0,0,0,20260819,20260920
Mon_20260727-20260914,1,0,0,0,0,0,0,20260727,20260914
Mon_20260907-20260921,1,0,0,0,0,0,0,20260907,20260921
Mon_20260706-20261231,1,0,0,0,0,0,0,20260706,20261231
Mon_20260518-20270829,1,0,0,0,0,0,0,20260518,20270829
Mon_20260719-20260928,1,0,0,0,0,0,0,20260719,20260928
Mon_20260601-20261018,1,0,0,0,0,0,0,20260601,20261018
Mon_20260601-20270829,1,0,0,0,0,0,0,20260601,20270829
Mon_20260317-20260830,1,0,0,0,0,0,0,20260317,20260830
Mon_20260629-20270829,1,0,0,0,0,0,0,20260629,20270829
Mon_20260812-20270830,1,0,0,0,0,0,0,20260812,20270830
Mon_20260507-20261101,1,0,0,0,0,0,0,20260507,20261101
Mon_20260827-20270830,1,0,0,0,0,0,0,20260827,20270830
Mon_20260713-20270830,1,0,0,0,0,0,0,20260713,20270830
Mon_20260720-20260928,1,0,0,0,0,0,0,20260720,20260928
Mon_20260907-20260907,1,0,0,0,0,0,0,20260907,20260907
Mon_20260819-20261020,1,0,0,0,0,0,0,20260819,20261020
Mon_20260817-20260831,1,0,0,0,0,0,0,20260817,20260831
Mon_20260819-20260831,1,0,0,0,0,0,0,20260819,20260831
Mon_20260907-20260928,1,0,0,0,0,0,0,20260907,20260928
Mon_20260820-20270830,1,0,0,0,0,0,0,20260820,20270830
Mon_20260316-20270303,1,0,0,0,0,0,0,20260316,20270303
Mon_20260504-20270830,1,0,0,0,0,0,0,20260504,20270830
Mon_20260101-20270830,1,0,0,0,0,0,0,20260101,20270830
Mon_20260720-20260831,1,0,0,0,0,0,0,20260720,20260831
Mon_20260716-20260930,1,0,0,0,0,0,0,20260716,20260930
Mon_20260316-20270830,1,0,0,0,0,0,0,20260316,20270830
Mon_20260824-20270830,1,0,0,0,0,0,0,20260824,20270830
Mon_20260831-20260902,1,0,0,0,0,0,0,20260831,20260902
Mon_20260525-20270830,1,0,0,0,0,0,0,20260525,20270830
Mon_20260817-20261018,1,0,0,0,0,0,0,20260817,20261018
Mon_20260511-20270830,1,0,0,0,0,0,0,20260511,20270830
Mon_20260804-20260831,1,0,0,0,0,0,0,20260804,20260831
Mon_20260819-20270830,1,0,0,0,0,0,0,20260819,20270830
Mon_20260309-20270830,1,0,0,0,0,0,0,20260309,20270830
Mon_20260302-20270829,1,0,0,0,0,0,0,20260302,20270829
Mon_20260817-20260901,1,0,0,0,0,0,0,20260817,20260901
Mon_20260803-20260831,1,0,0,0,0,0,0,20260803,20260831
Tue-Wed-Thu-Fri-Sat-Sun_20260101-20270830,0,1,1,1,1,1,1,20260101,20270830
Tue-Wed-Thu-Fri-Sat-Sun_20260602-20270829,0,1,1,1,1,1,1,20260602,20270829
Tue-Wed-Thu-Fri-Sat-Sun_20260306-20270830,0,1,1,1,1,1,1,20260306,20270830
Tue-Wed-Thu-Fri-Sat-Sun_20260314-20270830,0,1,1,1,1,1,1,20260314,20270830
Tue-Wed-Thu-Fri-Sat-Sun_20260720-20270829,0,1,1,1,1,1,1,20260720,20270829
Tue-Wed-Thu-Fri-Sat-Sun_20260305-20270829,0,1,1,1,1,1,1,20260305,20270829
Tue-Wed-Thu-Fri-Sat-Sun_20260628-20270829,0,1,1,1,1,1,1,20260628,20270829
Tue-Wed-Thu-Fri-Sat-Sun_20260603-20270829,0,1,1,1,1,1,1,20260603,20270829
Tue-Wed-Thu-Fri-Sat-Sun_20260317-20270830,0,1,1,1,1,1,1,20260317,20270830
Tue-Wed-Thu-Fri-Sat-Sun_20260601-20270829,0,1,1,1,1,1,1,20260601,20270829
Tue-Wed-Thu-Fri-Sat-Sun_20260101-20270829,0,1,1,1,1,1,1,20260101,20270829
Tue-Wed-Thu-Fri-Sat_20260825-20260829,0,1,1,1,1,1,0,20260825,20260829
Tue-Wed-Thu-Fri-Sat_20260606-20270830,0,1,1,1,1,1,0,20260606,20270830
Tue-Wed-Thu-Fri-Sun_20260601-20270830,0,1,1,1,1,0,1,20260601,20270830
Tue-Wed-Thu-Fri-Sun_20260317-20270829,0,1,1,1,1,0,1,20260317,20270829
Tue-Wed-Thu-Fri_20260101-20270830,0,1,1,1,1,0,0,20260101,20270830
Tue-Wed-Thu-Sat-Sun_20260808-20270830,0,1,1,1,0,1,1,20260808,20270830
Tue-Wed-Thu-Sat-Sun_20260205-20270830,0,1,1,1,0,1,1,20260205,20270830
Tue-Wed-Thu-Sat-Sun_20260101-20270830,0,1,1,1,0,1,1,20260101,20270830
Tue-Wed-Thu-Sat-Sun_20260430-20270830,0,1,1,1,0,1,1,20260430,20270830
Tue-Wed-Thu-Sat-Sun_20260402-20270829,0,1,1,1,0,1,1,20260402,20270829
Tue-Wed-Thu-Sat-Sun_20260401-20270830,0,1,1,1,0,1,1,20260401,20270830
Tue-Wed-Thu-Sat-Sun_20260506-20270829,0,1,1,1,0,1,1,20260506,20270829
Tue-Wed-Thu-Sat_20260601-20270830,0,1,1,1,0,1,0,20260601,20270830
Tue-Wed-Thu-Sat_20260101-20270829,0,1,1,1,0,1,0,20260101,20270829
Tue-Wed-Thu-Sat_20260326-20270830,0,1,1,1,0,1,0,20260326,20270830
Tue-Wed-Thu-Sun_20260705-20270829,0,1,1,1,0,0,1,20260705,20270829
Tue-Wed-Thu_20260101-20270830,0,1,1,1,0,0,0,20260101,20270830
Tue-Wed-Fri-Sat-Sun_20260617-20270830,0,1,1,0,1,1,1,20260617,20270830
Tue-Wed-Fri-Sat-Sun_20260425-20270830,0,1,1,0,1,1,1,20260425,20270830
Tue-Wed-Fri-Sat-Sun_20260101-20270830,0,1,1,0,1,1,1,20260101,20270830
Tue-Wed-Fri-Sat-Sun_20260707-20270829,0,1,1,0,1,1,1,20260707,20270829
Tue-Wed-Fri-Sat-Sun_20260606-20270830,0,1,1,0,1,1,1,20260606,20270830
Tue-Wed-Fri-Sat-Sun_20260508-20270830,0,1,1,0,1,1,1,20260508,20270830
Tue-Wed-Fri-Sat-Sun_20260418-20270830,0,1,1,0,1,1,1,20260418,20270830
Tue-Wed-Fri-Sat-Sun_20260824-20260830,0,1,1,0,1,1,1,20260824,20260830
Tue-Wed-Fri-Sat-Sun_20260314-20270830,0,1,1,0,1,1,1,20260314,20270830
Tue-Wed-Fri-Sat_20260819-20270830,0,1,1,0,1,1,0,20260819,20270830
Tue-Wed-Fri-Sun_20260601-20270830,0,1,1,0,1,0,1,20260601,20270830
Tue-Wed-Fri-Sun_20260612-20270829,0,1,1,0,1,0,1,20260612,20270829
Tue-Wed-Fri-Sun_20260206-20270830,0,1,1,0,1,0,1,20260206,20270830
Tue-Wed-Fri-Sun_20260601-20270829,0,1,1,0,1,0,1,20260601,20270829
Tue-Wed-Fri-Sun_20260331-20260831,0,1,1,0,1,0,1,20260331,20260831
Tue-Wed-Fri-Sun_20260819-20261013,0,1,1,0,1,0,1,20260819,20261013
Tue-Wed-Fri-Sun_20260804-20270830,0,1,1,0,1,0,1,20260804,20270830
Tue-Wed-Fri_20260101-20270830,0,1,1,0,1,0,0,20260101,20270830
Tue-Wed-Fri_20260717-20261013,0,1,1,0,1,0,0,20260717,20261013
Tue-Wed-Fri_20260313-20270830,0,1,1,0,1,0,0,20260313,20270830
Tue-Wed-Sat-Sun_20260801-20270829,0,1,1,0,0,1,1,20260801,20270829
Tue-Wed-Sat-Sun_20260505-20270830,0,1,1,0,0,1,1,20260505,20270830
Tue-Wed-Sat_20260519-20270830,0,1,1,0,0,1,0,20260519,20270830
Tue-Wed-Sat_20260101-20270830,0,1,1,0,0,1,0,20260101,20270830
Tue-Wed-Sat_20260103-20270829,0,1,1,0,0,1,0,20260103,20270829
Tue-Wed-Sat_20260714-20270830,0,1,1,0,0,1,0,20260714,20270830
Tue-Wed-Sat_20260502-20270830,0,1,1,0,0,1,0,20260502,20270830
Tue-Wed-Sun_20260715-20270829,0,1,1,0,0,0,1,20260715,20270829
Tue-Wed-Sun_20260819-20270829,0,1,1,0,0,0,1,20260819,20270829
Tue-Wed-Sun_20260601-20270830,0,1,1,0,0,0,1,20260601,20270830
Tue-Wed_20260819-20270830,0,1,1,0,0,0,0,20260819,20270830
Tue-Wed_20260819-20261020,0,1,1,0,0,0,0,20260819,20261020
Tue-Wed_20260825-20270830,0,1,1,0,0,0,0,20260825,20270830
Tue-Wed_20260101-20270829,0,1,1,0,0,0,0,20260101,20270829
Tue-Wed_20260101-20270830,0,1,1,0,0,0,0,20260101,20270830
Tue-Wed_20260820-20270830,0,1,1,0,0,0,0,20260820,20270830
Tue-Thu-Fri-Sat_20260819-20270830,0,1,0,1,1,1,0,20260819,20270830
Tue-Thu-Fri-Sun_20260308-20270829,0,1,0,1,1,0,1,20260308,20270829
Tue-Thu-Fri-Sun_20260601-20270830,0,1,0,1,1,0,1,20260601,20270830
Tue-Thu-Fri-Sun_20260101-20270830,0,1,0,1,1,0,1,20260101,20270830
Tue-Thu-Fri-Sun_20260804-20270830,0,1,0,1,1,0,1,20260804,20270830
Tue-Thu-Fri-Sun_20260602-20261019,0,1,0,1,1,0,1,20260602,20261019
Tue-Thu-Fri-Sun_20260823-20270830,0,1,0,1,1,0,1,20260823,20270830
Tue-Thu-Fri-Sun_20260201-20270830,0,1,0,1,1,0,1,20260201,20270830
Tue-Thu-Fri-Sun_20260501-20270830,0,1,0,1,1,0,1,20260501,20270830
Tue-Thu-Fri-Sun_20260616-20270830,0,1,0,1,1,0,1,20260616,20270830
Tue-Thu-Fri-Sun_20260829-20270830,0,1,0,1,1,0,1,20260829,20270830
Tue-Thu-Fri-Sun_20260101-20270829,0,1,0,1,1,0,1,20260101,20270829
Tue-Thu-Fri_20260512-20270830,0,1,0,1,1,0,0,20260512,20270830
Tue-Thu-Fri_20260127-20270830,0,1,0,1,1,0,0,20260127,20270830
Tue-Thu-Fri_20260101-20270830,0,1,0,1,1,0,0,20260101,20270830
Tue-Thu-Fri_20260819-20270829,0,1,0,1,1,0,0,20260819,20270829
Tue-Thu-Sat-Sun_20260101-20270830,0,1,0,1,0,1,1,20260101,20270830
Tue-Thu-Sat-Sun_20260721-20260913,0,1,0,1,0,1,1,20260721,20260913
Tue-Thu-Sat-Sun_20260307-20270830,0,1,0,1,0,1,1,20260307,20270830
Tue-Thu-Sat-Sun_20260829-20270829,0,1,0,1,0,1,1,20260829,20270829
Tue-Thu-Sat_20260615-20270830,0,1,0,1,0,1,0,20260615,20270830
Tue-Thu-Sat_20260402-20270829,0,1,0,1,0,1,0,20260402,20270829
Tue-Thu-Sat_20260416-20270830,0,1,0,1,0,1,0,20260416,20270830
Tue-Thu-Sat_20260820-20270830,0,1,0,1,0,1,0,20260820,20270830
Tue-Thu-Sat_20260507-20270830,0,1,0,1,0,1,0,20260507,20270830
Tue-Thu-Sat_20260721-20260913,0,1,0,1,0,1,0,20260721,20260913
Tue-Thu-Sat_20260718-20270829,0,1,0,1,0,1,0,20260718,20270829
Tue-Thu-Sat_20260101-20270830,0,1,0,1,0,1,0,20260101,20270830
Tue-Thu-Sat_20260418-20270830,0,1,0,1,0,1,0,20260418,20270830
Tue-Thu-Sat_20260615-20270829,0,1,0,1,0,1,0,20260615,20270829
Tue-Thu-Sat_20260228-20270830,0,1,0,1,0,1,0,20260228,20270830
Tue-Thu-Sat_20260328-20270830,0,1,0,1,0,1,0,20260328,20270830
Tue-Thu-Sat_20260103-20270830,0,1,0,1,0,1,0,20260103,20270830
Tue-Thu-Sat_20260630-20270830,0,1,0,1,0,1,0,20260630,20270830
Tue-Thu-Sat_20260728-20270830,0,1,0,1,0,1,0,20260728,20270830
Tue-Thu-Sat_20260601-20270830,0,1,0,1,0,1,0,20260601,20270830
Tue-Thu-Sat_20260314-20270830,0,1,0,1,0,1,0,20260314,20270830
Tue-Thu-Sat_20260819-20270830,0,1,0,1,0,1,0,20260819,20270830
Tue-Thu-Sun_20260616-20270830,0,1,0,1,0,0,1,20260616,20270830
Tue-Thu-Sun_20260726-20260929,0,1,0,1,0,0,1,20260726,20260929
Tue-Thu-Sun_20260517-20270829,0,1,0,1,0,0,1,20260517,20270829
Tue-Thu-Sun_20260202-20270830,0,1,0,1,0,0,1,20260202,20270830
Tue-Thu-Sun_20260101-20270829,0,1,0,1,0,0,1,20260101,20270829
Tue-Thu-Sun_20260827-20260901,0,1,0,1,0,0,1,20260827,20260901
Tue-Thu-Sun_20260104-20270829,0,1,0,1,0,0,1,20260104,20270829
Tue-Thu-Sun_20260830-20260903,0,1,0,1,0,0,1,20260830,20260903
Tue-Thu-Sun_20260825-20270829,0,1,0,1,0,0,1,20260825,20270829
Tue-Thu-Sun_20260829-20270830,0,1,0,1,0,0,1,20260829,20270830
Tue-Thu-Sun_20260127-20270830,0,1,0,1,0,0,1,20260127,20270830
Tue-Thu-Sun_20260601-20270830,0,1,0,1,0,0,1,20260601,20270830
Tue-Thu-Sun_20260315-20270830,0,1,0,1,0,0,1,20260315,20270830
Tue-Thu-Sun_20260303-20270830,0,1,0,1,0,0,1,20260303,20270830
Tue-Thu-Sun_20260430-20270830,0,1,0,1,0,0,1,20260430,20270830
Tue-Thu-Sun_20260722-20270830,0,1,0,1,0,0,1,20260722,20270830
Tue-Thu-Sun_20260101-20270830,0,1,0,1,0,0,1,20260101,20270830
Tue-Thu-Sun_20260628-20260913,0,1,0,1,0,0,1,20260628,20260913
Tue-Thu-Sun_20260414-20270829,0,1,0,1,0,0,1,20260414,20270829
Tue-Thu_20260319-20270830,0,1,0,1,0,0,0,20260319,20270830
Tue-Thu_20260722-20261019,0,1,0,1,0,0,0,20260722,20261019
Tue-Thu_20260825-20270830,0,1,0,1,0,0,0,20260825,20270830
Tue-Thu_20260101-20270829,0,1,0,1,0,0,0,20260101,20270829
Tue-Thu_20260827-20260902,0,1,0,1,0,0,0,20260827,20260902
Tue-Thu_20260615-20261020,0,1,0,1,0,0,0,20260615,20261020
Tue-Thu_20261020-20270830,0,1,0,1,0,0,0,20261020,20270830
Tue-Thu_20260811-20260831,0,1,0,1,0,0,0,20260811,20260831
Tue-Thu_20260825-20260831,0,1,0,1,0,0,0,20260825,20260831
Tue-Thu_20260418-20270830,0,1,0,1,0,0,0,20260418,20270830
Tue-Thu_20260707-20270830,0,1,0,1,0,0,0,20260707,20270830
Tue-Thu_20260819-20270830,0,1,0,1,0,0,0,20260819,20270830
Tue-Thu_20260101-20270830,0,1,0,1,0,0,0,20260101,20270830
Tue-Thu_20260801-20270830,0,1,0,1,0,0,0,20260801,20270830
Tue-Thu_20260819-20270829,0,1,0,1,0,0,0,20260819,20270829
Tue-Thu_20260326-20270830,0,1,0,1,0,0,0,20260326,20270830
Tue-Thu_20260528-20270830,0,1,0,1,0,0,0,20260528,20270830
Tue-Thu_20260818-20270830,0,1,0,1,0,0,0,20260818,20270830
Tue-Thu_20260827-20260901,0,1,0,1,0,0,0,20260827,20260901
Tue-Fri-Sat_20260101-20270830,0,1,0,0,1,1,0,20260101,20270830
Tue-Fri-Sat_20260827-20270830,0,1,0,0,1,1,0,20260827,20270830
Tue-Fri-Sat_20260601-20261019,0,1,0,0,1,1,0,20260601,20261019
Tue-Fri-Sat_20260101-20270829,0,1,0,0,1,1,0,20260101,20270829
Tue-Fri-Sat_20260722-20270830,0,1,0,0,1,1,0,20260722,20270830
Tue-Fri-Sun_20260206-20270830,0,1,0,0,1,0,1,20260206,20270830
Tue-Fri-Sun_20260101-20270829,0,1,0,0,1,0,1,20260101,20270829
Tue-Fri-Sun_20260403-20261031,0,1,0,0,1,0,1,20260403,20261031
Tue-Fri-Sun_20260712-20261026,0,1,0,0,1,0,1,20260712,20261026
Tue-Fri-Sun_20260820-20270830,0,1,0,0,1,0,1,20260820,20270830
Tue-Fri-Sun_20260501-20270830,0,1,0,0,1,0,1,20260501,20270830
Tue-Fri-Sun_20260629-20270830,0,1,0,0,1,0,1,20260629,20270830
Tue-Fri-Sun_20260204-20270830,0,1,0,0,1,0,1,20260204,20270830
Tue-Fri-Sun_20260825-20260830,0,1,0,0,1,0,1,20260825,20260830
Tue-Fri-Sun_20260804-20260830,0,1,0,0,1,0,1,20260804,20260830
Tue-Fri-Sun_20260601-20270830,0,1,0,0,1,0,1,20260601,20270830
Tue-Fri-Sun_20260507-20270830,0,1,0,0,1,0,1,20260507,20270830
Tue-Fri-Sun_20260101-20270830,0,1,0,0,1,0,1,20260101,20270830
Tue-Fri-Sun_20260819-20270830,0,1,0,0,1,0,1,20260819,20270830
Tue-Fri-Sun_20260327-20270830,0,1,0,0,1,0,1,20260327,20270830
Tue-Fri-Sun_20260213-20270830,0,1,0,0,1,0,1,20260213,20270830
Tue-Fri-Sun_20260326-20270830,0,1,0,0,1,0,1,20260326,20270830
Tue-Fri-Sun_20260717-20260929,0,1,0,0,1,0,1,20260717,20260929
Tue-Fri-Sun_20260722-20270829,0,1,0,0,1,0,1,20260722,20270829
Tue-Fri-Sun_20260630-20270830,0,1,0,0,1,0,1,20260630,20270830
Tue-Fri-Sun_20260731-20260830,0,1,0,0,1,0,1,20260731,20260830
Tue-Fri-Sun_20260225-20270830,0,1,0,0,1,0,1,20260225,20270830
Tue-Fri-Sun_20260819-20270829,0,1,0,0,1,0,1,20260819,20270829
Tue-Fri-Sun_20260414-20270830,0,1,0,0,1,0,1,20260414,20270830
Tue-Fri-Sun_20260315-20270830,0,1,0,0,1,0,1,20260315,20270830
Tue-Fri_20260326-20270830,0,1,0,0,1,0,0,20260326,20270830
Tue-Fri_20260403-20270830,0,1,0,0,1,0,0,20260403,20270830
Tue-Fri_20260512-20270830,0,1,0,0,1,0,0,20260512,20270830
Tue-Fri_20260507-20270829,0,1,0,0,1,0,0,20260507,20270829
Tue-Fri_20260819-20260828,0,1,0,0,1,0,0,20260819,20260828
Tue-Fri_20260813-20270829,0,1,0,0,1,0,0,20260813,20270829
Tue-Fri_20260630-20260913,0,1,0,0,1,0,0,20260630,20260913
Tue-Fri_20260722-20261019,0,1,0,0,1,0,0,20260722,20261019
Tue-Fri_20260101-20270830,0,1,0,0,1,0,0,20260101,20270830
Tue-Fri_20260130-20270830,0,1,0,0,1,0,0,20260130,20270830
Tue-Fri_20260819-20270829,0,1,0,0,1,0,0,20260819,20270829
Tue-Fri_20260210-20270830,0,1,0,0,1,0,0,20260210,20270830
Tue-Fri_20260822-20260901,0,1,0,0,1,0,0,20260822,20260901
Tue-Fri_20260601-20270830,0,1,0,0,1,0,0,20260601,20270830
Tue-Fri_20260819-20270830,0,1,0,0,1,0,0,20260819,20270830
Tue-Fri_20260602-20270830,0,1,0,0,1,0,0,20260602,20270830
Tue-Fri_20260213-20270830,0,1,0,0,1,0,0,20260213,20270830
Tue-Fri_20260601-20270829,0,1,0,0,1,0,0,20260601,20270829
Tue-Fri_20260718-20260828,0,1,0,0,1,0,0,20260718,20260828
Tue-Fri_20260623-20270830,0,1,0,0,1,0,0,20260623,20270830
Tue-Fri_20260615-20270830,0,1,0,0,1,0,0,20260615,20270830
Tue-Fri_20260101-20270829,0,1,0,0,1,0,0,20260101,20270829
Tue-Fri_20260505-20270830,0,1,0,0,1,0,0,20260505,20270830
Tue-Fri_20260717-20260901,0,1,0,0,1,0,0,20260717,20260901
Tue-Fri_20260804-20270830,0,1,0,0,1,0,0,20260804,20270830
Tue-Fri_20260630-20270830,0,1,0,0,1,0,0,20260630,20270830
Tue-Fri_20260513-20270830,0,1,0,0,1,0,0,20260513,20270830
Tue-Fri_20260601-20261019,0,1,0,0,1,0,0,20260601,20261019
Tue-Sat-Sun_20260331-20270830,0,1,0,0,0,1,1,20260331,20270830
Tue-Sat_20260316-20270225,0,1,0,0,0,1,0,20260316,20270225
Tue-Sat_20260819-20270830,0,1,0,0,0,1,0,20260819,20270830
Tue-Sat_20260213-20270830,0,1,0,0,0,1,0,20260213,20270830
Tue-Sat_20260812-20260831,0,1,0,0,0,1,0,20260812,20260831
Tue-Sat_20260601-20261026,0,1,0,0,0,1,0,20260601,20261026
Tue-Sat_20260819-20260926,0,1,0,0,0,1,0,20260819,20260926
Tue-Sat_20260819-20260829,0,1,0,0,0,1,0,20260819,20260829
Tue-Sat_20260815-20260829,0,1,0,0,0,1,0,20260815,20260829
Tue-Sat_20260728-20260912,0,1,0,0,0,1,0,20260728,20260912
Tue-Sat_20260630-20270830,0,1,0,0,0,1,0,20260630,20270830
Tue-Sat_20260718-20270829,0,1,0,0,0,1,0,20260718,20270829
Tue-Sat_20260601-20270829,0,1,0,0,0,1,0,20260601,20270829
Tue-Sat_20260630-20270829,0,1,0,0,0,1,0,20260630,20270829
Tue-Sat_20260505-20270830,0,1,0,0,0,1,0,20260505,20270830
Tue-Sat_20260627-20260912,0,1,0,0,0,1,0,20260627,20260912
Tue-Sat_20260820-20270830,0,1,0,0,0,1,0,20260820,20270830
Tue-Sat_20260601-20270830,0,1,0,0,0,1,0,20260601,20270830
Tue-Sat_20260802-20260901,0,1,0,0,0,1,0,20260802,20260901
Tue-Sat_20260609-20270830,0,1,0,0,0,1,0,20260609,20270830
Tue-Sat_20260615-20270830,0,1,0,0,0,1,0,20260615,20270830
Tue-Sat_20260829-20260908,0,1,0,0,0,1,0,20260829,20260908
Tue-Sat_20260722-20270830,0,1,0,0,0,1,0,20260722,20270830
Tue-Sat_20260416-20270830,0,1,0,0,0,1,0,20260416,20270830
Tue-Sat_20260530-20270830,0,1,0,0,0,1,0,20260530,20270830
Tue-Sat_20260722-20260912,0,1,0,0,0,1,0,20260722,20260912
Tue-Sat_20260718-20261013,0,1,0,0,0,1,0,20260718,20261013
Tue-Sat_20260101-20270830,0,1,0,0,0,1,0,20260101,20270830
Tue-Sat_20260718-20260829,0,1,0,0,0,1,0,20260718,20260829
Tue-Sat_20260101-20270829,0,1,0,0,0,1,0,20260101,20270829
Tue-Sat_20260808-20260929,0,1,0,0,0,1,0,20260808,20260929
Tue-Sat_20260331-20270829,0,1,0,0,0,1,0,20260331,20270829
Tue-Sun_20260127-20270830,0,1,0,0,0,0,1,20260127,20270830
Tue-Sun_20260327-20270830,0,1,0,0,0,0,1,20260327,20270830
Tue-Sun_20260819-20270829,0,1,0,0,0,0,1,20260819,20270829
Tue-Sun_20260803-20260901,0,1,0,0,0,0,1,20260803,20260901
Tue-Sun_20260601-20270830,0,1,0,0,0,0,1,20260601,20270830
Tue-Sun_20260101-20270829,0,1,0,0,0,0,1,20260101,20270829
Tue-Sun_20260819-20260830,0,1,0,0,0,0,1,20260819,20260830
Tue-Sun_20260213-20270830,0,1,0,0,0,0,1,20260213,20270830
Tue-Sun_20260809-20260902,0,1,0,0,0,0,1,20260809,20260902
Tue-Sun_20260322-20270830,0,1,0,0,0,0,1,20260322,20270830
Tue-Sun_20260101-20270830,0,1,0,0,0,0,1,20260101,20270830
Tue-Sun_20260819-20270830,0,1,0,0,0,0,1,20260819,20270830
Tue_20260722-20261019,0,1,0,0,0,0,0,20260722,20261019
Tue_20260901-20260929,0,1,0,0,0,0,0,20260901,20260929
Tue_20260101-20270830,0,1,0,0,0,0,0,20260101,20270830
Tue_20260213-20270830,0,1,0,0,0,0,0,20260213,20270830
Tue_20260101-20270829,0,1,0,0,0,0,0,20260101,20270829
Tue_20260804-20260901,0,1,0,0,0,0,0,20260804,20260901
Tue_20260819-20270829,0,1,0,0,0,0,0,20260819,20270829
Tue_20260818-20260901,0,1,0,0,0,0,0,20260818,20260901
Tue_20260416-20270830,0,1,0,0,0,0,0,20260416,20270830
Tue_20260324-20270830,0,1,0,0,0,0,0,20260324,20270830
Tue_20260818-20260929,0,1,0,0,0,0,0,20260818,20260929
Tue_20260728-20270829,0,1,0,0,0,0,0,20260728,20270829
Tue_20260609-20270830,0,1,0,0,0,0,0,20260609,20270830
Tue_20260825-20260901,0,1,0,0,0,0,0,20260825,20260901
Tue_20260513-20270830,0,1,0,0,0,0,0,20260513,20270830
Tue_20260616-20270830,0,1,0,0,0,0,0,20260616,20270830
Tue_20260818-20260902,0,1,0,0,0,0,0,20260818,20260902
Tue_20260127-20270830,0,1,0,0,0,0,0,20260127,20270830
Tue_20260901-20260901,0,1,0,0,0,0,0,20260901,20260901
Tue_20260721-20260901,0,1,0,0,0,0,0,20260721,20260901
Tue_20260416-20261102,0,1,0,0,0,0,0,20260416,20261102
Tue_20260707-20270830,0,1,0,0,0,0,0,20260707,20270830
Tue_20260811-20270830,0,1,0,0,0,0,0,20260811,20270830
Tue_20260505-20270830,0,1,0,0,0,0,0,20260505,20270830
Tue_20260825-20260825,0,1,0,0,0,0,0,20260825,20260825
Tue_20260602-20270830,0,1,0,0,0,0,0,20260602,20270830
Tue_20260414-20270830,0,1,0,0,0,0,0,20260414,20270830
Tue_20260818-20270829,0,1,0,0,0,0,0,20260818,20270829
Tue_20260908-20260908,0,1,0,0,0,0,0,20260908,20260908
Tue_20260819-20261020,0,1,0,0,0,0,0,20260819,20261020
Tue_20260326-20270830,0,1,0,0,0,0,0,20260326,20270830
Tue_20260811-20260930,0,1,0,0,0,0,0,20260811,20260930
Tue_20260429-20270830,0,1,0,0,0,0,0,20260429,20270830
Tue_20260303-20270830,0,1,0,0,0,0,0,20260303,20270830
Tue_20260728-20260901,0,1,0,0,0,0,0,20260728,20260901
Tue_20260721-20261013,0,1,0,0,0,0,0,20260721,20261013
Tue_20260825-20261019,0,1,0,0,0,0,0,20260825,20261019
Tue_20260819-20260921,0,1,0,0,0,0,0,20260819,20260921
Tue_20260810-20260929,0,1,0,0,0,0,0,20260810,20260929
Tue_20260310-20270830,0,1,0,0,0,0,0,20260310,20270830
Tue_20260721-20260930,0,1,0,0,0,0,0,20260721,20260930
Tue_20260825-20270830,0,1,0,0,0,0,0,20260825,20270830
Tue_20260901-20260902,0,1,0,0,0,0,0,20260901,20260902
Tue_20260505-20270829,0,1,0,0,0,0,0,20260505,20270829
Tue_20260804-20260915,0,1,0,0,0,0,0,20260804,20260915
Tue_20260818-20270830,0,1,0,0,0,0,0,20260818,20270830
Tue_20260418-20270830,0,1,0,0,0,0,0,20260418,20270830
Tue_20260526-20270829,0,1,0,0,0,0,0,20260526,20270829
Tue_20261020-20261124,0,1,0,0,0,0,0,20261020,20261124
Tue_20260407-20270830,0,1,0,0,0,0,0,20260407,20270830
Tue_20260820-20270830,0,1,0,0,0,0,0,20260820,20270830
Tue_20260819-20260901,0,1,0,0,0,0,0,20260819,20260901
Tue_20260915-20260922,0,1,0,0,0,0,0,20260915,20260922
Tue_20260601-20270830,0,1,0,0,0,0,0,20260601,20270830
Tue_20260819-20260929,0,1,0,0,0,0,0,20260819,20260929
Tue_20260318-20270830,0,1,0,0,0,0,0,20260318,20270830
Tue_20260716-20260915,0,1,0,0,0,0,0,20260716,20260915
Tue_20260819-20260915,0,1,0,0,0,0,0,20260819,20260915
Tue_20260722-20260831,0,1,0,0,0,0,0,20260722,20260831
Tue_20260430-20260921,0,1,0,0,0,0,0,20260430,20260921
Tue_20260512-20270830,0,1,0,0,0,0,0,20260512,20270830
Tue_20260317-20270830,0,1,0,0,0,0,0,20260317,20270830
Tue_20260811-20260827,0,1,0,0,0,0,0,20260811,20260827
Tue_20260825-20260831,0,1,0,0,0,0,0,20260825,20260831
Tue_20260721-20270830,0,1,0,0,0,0,0,20260721,20270830
Tue_20260630-20270830,0,1,0,0,0,0,0,20260630,20270830
Tue_20260714-20270830,0,1,0,0,0,0,0,20260714,20270830
Tue_20260623-20270830,0,1,0,0,0,0,0,20260623,20270830
Tue_20260317-20270225,0,1,0,0,0,0,0,20260317,20270225
Tue_20260601-20261019,0,1,0,0,0,0,0,20260601,20261019
Tue_20260819-20270830,0,1,0,0,0,0,0,20260819,20270830
Tue_20260811-20261231,0,1,0,0,0,0,0,20260811,20261231
Tue_20260828-20270830,0,1,0,0,0,0,0,20260828,20270830
Tue_20260728-20270830,0,1,0,0,0,0,0,20260728,20270830
Tue_20260316-20270830,0,1,0,0,0,0,0,20260316,20270830
Tue_20260722-20270830,0,1,0,0,0,0,0,20260722,20270830
Tue_20260922-20270830,0,1,0,0,0,0,0,20260922,20270830
Wed-Thu-Fri-Sat-Sun_20260312-20270830,0,0,1,1,1,1,1,20260312,20270830
Wed-Thu-Fri-Sat-Sun_20260408-20270830,0,0,1,1,1,1,1,20260408,20270830
Wed-Thu-Fri-Sat-Sun_20260101-20270830,0,0,1,1,1,1,1,20260101,20270830
Wed-Thu-Fri-Sat-Sun_20260826-20260830,0,0,1,1,1,1,1,20260826,20260830
Wed-Thu-Fri-Sat_20260101-20270829,0,0,1,1,1,1,0,20260101,20270829
Wed-Thu-Fri-Sun_20260101-20270829,0,0,1,1,1,0,1,20260101,20270829
Wed-Thu-Fri_20260603-20261020,0,0,1,1,1,0,0,20260603,20261020
Wed-Thu-Sat-Sun_20260630-20270829,0,0,1,1,0,1,1,20260630,20270829
Wed-Thu-Sat-Sun_20260630-20270830,0,0,1,1,0,1,1,20260630,20270830
Wed-Thu-Sat_20260422-20270830,0,0,1,1,0,1,0,20260422,20270830
Wed-Thu-Sun_20260601-20270830,0,0,1,1,0,0,1,20260601,20270830
Wed-Thu-Sun_20260729-20270830,0,0,1,1,0,0,1,20260729,20270830
Wed-Thu-Sun_20260816-20261017,0,0,1,1,0,0,1,20260816,20261017
Wed-Thu-Sun_20260315-20270830,0,0,1,1,0,0,1,20260315,20270830
Wed-Thu-Sun_20260308-20270830,0,0,1,1,0,0,1,20260308,20270830
Wed-Thu-Sun_20260507-20270830,0,0,1,1,0,0,1,20260507,20270830
Wed-Thu_20260429-20270829,0,0,1,1,0,0,0,20260429,20270829
Wed-Thu_20260820-20260901,0,0,1,1,0,0,0,20260820,20260901
Wed-Thu_20260819-20270830,0,0,1,1,0,0,0,20260819,20270830
Wed-Fri-Sat-Sun_20260101-20270830,0,0,1,0,1,1,1,20260101,20270830
Wed-Fri-Sat-Sun_20260909-20260909,0,0,1,0,1,1,1,20260909,20260909
Wed-Fri-Sat_20260601-20270830,0,0,1,0,1,1,0,20260601,20270830
Wed-Fri-Sat_20260220-20270830,0,0,1,0,1,1,0,20260220,20270830
Wed-Fri-Sat_20260101-20270830,0,0,1,0,1,1,0,20260101,20270830
Wed-Fri-Sun_20260615-20270830,0,0,1,0,1,0,1,20260615,20270830
Wed-Fri-Sun_20260630-20270830,0,0,1,0,1,0,1,20260630,20270830
Wed-Fri-Sun_20260805-20261017,0,0,1,0,1,0,1,20260805,20261017
Wed-Fri-Sun_20260101-20270829,0,0,1,0,1,0,1,20260101,20270829
Wed-Fri-Sun_20260819-20270830,0,0,1,0,1,0,1,20260819,20270830
Wed-Fri-Sun_20260820-20260919,0,0,1,0,1,0,1,20260820,20260919
Wed-Fri-Sun_20260311-20270830,0,0,1,0,1,0,1,20260311,20270830
Wed-Fri-Sun_20260628-20270830,0,0,1,0,1,0,1,20260628,20270830
Wed-Fri-Sun_20260801-20270830,0,0,1,0,1,0,1,20260801,20270830
Wed-Fri-Sun_20260315-20270830,0,0,1,0,1,0,1,20260315,20270830
Wed-Fri-Sun_20260601-20270830,0,0,1,0,1,0,1,20260601,20270830
Wed-Fri-Sun_20260507-20270830,0,0,1,0,1,0,1,20260507,20270830
Wed-Fri-Sun_20260819-20270829,0,0,1,0,1,0,1,20260819,20270829
Wed-Fri-Sun_20260719-20270830,0,0,1,0,1,0,1,20260719,20270830
Wed-Fri-Sun_20260826-20260830,0,0,1,0,1,0,1,20260826,20260830
Wed-Fri-Sun_20260308-20270830,0,0,1,0,1,0,1,20260308,20270830
Wed-Fri-Sun_20260101-20270830,0,0,1,0,1,0,1,20260101,20270830
Wed-Fri-Sun_20260805-20270830,0,0,1,0,1,0,1,20260805,20270830
Wed-Fri-Sun_20260820-20270830,0,0,1,0,1,0,1,20260820,20270830
Wed-Fri-Sun_20260703-20270830,0,0,1,0,1,0,1,20260703,20270830
Wed-Fri-Sun_20260227-20270830,0,0,1,0,1,0,1,20260227,20270830
Wed-Fri_20260429-20270830,0,0,1,0,1,0,0,20260429,20270830
Wed-Fri_20260717-20261013,0,0,1,0,1,0,0,20260717,20261013
Wed-Fri_20260317-20270830,0,0,1,0,1,0,0,20260317,20270830
Wed-Fri_20260318-20270830,0,0,1,0,1,0,0,20260318,20270830
Wed-Fri_20260819-20261020,0,0,1,0,1,0,0,20260819,20261020
Wed-Fri_20260601-20270830,0,0,1,0,1,0,0,20260601,20270830
Wed-Fri_20260819-20270830,0,0,1,0,1,0,0,20260819,20270830
Wed-Fri_20260724-20270830,0,0,1,0,1,0,0,20260724,20270830
Wed-Fri_20260615-20261020,0,0,1,0,1,0,0,20260615,20261020
Wed-Fri_20261021-20270830,0,0,1,0,1,0,0,20261021,20270830
Wed-Fri_20260503-20270830,0,0,1,0,1,0,0,20260503,20270830
Wed-Fri_20260819-20270829,0,0,1,0,1,0,0,20260819,20270829
Wed-Fri_20260820-20270830,0,0,1,0,1,0,0,20260820,20270830
Wed-Fri_20260418-20270830,0,0,1,0,1,0,0,20260418,20270830
Wed-Fri_20260819-20260911,0,0,1,0,1,0,0,20260819,20260911
Wed-Fri_20260316-20270830,0,0,1,0,1,0,0,20260316,20270830
Wed-Fri_20260403-20270830,0,0,1,0,1,0,0,20260403,20270830
Wed-Fri_20260101-20270830,0,0,1,0,1,0,0,20260101,20270830
Wed-Fri_20260805-20270830,0,0,1,0,1,0,0,20260805,20270830
Wed-Fri_20260722-20261020,0,0,1,0,1,0,0,20260722,20261020
Wed-Fri_20260617-20270829,0,0,1,0,1,0,0,20260617,20270829
Wed-Fri_20260325-20270830,0,0,1,0,1,0,0,20260325,20270830
Wed-Fri_20260630-20270830,0,0,1,0,1,0,0,20260630,20270830
Wed-Sat-Sun_20260630-20270830,0,0,1,0,0,1,1,20260630,20270830
Wed-Sat-Sun_20260301-20270829,0,0,1,0,0,1,1,20260301,20270829
Wed-Sat-Sun_20260101-20270830,0,0,1,0,0,1,1,20260101,20270830
Wed-Sat-Sun_20260820-20270830,0,0,1,0,0,1,1,20260820,20270830
Wed-Sat-Sun_20260101-20270829,0,0,1,0,0,1,1,20260101,20270829
Wed-Sat-Sun_20260826-20270830,0,0,1,0,0,1,1,20260826,20270830
Wed-Sat-Sun_20260401-20270830,0,0,1,0,0,1,1,20260401,20270830
Wed-Sat-Sun_20260601-20270830,0,0,1,0,0,1,1,20260601,20270830
Wed-Sat_20260812-20270830,0,0,1,0,0,1,0,20260812,20270830
Wed-Sat_20260819-20260829,0,0,1,0,0,1,0,20260819,20260829
Wed-Sat_20260314-20270830,0,0,1,0,0,1,0,20260314,20270830
Wed-Sat_20260630-20270830,0,0,1,0,0,1,0,20260630,20270830
Wed-Sat_20260101-20270829,0,0,1,0,0,1,0,20260101,20270829
Wed-Sat_20260909-20260909,0,0,1,0,0,1,0,20260909,20260909
Wed-Sat_20260513-20270830,0,0,1,0,0,1,0,20260513,20270830
Wed-Sat_20260805-20270830,0,0,1,0,0,1,0,20260805,20270830
Wed-Sat_20260615-20261020,0,0,1,0,0,1,0,20260615,20261020
Wed-Sat_20260516-20270830,0,0,1,0,0,1,0,20260516,20270830
Wed-Sat_20260630-20260913,0,0,1,0,0,1,0,20260630,20260913
Wed-Sat_20260507-20270830,0,0,1,0,0,1,0,20260507,20270830
Wed-Sat_20260812-20261009,0,0,1,0,0,1,0,20260812,20261009
Wed-Sat_20260318-20270830,0,0,1,0,0,1,0,20260318,20270830
Wed-Sat_20260101-20270830,0,0,1,0,0,1,0,20260101,20270830
Wed-Sat_20260404-20270830,0,0,1,0,0,1,0,20260404,20270830
Wed-Sat_20260507-20270829,0,0,1,0,0,1,0,20260507,20270829
Wed-Sat_20260502-20270830,0,0,1,0,0,1,0,20260502,20270830
Wed-Sat_20260429-20270830,0,0,1,0,0,1,0,20260429,20270830
Wed-Sat_20260722-20270830,0,0,1,0,0,1,0,20260722,20270830
Wed-Sat_20260620-20270830,0,0,1,0,0,1,0,20260620,20270830
Wed-Sat_20260207-20270830,0,0,1,0,0,1,0,20260207,20270830
Wed-Sat_20260506-20270830,0,0,1,0,0,1,0,20260506,20270830
Wed-Sat_20260624-20270830,0,0,1,0,0,1,0,20260624,20270830
Wed-Sat_20260213-20270830,0,0,1,0,0,1,0,20260213,20270830
Wed-Sat_20260601-20270830,0,0,1,0,0,1,0,20260601,20270830
Wed-Sun_20260630-20270830,0,0,1,0,0,0,1,20260630,20270830
Wed-Sun_20260615-20270829,0,0,1,0,0,0,1,20260615,20270829
Wed-Sun_20260726-20260909,0,0,1,0,0,0,1,20260726,20260909
Wed-Sun_20260326-20270830,0,0,1,0,0,0,1,20260326,20270830
Wed-Sun_20260719-20260830,0,0,1,0,0,0,1,20260719,20260830
Wed-Sun_20260830-20260909,0,0,1,0,0,0,1,20260830,20260909
Wed-Sun_20260809-20270830,0,0,1,0,0,0,1,20260809,20270830
Wed-Sun_20260823-20260830,0,0,1,0,0,0,1,20260823,20260830
Wed-Sun_20260101-20270830,0,0,1,0,0,0,1,20260101,20270830
Wed-Sun_20260315-20270226,0,0,1,0,0,0,1,20260315,20270226
Wed-Sun_20260712-20261020,0,0,1,0,0,0,1,20260712,20261020
Wed-Sun_20260819-20270830,0,0,1,0,0,0,1,20260819,20270830
Wed-Sun_20260524-20270830,0,0,1,0,0,0,1,20260524,20270830
Wed-Sun_20260601-20270830,0,0,1,0,0,0,1,20260601,20270830
Wed-Sun_20260506-20270830,0,0,1,0,0,0,1,20260506,20270830
Wed-Sun_20260805-20260830,0,0,1,0,0,0,1,20260805,20260830
Wed-Sun_20260812-20270829,0,0,1,0,0,0,1,20260812,20270829
Wed-Sun_20260730-20260831,0,0,1,0,0,0,1,20260730,20260831
Wed-Sun_20260722-20270830,0,0,1,0,0,0,1,20260722,20270830
Wed-Sun_20260601-20270829,0,0,1,0,0,0,1,20260601,20270829
Wed-Sun_20260503-20270830,0,0,1,0,0,0,1,20260503,20270830
Wed-Sun_20260429-20270830,0,0,1,0,0,0,1,20260429,20270830
Wed-Sun_20260719-20260927,0,0,1,0,0,0,1,20260719,20260927
Wed-Sun_20260215-20270830,0,0,1,0,0,0,1,20260215,20270830
Wed-Sun_20260315-20270830,0,0,1,0,0,0,1,20260315,20270830
Wed-Sun_20260615-20270830,0,0,1,0,0,0,1,20260615,20270830
Wed_20260703-20270830,0,0,1,0,0,0,0,20260703,20270830
Wed_20260826-20270830,0,0,1,0,0,0,0,20260826,20270830
Wed_20260819-20260922,0,0,1,0,0,0,0,20260819,20260922
Wed_20260701-20270830,0,0,1,0,0,0,0,20260701,20270830
Wed_20260408-20270830,0,0,1,0,0,0,0,20260408,20270830
Wed_20260805-20260923,0,0,1,0,0,0,0,20260805,20260923
Wed_20260916-20260923,0,0,1,0,0,0,0,20260916,20260923
Wed_20260805-20260902,0,0,1,0,0,0,0,20260805,20260902
Wed_20260715-20270830,0,0,1,0,0,0,0,20260715,20270830
Wed_20260909-20260930,0,0,1,0,0,0,0,20260909,20260930
Wed_20260805-20260916,0,0,1,0,0,0,0,20260805,20260916
Wed_20260630-20270830,0,0,1,0,0,0,0,20260630,20270830
Wed_20260902-20260903,0,0,1,0,0,0,0,20260902,20260903
Wed_20260610-20270830,0,0,1,0,0,0,0,20260610,20270830
Wed_20260101-20270830,0,0,1,0,0,0,0,20260101,20270830
Wed_20260317-20270830,0,0,1,0,0,0,0,20260317,20270830
Wed_20260722-20260901,0,0,1,0,0,0,0,20260722,20260901
Wed_20260318-20270829,0,0,1,0,0,0,0,20260318,20270829
Wed_20260820-20260901,0,0,1,0,0,0,0,20260820,20260901
Wed_20260730-20260902,0,0,1,0,0,0,0,20260730,20260902
Wed_20260729-20270830,0,0,1,0,0,0,0,20260729,20270830
Wed_20260729-20260930,0,0,1,0,0,0,0,20260729,20260930
Wed_20260601-20261020,0,0,1,0,0,0,0,20260601,20261020
Wed_20260819-20270829,0,0,1,0,0,0,0,20260819,20270829
Wed_20260826-20260901,0,0,1,0,0,0,0,20260826,20260901
Wed_20260617-20270830,0,0,1,0,0,0,0,20260617,20270830
Wed_20260916-20260918,0,0,1,0,0,0,0,20260916,20260918
Wed_20260812-20261027,0,0,1,0,0,0,0,20260812,20261027
Wed_20260114-20270830,0,0,1,0,0,0,0,20260114,20270830
Wed_20260303-20270830,0,0,1,0,0,0,0,20260303,20270830
Wed_20260722-20260930,0,0,1,0,0,0,0,20260722,20260930
Wed_20260211-20270830,0,0,1,0,0,0,0,20260211,20270830
Wed_20260812-20270830,0,0,1,0,0,0,0,20260812,20270830
Wed_20260603-20261020,0,0,1,0,0,0,0,20260603,20261020
Wed_20260615-20261020,0,0,1,0,0,0,0,20260615,20261020
Wed_20260514-20270830,0,0,1,0,0,0,0,20260514,20270830
Wed_20260601-20261231,0,0,1,0,0,0,0,20260601,20261231
Wed_20260909-20260910,0,0,1,0,0,0,0,20260909,20260910
Wed_20260716-20260930,0,0,1,0,0,0,0,20260716,20260930
Wed_20260630-20270829,0,0,1,0,0,0,0,20260630,20270829
Wed_20260211-20270829,0,0,1,0,0,0,0,20260211,20270829
Wed_20260909-20260909,0,0,1,0,0,0,0,20260909,20260909
Wed_20260812-20270829,0,0,1,0,0,0,0,20260812,20270829
Wed_20260101-20270829,0,0,1,0,0,0,0,20260101,20270829
Wed_20260819-20270830,0,0,1,0,0,0,0,20260819,20270830
Wed_20260708-20261231,0,0,1,0,0,0,0,20260708,20261231
Wed_20260506-20270830,0,0,1,0,0,0,0,20260506,20270830
Wed_20260819-20261020,0,0,1,0,0,0,0,20260819,20261020
Wed_20260722-20261020,0,0,1,0,0,0,0,20260722,20261020
Wed_20260819-20260901,0,0,1,0,0,0,0,20260819,20260901
Wed_20260826-20260916,0,0,1,0,0,0,0,20260826,20260916
Wed_20260624-20270830,0,0,1,0,0,0,0,20260624,20270830
Wed_20260820-20270830,0,0,1,0,0,0,0,20260820,20270830
Wed_20260401-20270829,0,0,1,0,0,0,0,20260401,20270829
Wed_20260819-20260930,0,0,1,0,0,0,0,20260819,20260930
Wed_20260923-20270830,0,0,1,0,0,0,0,20260923,20270830
Wed_20260514-20260901,0,0,1,0,0,0,0,20260514,20260901
Wed_20260603-20270830,0,0,1,0,0,0,0,20260603,20270830
Wed_20260520-20270830,0,0,1,0,0,0,0,20260520,20270830
Wed_20260819-20260902,0,0,1,0,0,0,0,20260819,20260902
Wed_20260507-20270830,0,0,1,0,0,0,0,20260507,20270830
Wed_20260716-20270830,0,0,1,0,0,0,0,20260716,20270830
Wed_20260601-20270830,0,0,1,0,0,0,0,20260601,20270830
Wed_20260826-20260909,0,0,1,0,0,0,0,20260826,20260909
Wed_20260812-20260904,0,0,1,0,0,0,0,20260812,20260904
Wed_20260318-20270830,0,0,1,0,0,0,0,20260318,20270830
Wed_20260708-20270830,0,0,1,0,0,0,0,20260708,20270830
Wed_20260513-20270830,0,0,1,0,0,0,0,20260513,20270830
Wed_20260902-20270428,0,0,1,0,0,0,0,20260902,20270428
Wed_20260722-20270830,0,0,1,0,0,0,0,20260722,20270830
Wed_20260325-20270830,0,0,1,0,0,0,0,20260325,20270830
Wed_20260722-20260923,0,0,1,0,0,0,0,20260722,20260923
Wed_20260902-20260902,0,0,1,0,0,0,0,20260902,20260902
Wed_20260429-20270830,0,0,1,0,0,0,0,20260429,20270830
Wed_20260205-20270830,0,0,1,0,0,0,0,20260205,20270830
Wed_20260601-20260922,0,0,1,0,0,0,0,20260601,20260922
Wed_20260826-20270829,0,0,1,0,0,0,0,20260826,20270829
Wed_20261021-20261125,0,0,1,0,0,0,0,20261021,20261125
Wed_20260902-20260930,0,0,1,0,0,0,0,20260902,20260930
Thu-Fri-Sat_20260827-20260829,0,0,0,1,1,1,0,20260827,20260829
Thu-Fri-Sat_20260101-20270830,0,0,0,1,1,1,0,20260101,20270830
Thu-Fri-Sun_20260402-20270830,0,0,0,1,1,0,1,20260402,20270830
Thu-Fri-Sun_20260601-20270830,0,0,0,1,1,0,1,20260601,20270830
Thu-Fri-Sun_20260101-20270830,0,0,0,1,1,0,1,20260101,20270830
Thu-Fri_20260630-20270830,0,0,0,1,1,0,0,20260630,20270830
Thu-Fri_20260416-20270830,0,0,0,1,1,0,0,20260416,20270830
Thu-Fri_20260827-20260828,0,0,0,1,1,0,0,20260827,20260828
Thu-Fri_20260101-20270830,0,0,0,1,1,0,0,20260101,20270830
Thu-Fri_20260326-20270829,0,0,0,1,1,0,0,20260326,20270829
Thu-Sat-Sun_20260416-20270830,0,0,0,1,0,1,1,20260416,20270830
Thu-Sat-Sun_20260601-20270830,0,0,0,1,0,1,1,20260601,20270830
Thu-Sat-Sun_20260219-20270830,0,0,0,1,0,1,1,20260219,20270830
Thu-Sat_20260611-20270830,0,0,0,1,0,1,0,20260611,20270830
Thu-Sat_20260411-20270830,0,0,0,1,0,1,0,20260411,20270830
Thu-Sat_20260429-20270829,0,0,0,1,0,1,0,20260429,20270829
Thu-Sat_20260102-20270830,0,0,0,1,0,1,0,20260102,20270830
Thu-Sat_20260620-20261014,0,0,0,1,0,1,0,20260620,20261014
Thu-Sat_20260327-20270830,0,0,0,1,0,1,0,20260327,20270830
Thu-Sat_20260630-20270830,0,0,0,1,0,1,0,20260630,20270830
Thu-Sat_20260804-20270830,0,0,0,1,0,1,0,20260804,20270830
Thu-Sat_20260829-20260904,0,0,0,1,0,1,0,20260829,20260904
Thu-Sat_20260820-20270830,0,0,0,1,0,1,0,20260820,20270830
Thu-Sat_20260815-20260905,0,0,0,1,0,1,0,20260815,20260905
Thu-Sat_20260819-20270829,0,0,0,1,0,1,0,20260819,20270829
Thu-Sat_20260827-20270830,0,0,0,1,0,1,0,20260827,20270830
Thu-Sat_20260819-20270830,0,0,0,1,0,1,0,20260819,20270830
Thu-Sat_20260801-20260829,0,0,0,1,0,1,0,20260801,20260829
Thu-Sat_20260716-20260926,0,0,0,1,0,1,0,20260716,20260926
Thu-Sat_20260219-20270830,0,0,0,1,0,1,0,20260219,20270830
Thu-Sat_20260819-20260829,0,0,0,1,0,1,0,20260819,20260829
Thu-Sat_20260521-20270830,0,0,0,1,0,1,0,20260521,20270830
Thu-Sat_20260601-20270830,0,0,0,1,0,1,0,20260601,20270830
Thu-Sat_20260829-20261021,0,0,0,1,0,1,0,20260829,20261021
Thu-Sat_20260328-20270830,0,0,0,1,0,1,0,20260328,20270830
Thu-Sat_20260305-20270830,0,0,0,1,0,1,0,20260305,20270830
Thu-Sun_20260315-20270830,0,0,0,1,0,0,1,20260315,20270830
Thu-Sun_20260702-20270830,0,0,0,1,0,0,1,20260702,20270830
Thu-Sun_20260816-20260910,0,0,0,1,0,0,1,20260816,20260910
Thu-Sun_20260718-20261020,0,0,0,1,0,0,1,20260718,20261020
Thu-Sun_20260806-20270830,0,0,0,1,0,0,1,20260806,20270830
Thu-Sun_20260910-20260910,0,0,0,1,0,0,1,20260910,20260910
Thu-Sun_20260101-20260831,0,0,0,1,0,0,1,20260101,20260831
Thu-Sun_20260101-20261031,0,0,0,1,0,0,1,20260101,20261031
Thu-Sun_20260630-20270830,0,0,0,1,0,0,1,20260630,20270830
Thu-Sun_20260830-20270830,0,0,0,1,0,0,1,20260830,20270830
Thu-Sun_20260601-20270829,0,0,0,1,0,0,1,20260601,20270829
Thu-Sun_20260601-20270830,0,0,0,1,0,0,1,20260601,20270830
Thu-Sun_20260917-20260927,0,0,0,1,0,0,1,20260917,20260927
Thu-Sun_20260730-20270829,0,0,0,1,0,0,1,20260730,20270829
Thu-Sun_20260122-20270830,0,0,0,1,0,0,1,20260122,20270830
Thu-Sun_20260215-20270830,0,0,0,1,0,0,1,20260215,20270830
Thu-Sun_20260402-20270830,0,0,0,1,0,0,1,20260402,20270830
Thu-Sun_20260819-20260830,0,0,0,1,0,0,1,20260819,20260830
Thu-Sun_20260101-20270829,0,0,0,1,0,0,1,20260101,20270829
Thu-Sun_20260101-20270830,0,0,0,1,0,0,1,20260101,20270830
Thu-Sun_20260320-20270829,0,0,0,1,0,0,1,20260320,20270829
Thu_20260305-20270830,0,0,0,1,0,0,0,20260305,20270830
Thu_20260323-20270830,0,0,0,1,0,0,0,20260323,20270830
Thu_20260827-20270830,0,0,0,1,0,0,0,20260827,20270830
Thu_20260601-20261231,0,0,0,1,0,0,0,20260601,20261231
Thu_20260515-20270829,0,0,0,1,0,0,0,20260515,20270829
Thu_20260515-20270830,0,0,0,1,0,0,0,20260515,20270830
Thu_20260704-20270830,0,0,0,1,0,0,0,20260704,20270830
Thu_20260827-20260930,0,0,0,1,0,0,0,20260827,20260930
Thu_20260709-20270830,0,0,0,1,0,0,0,20260709,20270830
Thu_20260722-20270830,0,0,0,1,0,0,0,20260722,20270830
Thu_20260604-20261014,0,0,0,1,0,0,0,20260604,20261014
Thu_20260226-20270830,0,0,0,1,0,0,0,20260226,20270830
Thu_20260213-20270830,0,0,0,1,0,0,0,20260213,20270830
Thu_20261022-20270829,0,0,0,1,0,0,0,20261022,20270829
Thu_20260820-20260903,0,0,0,1,0,0,0,20260820,20260903
Thu_20260601-20261028,0,0,0,1,0,0,0,20260601,20261028
Thu_20260115-20270830,0,0,0,1,0,0,0,20260115,20270830
Thu_20260101-20261028,0,0,0,1,0,0,0,20260101,20261028
Thu_20260716-20260925,0,0,0,1,0,0,0,20260716,20260925
Thu_20260528-20270829,0,0,0,1,0,0,0,20260528,20270829
Thu_20260604-20270830,0,0,0,1,0,0,0,20260604,20270830
Thu_20260625-20270830,0,0,0,1,0,0,0,20260625,20270830
Thu_20260319-20270227,0,0,0,1,0,0,0,20260319,20270227
Thu_20260611-20270830,0,0,0,1,0,0,0,20260611,20270830
Thu_20260819-20260903,0,0,0,1,0,0,0,20260819,20260903
Thu_20260813-20270830,0,0,0,1,0,0,0,20260813,20270830
Thu_20260903-20260903,0,0,0,1,0,0,0,20260903,20260903
Thu_20260319-20270829,0,0,0,1,0,0,0,20260319,20270829
Thu_20260716-20270830,0,0,0,1,0,0,0,20260716,20270830
Thu_20260601-20260923,0,0,0,1,0,0,0,20260601,20260923
Thu_20260820-20270829,0,0,0,1,0,0,0,20260820,20270829
Thu_20260601-20270830,0,0,0,1,0,0,0,20260601,20270830
Thu_20260723-20261021,0,0,0,1,0,0,0,20260723,20261021
Thu_20260702-20270830,0,0,0,1,0,0,0,20260702,20270830
Thu_20260416-20270830,0,0,0,1,0,0,0,20260416,20270830
Thu_20260430-20270830,0,0,0,1,0,0,0,20260430,20270830
Thu_20260108-20270830,0,0,0,1,0,0,0,20260108,20270830
Thu_20260827-20260827,0,0,0,1,0,0,0,20260827,20260827
Thu_20260101-20270830,0,0,0,1,0,0,0,20260101,20270830
Thu_20260910-20260910,0,0,0,1,0,0,0,20260910,20260910
Thu_20260219-20270830,0,0,0,1,0,0,0,20260219,20270830
Thu_20260716-20260930,0,0,0,1,0,0,0,20260716,20260930
Thu_20260806-20261014,0,0,0,1,0,0,0,20260806,20261014
Thu_20260828-20260930,0,0,0,1,0,0,0,20260828,20260930
Thu_20260813-20261001,0,0,0,1,0,0,0,20260813,20261001
Thu_20260813-20260903,0,0,0,1,0,0,0,20260813,20260903
Thu_20260806-20260917,0,0,0,1,0,0,0,20260806,20260917
Thu_20260813-20260924,0,0,0,1,0,0,0,20260813,20260924
Thu_20260820-20260828,0,0,0,1,0,0,0,20260820,20260828
Thu_20260429-20270830,0,0,0,1,0,0,0,20260429,20270830
Thu_20260827-20260910,0,0,0,1,0,0,0,20260827,20260910
Thu_20260615-20261020,0,0,0,1,0,0,0,20260615,20261020
Thu_20260827-20260902,0,0,0,1,0,0,0,20260827,20260902
Thu_20260630-20270829,0,0,0,1,0,0,0,20260630,20270829
Thu_20260924-20270830,0,0,0,1,0,0,0,20260924,20270830
Thu_20260903-20261001,0,0,0,1,0,0,0,20260903,20261001
Thu_20260723-20260924,0,0,0,1,0,0,0,20260723,20260924
Thu_20260317-20270830,0,0,0,1,0,0,0,20260317,20270830
Thu_20260820-20260902,0,0,0,1,0,0,0,20260820,20260902
Thu_20260722-20260902,0,0,0,1,0,0,0,20260722,20260902
Thu_20260806-20270830,0,0,0,1,0,0,0,20260806,20270830
Thu_20260717-20261001,0,0,0,1,0,0,0,20260717,20261001
Thu_20260507-20270830,0,0,0,1,0,0,0,20260507,20270830
Thu_20260820-20270830,0,0,0,1,0,0,0,20260820,20270830
Thu_20260819-20270830,0,0,0,1,0,0,0,20260819,20270830
Thu_20260101-20270829,0,0,0,1,0,0,0,20260101,20270829
Thu_20260326-20270830,0,0,0,1,0,0,0,20260326,20270830
Thu_20260418-20270830,0,0,0,1,0,0,0,20260418,20270830
Thu_20260813-20270829,0,0,0,1,0,0,0,20260813,20270829
Thu_20260312-20270830,0,0,0,1,0,0,0,20260312,20270830
Thu_20260903-20260924,0,0,0,1,0,0,0,20260903,20260924
Thu_20260827-20261231,0,0,0,1,0,0,0,20260827,20261231
Thu_20260715-20260925,0,0,0,1,0,0,0,20260715,20260925
Thu_20260819-20261020,0,0,0,1,0,0,0,20260819,20261020
Thu_20260630-20270830,0,0,0,1,0,0,0,20260630,20270830
Thu_20260319-20270830,0,0,0,1,0,0,0,20260319,20270830
Thu_20260716-20260910,0,0,0,1,0,0,0,20260716,20260910
Thu_20260819-20270829,0,0,0,1,0,0,0,20260819,20270829
Thu_20260716-20261013,0,0,0,1,0,0,0,20260716,20261013
Thu_20260716-20260924,0,0,0,1,0,0,0,20260716,20260924
Thu_20260802-20270830,0,0,0,1,0,0,0,20260802,20270830
Thu_20260730-20260902,0,0,0,1,0,0,0,20260730,20260902
Thu_20260328-20270830,0,0,0,1,0,0,0,20260328,20270830
Thu_20260723-20261001,0,0,0,1,0,0,0,20260723,20261001
Thu_20260730-20261001,0,0,0,1,0,0,0,20260730,20261001
Thu_20260212-20270830,0,0,0,1,0,0,0,20260212,20270830
Thu_20260423-20270830,0,0,0,1,0,0,0,20260423,20270830
Thu_20260513-20270830,0,0,0,1,0,0,0,20260513,20270830
Thu_20260618-20270830,0,0,0,1,0,0,0,20260618,20270830
Thu_20260819-20260917,0,0,0,1,0,0,0,20260819,20260917
Thu_20260601-20261014,0,0,0,1,0,0,0,20260601,20261014
Fri-Sat-Sun_20260101-20270830,0,0,0,0,1,1,1,20260101,20270830
Fri-Sat-Sun_20260515-20270830,0,0,0,0,1,1,1,20260515,20270830
Fri-Sat-Sun_20260828-20260831,0,0,0,0,1,1,1,20260828,20260831
Fri-Sat-Sun_20260807-20260830,0,0,0,0,1,1,1,20260807,20260830
Fri-Sat-Sun_20260828-20260830,0,0,0,0,1,1,1,20260828,20260830
Fri-Sat_20260429-20270829,0,0,0,0,1,1,0,20260429,20270829
Fri-Sat_20260820-20261020,0,0,0,0,1,1,0,20260820,20261020
Fri-Sat_20260101-20260903,0,0,0,0,1,1,0,20260101,20260903
Fri-Sat_20260819-20270830,0,0,0,0,1,1,0,20260819,20270830
Fri-Sat_20260429-20270830,0,0,0,0,1,1,0,20260429,20270830
Fri-Sat_20260828-20260829,0,0,0,0,1,1,0,20260828,20260829
Fri-Sat_20260814-20270830,0,0,0,0,1,1,0,20260814,20270830
Fri-Sun_20260819-20260830,0,0,0,0,1,0,1,20260819,20260830
Fri-Sun_20260629-20270830,0,0,0,0,1,0,1,20260629,20270830
Fri-Sun_20260816-20260906,0,0,0,0,1,0,1,20260816,20260906
Fri-Sun_20260801-20260830,0,0,0,0,1,0,1,20260801,20260830
Fri-Sun_20260830-20260904,0,0,0,0,1,0,1,20260830,20260904
Fri-Sun_20260819-20270830,0,0,0,0,1,0,1,20260819,20270830
Fri-Sun_20260601-20270829,0,0,0,0,1,0,1,20260601,20270829
Fri-Sun_20260807-20260927,0,0,0,0,1,0,1,20260807,20260927
Fri-Sun_20260828-20270830,0,0,0,0,1,0,1,20260828,20270830
Fri-Sun_20260101-20270830,0,0,0,0,1,0,1,20260101,20270830
Fri-Sun_20260601-20270830,0,0,0,0,1,0,1,20260601,20270830
Fri-Sun_20260819-20260913,0,0,0,0,1,0,1,20260819,20260913
Fri-Sun_20260403-20270830,0,0,0,0,1,0,1,20260403,20270830
Fri-Sun_20260819-20270829,0,0,0,0,1,0,1,20260819,20270829
Fri-Sun_20260522-20270830,0,0,0,0,1,0,1,20260522,20270830
Fri-Sun_20260911-20260913,0,0,0,0,1,0,1,20260911,20260913
Fri-Sun_20260101-20270829,0,0,0,0,1,0,1,20260101,20270829
Fri-Sun_20260306-20270830,0,0,0,0,1,0,1,20260306,20270830
Fri-Sun_20260327-20270830,0,0,0,0,1,0,1,20260327,20270830
Fri-Sun_20260717-20270830,0,0,0,0,1,0,1,20260717,20270830
Fri-Sun_20260320-20270830,0,0,0,0,1,0,1,20260320,20270830
Fri-Sun_20260615-20270829,0,0,0,0,1,0,1,20260615,20270829
Fri_20260717-20260926,0,0,0,0,1,0,0,20260717,20260926
Fri_20260716-20260926,0,0,0,0,1,0,0,20260716,20260926
Fri_20260819-20270830,0,0,0,0,1,0,0,20260819,20270830
Fri_20260102-20270830,0,0,0,0,1,0,0,20260102,20270830
Fri_20260416-20270830,0,0,0,0,1,0,0,20260416,20270830
Fri_20260716-20260930,0,0,0,0,1,0,0,20260716,20260930
Fri_20260605-20261015,0,0,0,0,1,0,0,20260605,20261015
Fri_20260807-20270830,0,0,0,0,1,0,0,20260807,20270830
Fri_20261002-20270830,0,0,0,0,1,0,0,20261002,20270830
Fri_20260206-20270830,0,0,0,0,1,0,0,20260206,20270830
Fri_20260717-20260828,0,0,0,0,1,0,0,20260717,20260828
Fri_20260605-20270830,0,0,0,0,1,0,0,20260605,20270830
Fri_20260731-20260911,0,0,0,0,1,0,0,20260731,20260911
Fri_20260821-20260829,0,0,0,0,1,0,0,20260821,20260829
Fri_20260601-20261231,0,0,0,0,1,0,0,20260601,20261231
Fri_20260703-20270830,0,0,0,0,1,0,0,20260703,20270830
Fri_20260601-20261029,0,0,0,0,1,0,0,20260601,20261029
Fri_20260320-20270829,0,0,0,0,1,0,0,20260320,20270829
Fri_20260522-20270830,0,0,0,0,1,0,0,20260522,20270830
Fri_20260320-20270830,0,0,0,0,1,0,0,20260320,20270830
Fri_20260801-20260829,0,0,0,0,1,0,0,20260801,20260829
Fri_20260619-20270830,0,0,0,0,1,0,0,20260619,20270830
Fri_20261023-20270830,0,0,0,0,1,0,0,20261023,20270830
Fri_20260101-20270830,0,0,0,0,1,0,0,20260101,20270830
Fri_20260814-20260827,0,0,0,0,1,0,0,20260814,20260827
Fri_20260828-20260830,0,0,0,0,1,0,0,20260828,20260830
Fri_20260819-20260924,0,0,0,0,1,0,0,20260819,20260924
Fri_20260403-20270829,0,0,0,0,1,0,0,20260403,20270829
Fri_20260529-20270830,0,0,0,0,1,0,0,20260529,20270830
Fri_20260220-20270830,0,0,0,0,1,0,0,20260220,20270830
Fri_20260828-20260911,0,0,0,0,1,0,0,20260828,20260911
Fri_20260814-20260904,0,0,0,0,1,0,0,20260814,20260904
Fri_20260821-20260904,0,0,0,0,1,0,0,20260821,20260904
Fri_20260819-20261001,0,0,0,0,1,0,0,20260819,20261001
Fri_20260731-20270830,0,0,0,0,1,0,0,20260731,20270830
Fri_20260317-20270830,0,0,0,0,1,0,0,20260317,20270830
Fri_20260403-20270830,0,0,0,0,1,0,0,20260403,20270830
Fri_20260821-20270830,0,0,0,0,1,0,0,20260821,20270830
Fri_20260801-20260904,0,0,0,0,1,0,0,20260801,20260904
Fri_20260911-20260918,0,0,0,0,1,0,0,20260911,20260918
Fri_20260828-20260828,0,0,0,0,1,0,0,20260828,20260828
Fri_20260828-20260903,0,0,0,0,1,0,0,20260828,20260903
Fri_20260626-20270830,0,0,0,0,1,0,0,20260626,20270830
Fri_20260722-20270830,0,0,0,0,1,0,0,20260722,20270830
Fri_20260819-20270829,0,0,0,0,1,0,0,20260819,20270829
Fri_20260417-20270830,0,0,0,0,1,0,0,20260417,20270830
Fri_20260814-20270830,0,0,0,0,1,0,0,20260814,20270830
Fri_20260501-20270830,0,0,0,0,1,0,0,20260501,20270830
Fri_20260508-20261029,0,0,0,0,1,0,0,20260508,20261029
Fri_20260508-20270829,0,0,0,0,1,0,0,20260508,20270829
Fri_20260819-20260828,0,0,0,0,1,0,0,20260819,20260828
Fri_20260724-20270830,0,0,0,0,1,0,0,20260724,20270830
Fri_20260812-20270830,0,0,0,0,1,0,0,20260812,20270830
Fri_20260630-20270829,0,0,0,0,1,0,0,20260630,20270829
Fri_20260717-20260925,0,0,0,0,1,0,0,20260717,20260925
Fri_20260630-20270830,0,0,0,0,1,0,0,20260630,20270830
Fri_20260807-20260828,0,0,0,0,1,0,0,20260807,20260828
Fri_20260821-20260828,0,0,0,0,1,0,0,20260821,20260828
Fri_20260717-20260903,0,0,0,0,1,0,0,20260717,20260903
Fri_20260814-20260828,0,0,0,0,1,0,0,20260814,20260828
Fri_20260904-20260925,0,0,0,0,1,0,0,20260904,20260925
Fri_20260829-20260930,0,0,0,0,1,0,0,20260829,20260930
Fri_20260807-20260925,0,0,0,0,1,0,0,20260807,20260925
Fri_20260123-20270830,0,0,0,0,1,0,0,20260123,20270830
Fri_20260424-20270830,0,0,0,0,1,0,0,20260424,20270830
Fri_20260820-20261020,0,0,0,0,1,0,0,20260820,20261020
Fri_20260911-20260911,0,0,0,0,1,0,0,20260911,20260911
Fri_20260820-20270830,0,0,0,0,1,0,0,20260820,20270830
Fri_20260320-20261105,0,0,0,0,1,0,0,20260320,20261105
Fri_20260807-20260904,0,0,0,0,1,0,0,20260807,20260904
Fri_20260320-20270228,0,0,0,0,1,0,0,20260320,20270228
Fri_20260724-20260925,0,0,0,0,1,0,0,20260724,20260925
Fri_20260601-20270830,0,0,0,0,1,0,0,20260601,20270830
Fri_20260101-20270829,0,0,0,0,1,0,0,20260101,20270829
Fri_20260601-20261015,0,0,0,0,1,0,0,20260601,20261015
Fri_20991231-20270829,0,0,0,0,1,0,0,20991231,20270829
Fri_20261016-20261127,0,0,0,0,1,0,0,20261016,20261127
Fri_20260814-20260925,0,0,0,0,1,0,0,20260814,20260925
Fri_20260103-20270830,0,0,0,0,1,0,0,20260103,20270830
Fri_20260327-20270829,0,0,0,0,1,0,0,20260327,20270829
Fri_20260814-20260930,0,0,0,0,1,0,0,20260814,20260930
Fri_20260507-20261105,0,0,0,0,1,0,0,20260507,20261105
Fri_20260731-20261001,0,0,0,0,1,0,0,20260731,20261001
Fri_20260508-20270830,0,0,0,0,1,0,0,20260508,20270830
Fri_20260515-20270829,0,0,0,0,1,0,0,20260515,20270829
Fri_20260813-20270830,0,0,0,0,1,0,0,20260813,20270830
Fri_20260828-20270829,0,0,0,0,1,0,0,20260828,20270829
Fri_20260828-20270830,0,0,0,0,1,0,0,20260828,20270830
Fri_20260626-20261029,0,0,0,0,1,0,0,20260626,20261029
Fri_20260722-20260911,0,0,0,0,1,0,0,20260722,20260911
Fri_20260731-20270829,0,0,0,0,1,0,0,20260731,20270829
Fri_20260720-20260925,0,0,0,0,1,0,0,20260720,20260925
Fri_20260801-20260828,0,0,0,0,1,0,0,20260801,20260828
Fri_20260814-20260830,0,0,0,0,1,0,0,20260814,20260830
Fri_20261225-20261225,0,0,0,0,1,0,0,20261225,20261225
Fri_20260828-20260930,0,0,0,0,1,0,0,20260828,20260930
Fri_20260828-20260829,0,0,0,0,1,0,0,20260828,20260829
Fri_20260918-20260919,0,0,0,0,1,0,0,20260918,20260919
Fri_20260327-20270830,0,0,0,0,1,0,0,20260327,20270830
Fri_20260807-20260918,0,0,0,0,1,0,0,20260807,20260918
Sat-Sun_20260822-20260906,0,0,0,0,0,1,1,20260822,20260906
Sat-Sun_20260101-20270830,0,0,0,0,0,1,1,20260101,20270830
Sat-Sun_20260814-20260830,0,0,0,0,0,1,1,20260814,20260830
Sat-Sun_20260816-20270830,0,0,0,0,0,1,1,20260816,20270830
Sat-Sun_20260716-20260930,0,0,0,0,0,1,1,20260716,20260930
Sat-Sun_20260606-20270830,0,0,0,0,0,1,1,20260606,20270830
Sat_20260720-20260926,0,0,0,0,0,1,0,20260720,20260926
Sat_20260523-20270830,0,0,0,0,0,1,0,20260523,20270830
Sat_20260808-20260905,0,0,0,0,0,1,0,20260808,20260905
Sat_20260815-20270830,0,0,0,0,0,1,0,20260815,20270830
Sat_20260822-20270829,0,0,0,0,0,1,0,20260822,20270829
Sat_20260615-20270830,0,0,0,0,0,1,0,20260615,20270830
Sat_20260321-20270830,0,0,0,0,0,1,0,20260321,20270830
Sat_20260912-20260926,0,0,0,0,0,1,0,20260912,20260926
Sat_20260517-20270829,0,0,0,0,0,1,0,20260517,20270829
Sat_20260716-20260829,0,0,0,0,0,1,0,20260716,20260829
Sat_20260722-20261023,0,0,0,0,0,1,0,20260722,20261023
Sat_20260326-20270830,0,0,0,0,0,1,0,20260326,20270830
Sat_20260819-20260918,0,0,0,0,0,1,0,20260819,20260918
Sat_20260819-20260926,0,0,0,0,0,1,0,20260819,20260926
Sat_20260801-20260912,0,0,0,0,0,1,0,20260801,20260912
Sat_20260509-20270830,0,0,0,0,0,1,0,20260509,20270830
Sat_20260801-20260829,0,0,0,0,0,1,0,20260801,20260829
Sat_20260101-20270829,0,0,0,0,0,1,0,20260101,20270829
Sat_20260810-20260926,0,0,0,0,0,1,0,20260810,20260926
Sat_20260207-20270830,0,0,0,0,0,1,0,20260207,20270830
Sat_20260317-20270830,0,0,0,0,0,1,0,20260317,20270830
Sat_20260827-20270830,0,0,0,0,0,1,0,20260827,20270830
Sat_20260808-20260926,0,0,0,0,0,1,0,20260808,20260926
Sat_20260829-20270830,0,0,0,0,0,1,0,20260829,20270830
Sat_20260606-20261016,0,0,0,0,0,1,0,20260606,20261016
Sat_20260919-20270830,0,0,0,0,0,1,0,20260919,20270830
Sat_20260808-20270830,0,0,0,0,0,1,0,20260808,20270830
Sat_20260829-20260905,0,0,0,0,0,1,0,20260829,20260905
Sat_20260103-20270830,0,0,0,0,0,1,0,20260103,20270830
Sat_20260620-20270829,0,0,0,0,0,1,0,20260620,20270829
Sat_20260314-20270830,0,0,0,0,0,1,0,20260314,20270830
Sat_20260829-20260829,0,0,0,0,0,1,0,20260829,20260829
Sat_20260523-20270829,0,0,0,0,0,1,0,20260523,20270829
Sat_20260425-20270830,0,0,0,0,0,1,0,20260425,20270830
Sat_20260530-20270830,0,0,0,0,0,1,0,20260530,20270830
Sat_20260822-20260919,0,0,0,0,0,1,0,20260822,20260919
Sat_20260221-20270830,0,0,0,0,0,1,0,20260221,20270830
Sat_20260429-20270830,0,0,0,0,0,1,0,20260429,20270830
Sat_20260718-20260926,0,0,0,0,0,1,0,20260718,20260926
Sat_20260718-20260930,0,0,0,0,0,1,0,20260718,20260930
Sat_20260725-20270830,0,0,0,0,0,1,0,20260725,20270830
Sat_20260722-20270830,0,0,0,0,0,1,0,20260722,20270830
Sat_20260704-20270830,0,0,0,0,0,1,0,20260704,20270830
Sat_20260819-20270829,0,0,0,0,0,1,0,20260819,20270829
Sat_20260601-20270829,0,0,0,0,0,1,0,20260601,20270829
Sat_20260131-20270830,0,0,0,0,0,1,0,20260131,20270830
Sat_20260601-20270830,0,0,0,0,0,1,0,20260601,20270830
Sat_20260926-20270830,0,0,0,0,0,1,0,20260926,20270830
Sat_20260801-20270829,0,0,0,0,0,1,0,20260801,20270829
Sat_20260819-20270830,0,0,0,0,0,1,0,20260819,20270830
Sat_20260601-20261016,0,0,0,0,0,1,0,20260601,20261016
Sat_20260822-20270830,0,0,0,0,0,1,0,20260822,20270830
Sat_20260819-20261020,0,0,0,0,0,1,0,20260819,20261020
Sat_20260725-20261020,0,0,0,0,0,1,0,20260725,20261020
Sat_20260213-20270830,0,0,0,0,0,1,0,20260213,20270830
Sat_20260815-20260926,0,0,0,0,0,1,0,20260815,20260926
Sat_20261017-20261128,0,0,0,0,0,1,0,20261017,20261128
Sat_20260822-20260829,0,0,0,0,0,1,0,20260822,20260829
Sat_20260426-20270830,0,0,0,0,0,1,0,20260426,20270830
Sat_20260725-20270829,0,0,0,0,0,1,0,20260725,20270829
Sat_20260718-20270830,0,0,0,0,0,1,0,20260718,20270830
Sat_20260830-20260831,0,0,0,0,0,1,0,20260830,20260831
Sat_20260630-20270830,0,0,0,0,0,1,0,20260630,20270830
Sat_20260101-20270830,0,0,0,0,0,1,0,20260101,20270830
Sat_20260516-20270829,0,0,0,0,0,1,0,20260516,20270829
Sat_20261212-20261212,0,0,0,0,0,1,0,20261212,20261212
Sat_20260801-20260927,0,0,0,0,0,1,0,20260801,20260927
Sat_20260819-20260829,0,0,0,0,0,1,0,20260819,20260829
Sat_20260627-20270829,0,0,0,0,0,1,0,20260627,20270829
Sat_20260404-20260911,0,0,0,0,0,1,0,20260404,20260911
Sat_20260429-20260918,0,0,0,0,0,1,0,20260429,20260918
Sat_20260815-20260830,0,0,0,0,0,1,0,20260815,20260830
Sat_20260825-20260830,0,0,0,0,0,1,0,20260825,20260830
Sat_20260606-20270830,0,0,0,0,0,1,0,20260606,20270830
Sat_20260815-20260930,0,0,0,0,0,1,0,20260815,20260930
Sat_20260404-20270830,0,0,0,0,0,1,0,20260404,20270830
Sat_20260516-20270830,0,0,0,0,0,1,0,20260516,20270830
Sat_20260819-20260828,0,0,0,0,0,1,0,20260819,20260828
Sat_20260613-20261023,0,0,0,0,0,1,0,20260613,20261023
Sat_20260808-20260829,0,0,0,0,0,1,0,20260808,20260829
Sat_20260801-20270830,0,0,0,0,0,1,0,20260801,20270830
Sat_20260725-20260926,0,0,0,0,0,1,0,20260725,20260926
Sat_20260808-20270829,0,0,0,0,0,1,0,20260808,20270829
Sat_20260418-20270830,0,0,0,0,0,1,0,20260418,20270830
Sat_20260829-20260830,0,0,0,0,0,1,0,20260829,20260830
Sat_20260820-20270830,0,0,0,0,0,1,0,20260820,20270830
Sat_20260110-20270830,0,0,0,0,0,1,0,20260110,20270830
Sun_20260913-20260927,0,0,0,0,0,0,1,20260913,20260927
Sun_20260614-20270830,0,0,0,0,0,0,1,20260614,20270830
Sun_20260802-20260830,0,0,0,0,0,0,1,20260802,20260830
Sun_20260830-20260831,0,0,0,0,0,0,1,20260830,20260831
Sun_20260607-20270830,0,0,0,0,0,0,1,20260607,20270830
Sun_20261004-20270830,0,0,0,0,0,0,1,20261004,20270830
Sun_20260823-20270830,0,0,0,0,0,0,1,20260823,20270830
Sun_20260601-20261231,0,0,0,0,0,0,1,20260601,20261231
Sun_20260726-20270830,0,0,0,0,0,0,1,20260726,20270830
Sun_20260927-20270830,0,0,0,0,0,0,1,20260927,20270830
Sun_20260601-20261017,0,0,0,0,0,0,1,20260601,20261017
Sun_20260816-20260831,0,0,0,0,0,0,1,20260816,20260831
Sun_20260607-20261017,0,0,0,0,0,0,1,20260607,20261017
Sun_20260812-20270830,0,0,0,0,0,0,1,20260812,20270830
Sun_20260823-20270829,0,0,0,0,0,0,1,20260823,20270829
Sun_20260722-20261024,0,0,0,0,0,0,1,20260722,20261024
Sun_20260104-20270830,0,0,0,0,0,0,1,20260104,20270830
Sun_20260315-20270830,0,0,0,0,0,0,1,20260315,20270830
Sun_20260819-20260906,0,0,0,0,0,0,1,20260819,20260906
Sun_20260719-20270830,0,0,0,0,0,0,1,20260719,20270830
Sun_20260719-20261017,0,0,0,0,0,0,1,20260719,20261017
Sun_20260503-20270829,0,0,0,0,0,0,1,20260503,20270829
Sun_20260101-20270829,0,0,0,0,0,0,1,20260101,20270829
Sun_20260906-20260927,0,0,0,0,0,0,1,20260906,20260927
Sun_20260405-20270830,0,0,0,0,0,0,1,20260405,20270830
Sun_20260630-20270829,0,0,0,0,0,0,1,20260630,20270829
Sun_20260809-20260830,0,0,0,0,0,0,1,20260809,20260830
Sun_20260818-20270830,0,0,0,0,0,0,1,20260818,20270830
Sun_20260601-20270830,0,0,0,0,0,0,1,20260601,20270830
Sun_20260809-20270830,0,0,0,0,0,0,1,20260809,20270830
Sun_20260820-20270830,0,0,0,0,0,0,1,20260820,20270830
Sun_20260329-20270830,0,0,0,0,0,0,1,20260329,20270830
Sun_20260826-20270830,0,0,0,0,0,0,1,20260826,20270830
Sun_20260722-20270830,0,0,0,0,0,0,1,20260722,20270830
Sun_20260326-20261031,0,0,0,0,0,0,1,20260326,20261031
Sun_20260517-20270829,0,0,0,0,0,0,1,20260517,20270829
Sun_20260816-20270830,0,0,0,0,0,0,1,20260816,20270830
Sun_20260819-20270830,0,0,0,0,0,0,1,20260819,20270830
Sun_20260816-20260830,0,0,0,0,0,0,1,20260816,20260830
Sun_20260517-20270830,0,0,0,0,0,0,1,20260517,20270830
Sun_20260819-20260920,0,0,0,0,0,0,1,20260819,20260920
Sun_20260824-20270830,0,0,0,0,0,0,1,20260824,20270830
Sun_20260601-20270829,0,0,0,0,0,0,1,20260601,20270829
Sun_20260823-20260829,0,0,0,0,0,0,1,20260823,20260829
Sun_20260101-20270830,0,0,0,0,0,0,1,20260101,20270830
Sun_20260816-20261231,0,0,0,0,0,0,1,20260816,20261231
Sun_20260726-20260927,0,0,0,0,0,0,1,20260726,20260927
Sun_20260201-20270830,0,0,0,0,0,0,1,20260201,20270830
Sun_20260624-20261017,0,0,0,0,0,0,1,20260624,20261017
Sun_20260125-20270830,0,0,0,0,0,0,1,20260125,20270830
Sun_20260705-20270829,0,0,0,0,0,0,1,20260705,20270829
Sun_20260801-20260831,0,0,0,0,0,0,1,20260801,20260831
Sun_20260819-20260913,0,0,0,0,0,0,1,20260819,20260913
Sun_20260215-20270830,0,0,0,0,0,0,1,20260215,20270830
Sun_20260809-20260901,0,0,0,0,0,0,1,20260809,20260901
Sun_20260830-20270830,0,0,0,0,0,0,1,20260830,20270830
Sun_20260329-20270829,0,0,0,0,0,0,1,20260329,20270829
Sun_20260705-20270830,0,0,0,0,0,0,1,20260705,20270830
Sun_20260719-20260830,0,0,0,0,0,0,1,20260719,20260830
Sun_20260913-20260920,0,0,0,0,0,0,1,20260913,20260920
Sun_20260816-20260906,0,0,0,0,0,0,1,20260816,20260906
Sun_20260906-20260908,0,0,0,0,0,0,1,20260906,20260908
Sun_20260823-20260830,0,0,0,0,0,0,1,20260823,20260830
Sun_20260429-20270830,0,0,0,0,0,0,1,20260429,20270830
Sun_20260823-20260831,0,0,0,0,0,0,1,20260823,20260831
Sun_20260819-20270829,0,0,0,0,0,0,1,20260819,20270829
Sun_20260111-20270830,0,0,0,0,0,0,1,20260111,20270830
Sun_20260802-20270830,0,0,0,0,0,0,1,20260802,20270830
Sun_20260531-20270830,0,0,0,0,0,0,1,20260531,20270830
Sun_20260819-20260830,0,0,0,0,0,0,1,20260819,20260830
Sun_20260630-20270830,0,0,0,0,0,0,1,20260630,20270830
Sun_20260814-20270830,0,0,0,0,0,0,1,20260814,20270830
Sun_20260829-20260830,0,0,0,0,0,0,1,20260829,20260830
Sun_20260829-20270830,0,0,0,0,0,0,1,20260829,20270830
Sun_20260906-20260906,0,0,0,0,0,0,1,20260906,20260906
Sun_20260809-20260927,0,0,0,0,0,0,1,20260809,20260927
Sun_20260621-20270830,0,0,0,0,0,0,1,20260621,20270830
Sun_20260712-20270830,0,0,0,0,0,0,1,20260712,20270830
Sun_20260625-20270830,0,0,0,0,0,0,1,20260625,20270830
Sun_20260726-20260913,0,0,0,0,0,0,1,20260726,20260913
Sun_20260809-20270829,0,0,0,0,0,0,1,20260809,20270829
Sun_20260819-20260829,0,0,0,0,0,0,1,20260819,20260829
Sun_20260322-20270830,0,0,0,0,0,0,1,20260322,20270830
Sun_20260830-20260830,0,0,0,0,0,0,1,20260830,20260830
Sun_20260326-20270830,0,0,0,0,0,0,1,20260326,20270830
Sun_20260716-20260927,0,0,0,0,0,0,1,20260716,20260927
Sun_20260719-20260927,0,0,0,0,0,0,1,20260719,20260927
Sun_20260823-20260928,0,0,0,0,0,0,1,20260823,20260928
Sun_20260601-20261024,0,0,0,0,0,0,1,20260601,20261024
Sun_20260615-20270829,0,0,0,0,0,0,1,20260615,20270829
Sun_20260315-20270829,0,0,0,0,0,0,1,20260315,20270829
Sun_20260802-20261017,0,0,0,0,0,0,1,20260802,20261017
Sun_20260906-20260921,0,0,0,0,0,0,1,20260906,20260921
Sun_20261025-20270829,0,0,0,0,0,0,1,20261025,20270829
Sun_20260628-20270830,0,0,0,0,0,0,1,20260628,20270830
Sun_20260524-20270830,0,0,0,0,0,0,1,20260524,20270830
Sun_20260503-20270830,0,0,0,0,0,0,1,20260503,20270830
Sun_20260802-20260829,0,0,0,0,0,0,1,20260802,20260829
Sun_20260716-20260930,0,0,0,0,0,0,1,20260716,20260930
Sun_20260823-20260823,0,0,0,0,0,0,1,20260823,20260823
Sun_20260802-20260905,0,0,0,0,0,0,1,20260802,20260905
Sun_20260830-20260906,0,0,0,0,0,0,1,20260830,20260906
Sun_20260317-20270830,0,0,0,0,0,0,1,20260317,20270830
Sun_20260719-20260928,0,0,0,0,0,0,1,20260719,20260928
Sun_20260510-20270830,0,0,0,0,0,0,1,20260510,20270830
