route_id,agency_id,route_short_name,route_long_name,route_desc,route_type,route_url,route_color,route_text_color,route_sort_order,continuous_pickup,continuous_drop_off,network_id,cemv_support
00103,1,00103,MAO-VLNK FTR SPL,,2,,,,0,1,1,0,0
00104,1,00104,NGT-MAO FTR SPL,,2,,,,0,1,1,0,0
00111,1,00111,BIRD-SGTY RAPID CARGO,,2,,,,0,1,1,0,0
00112,1,00112,SGTY-AJNI RAPID PARCEL,,2,,,,0,1,1,0,0
00113,1,00113,BIRD-MIRZA JPP-RCS SPL,,2,,,,0,1,1,0,0
00114,1,00114,MIRZA-NGSM JPP-RCS SPL,,2,,,,0,1,1,0,0
00131,1,00131,SWM-MMM BGVNTYY SPL,,2,,,,0,1,1,0,0
00132,1,00132,MMM-SWM BGVNTYY SPL,,2,,,,0,1,1,0,0
00168,1,00168,SUR-CAPE FTR SPL,,2,,,,0,1,1,0,0
00169,1,00169,SNSI-AYC FTR SPL,,2,,,,0,1,1,0,0
00290,1,00290,PALACE ON WHEEL,,2,,,,0,1,1,0,0
00391,1,00391,BHARAT GAIRAV,,2,,,,0,1,1,0,0
00392,1,00392,BHARAT GAURAV,,2,,,,0,1,1,0,0
00441,1,00441,CP-PTNR VP SPL,,2,,,,0,1,1,0,0
00442,1,00442,PTNR-CP VP SPL,,2,,,,0,1,1,0,0
00461,1,00461,ANDI-BDGM SPL,,2,,,,0,1,1,0,0
00462,1,00462,BDGM-ANDI PEXP SPL,,2,,,,0,1,1,0,0
00487,1,00487,BHARAT GAURAV SPL,,2,,,,0,1,1,0,0
00629,1,00629,YPR-ICOD TKD  PCET,,2,,,,0,1,1,0,0
00630,1,00630,ICOD TKD -YPR PCET,,2,,,,0,1,1,0,0
00761,1,00761,RU-NZM,,2,,,,0,1,1,0,0
00762,1,00762,NZM-RU,,2,,,,0,1,1,0,0
00816,1,00816,PRYJ-AYC KUMBH SPL,,2,,,,0,1,1,0,0
00901,1,00901,ST-NRPA PARCEL SPL,,2,,,,0,1,1,0,0
00902,1,00902,NRPA-ST PARCEL SPL,,2,,,,0,1,1,0,0
00903,1,00903,TOURIST SPECIAL,,2,,,,0,1,1,0,0
00907,1,00907,KKF-SGTY RAPID CARGO,,2,,,,0,1,1,0,0
00908,1,00908,SGTY -KKF PARCEL TRAIN,,2,,,,0,1,1,0,0
00933,1,00933,TOURIST SPECIAL,,2,,,,0,1,1,0,0
00961,1,00961,VALLEY QUEEN SPL,,2,,,,0,1,1,0,0
00962,1,00962,VALLEY QUEEN SPL,,2,,,,0,1,1,0,0
01003,1,01003,LTT MAO SPL,,2,,,,0,1,1,0,0
01004,1,01004,MAO LTT SPECIAL,,2,,,,0,1,1,0,0
01007,1,01007,CSMT-MAO SPL,,2,,,,0,1,1,0,0
01008,1,01008,MAO-CSMT SPL,,2,,,,0,1,1,0,0
01023,1,01023,PUNE KOP SPECIAL,,2,,,,0,1,1,0,0
01024,1,01024,KOP PUNE SPECIAL,,2,,,,0,1,1,0,0
01053,1,01053,DVL-DNR SPL,,2,,,,0,1,1,0,0
01054,1,01054,DNR-MMR SPL,,2,,,,0,1,1,0,0
01103,1,01103,CSMT-SWV SPL,,2,,,,0,1,1,0,0
01104,1,01104,SWV-CSMT SPL,,2,,,,0,1,1,0,0
01129,1,01129,LTT-SWV SPL,,2,,,,0,1,1,0,0
01130,1,01130,SWV-LTT SPL,,2,,,,0,1,1,0,0
01131,1,01131,LTT-SWV SPL,,2,,,,0,1,1,0,0
01132,1,01132,SWV-LTT SPL,,2,,,,0,1,1,0,0
01133,1,01133,DIVA-CHI SPL,,2,,,,0,1,1,0,0
01134,1,01134,CHI-DIVA SPL,,2,,,,0,1,1,0,0
01139,1,01139,NGP MAO SPL,,2,,,,0,1,1,0,0
01140,1,01140,MAO NGP SPL,,2,,,,0,1,1,0,0
01149,1,01149,BIRD-SGTY JPP-RCS,,2,,,,0,1,1,0,0
01150,1,01150,SGTY-TNA JPP RCS,,2,,,,0,1,1,0,0
01151,1,01151,CSMT-SWV SPL,,2,,,,0,1,1,0,0
01152,1,01152,SWV-CSMT SPL,,2,,,,0,1,1,0,0
01153,1,01153,CSMT-RN GANPATI SPL,,2,,,,0,1,1,0,0
01154,1,01154,RN-CSMT GANPATI SPL,,2,,,,0,1,1,0,0
01155,1,01155,DIVA-KHED GANAPATI SPL,,2,,,,0,1,1,0,0
01156,1,01156,KHED-DIVA GANAPATI SPL,,2,,,,0,1,1,0,0
01161,1,01161,LTT-VLNK SPL,,2,,,,0,1,1,0,0
01162,1,01162,VLNK LTT SPECIAL,,2,,,,0,1,1,0,0
01165,1,01165,LTT-MAO SPL,,2,,,,0,1,1,0,0
01166,1,01166,MAO-LTT SPL,,2,,,,0,1,1,0,0
01167,1,01167,LTT-RN SPL,,2,,,,0,1,1,0,0
01168,1,01168,RN-LTT SPL,,2,,,,0,1,1,0,0
01171,1,01171,LTT-SWV SPL,,2,,,,0,1,1,0,0
01172,1,01172,SWV-LTT SPL,,2,,,,0,1,1,0,0
01185,1,01185,LTT-MAO SPL,,2,,,,0,1,1,0,0
01186,1,01186,MAO-LTT SPL,,2,,,,0,1,1,0,0
01445,1,01445,PUNE-RN GANPATI SPL,,2,,,,0,1,1,0,0
01446,1,01446,RN-PUNE SPL,,2,,,,0,1,1,0,0
01447,1,01447,PUNE-RN SPL,,2,,,,0,1,1,0,0
01448,1,01448,RN-PUNE SPL,,2,,,,0,1,1,0,0
01449,1,01449,PUNE DNR SPECIAL,,2,,,,0,1,1,0,0
01450,1,01450,DNR PUNE SPL,,2,,,,0,1,1,0,0
01464,1,01464,TVCN-LTT SPL,,2,,,,0,1,1,0,0
01665,1,01665,RKMP AGTL SPL,,2,,,,0,1,1,0,0
01666,1,01666,AGTL RKMP SPL,,2,,,,0,1,1,0,0
01701,1,01701,JBP-NZM TOD SPECIAL,,2,,,,0,1,1,0,0
01702,1,01702,NZM-JBP TOD SPECIAL,,2,,,,0,1,1,0,0
01705,1,01705,JBP AY SUMR SPL,,2,,,,0,1,1,0,0
01706,1,01706,AY JBP SUMMR SPL,,2,,,,0,1,1,0,0
01902,1,01902,NZM VGLJ SPL,,2,,,,0,1,1,0,0
01903,1,01903,VGLJ NZM SPL,,2,,,,0,1,1,0,0
01904,1,01904,NZM VGLJ SPL,,2,,,,0,1,1,0,0
01905,1,01905,CNB ASV SPL,,2,,,,0,1,1,0,0
01906,1,01906,ASV CNB SPL,,2,,,,0,1,1,0,0
01907,1,01907,AGC-UDN SPECIAL,,2,,,,0,1,1,0,0
01908,1,01908,UDN-AGC SPECIAL,,2,,,,0,1,1,0,0
01909,1,01909,ASV AGC SPL,,2,,,,0,1,1,0,0
01910,1,01910,AGC ASV  SPL,,2,,,,0,1,1,0,0
01911,1,01911,AGC KOAA SPL,,2,,,,0,1,1,0,0
01912,1,01912,KOAA AGC SPL,,2,,,,0,1,1,0,0
01913,1,01913,KURJ NZM SPL,,2,,,,0,1,1,0,0
01914,1,01914,NZM KURJ SPL,,2,,,,0,1,1,0,0
01915,1,01915,PRYJ-BNRS SHRAWANI SPL,,2,,,,0,1,1,0,0
01916,1,01916,BNRS-SFG SHRAWANI SPL,,2,,,,0,1,1,0,0
01917,1,01917,SFG-ARJ SHRAWANI MELA SPL,,2,,,,0,1,1,0,0
01918,1,01918,ARJ-PRYJ SHRAWANI SPECIAL,,2,,,,0,1,1,0,0
01921,1,01921,HDP VGLJ SF SPL,,2,,,,0,1,1,0,0
01922,1,01922,VGLJ HDP EXP,,2,,,,0,1,1,0,0
01923,1,01923,HDP VGLJ SF SPL,,2,,,,0,1,1,0,0
01924,1,01924,VGLJ HDP SF SPL,,2,,,,0,1,1,0,0
01926,1,01926,MDU CNB SPECIAL,,2,,,,0,1,1,0,0
01929,1,01929,VGLJ KUR SPL,,2,,,,0,1,1,0,0
01930,1,01930,KUR VGLJ SPL,,2,,,,0,1,1,0,0
02023,1,02023,HWH PNBE SPL,,2,,,,0,1,1,0,0
02024,1,02024,PNBE HWH SF SPL,,2,,,,0,1,1,0,0
02154,1,02154,REWA BPL SF SPL,,2,,,,0,1,1,0,0
02157,1,02157,RKMP-NZM RAKSHA BANDHAN,,2,,,,0,1,1,0,0
02158,1,02158,NZM-RKMP RAKSHABANDHAN SP,,2,,,,0,1,1,0,0
02180,1,02180,REWA-BPL RAKSHA BANDHAN,,2,,,,0,1,1,0,0
02197,1,02197,CBE JBP SF SPL,,2,,,,0,1,1,0,0
02198,1,02198,JBP CBE SPECIAL,,2,,,,0,1,1,0,0
02199,1,02199,VGLJ-BDTS SUPERFAST SPL,,2,,,,0,1,1,0,0
02200,1,02200,BDTS VGLJ SPL,,2,,,,0,1,1,0,0
02275,1,02275,SFG  SSB  SPL,,2,,,,0,1,1,0,0
02276,1,02276,SSB SFG SPL,,2,,,,0,1,1,0,0
02417,1,02417,PRYJ DER SPL,,2,,,,0,1,1,0,0
02418,1,02418,DER PRYJ SPL,,2,,,,0,1,1,0,0
02455,1,02455,CNB NDLS SF SPL,,2,,,,0,1,1,0,0
02456,1,02456,NDLS CNB SF SPL,,2,,,,0,1,1,0,0
02457,1,02457,CNB-ANVT SPL,,2,,,,0,1,1,0,0
02458,1,02458,ANVT-CNB SPL,,2,,,,0,1,1,0,0
02540,1,02540,DJ KGN SLIP TRN,,2,,,,0,1,1,0,0
02541,1,02541,KGN DJ SLIP TRN,,2,,,,0,1,1,0,0
02549,1,02549,DJ-GHUM-DJ JOYRIDE SPL,,2,,,,0,1,1,0,0
02550,1,02550,DJ-GHUM-DJ JOYRIDE SPL,,2,,,,0,1,1,0,0
02563,1,02563,BJU NDLS SPL,,2,,,,0,1,1,0,0
02564,1,02564,NDLS BJU SPL,,2,,,,0,1,1,0,0
02569,1,02569,DBG NDLS SPL,,2,,,,0,1,1,0,0
02570,1,02570,NDLS DBG SF SPL,,2,,,,0,1,1,0,0
02811,1,02811,YPR SUMMER SPL,,2,,,,0,1,1,0,0
02812,1,02812,YPR BBS SPL,,2,,,,0,1,1,0,0
02877,1,02877,RNC ANVT SPL,,2,,,,0,1,1,0,0
02878,1,02878,ANVT RNC SPL,,2,,,,0,1,1,0,0
02921,1,02921,SGAC-MTJ UNRESERVED SF SP,,2,,,,0,1,1,0,0
02922,1,02922,MTJ-SGAC UNRESERVED SPL,,2,,,,0,1,1,0,0
03001,1,03001,HWH NES SPL,,2,,,,0,1,1,0,0
03002,1,03002,NES HWH SPL,,2,,,,0,1,1,0,0
03215,1,03215,PRNC PPTA SPL,,2,,,,0,1,1,0,0
03216,1,03216,PPTA PRNC SPL,,2,,,,0,1,1,0,0
03229,1,03229,KUR PNBE SPL,,2,,,,0,1,1,0,0
03251,1,03251,DNR SMVB SPL,,2,,,,0,1,1,0,0
03252,1,03252,SMVB DNR SPL,,2,,,,0,1,1,0,0
03253,1,03253,PNBE CHZ SPL,,2,,,,0,1,1,0,0
03254,1,03254,CHZ PNBE SPL,,2,,,,0,1,1,0,0
03255,1,03255,CHZ PNBE SPL,,2,,,,0,1,1,0,0
03297,1,03297,PNBE IPR SPL,,2,,,,0,1,1,0,0
03298,1,03298,IPR PNBE SPL,,2,,,,0,1,1,0,0
03407,1,03407,BGP-KIR SPL,,2,,,,0,1,1,0,0
03408,1,03408,KIR-BGP SPL,,2,,,,0,1,1,0,0
03411,1,03411,DGHR-BGP ESVN SPL,,2,,,,0,1,1,0,0
03412,1,03412,BGP - DGHR  ESVN SPL,,2,,,,0,1,1,0,0
03441,1,03441,DGHR-JMP PGR SPL,,2,,,,0,1,1,0,0
03442,1,03442,JMP-DGHR PGR SPL,,2,,,,0,1,1,0,0
03443,1,03443,GODA-DGHR PGR SPL,,2,,,,0,1,1,0,0
03444,1,03444,DGHR-GODA PGR SPL,,2,,,,0,1,1,0,0
03479,1,03479,SGG-JMP PGR SPL,,2,,,,0,1,1,0,0
03480,1,03480,JMP-SGG PGR SPL,,2,,,,0,1,1,0,0
03501,1,03501,JSME BDME ESVN SPL,,2,,,,0,1,1,0,0
03502,1,03502,BDME JSME SRVN MELA SPL,,2,,,,0,1,1,0,0
03503,1,03503,JSME BDME SRVN MELA SPL,,2,,,,0,1,1,0,0
03504,1,03504,BDME JSME SRVN MELA SPL,,2,,,,0,1,1,0,0
03505,1,03505,JSME BDME SRVN MELA SPL,,2,,,,0,1,1,0,0
03506,1,03506,BDME JSME SRVN MELA SPL,,2,,,,0,1,1,0,0
03507,1,03507,DGHR JSME ESVN SPL,,2,,,,0,1,1,0,0
03508,1,03508,JSME DGHR ESVN SPL,,2,,,,0,1,1,0,0
03509,1,03509,DUMK- JSME MEMU SPL,,2,,,,0,1,1,0,0
03510,1,03510,JSME-DUMK MEMU SPL,,2,,,,0,1,1,0,0
03513,1,03513,BSKH JSME MEMU SPL,,2,,,,0,1,1,0,0
03514,1,03514,JSME-BSKH MEMU SPL,,2,,,,0,1,1,0,0
03515,1,03515,DUMK- JSME MEMU SPL,,2,,,,0,1,1,0,0
03516,1,03516,JSME-DUMK MEMU SPL,,2,,,,0,1,1,0,0
03517,1,03517,BSKH - DGHR MEMU SPL,,2,,,,0,1,1,0,0
03518,1,03518,DGHR-BSKH MEMU SPL,,2,,,,0,1,1,0,0
03547,1,03547,JSME-BAKA PGR SPL,,2,,,,0,1,1,0,0
03548,1,03548,BAKA-JSME PGR SPL,,2,,,,0,1,1,0,0
03549,1,03549,MHUR-JSME SPL,,2,,,,0,1,1,0,0
03551,1,03551,ASN-JSME SPL,,2,,,,0,1,1,0,0
03552,1,03552,JSME-ASN SPL,,2,,,,0,1,1,0,0
03553,1,03553,DUMK-MHUR MEMU SPL,,2,,,,0,1,1,0,0
03554,1,03554,JSME-DUMK MEMU SPL,,2,,,,0,1,1,0,0
03639,1,03639,DHN SSB SPL,,2,,,,0,1,1,0,0
03640,1,03640,SSB DHN SPL,,2,,,,0,1,1,0,0
04011,1,04011,BSB DLI SPL,,2,,,,0,1,1,0,0
04013,1,04013,LKQ ANVT SPL,,2,,,,0,1,1,0,0
04014,1,04014,LKQ SUMMER SPL,,2,,,,0,1,1,0,0
04071,1,04071,SOU NDLS SPL,,2,,,,0,1,1,0,0
04072,1,04072,SOU SUMMER SPL,,2,,,,0,1,1,0,0
04079,1,04079,TVC NZM SF SPL,,2,,,,0,1,1,0,0
04105,1,04105,PRYJ UDN SPL,,2,,,,0,1,1,0,0
04106,1,04106,UDN PRYJ SPL,,2,,,,0,1,1,0,0
04111,1,04111,PRYJ GG SPL,,2,,,,0,1,1,0,0
04112,1,04112,GG PRYJ SPL EXP,,2,,,,0,1,1,0,0
04113,1,04113,PRYJ UBL SPL,,2,,,,0,1,1,0,0
04114,1,04114,UBL PRYJ SPL,,2,,,,0,1,1,0,0
04116,1,04116,LTT SFG SPECIAL,,2,,,,0,1,1,0,0
04119,1,04119,SFG BL SPL,,2,,,,0,1,1,0,0
04120,1,04120,BL SFG SPL EXP,,2,,,,0,1,1,0,0
04123,1,04123,PRYJ NZM SPL,,2,,,,0,1,1,0,0
04124,1,04124,NZM PRYJ SPL,,2,,,,0,1,1,0,0
04125,1,04125,SFG BDTS  SF SPL,,2,,,,0,1,1,0,0
04126,1,04126,BDTS SFG SF SPL,,2,,,,0,1,1,0,0
04127,1,04127,CNB GHY SPL,,2,,,,0,1,1,0,0
04128,1,04128,GHY CNB SPECIAL,,2,,,,0,1,1,0,0
04133,1,04133,CNB SMVB SUM SPL,,2,,,,0,1,1,0,0
04134,1,04134,SMVB CNB SPL,,2,,,,0,1,1,0,0
04137,1,04137,GWL BJU S SPL,,2,,,,0,1,1,0,0
04138,1,04138,BJU GWL SPL,,2,,,,0,1,1,0,0
04139,1,04139,PRYJ DDR SPL,,2,,,,0,1,1,0,0
04140,1,04140,DDR PRYJ SF SPL,,2,,,,0,1,1,0,0
04149,1,04149,PRYJ YPR SPL,,2,,,,0,1,1,0,0
04150,1,04150,YPR PRYJ SPL,,2,,,,0,1,1,0,0
04151,1,04151,CNB LTT SF HSPL,,2,,,,0,1,1,0,0
04152,1,04152,LTT CNB SF SPL,,2,,,,0,1,1,0,0
04155,1,04155,SFG UDN SPL,,2,,,,0,1,1,0,0
04156,1,04156,UDN SFG SPL,,2,,,,0,1,1,0,0
04157,1,04157,CNB KOAA SPL,,2,,,,0,1,1,0,0
04158,1,04158,KOAA CNB SPL,,2,,,,0,1,1,0,0
04159,1,04159,PRYJ VSKP SPL,,2,,,,0,1,1,0,0
04160,1,04160,VSKP PRYJ SPL,,2,,,,0,1,1,0,0
04161,1,04161,PRYJ SIKR SPL,,2,,,,0,1,1,0,0
04162,1,04162,SIKR PRYJ SPL,,2,,,,0,1,1,0,0
04165,1,04165,PRYJ SSB RAKHI SPL,,2,,,,0,1,1,0,0
04166,1,04166,SSB PRYJ SPL,,2,,,,0,1,1,0,0
04169,1,04169,SFG INDB SPL,,2,,,,0,1,1,0,0
04170,1,04170,INDB SFG SPL,,2,,,,0,1,1,0,0
04173,1,04173,PRYJ VRL SPL,,2,,,,0,1,1,0,0
04174,1,04174,VRL PRYJ EXP,,2,,,,0,1,1,0,0
04175,1,04175,SFG DDR SF SPL,,2,,,,0,1,1,0,0
04176,1,04176,DDR SFG SF SPL,,2,,,,0,1,1,0,0
04177,1,04177,SFG-BL SPECIAL,,2,,,,0,1,1,0,0
04178,1,04178,BL-SFG SPECIAL,,2,,,,0,1,1,0,0
04185,1,04185,VGLJ ASN SPL,,2,,,,0,1,1,0,0
04186,1,04186,ASN VGLJ SPL,,2,,,,0,1,1,0,0
04202,1,04202,LKO-BSB SPL,,2,,,,0,1,1,0,0
04213,1,04213,AYC-ANVT SPL,,2,,,,0,1,1,0,0
04217,1,04217,BSB-NDLS SPL,,2,,,,0,1,1,0,0
04317,1,04317,AMG-YNRK MELA SPL,,2,,,,0,1,1,0,0
04318,1,04318,YNRK-AMG MELA SPL,,2,,,,0,1,1,0,0
04319,1,04319,BE-RK SPL,,2,,,,0,1,1,0,0
04320,1,04320,RK-BE SPL,,2,,,,0,1,1,0,0
04321,1,04321,BE-RK SPL,,2,,,,0,1,1,0,0
04322,1,04322,RK-BE SPL,,2,,,,0,1,1,0,0
04329,1,04329,LKO-HW SPL,,2,,,,0,1,1,0,0
04330,1,04330,HW-LKO SPL,,2,,,,0,1,1,0,0
04415,1,04415,DEE-RGS SPL,,2,,,,0,1,1,0,0
04416,1,04416,RGS-DEE SPL,,2,,,,0,1,1,0,0
04423,1,04423,PRYJ NDLS RAKHI SPECIAL,,2,,,,0,1,1,0,0
04451,1,04451,NZM-BEAS SPL,,2,,,,0,1,1,0,0
04452,1,04452,BEAS-NZM SPL,,2,,,,0,1,1,0,0
04507,1,04507,NDLS-BEAS SPL,,2,,,,0,1,1,0,0
04508,1,04508,BEAS-NDLS SPL,,2,,,,0,1,1,0,0
04545,1,04545,LKO CDG SPL,,2,,,,0,1,1,0,0
04559,1,04559,HW BTI SPL,,2,,,,0,1,1,0,0
04560,1,04560,BTI HW SPL,,2,,,,0,1,1,0,0
04565,1,04565,SRE-BEAS SPL,,2,,,,0,1,1,0,0
04566,1,04566,BEAS-SRE SPL,,2,,,,0,1,1,0,0
04642,1,04642,ASR-NED SPL,,2,,,,0,1,1,0,0
04667,1,04667,JGN-FZR SPL,,2,,,,0,1,1,0,0
04668,1,04668,FZR-JGN SPL,,2,,,,0,1,1,0,0
04687,1,04687,SVDK BDGM SPL,,2,,,,0,1,1,0,0
04688,1,04688,BDGM SVDK SPL,,2,,,,0,1,1,0,0
04703,1,04703,HSR KK SPL,,2,,,,0,1,1,0,0
04704,1,04704,KK-HSR SPL,,2,,,,0,1,1,0,0
04707,1,04707,SDLP-GAMI EXP SPL,,2,,,,0,1,1,0,0
04708,1,04708,GAMI-SDLP EXP SPL,,2,,,,0,1,1,0,0
04709,1,04709,SDLPGAMI EXP SPL,,2,,,,0,1,1,0,0
04710,1,04710,GAMI-SDLP EXP SPL,,2,,,,0,1,1,0,0
04736,1,04736,LMNR SGNR SPL,,2,,,,0,1,1,0,0
04741,1,04741,SGNR-POK MELA SPL,,2,,,,0,1,1,0,0
04742,1,04742,POK-SGNR MELA SPL,,2,,,,0,1,1,0,0
04743,1,04743,HMH-SDLP EXP MELA SPL,,2,,,,0,1,1,0,0
04744,1,04744,SDLP-HMH EXP MELA SPL,,2,,,,0,1,1,0,0
04745,1,04745,SGNR-SDLP EXP MELA SPL,,2,,,,0,1,1,0,0
04746,1,04746,SDLP-SGNR EXP MELA SPL,,2,,,,0,1,1,0,0
04771,1,04771,BTI-APH PASSENGER,,2,,,,0,1,1,0,0
04772,1,04772,APH-BTI PASSENGER,,2,,,,0,1,1,0,0
04774,1,04774,SOG-SGNR PASSENGER,,2,,,,0,1,1,0,0
04779,1,04779,SGNR-SOG PASSENGER,,2,,,,0,1,1,0,0
04783,1,04783,BTI-SSA PASSENGER,,2,,,,0,1,1,0,0
04784,1,04784,SSA-BTI PASSENGER,,2,,,,0,1,1,0,0
04791,1,04791,RE-GAMI  EXP SPL,,2,,,,0,1,1,0,0
04792,1,04792,GAMI-RE EXP SPL,,2,,,,0,1,1,0,0
04795,1,04795,RE-GAMI EXP SPL,,2,,,,0,1,1,0,0
04796,1,04796,GAMI-RE EXP SPL,,2,,,,0,1,1,0,0
04811,1,04811,BME-HW-BME SPL,,2,,,,0,1,1,0,0
04812,1,04812,HW BME SPL,,2,,,,0,1,1,0,0
04815,1,04815,JU MSB SPL,,2,,,,0,1,1,0,0
04816,1,04816,MAS-JU SPL,,2,,,,0,1,1,0,0
04861,1,04861,BGKT-RDRA MELA SPL,,2,,,,0,1,1,0,0
04862,1,04862,RDRA-BGKR MELA SPL,,2,,,,0,1,1,0,0
04863,1,04863,BGKT-RDRA MELA SPL,,2,,,,0,1,1,0,0
04864,1,04864,RDRA BGKT MELA SPL,,2,,,,0,1,1,0,0
04865,1,04865,BGKT RDRA MELA SPL,,2,,,,0,1,1,0,0
04866,1,04866,RDRA BGKT MELA SPL,,2,,,,0,1,1,0,0
05011,1,05011,AYC-GD MELA SPL,,2,,,,0,1,1,0,0
05012,1,05012,GD-AYC MELA SPL,,2,,,,0,1,1,0,0
05027,1,05027,DGHR-BNY UNRESERVED TOD,,2,,,,0,1,1,0,0
05028,1,05028,BNY-DGHR UNRESERVED TOD,,2,,,,0,1,1,0,0
05045,1,05045,LKU RJT SPL,,2,,,,0,1,1,0,0
05046,1,05046,RJT LKU SPL,,2,,,,0,1,1,0,0
05054,1,05054,BDTS-GKP  SPL TOD,,2,,,,0,1,1,0,0
05061,1,05061,AH TPU SPECIAL,,2,,,,0,1,1,0,0
05062,1,05062,TPU AH SPL,,2,,,,0,1,1,0,0
05064,1,05064,NPR-BCY INAGURAL SPL,,2,,,,0,1,1,0,0
05073,1,05073,SBC LKU SPL,,2,,,,0,1,1,0,0
05074,1,05074,SBC PUJA SPL,,2,,,,0,1,1,0,0
05095,1,05095,KOAA MAU SPL,,2,,,,0,1,1,0,0
05096,1,05096,MAU KOAA SPL,,2,,,,0,1,1,0,0
05131,1,05131,GKP-BRK SPL,,2,,,,0,1,1,0,0
05132,1,05132,BRK-GKP SPL,,2,,,,0,1,1,0,0
05183,1,05183,AMH BDTS SF SPL,,2,,,,0,1,1,0,0
05184,1,05184,BDTS AMH SPL,,2,,,,0,1,1,0,0
05193,1,05193,CPR JAT SPECIAL,,2,,,,0,1,1,0,0
05194,1,05194,PTK CPR SPL,,2,,,,0,1,1,0,0
05307,1,05307,KASGANJ-MATHURA CANTT SPL,,2,,,,0,1,1,0,0
05308,1,05308,MATHURA CANTT-KASGANJ SPL,,2,,,,0,1,1,0,0
05343,1,05343,SBIB LKU SPL,,2,,,,0,1,1,0,0
05344,1,05344,LKU-SBIB SPL,,2,,,,0,1,1,0,0
05401,1,05401,BC-KPV DEMU SPL PASSENGER,,2,,,,0,1,1,0,0
05402,1,05402,KPV-BC DEMU SPL PASSENGER,,2,,,,0,1,1,0,0
05493,1,05493,DPA-SWM UNRESERVED SPL,,2,,,,0,1,1,0,0
05494,1,05494,SWM-DPA UNRESERVED RAKHI,,2,,,,0,1,1,0,0
05505,1,05505,PRNC SHC SPL,,2,,,,0,1,1,0,0
05506,1,05506,SHC PRNC SPL,,2,,,,0,1,1,0,0
05543,1,05543,RXL NKE SPL,,2,,,,0,1,1,0,0
05544,1,05544,NKE RXL SPL,,2,,,,0,1,1,0,0
05547,1,05547,NKE RXL MELA SPL,,2,,,,0,1,1,0,0
05548,1,05548,RXL NKE SPL,,2,,,,0,1,1,0,0
05557,1,05557,RXL LTT SF SPL,,2,,,,0,1,1,0,0
05558,1,05558,LTT RXL SF SPL,,2,,,,0,1,1,0,0
05573,1,05573,RGV-SRGR-DGHR SPECIAL,,2,,,,0,1,1,0,0
05574,1,05574,DGHR-SRGR-RGV SPECIAL,,2,,,,0,1,1,0,0
05735,1,05735,ASR-KIR SUM SPL,,2,,,,0,1,1,0,0
05736,1,05736,KIR ASR SPECIAL,,2,,,,0,1,1,0,0
05931,1,05931,KOAA DBRG SPL,,2,,,,0,1,1,0,0
05932,1,05932,DBRG KOAA SPL,,2,,,,0,1,1,0,0
06017,1,06017,TBM TN SPECIAL,,2,,,,0,1,1,0,0
06018,1,06018,TN TBM SPECIAL,,2,,,,0,1,1,0,0
06019,1,06019,TN-NS TOD SPL,,2,,,,0,1,1,0,0
06020,1,06020,NS-TN TOD SPL,,2,,,,0,1,1,0,0
06027,1,06027,MAS PTJ SPECIAL,,2,,,,0,1,1,0,0
06028,1,06028,PTJ MAS SPECIAL,,2,,,,0,1,1,0,0
06029,1,06029,MTP TEN SPL,,2,,,,0,1,1,0,0
06030,1,06030,TEN MTP SPL,,2,,,,0,1,1,0,0
06037,1,06037,TBM VLNK SPECIAL,,2,,,,0,1,1,0,0
06038,1,06038,VLNK TBM SPECIAL,,2,,,,0,1,1,0,0
06045,1,06045,MS-CAPE SF TOD SPL,,2,,,,0,1,1,0,0
06046,1,06046,CAPE-MS SF TOD SPL,,2,,,,0,1,1,0,0
06058,1,06058,TVCN-SRC TOD SPL,,2,,,,0,1,1,0,0
06059,1,06059,TBM-BDNK TOD SPL,,2,,,,0,1,1,0,0
06060,1,06060,BDNK-TBM TOD SPL,,2,,,,0,1,1,0,0
06061,1,06061,ERS VLNK SPECIAL,,2,,,,0,1,1,0,0
06062,1,06062,VLNK ERS SPECIAL,,2,,,,0,1,1,0,0
06067,1,06067,TBM TVR SPECIAL,,2,,,,0,1,1,0,0
06068,1,06068,TVR-TBM TOD SPL,,2,,,,0,1,1,0,0
06069,1,06069,TBM TEN SF SPL,,2,,,,0,1,1,0,0
06070,1,06070,TEN-TBM TOD SPL,,2,,,,0,1,1,0,0
06072,1,06072,MAJN-SMVB TOD SPL,,2,,,,0,1,1,0,0
06081,1,06081,TVCN SRC SPECIAL,,2,,,,0,1,1,0,0
06082,1,06082,SRC TVCN SPL,,2,,,,0,1,1,0,0
06093,1,06093,TVCN-MAJN TOD SPL,,2,,,,0,1,1,0,0
06094,1,06094,MAJN-TVC TOD SPL,,2,,,,0,1,1,0,0
06109,1,06109,TBM TVC SPECIAL,,2,,,,0,1,1,0,0
06110,1,06110,TVC TBM SPECIAL,,2,,,,0,1,1,0,0
06115,1,06115,TVCN-VLNK TOD SPL,,2,,,,0,1,1,0,0
06116,1,06116,VLNK-TVCN TOD SPL,,2,,,,0,1,1,0,0
06117,1,06117,MAS QLN SPECIAL,,2,,,,0,1,1,0,0
06118,1,06118,QLN MAS SPECIAL,,2,,,,0,1,1,0,0
06119,1,06119,MAS QLN SPECIAL,,2,,,,0,1,1,0,0
06120,1,06120,QLN MAS SPECIAL,,2,,,,0,1,1,0,0
06125,1,06125,MS MAQ SPECIAL,,2,,,,0,1,1,0,0
06126,1,06126,MAQ MS SPECIAL,,2,,,,0,1,1,0,0
06127,1,06127,MAS MAJN SPECIAL,,2,,,,0,1,1,0,0
06128,1,06128,MAJN MAS SPECIAL,,2,,,,0,1,1,0,0
06133,1,06133,VM-NGT MEMU SPL,,2,,,,0,1,1,0,0
06134,1,06134,NGT-VM MEMU SPL,,2,,,,0,1,1,0,0
06147,1,06147,ERS SMVB SPECIAL,,2,,,,0,1,1,0,0
06148,1,06148,SMVB ERS SPL,,2,,,,0,1,1,0,0
06165,1,06165,TBM TEN SPECIAL,,2,,,,0,1,1,0,0
06166,1,06166,TEN TBM SPECIAL,,2,,,,0,1,1,0,0
06171,1,06171,MTP UAM SPECIAL,,2,,,,0,1,1,0,0
06172,1,06172,UAM MTP SPECIAL,,2,,,,0,1,1,0,0
06176,1,06176,UAM ONR SPECIAL,,2,,,,0,1,1,0,0
06181,1,06181,CBE JP SPECIAL,,2,,,,0,1,1,0,0
06182,1,06182,JP CBE SPECIAL,,2,,,,0,1,1,0,0
06185,1,06185,ONR UAM SPECIAL,,2,,,,0,1,1,0,0
06186,1,06186,UAM ONR SPECIAL,,2,,,,0,1,1,0,0
06199,1,06199,ONR UAM SPECIAL,,2,,,,0,1,1,0,0
06229,1,06229,MYS-CAN EXP SPL,,2,,,,0,1,1,0,0
06230,1,06230,CAN-BNC EXP SPL,,2,,,,0,1,1,0,0
06509,1,06509,SBCDNR HUMSAFAR,,2,,,,0,1,1,0,0
06510,1,06510,DNR SBC SPL,,2,,,,0,1,1,0,0
06523,1,06523,SMVB TVCN SPL,,2,,,,0,1,1,0,0
06524,1,06524,TVCN SMVB SPL,,2,,,,0,1,1,0,0
06531,1,06531,BNC-CBP MEX EMU,,2,,,,0,1,1,0,0
06532,1,06532,CBP-BNC MEX EMU,,2,,,,0,1,1,0,0
06535,1,06535,CBP-BNC MEX EMU,,2,,,,0,1,1,0,0
06536,1,06536,BNC-CBP MEX EMU,,2,,,,0,1,1,0,0
06537,1,06537,CBP-BNC MEX EMU,,2,,,,0,1,1,0,0
06538,1,06538,BNC-CBP MEX EMU,,2,,,,0,1,1,0,0
06548,1,06548,TVCN SMVB SPL,,2,,,,0,1,1,0,0
06553,1,06553,YPR-GAYA BHARAT GAURAV,,2,,,,0,1,1,0,0
06555,1,06555,SMVB TVCN SPL,,2,,,,0,1,1,0,0
06556,1,06556,TVCN SMVB SPL,,2,,,,0,1,1,0,0
06565,1,06565,SMVB MLDT SPL,,2,,,,0,1,1,0,0
06566,1,06566,MLDT SMVB SPL,,2,,,,0,1,1,0,0
06571,1,06571,YPR KIR SPL,,2,,,,0,1,1,0,0
06572,1,06572,KIR YPR SPL,,2,,,,0,1,1,0,0
06577,1,06577,YPR  BJP SPL,,2,,,,0,1,1,0,0
06578,1,06578,BJP YPR SPL,,2,,,,0,1,1,0,0
06579,1,06579,BNC TVCN SPL,,2,,,,0,1,1,0,0
06580,1,06580,TVCN-BNC EXP SPL,,2,,,,0,1,1,0,0
06593,1,06593,YPR-CBP MEX EMU,,2,,,,0,1,1,0,0
06594,1,06594,CBP-YPR MEX EMU,,2,,,,0,1,1,0,0
06605,1,06605,GATL-JLWC MEMU SPL,,2,,,,0,1,1,0,0
06606,1,06606,JLWC-GATL MEMU SPL,,2,,,,0,1,1,0,0
06716,1,06716,TPJ-TJ DMU,,2,,,,0,1,1,0,0
06717,1,06717,TTP-TPJ  DMU,,2,,,,0,1,1,0,0
06718,1,06718,TJ-TTP DMU,,2,,,,0,1,1,0,0
06857,1,06857,NGT-VLNK DEMU SPL,,2,,,,0,1,1,0,0
06858,1,06858,VLNK-NGT DEMU SPL,,2,,,,0,1,1,0,0
06861,1,06861,TJ-TPJ DMU SPL,,2,,,,0,1,1,0,0
06863,1,06863,VLNK-TJ DMU SPL,,2,,,,0,1,1,0,0
06864,1,06864,TPJ-VLNK DEMU SPL,,2,,,,0,1,1,0,0
06865,1,06865,VLNK-TPJ DEMU SPL,,2,,,,0,1,1,0,0
06866,1,06866,TPJ-VLNK DMU SPL,,2,,,,0,1,1,0,0
06867,1,06867,NGT-VLNK DEMU SPL,,2,,,,0,1,1,0,0
06868,1,06868,VLNK-NGT DEMU SPL,,2,,,,0,1,1,0,0
06901,1,06901,PT-CGJ FTR SPL,,2,,,,0,1,1,0,0
06902,1,06902,CGL-PTJ FTR SPL,,2,,,,0,1,1,0,0
06904,1,06904,ASR-TDN BGT SPL,,2,,,,0,1,1,0,0
06910,1,06910,DSJ-TVCN BGT SPL,,2,,,,0,1,1,0,0
07001,1,07001,CHZ TNM SPL,,2,,,,0,1,1,0,0
07002,1,07002,TNM CHZ SPECIAL,,2,,,,0,1,1,0,0
07040,1,07040,CCT CHZ SPL,,2,,,,0,1,1,0,0
07046,1,07046,SC NHLN SPECIAL,,2,,,,0,1,1,0,0
07047,1,07047,NHLN SC SPECIAL,,2,,,,0,1,1,0,0
07075,1,07075,HYB GKP SPL,,2,,,,0,1,1,0,0
07076,1,07076,GKP HYB SPL,,2,,,,0,1,1,0,0
07091,1,07091,CHZ  DNR SPECIAL,,2,,,,0,1,1,0,0
07092,1,07092,DNR  CHZ SPL,,2,,,,0,1,1,0,0
07097,1,07097,HYB MAQ SPL,,2,,,,0,1,1,0,0
07098,1,07098,MAQ HYB SPECIAL,,2,,,,0,1,1,0,0
07125,1,07125,CHZ VLNK SPL,,2,,,,0,1,1,0,0
07126,1,07126,VLNK-SC,,2,,,,0,1,1,0,0
07127,1,07127,CHZ-VNLK,,2,,,,0,1,1,0,0
07128,1,07128,VLNK-CHZ,,2,,,,0,1,1,0,0
07193,1,07193,HYB-QLN,,2,,,,0,1,1,0,0
07194,1,07194,QLN HYB SPL,,2,,,,0,1,1,0,0
07195,1,07195,CHZ QLN SPL,,2,,,,0,1,1,0,0
07196,1,07196,QLN CHZ SPECIAL,,2,,,,0,1,1,0,0
07197,1,07197,CHZ KTYM SPL,,2,,,,0,1,1,0,0
07198,1,07198,KTYM CHZ SPECIAL,,2,,,,0,1,1,0,0
07215,1,07215,VSKP BZA JANASADHARAN SPL,,2,,,,0,1,1,0,0
07216,1,07216,BZA-VSKP JANSADHARAN,,2,,,,0,1,1,0,0
07217,1,07217,MTM-SMET SPECIAL TOD,,2,,,,0,1,1,0,0
07218,1,07218,SMET-MTM SPECIAL TOD,,2,,,,0,1,1,0,0
07219,1,07219,SMET-GTL SPECIAL TOD,,2,,,,0,1,1,0,0
07220,1,07220,GTL-SMET SPECIAL TOD,,2,,,,0,1,1,0,0
07221,1,07221,CHZ-SRC,,2,,,,0,1,1,0,0
07222,1,07222,SRC CHZ SPL,,2,,,,0,1,1,0,0
07227,1,07227,GNT-VKB TOD SPL,,2,,,,0,1,1,0,0
07228,1,07228,VKB - GNT TOD SPL,,2,,,,0,1,1,0,0
07267,1,07267,PVP-VSKP JANSADHARAN,,2,,,,0,1,1,0,0
07268,1,07268,VSKP-PVP JANSADHARAN,,2,,,,0,1,1,0,0
07313,1,07313,UBL QLN SPL,,2,,,,0,1,1,0,0
07314,1,07314,QLN UBL SPL,,2,,,,0,1,1,0,0
07343,1,07343,HPT-ASK UR DEMU SPL,,2,,,,0,1,1,0,0
07344,1,07344,ASK-HPT UR DEMU SPL,,2,,,,0,1,1,0,0
07353,1,07353,UBL-KTYM EXP SPL,,2,,,,0,1,1,0,0
07354,1,07354,KTYM-UBL EXP SPL,,2,,,,0,1,1,0,0
07355,1,07355,UBL RMM EXP,,2,,,,0,1,1,0,0
07356,1,07356,RMM UBL SPECIAL,,2,,,,0,1,1,0,0
07361,1,07361,VSG VLNK SPL,,2,,,,0,1,1,0,0
07362,1,07362,VLNK-VSG EXP SPL,,2,,,,0,1,1,0,0
07365,1,07365,VSG-VLNK EXP SPL,,2,,,,0,1,1,0,0
07366,1,07366,VLNK-VSG EXP SPL,,2,,,,0,1,1,0,0
07425,1,07425,SC-CHE,,2,,,,0,1,1,0,0
07426,1,07426,CHE SC SPL,,2,,,,0,1,1,0,0
07539,1,07539,MHI-KIR SPECIAL,,2,,,,0,1,1,0,0
07540,1,07540,KIR-MHI SPECIAL,,2,,,,0,1,1,0,0
07541,1,07541,MHI-KIR SPECIAL,,2,,,,0,1,1,0,0
07542,1,07542,KIR-MHI SPECIAL,,2,,,,0,1,1,0,0
07603,1,07603,NED-TCNR,,2,,,,0,1,1,0,0
07604,1,07604,TCNR-NED,,2,,,,0,1,1,0,0
07814,1,07814,TPTY-J,,2,,,,0,1,1,0,0
07815,1,07815,TPTY-JALNA,,2,,,,0,1,1,0,0
08045,1,08045,SHM CHZ SPL,,2,,,,0,1,1,0,0
08046,1,08046,CHZ SHM SPL,,2,,,,0,1,1,0,0
08047,1,08047,SRC NHLN EXP,,2,,,,0,1,1,0,0
08048,1,08048,NHLN SRC SPECIAL,,2,,,,0,1,1,0,0
08117,1,08117,PKU-DGHA EMU SPECIAL,,2,,,,0,1,1,0,0
08118,1,08118,DGHA-PKU EMU SPECIAL,,2,,,,0,1,1,0,0
08311,1,08311,SBP ERS SPL,,2,,,,0,1,1,0,0
08312,1,08312,ERS SBP SPECIAL,,2,,,,0,1,1,0,0
08507,1,08507,SHM-VSKP SUMMER SPECIAL,,2,,,,0,1,1,0,0
08508,1,08508,VSKP-SHM SUMMER SPECIAL,,2,,,,0,1,1,0,0
08509,1,08509,TPTY VSKP SPL,,2,,,,0,1,1,0,0
08510,1,08510,VSKP TPTY SPL,,2,,,,0,1,1,0,0
08581,1,08581,VSKP SMVB SPL,,2,,,,0,1,1,0,0
08582,1,08582,SMVB VSKP SPL,,2,,,,0,1,1,0,0
08611,1,08611,SRC AII SPL,,2,,,,0,1,1,0,0
08612,1,08612,AII SRC SPL,,2,,,,0,1,1,0,0
08631,1,08631,HTE-BANO SPECIAL,,2,,,,0,1,1,0,0
08632,1,08632,BANO-HTE SPECIAL,,2,,,,0,1,1,0,0
08645,1,08645,BGP RNC SPL,,2,,,,0,1,1,0,0
08646,1,08646,RNC BGP SPL,,2,,,,0,1,1,0,0
08689,1,08689,BGP RNC SPL,,2,,,,0,1,1,0,0
08690,1,08690,RNC BGP SPL,,2,,,,0,1,1,0,0
08813,1,08813,CWA-MTJ BHARAT GOURAV,,2,,,,0,1,1,0,0
08814,1,08814,MTJ-CWA BHART GOURAV,,2,,,,0,1,1,0,0
08833,1,08833,RIG-DURG SPECIAL,,2,,,,0,1,1,0,0
08834,1,08834,DURG-RIG SPECIAL,,2,,,,0,1,1,0,0
08853,1,08853,ABKP-AYC SPECIAL,,2,,,,0,1,1,0,0
08854,1,08854,AYC-ABKP SPECIAL,,2,,,,0,1,1,0,0
08895,1,08895,NITR MDP TOD SPL,,2,,,,0,1,1,0,0
08896,1,08896,MDP NITR SPL,,2,,,,0,1,1,0,0
09001,1,09001,MMCT BNW SF SPL,,2,,,,0,1,1,0,0
09002,1,09002,BNW MMCT SF SPL,,2,,,,0,1,1,0,0
09009,1,09009,BDTS BHUJ SF SPL,,2,,,,0,1,1,0,0
09010,1,09010,BHUJ BDTS SF SPL,,2,,,,0,1,1,0,0
09013,1,09013,MMCT - TOK SPECIAL,,2,,,,0,1,1,0,0
09014,1,09014,TOK - MMCT SPECIAL,,2,,,,0,1,1,0,0
09015,1,09015,KTE-STA UNRESERVED SPL,,2,,,,0,1,1,0,0
09016,1,09016,STA-KTE UNRESERVED,,2,,,,0,1,1,0,0
09017,1,09017,BDTS VRL SPL,,2,,,,0,1,1,0,0
09018,1,09018,VRL BDTS SPL,,2,,,,0,1,1,0,0
09019,1,09019,MMCT - SWV SPECIAL,,2,,,,0,1,1,0,0
09020,1,09020,SWV - MMCT SPECIAL,,2,,,,0,1,1,0,0
09021,1,09021,RN - UDN SPECIAL,,2,,,,0,1,1,0,0
09022,1,09022,UDHANA-RATNAGIRI SPECIAL,,2,,,,0,1,1,0,0
09025,1,09025,BL DNR SPL,,2,,,,0,1,1,0,0
09026,1,09026,DNR BL SPL,,2,,,,0,1,1,0,0
09029,1,09029,RATNAGIRI-VALSAD SPECIAL,,2,,,,0,1,1,0,0
09030,1,09030,VALSAD-RATNAGIRI SPECIAL,,2,,,,0,1,1,0,0
09031,1,09031,UDN HPO SPL,,2,,,,0,1,1,0,0
09032,1,09032,HPO UDN SPL,,2,,,,0,1,1,0,0
09033,1,09033,UDN MLDT SPL,,2,,,,0,1,1,0,0
09034,1,09034,MLDT UDN SPL,,2,,,,0,1,1,0,0
09035,1,09035,BDTS - RN SPECIAL,,2,,,,0,1,1,0,0
09036,1,09036,RN - BDTS SPECIAL,,2,,,,0,1,1,0,0
09037,1,09037,BDTS BHUJ SF SPL,,2,,,,0,1,1,0,0
09038,1,09038,BHUJ BDTS SF SPL,,2,,,,0,1,1,0,0
09045,1,09045,UDN  MBI SPL,,2,,,,0,1,1,0,0
09046,1,09046,MBI UDN SUMM SPL,,2,,,,0,1,1,0,0
09047,1,09047,UDN JJP SPL,,2,,,,0,1,1,0,0
09048,1,09048,JJP UDN SUMM SPL,,2,,,,0,1,1,0,0
09049,1,09049,DDR BSL SPECIAL,,2,,,,0,1,1,0,0
09050,1,09050,BSL DDR SPECIAL,,2,,,,0,1,1,0,0
09059,1,09059,BDTS VLNK SPL,,2,,,,0,1,1,0,0
09060,1,09060,VELANKANNI - BANDRA SPL,,2,,,,0,1,1,0,0
09061,1,09061,VALSAD - VELANKANNI SPL,,2,,,,0,1,1,0,0
09062,1,09062,VELANKANNI - DAHANU SPL,,2,,,,0,1,1,0,0
09065,1,09065,ST CPR SPL,,2,,,,0,1,1,0,0
09066,1,09066,CPR ST SPECIAL,,2,,,,0,1,1,0,0
09079,1,09079,MMCT INDB SF SPL,,2,,,,0,1,1,0,0
09080,1,09080,INDB MMCT SF SPL,,2,,,,0,1,1,0,0
09085,1,09085,MMCT INDB AC SPL,,2,,,,0,1,1,0,0
09086,1,09086,INDB MMCT AC SUP,,2,,,,0,1,1,0,0
09093,1,09093,UDN AYC SPL,,2,,,,0,1,1,0,0
09094,1,09094,AYC UDN SPL,,2,,,,0,1,1,0,0
09109,1,09109,RN - VS SPECIAL,,2,,,,0,1,1,0,0
09110,1,09110,VS - RN SPECIAL,,2,,,,0,1,1,0,0
09111,1,09111,BRC GKP SPL,,2,,,,0,1,1,0,0
09112,1,09112,GKP BRC SPL,,2,,,,0,1,1,0,0
09113,1,09113,RN - BRC SPECIAL,,2,,,,0,1,1,0,0
09114,1,09114,BRC - RN SPECIAL,,2,,,,0,1,1,0,0
09119,1,09119,PRTN LKU SF SPL,,2,,,,0,1,1,0,0
09120,1,09120,LKU PRTN SF SPL,,2,,,,0,1,1,0,0
09123,1,09123,RN - VS GANPATI SPL,,2,,,,0,1,1,0,0
09124,1,09124,VS - RN SPECIAL,,2,,,,0,1,1,0,0
09151,1,09151,UDN MBI SPL,,2,,,,0,1,1,0,0
09152,1,09152,MBI UDN SPL,,2,,,,0,1,1,0,0
09183,1,09183,MMCT BNRS SPL,,2,,,,0,1,1,0,0
09184,1,09184,BNRS MMCT SPL,,2,,,,0,1,1,0,0
09185,1,09185,MMCT CPA SF SPL,,2,,,,0,1,1,0,0
09186,1,09186,CPA MMCT SF SPL,,2,,,,0,1,1,0,0
09189,1,09189,MMCT KIR SPECIAL,,2,,,,0,1,1,0,0
09190,1,09190,KIR MMCT SPL,,2,,,,0,1,1,0,0
09195,1,09195,PRTN MAU SF SPL,,2,,,,0,1,1,0,0
09196,1,09196,MAU BRC SF SPL,,2,,,,0,1,1,0,0
09203,1,09203,VERAVAL-HARIDWAR SPECIAL,,2,,,,0,1,1,0,0
09204,1,09204,HARIDWAR-VERAVAL SPECIAL,,2,,,,0,1,1,0,0
09207,1,09207,BDTS-BVC  SPL,,2,,,,0,1,1,0,0
09208,1,09208,BVC BDTS SPL,,2,,,,0,1,1,0,0
09257,1,09257,BHAVNAGAR-SHAKURBASTI SPL,,2,,,,0,1,1,0,0
09258,1,09258,SHAKURBASTI-BHAVNAGAR SPL,,2,,,,0,1,1,0,0
09305,1,09305,UJN - SHRN SPECIAL,,2,,,,0,1,1,0,0
09306,1,09306,SHRN - UJN SPECIAL,,2,,,,0,1,1,0,0
09307,1,09307,UJN - BPL SPECIAL,,2,,,,0,1,1,0,0
09308,1,09308,BPL - UJN SPECIAL,,2,,,,0,1,1,0,0
09309,1,09309,INDB NZM SF SPL,,2,,,,0,1,1,0,0
09310,1,09310,NZM INDB SPL,,2,,,,0,1,1,0,0
09313,1,09313,UJN - SHRN SPECIAL,,2,,,,0,1,1,0,0
09314,1,09314,SHRN - UJN SPECIAL,,2,,,,0,1,1,0,0
09323,1,09323,KK - INDB SPECIAL,,2,,,,0,1,1,0,0
09324,1,09324,INDB - KK SPECIAL,,2,,,,0,1,1,0,0
09343,1,09343,DADN PNBE SPL,,2,,,,0,1,1,0,0
09344,1,09344,PNBE  DADN   SPL,,2,,,,0,1,1,0,0
09409,1,09409,HERITAGE SPL,,2,,,,0,1,1,0,0
09410,1,09410,ADI HERITAGE SPL,,2,,,,0,1,1,0,0
09419,1,09419,ADI TPJ SPECIAL,,2,,,,0,1,1,0,0
09420,1,09420,TPJ ADI SPECIAL,,2,,,,0,1,1,0,0
09423,1,09423,MAJN ADI SPECIAL,,2,,,,0,1,1,0,0
09424,1,09424,ADI MAJN SPECIAL,,2,,,,0,1,1,0,0
09425,1,09425,SBIB-HW SPECIAL,,2,,,,0,1,1,0,0
09426,1,09426,HW-SBIB SPECIAL,,2,,,,0,1,1,0,0
09451,1,09451,GIMB BGP SPL,,2,,,,0,1,1,0,0
09452,1,09452,BGP GIMB SPL,,2,,,,0,1,1,0,0
09465,1,09465,ADI DBG SPL,,2,,,,0,1,1,0,0
09466,1,09466,DBG ADI SPL,,2,,,,0,1,1,0,0
09523,1,09523,OKHA-SHAKURBASTI SPECIAL,,2,,,,0,1,1,0,0
09524,1,09524,SHAKURBASTI-OKHA SPECIAL,,2,,,,0,1,1,0,0
09525,1,09525,HAPA NHLN SPL,,2,,,,0,1,1,0,0
09526,1,09526,NHLN HAPA SPL,,2,,,,0,1,1,0,0
09595,1,09595,JUNAGADH - CHALALA SPL,,2,,,,0,1,1,0,0
09596,1,09596,CHALALA - JUNAGADH SPL,,2,,,,0,1,1,0,0
09601,1,09601,MDJN PNBE SPL,,2,,,,0,1,1,0,0
09602,1,09602,PNBE MDJN SPL,,2,,,,0,1,1,0,0
09611,1,09611,AII YNRK  SPL,,2,,,,0,1,1,0,0
09612,1,09612,YNRK AII SPL,,2,,,,0,1,1,0,0
09639,1,09639,MDJN-NNL EXPRESS SPL,,2,,,,0,1,1,0,0
09640,1,09640,NNL-MDJN PASSNGER,,2,,,,0,1,1,0,0
09705,1,09705,BDTS NONSTOP SF,,2,,,,0,1,1,0,0
09706,1,09706,BDTS JP SF SPL,,2,,,,0,1,1,0,0
09709,1,09709,KWP HWH RAKHI SPECIAL,,2,,,,0,1,1,0,0
09710,1,09710,HWH KWP RAKHI SPECIAL,,2,,,,0,1,1,0,0
09715,1,09715,RGS-RE SPL,,2,,,,0,1,1,0,0
09716,1,09716,RE-RGS SPL,,2,,,,0,1,1,0,0
09717,1,09717,RE-MDJN SPL,,2,,,,0,1,1,0,0
09718,1,09718,MDJN-RE SPL,,2,,,,0,1,1,0,0
09720,1,09720,RE-JP SPL,,2,,,,0,1,1,0,0
09803,1,09803,KOTA-NZM TOD SPL,,2,,,,0,1,1,0,0
09804,1,09804,NZM-KOTA TOD SPL,,2,,,,0,1,1,0,0
09821,1,09821,SGAC DHN SPL EXP,,2,,,,0,1,1,0,0
09822,1,09822,DHN SGAC SPL,,2,,,,0,1,1,0,0
10103,1,10103,MANDOVI EXPRESS,,2,,,,0,1,1,0,0
10104,1,10104,MANDOVI EXPRESS,,2,,,,0,1,1,0,0
10105,1,10105,DIVA SWV EXPRESS,,2,,,,0,1,1,0,0
10106,1,10106,SWV DIVA EXPRESS,,2,,,,0,1,1,0,0
10107,1,10107,MAO-MAQ MEMU EXPRESS,,2,,,,0,1,1,0,0
10108,1,10108,MAQ-MAO MEMU EXPRESS,,2,,,,0,1,1,0,0
10109,1,10109,MAO KAWR SPL,,2,,,,0,1,1,0,0
10110,1,10110,KAWR MAO EXP,,2,,,,0,1,1,0,0
10115,1,10115,BDTS MAO EXPRESS,,2,,,,0,1,1,0,0
10116,1,10116,MAO BDTS EXPRESS,,2,,,,0,1,1,0,0
10215,1,10215,MADGAON ERS EXP,,2,,,,0,1,1,0,0
10216,1,10216,ERS MAO SF EXP,,2,,,,0,1,1,0,0
11001,1,11001,NANDIGRAM EXP,,2,,,,0,1,1,0,0
11002,1,11002,NANDIGRAM EXP,,2,,,,0,1,1,0,0
11003,1,11003,TUTARI EXPRESS,,2,,,,0,1,1,0,0
11004,1,11004,TUTARI EXPRESS,,2,,,,0,1,1,0,0
11005,1,11005,PUDUCHERRY EXP,,2,,,,0,1,1,0,0
11006,1,11006,CHALUKYA EXPRESS,,2,,,,0,1,1,0,0
11007,1,11007,DECCAN EXPRESS,,2,,,,0,1,1,0,0
11008,1,11008,DECCAN EXPRESS,,2,,,,0,1,1,0,0
11009,1,11009,SINHAGAD EXP,,2,,,,0,1,1,0,0
11010,1,11010,SINHAGAD EXP,,2,,,,0,1,1,0,0
11011,1,11011,CSMT DHULE EXP,,2,,,,0,1,1,0,0
11012,1,11012,DHULE CSMT EXP,,2,,,,0,1,1,0,0
11013,1,11013,LTT CBE EXPRESS,,2,,,,0,1,1,0,0
11014,1,11014,CBE LTT EXP,,2,,,,0,1,1,0,0
11015,1,11015,SHC AMRIT BHARAT,,2,,,,0,1,1,0,0
11016,1,11016,AMRIT BHARAT EXP,,2,,,,0,1,1,0,0
11017,1,11017,LTT KARAIKAL EXP,,2,,,,0,1,1,0,0
11018,1,11018,KIK LTT EXPRESS,,2,,,,0,1,1,0,0
11019,1,11019,KONARK EXPRESS,,2,,,,0,1,1,0,0
11020,1,11020,KONARK EXPRESS,,2,,,,0,1,1,0,0
11021,1,11021,DADAR TEN EXP,,2,,,,0,1,1,0,0
11022,1,11022,TEN DR EXPRESS,,2,,,,0,1,1,0,0
11025,1,11025,PUNE AMI EXP,,2,,,,0,1,1,0,0
11026,1,11026,AMI PUNE EXP,,2,,,,0,1,1,0,0
11027,1,11027,DR SATARA EXP,,2,,,,0,1,1,0,0
11028,1,11028,SATARA DR EXP,,2,,,,0,1,1,0,0
11029,1,11029,KOYNA EXPRESS,,2,,,,0,1,1,0,0
11030,1,11030,KOYNA EXPRESS,,2,,,,0,1,1,0,0
11031,1,11031,APDJ AMRITBHARAT,,2,,,,0,1,1,0,0
11032,1,11032,PNVL AMRITBHARAT,,2,,,,0,1,1,0,0
11033,1,11033,DARBHANGA EXP,,2,,,,0,1,1,0,0
11034,1,11034,DBG PUNE EXP,,2,,,,0,1,1,0,0
11035,1,11035,SHARAVATI EXP,,2,,,,0,1,1,0,0
11036,1,11036,SHARAVATI EXP,,2,,,,0,1,1,0,0
11037,1,11037,PUNE BNY EXP,,2,,,,0,1,1,0,0
11038,1,11038,GKP PUNE EXP,,2,,,,0,1,1,0,0
11039,1,11039,MAHARASHTRA EXP,,2,,,,0,1,1,0,0
11040,1,11040,MAHARASHTRA EXP,,2,,,,0,1,1,0,0
11041,1,11041,DR SNSI EXP,,2,,,,0,1,1,0,0
11042,1,11042,SNSI DR EXP,,2,,,,0,1,1,0,0
11043,1,11043,DR BALLIA EXP,,2,,,,0,1,1,0,0
11044,1,11044,BUI DR EXP,,2,,,,0,1,1,0,0
11045,1,11045,KOP DHN EXP,,2,,,,0,1,1,0,0
11046,1,11046,DIKSHABHUMI EXP,,2,,,,0,1,1,0,0
11047,1,11047,DR-GKP EXP,,2,,,,0,1,1,0,0
11048,1,11048,GKP-DR EXP,,2,,,,0,1,1,0,0
11049,1,11049,ADI KOP  EXP,,2,,,,0,1,1,0,0
11050,1,11050,AHEMDABAD EXP,,2,,,,0,1,1,0,0
11055,1,11055,GODAN EXPRESS,,2,,,,0,1,1,0,0
11056,1,11056,GODAN EXPRESS,,2,,,,0,1,1,0,0
11057,1,11057,CSMT ASR EXPRESS,,2,,,,0,1,1,0,0
11058,1,11058,ASR CSMT EXP,,2,,,,0,1,1,0,0
11059,1,11059,CHHAPRA EXPRESS,,2,,,,0,1,1,0,0
11060,1,11060,CPR LTT EXPRESS,,2,,,,0,1,1,0,0
11061,1,11061,LTT JAYNAGAR EXP,,2,,,,0,1,1,0,0
11062,1,11062,JYG LTT EXP,,2,,,,0,1,1,0,0
11071,1,11071,KAMAYANI EXPRESS,,2,,,,0,1,1,0,0
11072,1,11072,KAMAYANI EXP,,2,,,,0,1,1,0,0
11077,1,11077,JHELUM EXPRESS,,2,,,,0,1,1,0,0
11078,1,11078,JHELUM EXPRESS,,2,,,,0,1,1,0,0
11079,1,11079,LTT GKP EXPRESS,,2,,,,0,1,1,0,0
11080,1,11080,GKP LTT EXPRESS,,2,,,,0,1,1,0,0
11081,1,11081,LTT GKP EXPRESS,,2,,,,0,1,1,0,0
11082,1,11082,GKP LTT EXPRESS,,2,,,,0,1,1,0,0
11085,1,11085,SMVB GWL EXP,,2,,,,0,1,1,0,0
11086,1,11086,GWL SMVB EXPRESS,,2,,,,0,1,1,0,0
11087,1,11087,VERAVAL PUNE EXP,,2,,,,0,1,1,0,0
11088,1,11088,PUNE VRL EXP,,2,,,,0,1,1,0,0
11089,1,11089,BGKT PUNE EXP,,2,,,,0,1,1,0,0
11090,1,11090,PUNE BGKT EXP,,2,,,,0,1,1,0,0
11091,1,11091,BHUJ PUNE SPL,,2,,,,0,1,1,0,0
11092,1,11092,PUNE BHUJ EXP,,2,,,,0,1,1,0,0
11097,1,11097,POORNA EXPRESS,,2,,,,0,1,1,0,0
11098,1,11098,POORNA EXPRESS,,2,,,,0,1,1,0,0
11099,1,11099,LTT MADGAON EXP,,2,,,,0,1,1,0,0
11100,1,11100,MADGAON LTT EXP,,2,,,,0,1,1,0,0
11107,1,11107,BUNDELKHAND EXP,,2,,,,0,1,1,0,0
11108,1,11108,BUNDELKHAND EXP,,2,,,,0,1,1,0,0
11109,1,11109,LJN INTERCITY,,2,,,,0,1,1,0,0
11110,1,11110,JHS INTERCITY,,2,,,,0,1,1,0,0
11113,1,11113,DVL-BSL EXP,,2,,,,0,1,1,0,0
11114,1,11114,BSL-DVL EXP,,2,,,,0,1,1,0,0
11115,1,11115,BSL ET MEMU,,2,,,,0,1,1,0,0
11116,1,11116,ET BSL MEMU,,2,,,,0,1,1,0,0
11119,1,11119,BSL-IGP MEMU,,2,,,,0,1,1,0,0
11120,1,11120,IGP MEMU,,2,,,,0,1,1,0,0
11121,1,11121,BSL-WR EXP,,2,,,,0,1,1,0,0
11122,1,11122,WR-BSL EXP,,2,,,,0,1,1,0,0
11123,1,11123,GWL BJU EXPRESS,,2,,,,0,1,1,0,0
11124,1,11124,BJU GWL MAIL,,2,,,,0,1,1,0,0
11125,1,11125,RTM GWALIOR EXP,,2,,,,0,1,1,0,0
11126,1,11126,GWL RTM EXPRESS,,2,,,,0,1,1,0,0
11139,1,11139,CSMT HPT EXP,,2,,,,0,1,1,0,0
11140,1,11140,HPT CSMT EXP,,2,,,,0,1,1,0,0
11201,1,11201,NGP SDL EXPRESS,,2,,,,0,1,1,0,0
11202,1,11202,SDL NGP EXPRESS,,2,,,,0,1,1,0,0
11203,1,11203,NGP MAO EXPRESS,,2,,,,0,1,1,0,0
11204,1,11204,MAO NGP EXPRESS,,2,,,,0,1,1,0,0
11265,1,11265,MML ABKP EXP,,2,,,,0,1,1,0,0
11266,1,11266,ABKP MML EXP,,2,,,,0,1,1,0,0
11271,1,11271,VINDHYACHAL EXP,,2,,,,0,1,1,0,0
11272,1,11272,VINDHYACHAL EXP,,2,,,,0,1,1,0,0
11273,1,11273,ET PCOI EXP,,2,,,,0,1,1,0,0
11274,1,11274,PCOI ET EXPRESS,,2,,,,0,1,1,0,0
11301,1,11301,UDYAN EXPRESS,,2,,,,0,1,1,0,0
11302,1,11302,UDYAN EXP,,2,,,,0,1,1,0,0
11303,1,11303,LTT SUR EXP,,2,,,,0,1,1,0,0
11304,1,11304,SUR LTT EXP,,2,,,,0,1,1,0,0
11311,1,11311,SUR HASAN EXP,,2,,,,0,1,1,0,0
11312,1,11312,HAS SUR EXP,,2,,,,0,1,1,0,0
11313,1,11313,ANAKAPALLE EXP,,2,,,,0,1,1,0,0
11314,1,11314,AKP SUR EXPRESS,,2,,,,0,1,1,0,0
11401,1,11401,PUNE SUPAUL EXP,,2,,,,0,1,1,0,0
11402,1,11402,SOU PUNE EXP,,2,,,,0,1,1,0,0
11403,1,11403,NGP KOP EXPRESS,,2,,,,0,1,1,0,0
11404,1,11404,KOP NAGPUR EXP,,2,,,,0,1,1,0,0
11405,1,11405,PUNE AMI EXP,,2,,,,0,1,1,0,0
11406,1,11406,AMI PUNE EXPRES,,2,,,,0,1,1,0,0
11407,1,11407,PUNE LUCKNOW EXP,,2,,,,0,1,1,0,0
11408,1,11408,LJN PUNE EXP,,2,,,,0,1,1,0,0
11409,1,11409,DD-NZB EXP,,2,,,,0,1,1,0,0
11410,1,11410,NZB-PUNE EXP,,2,,,,0,1,1,0,0
11411,1,11411,PRLI-SLI DMU,,2,,,,0,1,1,0,0
11412,1,11412,SLI - PRLI DMU EXPRESS,,2,,,,0,1,1,0,0
11413,1,11413,NZB-PVR EXP,,2,,,,0,1,1,0,0
11414,1,11414,PVR-NZB EXP,,2,,,,0,1,1,0,0
11415,1,11415,SUR-HPT EXP,,2,,,,0,1,1,0,0
11416,1,11416,GDG-SUR EXP,,2,,,,0,1,1,0,0
11417,1,11417,PUNE SUR EXP,,2,,,,0,1,1,0,0
11418,1,11418,SUR PUNE EXP,,2,,,,0,1,1,0,0
11419,1,11419,PUNE-KOP EXP,,2,,,,0,1,1,0,0
11420,1,11420,KOP-PUNE EXP,,2,,,,0,1,1,0,0
11421,1,11421,HDP SUR DEMU,,2,,,,0,1,1,0,0
11422,1,11422,SUR PUNE DEMU,,2,,,,0,1,1,0,0
11423,1,11423,PUNE SNSI EXP,,2,,,,0,1,1,0,0
11424,1,11424,SNSI PUNE EXP,,2,,,,0,1,1,0,0
11425,1,11425,PUNE KOP DMU,,2,,,,0,1,1,0,0
11426,1,11426,KOP-PUNE DMU,,2,,,,0,1,1,0,0
11427,1,11427,PUNE JASIDIH EXP,,2,,,,0,1,1,0,0
11428,1,11428,JSME PUNE EXP,,2,,,,0,1,1,0,0
11429,1,11429,HDP HARANGUL EXP,,2,,,,0,1,1,0,0
11430,1,11430,HARANGUL HDP EXP,,2,,,,0,1,1,0,0
11431,1,11431,DNR AMRIT BHARAT,,2,,,,0,1,1,0,0
11432,1,11432,AMRIT BHARAT EXP,,2,,,,0,1,1,0,0
11447,1,11447,SHAKTIPUNJ EXP,,2,,,,0,1,1,0,0
11448,1,11448,SHAKTIPUNJ EXP,,2,,,,0,1,1,0,0
11449,1,11449,JBP SVDK EXP,,2,,,,0,1,1,0,0
11450,1,11450,SVDK JBP EXP,,2,,,,0,1,1,0,0
11463,1,11463,SMNH JBP EXP,,2,,,,0,1,1,0,0
11464,1,11464,JBP SOMNATH EXP,,2,,,,0,1,1,0,0
11465,1,11465,SMNH JBP EXP,,2,,,,0,1,1,0,0
11466,1,11466,JBP SOMNATH EXP,,2,,,,0,1,1,0,0
11601,1,11601,BINA-KTE EXP MEMU,,2,,,,0,1,1,0,0
11602,1,11602,KTE-BINA EXP MEMU,,2,,,,0,1,1,0,0
11603,1,11603,KOTA-BINA EXPRESS MEMU,,2,,,,0,1,1,0,0
11604,1,11604,BINA-KOTA EXPRESS MEMU,,2,,,,0,1,1,0,0
11605,1,11605,BPL-BINA EXP MEMU,,2,,,,0,1,1,0,0
11606,1,11606,BINA-BPL EXP MEMU,,2,,,,0,1,1,0,0
11631,1,11631,BPL DHN EXP,,2,,,,0,1,1,0,0
11632,1,11632,DHN BPL EXP,,2,,,,0,1,1,0,0
11633,1,11633,BPL CPU EXP,,2,,,,0,1,1,0,0
11634,1,11634,CPU BPL  EXP,,2,,,,0,1,1,0,0
11651,1,11651,SGRL INTERCITY,,2,,,,0,1,1,0,0
11652,1,11652,MML INTERCITY,,2,,,,0,1,1,0,0
11665,1,11665,RKMP- AGARTALA EXP,,2,,,,0,1,1,0,0
11666,1,11666,AGTL-RKMP EXP,,2,,,,0,1,1,0,0
11701,1,11701,MOOK MATI EXP,,2,,,,0,1,1,0,0
11702,1,11702,MOOK MATI EXP,,2,,,,0,1,1,0,0
11703,1,11703,REWA DADN EXP,,2,,,,0,1,1,0,0
11704,1,11704,DADN REWA SPL,,2,,,,0,1,1,0,0
11705,1,11705,JBP REWA EXP,,2,,,,0,1,1,0,0
11706,1,11706,REWA JBP EXP,,2,,,,0,1,1,0,0
11751,1,11751,REWA CHRM EXP,,2,,,,0,1,1,0,0
11752,1,11752,CHRM REWA EXP,,2,,,,0,1,1,0,0
11753,1,11753,NITR REWA EXP,,2,,,,0,1,1,0,0
11754,1,11754,REWA NITR EXP,,2,,,,0,1,1,0,0
11755,1,11755,NITR REWA EXP,,2,,,,0,1,1,0,0
11756,1,11756,REWA NITR EXP,,2,,,,0,1,1,0,0
11801,1,11801,GWL PRYJ EXP,,2,,,,0,1,1,0,0
11802,1,11802,PRYJ GWL EXP,,2,,,,0,1,1,0,0
11807,1,11807,VGLJ-AGC MEMU,,2,,,,0,1,1,0,0
11808,1,11808,MTJ-VGLJ MEMU,,2,,,,0,1,1,0,0
11841,1,11841,GITA JAYANTI EX,,2,,,,0,1,1,0,0
11842,1,11842,GITA JAYANTI EX,,2,,,,0,1,1,0,0
11901,1,11901,VGLJ AGC EXP,,2,,,,0,1,1,0,0
11902,1,11902,AGC-VGLJ EXP,,2,,,,0,1,1,0,0
11903,1,11903,VGLJ ETW EXP,,2,,,,0,1,1,0,0
11904,1,11904,ETW VGLJ EXP,,2,,,,0,1,1,0,0
11905,1,11905,AGC HSX EXP,,2,,,,0,1,1,0,0
11906,1,11906,HSX AGC EXP,,2,,,,0,1,1,0,0
12001,1,12001,NDLS SHATABDI,,2,,,,0,1,1,0,0
12002,1,12002,SHATABDI EXPRES,,2,,,,0,1,1,0,0
12003,1,12003,SWARAN SHATABDI,,2,,,,0,1,1,0,0
12004,1,12004,SHATABDI EXPRESS,,2,,,,0,1,1,0,0
12005,1,12005,KALKA SHTBDI EX,,2,,,,0,1,1,0,0
12006,1,12006,KALKA SHTABDI EX,,2,,,,0,1,1,0,0
12007,1,12007,MYS SHATABDI,,2,,,,0,1,1,0,0
12008,1,12008,SHATABDI EXP,,2,,,,0,1,1,0,0
12009,1,12009,ADI SHATABDI EXP,,2,,,,0,1,1,0,0
12010,1,12010,MMCT SHATABDI EX,,2,,,,0,1,1,0,0
12011,1,12011,KLK SHATABADI,,2,,,,0,1,1,0,0
12012,1,12012,KLK SHATABADI,,2,,,,0,1,1,0,0
12013,1,12013,AMRITSAR SHTABDI,,2,,,,0,1,1,0,0
12014,1,12014,AMRITSAR SHTABDI,,2,,,,0,1,1,0,0
12015,1,12015,AJMER SHATABDI,,2,,,,0,1,1,0,0
12016,1,12016,AII NDLS SHATBI,,2,,,,0,1,1,0,0
12017,1,12017,DDN SHTBDI EXP,,2,,,,0,1,1,0,0
12018,1,12018,DDN SHTABADI EXP,,2,,,,0,1,1,0,0
12019,1,12019,SHATABDI EXP,,2,,,,0,1,1,0,0
12020,1,12020,SHATABDI EXP,,2,,,,0,1,1,0,0
12021,1,12021,BBN JANSHATABDI,,2,,,,0,1,1,0,0
12022,1,12022,HWH JANSHATABDI,,2,,,,0,1,1,0,0
12023,1,12023,JANSHATABDI EXP,,2,,,,0,1,1,0,0
12024,1,12024,JANSHATABDI EXP,,2,,,,0,1,1,0,0
12025,1,12025,SHATABDI EXP,,2,,,,0,1,1,0,0
12026,1,12026,PUNE SHATABDI,,2,,,,0,1,1,0,0
12027,1,12027,MAS SBC SHATABDI,,2,,,,0,1,1,0,0
12028,1,12028,SHATABDI EXP,,2,,,,0,1,1,0,0
12029,1,12029,SWARN SHATABDI,,2,,,,0,1,1,0,0
12030,1,12030,SWARN SHATABDI,,2,,,,0,1,1,0,0
12031,1,12031,AMRITSAR SHTABDI,,2,,,,0,1,1,0,0
12032,1,12032,AMRITSAR SHTABDI,,2,,,,0,1,1,0,0
12033,1,12033,SHATABDI EXP,,2,,,,0,1,1,0,0
12034,1,12034,NDLS CNB SHT,,2,,,,0,1,1,0,0
12035,1,12035,PURNAGIRI JANST,,2,,,,0,1,1,0,0
12036,1,12036,PURANGIRI JANST,,2,,,,0,1,1,0,0
12037,1,12037,SIDDHABALI J SH,,2,,,,0,1,1,0,0
12038,1,12038,SIDDHABALI J SH,,2,,,,0,1,1,0,0
12039,1,12039,NDLS SHATABADI,,2,,,,0,1,1,0,0
12040,1,12040,KATHGODAM SHTBDI,,2,,,,0,1,1,0,0
12041,1,12041,SHATABDI EXP,,2,,,,0,1,1,0,0
12042,1,12042,SHATABDI EXP,,2,,,,0,1,1,0,0
12045,1,12045,CDG SHATABDI,,2,,,,0,1,1,0,0
12046,1,12046,NDLS SHATABDI,,2,,,,0,1,1,0,0
12047,1,12047,NLP JANSHATABDI,,2,,,,0,1,1,0,0
12048,1,12048,GHY JANSHATABDI,,2,,,,0,1,1,0,0
12049,1,12049,GATIMAAN EXP,,2,,,,0,1,1,0,0
12050,1,12050,GATIMAAN EXP,,2,,,,0,1,1,0,0
12051,1,12051,MAO JANSHATABDI,,2,,,,0,1,1,0,0
12052,1,12052,CSMT JANSHTABDI,,2,,,,0,1,1,0,0
12053,1,12053,ASR JANSHATABDI,,2,,,,0,1,1,0,0
12054,1,12054,HW JANSHATABDI,,2,,,,0,1,1,0,0
12055,1,12055,DDN JANSHTBDI,,2,,,,0,1,1,0,0
12056,1,12056,JANSHATABDI EXP,,2,,,,0,1,1,0,0
12057,1,12057,JANSHATABDI EXP,,2,,,,0,1,1,0,0
12058,1,12058,JANSHATABDI EXP,,2,,,,0,1,1,0,0
12059,1,12059,NZM JAN SHATABDI,,2,,,,0,1,1,0,0
12060,1,12060,JANSHATABDI EXP,,2,,,,0,1,1,0,0
12061,1,12061,JBP JANSHATABDI,,2,,,,0,1,1,0,0
12062,1,12062,RKMP JANSHTBDI,,2,,,,0,1,1,0,0
12065,1,12065,DEE JAN SHATBDI,,2,,,,0,1,1,0,0
12066,1,12066,JANSHATABDI EXP,,2,,,,0,1,1,0,0
12067,1,12067,JANSATABDI EXP,,2,,,,0,1,1,0,0
12068,1,12068,JANSATABDI EXP,,2,,,,0,1,1,0,0
12069,1,12069,JANSHATABDI EXP,,2,,,,0,1,1,0,0
12070,1,12070,JANSHATABDI EXP,,2,,,,0,1,1,0,0
12071,1,12071,JANSHATABDTI EXP,,2,,,,0,1,1,0,0
12072,1,12072,JAN SHATABDI,,2,,,,0,1,1,0,0
12073,1,12073,BBS JANSHATABDI,,2,,,,0,1,1,0,0
12074,1,12074,JANA SATABDI EX,,2,,,,0,1,1,0,0
12075,1,12075,TVC JANSHATABDI,,2,,,,0,1,1,0,0
12076,1,12076,CLT JANSHATABDI,,2,,,,0,1,1,0,0
12077,1,12077,BZA JANSHATABDI,,2,,,,0,1,1,0,0
12078,1,12078,JAN SHATABDI,,2,,,,0,1,1,0,0
12079,1,12079,JANSHATABDI EXP,,2,,,,0,1,1,0,0
12080,1,12080,JANSHATABDI EXP,,2,,,,0,1,1,0,0
12081,1,12081,TVC JANSHATABDI,,2,,,,0,1,1,0,0
12082,1,12082,CAN JANSHATABDI,,2,,,,0,1,1,0,0
12083,1,12083,CBE JANSHATABDI,,2,,,,0,1,1,0,0
12084,1,12084,MV JAN SHATABDI,,2,,,,0,1,1,0,0
12087,1,12087,NHLN GHY VISTAD,,2,,,,0,1,1,0,0
12088,1,12088,GHY NHLN VISTAD,,2,,,,0,1,1,0,0
12089,1,12089,JANSHATABDI EXP,,2,,,,0,1,1,0,0
12090,1,12090,JANSHATABDI EXP,,2,,,,0,1,1,0,0
12091,1,12091,JANSHATABDI EXP,,2,,,,0,1,1,0,0
12092,1,12092,JANSHATABDI EXP,,2,,,,0,1,1,0,0
12101,1,12101,JNANESHWARI EXP,,2,,,,0,1,1,0,0
12102,1,12102,JANANESWARI EXP,,2,,,,0,1,1,0,0
12103,1,12103,PUNE LJN EXPRESS,,2,,,,0,1,1,0,0
12104,1,12104,LJN PUNE EXP,,2,,,,0,1,1,0,0
12105,1,12105,VIDARBHA EXPRESS,,2,,,,0,1,1,0,0
12106,1,12106,VIDARBHA EXP,,2,,,,0,1,1,0,0
12107,1,12107,LTT SITAPUR EXP,,2,,,,0,1,1,0,0
12108,1,12108,STP LTT SF EXP,,2,,,,0,1,1,0,0
12109,1,12109,PANCHAVATI EXP,,2,,,,0,1,1,0,0
12110,1,12110,PANCHAVATI EXP,,2,,,,0,1,1,0,0
12111,1,12111,CSMT AMI SF EXP,,2,,,,0,1,1,0,0
12112,1,12112,AMI CSMT SF EXP,,2,,,,0,1,1,0,0
12113,1,12113,NGP GARIBRATH,,2,,,,0,1,1,0,0
12114,1,12114,PUNE GARIBRATH,,2,,,,0,1,1,0,0
12115,1,12115,SIDDHESHWAR EXP,,2,,,,0,1,1,0,0
12116,1,12116,SIDDHESHWAR EXP,,2,,,,0,1,1,0,0
12119,1,12119,AMI AJNI SF EXP,,2,,,,0,1,1,0,0
12120,1,12120,AJNI AMI SF EXP,,2,,,,0,1,1,0,0
12121,1,12121,MP SAMPRK KRNTI,,2,,,,0,1,1,0,0
12122,1,12122,M P S KRNTI EXP,,2,,,,0,1,1,0,0
12123,1,12123,DECCAN QUEEN,,2,,,,0,1,1,0,0
12124,1,12124,DECCAN QUEEN,,2,,,,0,1,1,0,0
12125,1,12125,PRAGATI EXPRESS,,2,,,,0,1,1,0,0
12126,1,12126,PRAGATI EXPRESS,,2,,,,0,1,1,0,0
12127,1,12127,INTERCITY EXP,,2,,,,0,1,1,0,0
12128,1,12128,INTERCITY EXP,,2,,,,0,1,1,0,0
12129,1,12129,AZAD HIND EXP,,2,,,,0,1,1,0,0
12130,1,12130,AZAD HIND EXP,,2,,,,0,1,1,0,0
12131,1,12131,DR SAINAGAR EXP,,2,,,,0,1,1,0,0
12132,1,12132,SAINAGAR DR EXP,,2,,,,0,1,1,0,0
12133,1,12133,MANGALURU EXP,,2,,,,0,1,1,0,0
12134,1,12134,MAJN CSMT SF EXP,,2,,,,0,1,1,0,0
12135,1,12135,PUNE NAGPUR EXP,,2,,,,0,1,1,0,0
12136,1,12136,NGP PUNE SF EXP,,2,,,,0,1,1,0,0
12137,1,12137,PUNJAB MAIL,,2,,,,0,1,1,0,0
12138,1,12138,PUNJAB MAIL,,2,,,,0,1,1,0,0
12139,1,12139,SEVAGRAM EXP,,2,,,,0,1,1,0,0
12140,1,12140,SEVAGRAM EXP,,2,,,,0,1,1,0,0
12141,1,12141,PATLIPUTRA EXP,,2,,,,0,1,1,0,0
12142,1,12142,PPTA LTT EXP,,2,,,,0,1,1,0,0
12143,1,12143,LTT SLN SF EXP,,2,,,,0,1,1,0,0
12144,1,12144,LTT EXPRESS,,2,,,,0,1,1,0,0
12145,1,12145,LTT PURI EXP,,2,,,,0,1,1,0,0
12146,1,12146,PURI LTT SF,,2,,,,0,1,1,0,0
12147,1,12147,KOP NZM SF EXP,,2,,,,0,1,1,0,0
12148,1,12148,KOLHAPUR EXPRES,,2,,,,0,1,1,0,0
12151,1,12151,LTT SHM SF EXP,,2,,,,0,1,1,0,0
12152,1,12152,SAMARSATA EXP,,2,,,,0,1,1,0,0
12153,1,12153,LTT RKMP EXPRESS,,2,,,,0,1,1,0,0
12154,1,12154,RKMP LTT EXP,,2,,,,0,1,1,0,0
12155,1,12155,RKMP NZM SF EXP,,2,,,,0,1,1,0,0
12156,1,12156,BHOPAL EXPRESS,,2,,,,0,1,1,0,0
12157,1,12157,HUTATMA EXPRESS,,2,,,,0,1,1,0,0
12158,1,12158,HUTATMA EXPRESS,,2,,,,0,1,1,0,0
12159,1,12159,AMI JBP SF EXP,,2,,,,0,1,1,0,0
12160,1,12160,JBP AMI SF EXP,,2,,,,0,1,1,0,0
12161,1,12161,LASHKAR EXP,,2,,,,0,1,1,0,0
12162,1,12162,LASHKAR SF EXP,,2,,,,0,1,1,0,0
12163,1,12163,LTT MAS EXP,,2,,,,0,1,1,0,0
12164,1,12164,MAS LTT SF EXP,,2,,,,0,1,1,0,0
12165,1,12165,LTT GKP SF EXP,,2,,,,0,1,1,0,0
12166,1,12166,GKP LTT EXPRESS,,2,,,,0,1,1,0,0
12167,1,12167,LTT BANARAS EXP,,2,,,,0,1,1,0,0
12168,1,12168,BNRS LTT SF EXP,,2,,,,0,1,1,0,0
12169,1,12169,SUR INTERCITY,,2,,,,0,1,1,0,0
12170,1,12170,PUNE INTERCITY,,2,,,,0,1,1,0,0
12171,1,12171,LTT HW AC EXP,,2,,,,0,1,1,0,0
12172,1,12172,HW LTT AC EXP,,2,,,,0,1,1,0,0
12173,1,12173,UDYOG NAGRI EXP,,2,,,,0,1,1,0,0
12174,1,12174,UDYOG NAGRI EXP,,2,,,,0,1,1,0,0
12175,1,12175,CHAMBAL EXPRESS,,2,,,,0,1,1,0,0
12176,1,12176,CHAMBAL EXPRESS,,2,,,,0,1,1,0,0
12177,1,12177,CHAMBAL EXPRESS,,2,,,,0,1,1,0,0
12178,1,12178,CHAMBAL EXPRESS,,2,,,,0,1,1,0,0
12179,1,12179,AF INTERCITY,,2,,,,0,1,1,0,0
12180,1,12180,LJN INTERCITY,,2,,,,0,1,1,0,0
12181,1,12181,DAYODAI EXP,,2,,,,0,1,1,0,0
12182,1,12182,DAYODAI EXP,,2,,,,0,1,1,0,0
12183,1,12183,BPL MBDP SF EXP,,2,,,,0,1,1,0,0
12184,1,12184,PBH BPL EXPRESS,,2,,,,0,1,1,0,0
12185,1,12185,REWANCHAL EXP,,2,,,,0,1,1,0,0
12186,1,12186,REWANCHAL EXP,,2,,,,0,1,1,0,0
12187,1,12187,GARIBRATH EXP,,2,,,,0,1,1,0,0
12188,1,12188,JBP GARIB RATH,,2,,,,0,1,1,0,0
12189,1,12189,MAHAKAUSHAL EXP,,2,,,,0,1,1,0,0
12190,1,12190,MAHAKAUSHAL EXP,,2,,,,0,1,1,0,0
12191,1,12191,NZM JBP SF EXP,,2,,,,0,1,1,0,0
12192,1,12192,JBP NZM SF EXP,,2,,,,0,1,1,0,0
12193,1,12193,YPR JBP EXP,,2,,,,0,1,1,0,0
12194,1,12194,JBP YPR EXP,,2,,,,0,1,1,0,0
12195,1,12195,AII INTERCITY,,2,,,,0,1,1,0,0
12196,1,12196,AII AF INTERCTY,,2,,,,0,1,1,0,0
12197,1,12197,GWL INTERCITY,,2,,,,0,1,1,0,0
12198,1,12198,BPL INTERCITY,,2,,,,0,1,1,0,0
12201,1,12201,TVCN GARIBRATH,,2,,,,0,1,1,0,0
12202,1,12202,LTT GARIB RATH,,2,,,,0,1,1,0,0
12203,1,12203,GARIB RATH EXP,,2,,,,0,1,1,0,0
12204,1,12204,SHC GARIB RATH,,2,,,,0,1,1,0,0
12207,1,12207,JAMMU GARIBRATH,,2,,,,0,1,1,0,0
12208,1,12208,KGM GARIB RATH,,2,,,,0,1,1,0,0
12209,1,12209,KGM GARIBRATH,,2,,,,0,1,1,0,0
12210,1,12210,CNB GARIBRATH,,2,,,,0,1,1,0,0
12211,1,12211,ANVT GARIB RATH,,2,,,,0,1,1,0,0
12212,1,12212,MFP GARIB RATH,,2,,,,0,1,1,0,0
12213,1,12213,YPR DEE DURONTO,,2,,,,0,1,1,0,0
12214,1,12214,DEE YPR DURONTO,,2,,,,0,1,1,0,0
12215,1,12215,BDTS GARIB RATH,,2,,,,0,1,1,0,0
12216,1,12216,DEE GARIBRATH,,2,,,,0,1,1,0,0
12217,1,12217,SAMPARK KRANTHI,,2,,,,0,1,1,0,0
12218,1,12218,KERLA S KRNTI SF,,2,,,,0,1,1,0,0
12219,1,12219,SC DURONTO EXP,,2,,,,0,1,1,0,0
12220,1,12220,LTT DURONTO,,2,,,,0,1,1,0,0
12221,1,12221,HOWRAH DURONTO,,2,,,,0,1,1,0,0
12222,1,12222,PUNE DURONTO EX,,2,,,,0,1,1,0,0
12223,1,12223,LTT ERS DURONTO,,2,,,,0,1,1,0,0
12224,1,12224,ERS LTT DURONTO,,2,,,,0,1,1,0,0
12225,1,12225,KAIFIYAT EXP,,2,,,,0,1,1,0,0
12226,1,12226,KAIFIYAT EXP,,2,,,,0,1,1,0,0
12227,1,12227,INDB DURONTO,,2,,,,0,1,1,0,0
12228,1,12228,MMCT DURONTO,,2,,,,0,1,1,0,0
12229,1,12229,LUCKNOW MAIL,,2,,,,0,1,1,0,0
12230,1,12230,LUCKNOW MAIL,,2,,,,0,1,1,0,0
12231,1,12231,LKO CDG EXPRESS,,2,,,,0,1,1,0,0
12232,1,12232,CDG LKO EXPRESS,,2,,,,0,1,1,0,0
12235,1,12235,ANVT HUMSFR EXP,,2,,,,0,1,1,0,0
12236,1,12236,MADHUPUR HUMSFR,,2,,,,0,1,1,0,0
12237,1,12237,BEGUMPURA EXP,,2,,,,0,1,1,0,0
12238,1,12238,BEGUMPURA EXP,,2,,,,0,1,1,0,0
12239,1,12239,HISAR DURONTO,,2,,,,0,1,1,0,0
12240,1,12240,MMCT DURONTO EXP,,2,,,,0,1,1,0,0
12243,1,12243,MAS CBE SHATABDI,,2,,,,0,1,1,0,0
12244,1,12244,CBE MAS SHATABDI,,2,,,,0,1,1,0,0
12245,1,12245,SMVB DURONTO EXP,,2,,,,0,1,1,0,0
12246,1,12246,DURONTO EXPRESS,,2,,,,0,1,1,0,0
12247,1,12247,BDTS NZM YUVA EX,,2,,,,0,1,1,0,0
12248,1,12248,BANDRA YUVA EXP,,2,,,,0,1,1,0,0
12249,1,12249,SWARN NAGARI EX,,2,,,,0,1,1,0,0
12250,1,12250,SWARN NAGARI EX,,2,,,,0,1,1,0,0
12251,1,12251,WAINGANGA EXP,,2,,,,0,1,1,0,0
12252,1,12252,WAINGANGA EXP,,2,,,,0,1,1,0,0
12253,1,12253,ANGA EXP,,2,,,,0,1,1,0,0
12254,1,12254,ANGA EXPRESS,,2,,,,0,1,1,0,0
12257,1,12257,YPR TVCN GR EXP,,2,,,,0,1,1,0,0
12258,1,12258,TVCN YPR GR EXP,,2,,,,0,1,1,0,0
12259,1,12259,BKN DURONTO EXP,,2,,,,0,1,1,0,0
12260,1,12260,SDAH DURONTO,,2,,,,0,1,1,0,0
12261,1,12261,HOWRAH DURONTO,,2,,,,0,1,1,0,0
12262,1,12262,CSMT DURONTO EX,,2,,,,0,1,1,0,0
12263,1,12263,NZM DURONTO,,2,,,,0,1,1,0,0
12264,1,12264,PUNE DURNTO EXP,,2,,,,0,1,1,0,0
12265,1,12265,JAT DURONTO EXP,,2,,,,0,1,1,0,0
12266,1,12266,DEE DURONTO EXP,,2,,,,0,1,1,0,0
12267,1,12267,HAPA  DURONTO EX,,2,,,,0,1,1,0,0
12268,1,12268,MMCT DURONTO EXP,,2,,,,0,1,1,0,0
12269,1,12269,MAS NZM DURONTO,,2,,,,0,1,1,0,0
12270,1,12270,MAS DURONTO EXP,,2,,,,0,1,1,0,0
12273,1,12273,NDLS DURONTO EX,,2,,,,0,1,1,0,0
12274,1,12274,HWH DURONTO EXP,,2,,,,0,1,1,0,0
12275,1,12275,NDLS HUMSAFAR,,2,,,,0,1,1,0,0
12276,1,12276,HUMSAFAR EXPRES,,2,,,,0,1,1,0,0
12277,1,12277,SATABDI EXPRESS,,2,,,,0,1,1,0,0
12278,1,12278,SATABDI EXPRESS,,2,,,,0,1,1,0,0
12279,1,12279,TAJ EXPRESS,,2,,,,0,1,1,0,0
12280,1,12280,TAJ EXPRESS,,2,,,,0,1,1,0,0
12281,1,12281,DURONTO EXPRESS,,2,,,,0,1,1,0,0
12282,1,12282,BBS DURONTO EXP,,2,,,,0,1,1,0,0
12283,1,12283,ERS NZM DURONTO,,2,,,,0,1,1,0,0
12284,1,12284,NZM ERS DURONTO,,2,,,,0,1,1,0,0
12285,1,12285,NZM DURONTO,,2,,,,0,1,1,0,0
12286,1,12286,SC DURONTO EXP,,2,,,,0,1,1,0,0
12289,1,12289,NGP DURONTO EXP,,2,,,,0,1,1,0,0
12290,1,12290,CSMT DURONTO EXP,,2,,,,0,1,1,0,0
12291,1,12291,YPR MAS SF EXP,,2,,,,0,1,1,0,0
12292,1,12292,MAS YPR SF EXP,,2,,,,0,1,1,0,0
12293,1,12293,PRYJ DURONTO,,2,,,,0,1,1,0,0
12294,1,12294,LTT DURONTO,,2,,,,0,1,1,0,0
12295,1,12295,SANGHAMITRA EXP,,2,,,,0,1,1,0,0
12296,1,12296,SANGHA MITRA EX,,2,,,,0,1,1,0,0
12297,1,12297,PUNE DURONTO,,2,,,,0,1,1,0,0
12298,1,12298,ADI DURONTO,,2,,,,0,1,1,0,0
12301,1,12301,RAJDHANI EXPRES,,2,,,,0,1,1,0,0
12302,1,12302,HWH RAJDHANI,,2,,,,0,1,1,0,0
12303,1,12303,POORVA EXPRESS,,2,,,,0,1,1,0,0
12304,1,12304,POORVA EXPRESS,,2,,,,0,1,1,0,0
12305,1,12305,RAJDHANI EXPRES,,2,,,,0,1,1,0,0
12306,1,12306,KOLKATA RAJDHNI,,2,,,,0,1,1,0,0
12307,1,12307,HWH JU EXPRESS,,2,,,,0,1,1,0,0
12308,1,12308,JU HWH SF EXP,,2,,,,0,1,1,0,0
12309,1,12309,RJPB TEJAS RAJ,,2,,,,0,1,1,0,0
12310,1,12310,RJPB TEJAS RAJ,,2,,,,0,1,1,0,0
12313,1,12313,RAJDHANI EXPRES,,2,,,,0,1,1,0,0
12314,1,12314,SEALDAH RAJDHNI,,2,,,,0,1,1,0,0
12315,1,12315,ANANYA EXPRESS,,2,,,,0,1,1,0,0
12316,1,12316,ANANYA EXP,,2,,,,0,1,1,0,0
12317,1,12317,AKAL TAKHT EXP,,2,,,,0,1,1,0,0
12318,1,12318,AKAL TAKHAT EXP,,2,,,,0,1,1,0,0
12319,1,12319,KOAA GWL EXP,,2,,,,0,1,1,0,0
12320,1,12320,GWL KOAA SF EXP,,2,,,,0,1,1,0,0
12321,1,12321,MUMBAI MAIL,,2,,,,0,1,1,0,0
12322,1,12322,KOLKATA MAIL,,2,,,,0,1,1,0,0
12323,1,12323,HWH BME EXP,,2,,,,0,1,1,0,0
12324,1,12324,BME HWH SF EXP,,2,,,,0,1,1,0,0
12325,1,12325,GURUMUKHI EXP,,2,,,,0,1,1,0,0
12326,1,12326,GURUMUKHI EXP,,2,,,,0,1,1,0,0
12329,1,12329,SAMPARK K EXP,,2,,,,0,1,1,0,0
12330,1,12330,SAMPARK K EXP,,2,,,,0,1,1,0,0
12335,1,12335,BGP LTT EXPRESS,,2,,,,0,1,1,0,0
12336,1,12336,LTT BHAGALPUR EX,,2,,,,0,1,1,0,0
12337,1,12337,SANTINIKETN EXP,,2,,,,0,1,1,0,0
12338,1,12338,SANTINIKETN EXP,,2,,,,0,1,1,0,0
12339,1,12339,COALFIELD EXP,,2,,,,0,1,1,0,0
12340,1,12340,COALFIELD EXP,,2,,,,0,1,1,0,0
12341,1,12341,AGNIVEENA EXP,,2,,,,0,1,1,0,0
12342,1,12342,AGNIVEENA EXP,,2,,,,0,1,1,0,0
12343,1,12343,DARJEELING MAIL,,2,,,,0,1,1,0,0
12344,1,12344,DARJEELING MAIL,,2,,,,0,1,1,0,0
12345,1,12345,SARAIGHAT EXP,,2,,,,0,1,1,0,0
12346,1,12346,SARAIGHAT EXP,,2,,,,0,1,1,0,0
12347,1,12347,HWH RPH EXPRESS,,2,,,,0,1,1,0,0
12348,1,12348,RPH HWH EXPRESS,,2,,,,0,1,1,0,0
12349,1,12349,GODA NDLS HMSFR,,2,,,,0,1,1,0,0
12350,1,12350,GODA HUMSAFAR,,2,,,,0,1,1,0,0
12351,1,12351,HWH RJPB EXP,,2,,,,0,1,1,0,0
12352,1,12352,RJPB HWH EXP,,2,,,,0,1,1,0,0
12353,1,12353,HWH LKU EXPRESS,,2,,,,0,1,1,0,0
12354,1,12354,LKU HWH SF EXP,,2,,,,0,1,1,0,0
12355,1,12355,ARCHNA EXP,,2,,,,0,1,1,0,0
12356,1,12356,ARCHANA EXP,,2,,,,0,1,1,0,0
12357,1,12357,DURGIANA EXP,,2,,,,0,1,1,0,0
12358,1,12358,DURGIANA EXP,,2,,,,0,1,1,0,0
12361,1,12361,ASN CSMT EXP,,2,,,,0,1,1,0,0
12362,1,12362,CSMT ASANSOL EXP,,2,,,,0,1,1,0,0
12363,1,12363,KOAA HDB SF EXP,,2,,,,0,1,1,0,0
12364,1,12364,HDB KOAA SF EXP,,2,,,,0,1,1,0,0
12365,1,12365,RNC JANSHATABDI,,2,,,,0,1,1,0,0
12366,1,12366,PNBE JANSHATBDI,,2,,,,0,1,1,0,0
12367,1,12367,VIKRAMSHILA EXP,,2,,,,0,1,1,0,0
12368,1,12368,VIKRAMSHILA EXP,,2,,,,0,1,1,0,0
12371,1,12371,HWH BKN SF EXP,,2,,,,0,1,1,0,0
12372,1,12372,BKN HWH SF EXP,,2,,,,0,1,1,0,0
12375,1,12375,TBM JSME SF EXP,,2,,,,0,1,1,0,0
12376,1,12376,JSME TBM EXP,,2,,,,0,1,1,0,0
12377,1,12377,PADATIK EXPRESS,,2,,,,0,1,1,0,0
12378,1,12378,PADATIK EXPRESS,,2,,,,0,1,1,0,0
12379,1,12379,JALIANWALA B EX,,2,,,,0,1,1,0,0
12380,1,12380,JALIANWALA B EX,,2,,,,0,1,1,0,0
12381,1,12381,POORVA EXPRESS,,2,,,,0,1,1,0,0
12382,1,12382,POORVA EXPRESS,,2,,,,0,1,1,0,0
12383,1,12383,ASN INTERCITY,,2,,,,0,1,1,0,0
12384,1,12384,SDAH INTERCITY,,2,,,,0,1,1,0,0
12389,1,12389,GAYA MAS EXPRES,,2,,,,0,1,1,0,0
12390,1,12390,MAS GAYA SF EXP,,2,,,,0,1,1,0,0
12391,1,12391,SHRAMJEEVI EXP,,2,,,,0,1,1,0,0
12392,1,12392,SHRAMJIVI EXP,,2,,,,0,1,1,0,0
12393,1,12393,S KRANTI SUP EX,,2,,,,0,1,1,0,0
12394,1,12394,SAMPOORAN K EXP,,2,,,,0,1,1,0,0
12395,1,12395,ZIYARAT EXPRESS,,2,,,,0,1,1,0,0
12396,1,12396,ZIYARAT EXPRESS,,2,,,,0,1,1,0,0
12397,1,12397,MAHABODHI EXP,,2,,,,0,1,1,0,0
12398,1,12398,MAHABODHI EXP,,2,,,,0,1,1,0,0
12401,1,12401,KOTA DDN AC EXP,,2,,,,0,1,1,0,0
12402,1,12402,DDN KOTA AC EXP,,2,,,,0,1,1,0,0
12403,1,12403,PRYJ LGH SF EXP,,2,,,,0,1,1,0,0
12404,1,12404,LGH PRYJ SF EXP,,2,,,,0,1,1,0,0
12405,1,12405,GONDWANA EXPRESS,,2,,,,0,1,1,0,0
12406,1,12406,GONDWANA EXP,,2,,,,0,1,1,0,0
12409,1,12409,GONDWANA SF EXP,,2,,,,0,1,1,0,0
12410,1,12410,GONDWANA EXP,,2,,,,0,1,1,0,0
12411,1,12411,INTERCITY EXP,,2,,,,0,1,1,0,0
12412,1,12412,INTERCITY EXP,,2,,,,0,1,1,0,0
12413,1,12413,GALTADHAM POOJA,,2,,,,0,1,1,0,0
12414,1,12414,GALTADHAM POOJA,,2,,,,0,1,1,0,0
12415,1,12415,INDB NDLS EXP,,2,,,,0,1,1,0,0
12416,1,12416,NDLS INDB EXP,,2,,,,0,1,1,0,0
12417,1,12417,PRAYAGRAJ EXP,,2,,,,0,1,1,0,0
12418,1,12418,PRAYAGRAJ EXP,,2,,,,0,1,1,0,0
12419,1,12419,GOMTI EXPRESS,,2,,,,0,1,1,0,0
12420,1,12420,GOMTI EXPRESS,,2,,,,0,1,1,0,0
12421,1,12421,NED ASR SF EXP,,2,,,,0,1,1,0,0
12422,1,12422,ASR NED SF EXP,,2,,,,0,1,1,0,0
12423,1,12423,RAJDHANI EXP,,2,,,,0,1,1,0,0
12424,1,12424,DBRT RAJDHANI,,2,,,,0,1,1,0,0
12425,1,12425,JAMMU RAJDHANI,,2,,,,0,1,1,0,0
12426,1,12426,JAMMU RAJDHANI,,2,,,,0,1,1,0,0
12427,1,12427,REWA ANVT EXP,,2,,,,0,1,1,0,0
12428,1,12428,REWA EXPRESS,,2,,,,0,1,1,0,0
12429,1,12429,LKO NDLS AC EXP,,2,,,,0,1,1,0,0
12430,1,12430,NDLS LKO AC EXP,,2,,,,0,1,1,0,0
12431,1,12431,RAJDHANI EXP,,2,,,,0,1,1,0,0
12432,1,12432,TVC RAJDHANI,,2,,,,0,1,1,0,0
12433,1,12433,MAS NZM RAJDHANI,,2,,,,0,1,1,0,0
12434,1,12434,NZM MAS RAJDHANI,,2,,,,0,1,1,0,0
12435,1,12435,GARIB RATH EXP,,2,,,,0,1,1,0,0
12436,1,12436,JYG GARIB RATH,,2,,,,0,1,1,0,0
12437,1,12437,SC NZM RAJDHANI,,2,,,,0,1,1,0,0
12438,1,12438,SC RAJDHANI,,2,,,,0,1,1,0,0
12439,1,12439,NED SGNR SF EXP,,2,,,,0,1,1,0,0
12440,1,12440,SGNR NED EXP,,2,,,,0,1,1,0,0
12441,1,12441,BSP NDLS RAJ EX,,2,,,,0,1,1,0,0
12442,1,12442,BSP RAJDHNI EXP,,2,,,,0,1,1,0,0
12443,1,12443,HLZ ANVT SF EXP,,2,,,,0,1,1,0,0
12444,1,12444,HALDIYA EXPRESS,,2,,,,0,1,1,0,0
12445,1,12445,UTTAR S KRANTI,,2,,,,0,1,1,0,0
12446,1,12446,UTTAR S KRANTI,,2,,,,0,1,1,0,0
12447,1,12447,UP SMPRK KRANTI,,2,,,,0,1,1,0,0
12448,1,12448,UP SAMPRK KRANTI,,2,,,,0,1,1,0,0
12449,1,12449,GOA SMPRK K,,2,,,,0,1,1,0,0
12450,1,12450,GOA SMPRK KRANT,,2,,,,0,1,1,0,0
12451,1,12451,SHRAM SHKTI EXP,,2,,,,0,1,1,0,0
12452,1,12452,SHRAM SHKTI EXP,,2,,,,0,1,1,0,0
12453,1,12453,RNC NDLS RAJ EX,,2,,,,0,1,1,0,0
12454,1,12454,RNC RAJDHANI,,2,,,,0,1,1,0,0
12455,1,12455,DEE BKN EXP,,2,,,,0,1,1,0,0
12456,1,12456,BKN DEE SF EXP,,2,,,,0,1,1,0,0
12457,1,12457,BKN SF EXP,,2,,,,0,1,1,0,0
12458,1,12458,BKN DEE EXP,,2,,,,0,1,1,0,0
12461,1,12461,VANDE BHARAT EXP,,2,,,,0,1,1,0,0
12462,1,12462,JU VANDE BHARAT,,2,,,,0,1,1,0,0
12463,1,12463,RAJ S KRNTI EXP,,2,,,,0,1,1,0,0
12464,1,12464,RJSTHN S KRANTI,,2,,,,0,1,1,0,0
12465,1,12465,RANTHAMBHORE EXP,,2,,,,0,1,1,0,0
12466,1,12466,RANTHAMBORE EXP,,2,,,,0,1,1,0,0
12467,1,12467,LEELAN EXP,,2,,,,0,1,1,0,0
12468,1,12468,LEELAN SF EXP,,2,,,,0,1,1,0,0
12469,1,12469,CNB JAT SF EXP,,2,,,,0,1,1,0,0
12470,1,12470,JAT CNB EXPRESS,,2,,,,0,1,1,0,0
12471,1,12471,SWARAJ EXPRESS,,2,,,,0,1,1,0,0
12472,1,12472,SWARAJ EXPRESS,,2,,,,0,1,1,0,0
12473,1,12473,SARVODAYA EXP,,2,,,,0,1,1,0,0
12474,1,12474,SARVODAYA EXP,,2,,,,0,1,1,0,0
12475,1,12475,HAPA SVDK EXP,,2,,,,0,1,1,0,0
12476,1,12476,SVDK HAPA EXP,,2,,,,0,1,1,0,0
12477,1,12477,JAM SVDK EXP,,2,,,,0,1,1,0,0
12478,1,12478,SVDK JAM EXP,,2,,,,0,1,1,0,0
12479,1,12479,SURYA NAGARI EXP,,2,,,,0,1,1,0,0
12480,1,12480,SURYANAGARI EXP,,2,,,,0,1,1,0,0
12481,1,12481,DLI SGNR EXP,,2,,,,0,1,1,0,0
12482,1,12482,INTERCITY EXP,,2,,,,0,1,1,0,0
12483,1,12483,TVCN ASR SF EXP,,2,,,,0,1,1,0,0
12484,1,12484,ASR-TVCN SUF EXPRESS,,2,,,,0,1,1,0,0
12485,1,12485,NED SGNR SF EXP,,2,,,,0,1,1,0,0
12486,1,12486,SGNR NED EXP,,2,,,,0,1,1,0,0
12487,1,12487,SEEMANCHAL EXP,,2,,,,0,1,1,0,0
12488,1,12488,SEEMANCHAL EXP,,2,,,,0,1,1,0,0
12489,1,12489,BKN DDR EXP,,2,,,,0,1,1,0,0
12490,1,12490,DDR BKN SF EXP,,2,,,,0,1,1,0,0
12493,1,12493,DARSHAN EXPRESS,,2,,,,0,1,1,0,0
12494,1,12494,DARSHAN EXPRESS,,2,,,,0,1,1,0,0
12495,1,12495,PRATAP EXPRESS,,2,,,,0,1,1,0,0
12496,1,12496,PRATAP EXPRESS,,2,,,,0,1,1,0,0
12497,1,12497,SHANE PUNJAB,,2,,,,0,1,1,0,0
12498,1,12498,SHANE PUNJAB,,2,,,,0,1,1,0,0
12501,1,12501,AGTL GARIB RATH,,2,,,,0,1,1,0,0
12502,1,12502,KOAA GARIB RATH,,2,,,,0,1,1,0,0
12503,1,12503,AGTL HUMSAFAR,,2,,,,0,1,1,0,0
12504,1,12504,HUMSAFAR EXP,,2,,,,0,1,1,0,0
12505,1,12505,NORTHEAST EXP,,2,,,,0,1,1,0,0
12506,1,12506,NORTH EAST EXP,,2,,,,0,1,1,0,0
12507,1,12507,KARMABHOOMI EXPRESS,,2,,,,0,1,1,0,0
12508,1,12508,KARMABHOOMI EXPRESS,,2,,,,0,1,1,0,0
12509,1,12509,GUWAHATI EXP,,2,,,,0,1,1,0,0
12510,1,12510,GHY SMVB EXP,,2,,,,0,1,1,0,0
12511,1,12511,RAPTISAGAR EXP,,2,,,,0,1,1,0,0
12512,1,12512,RAPTISAGAR SF EX,,2,,,,0,1,1,0,0
12517,1,12517,GHY GARIB RATH,,2,,,,0,1,1,0,0
12518,1,12518,KOAA GARIB RATH,,2,,,,0,1,1,0,0
12521,1,12521,RAPTI SAGAR EXP,,2,,,,0,1,1,0,0
12522,1,12522,RAPTISAGAR EXP,,2,,,,0,1,1,0,0
12527,1,12527,CPR ANVT SF EXP,,2,,,,0,1,1,0,0
12528,1,12528,ANVT CPR SF EXP,,2,,,,0,1,1,0,0
12533,1,12533,PUSHPAK EXPRESS,,2,,,,0,1,1,0,0
12534,1,12534,PUSHPAK EXPRESS,,2,,,,0,1,1,0,0
12535,1,12535,LJN R GARIBRATH,,2,,,,0,1,1,0,0
12536,1,12536,LJN GARIBRATH,,2,,,,0,1,1,0,0
12539,1,12539,YPR LKO EXP,,2,,,,0,1,1,0,0
12540,1,12540,LKO YPR EXP,,2,,,,0,1,1,0,0
12545,1,12545,RXL-LTT KARMBHUMI EXPRESS,,2,,,,0,1,1,0,0
12546,1,12546,LTT-RXL KARMBHUMI EXP,,2,,,,0,1,1,0,0
12547,1,12547,AGC GG SF EXP,,2,,,,0,1,1,0,0
12548,1,12548,GG  AGC SF EXP,,2,,,,0,1,1,0,0
12549,1,12549,DURG MCTM SF,,2,,,,0,1,1,0,0
12550,1,12550,MCTM DURG SF EXP,,2,,,,0,1,1,0,0
12551,1,12551,SMVB KYQ AC EXP,,2,,,,0,1,1,0,0
12552,1,12552,KYQ SMVB AC EXP,,2,,,,0,1,1,0,0
12555,1,12555,GORAKHDHAM EXP,,2,,,,0,1,1,0,0
12556,1,12556,GORAKHDHAM EXP,,2,,,,0,1,1,0,0
12557,1,12557,SAPT KRANTI EXP,,2,,,,0,1,1,0,0
12558,1,12558,SAPT KRANTI EXP,,2,,,,0,1,1,0,0
12559,1,12559,SHIV GANGA EXP,,2,,,,0,1,1,0,0
12560,1,12560,SHIV GANGA EXP,,2,,,,0,1,1,0,0
12561,1,12561,SWATANTRA S EXP,,2,,,,0,1,1,0,0
12562,1,12562,SWTANTRTA S EXP,,2,,,,0,1,1,0,0
12565,1,12565,BIHAR S KRANTI,,2,,,,0,1,1,0,0
12566,1,12566,BIHAR S KRANTI,,2,,,,0,1,1,0,0
12571,1,12571,ANVT HUMSAFAR,,2,,,,0,1,1,0,0
12572,1,12572,GKP HUMSAFAR EX,,2,,,,0,1,1,0,0
12577,1,12577,BAGMATI EXP,,2,,,,0,1,1,0,0
12578,1,12578,BAGMATI EXP,,2,,,,0,1,1,0,0
12581,1,12581,BNRS NDLS SFEXP,,2,,,,0,1,1,0,0
12582,1,12582,BNRS SF EXPRESS,,2,,,,0,1,1,0,0
12583,1,12583,ANVT DOUBLE DKR,,2,,,,0,1,1,0,0
12584,1,12584,LJN DOUBLE DKR,,2,,,,0,1,1,0,0
12587,1,12587,AMARNATH EXP,,2,,,,0,1,1,0,0
12588,1,12588,GKP SF EXP,,2,,,,0,1,1,0,0
12589,1,12589,GKP CHZ EXPRESS,,2,,,,0,1,1,0,0
12590,1,12590,CHZ GKP SF EXP,,2,,,,0,1,1,0,0
12591,1,12591,GKP YPR EXPRESS,,2,,,,0,1,1,0,0
12592,1,12592,GORAKHPUR EXP,,2,,,,0,1,1,0,0
12593,1,12593,LJN BPL G RATH,,2,,,,0,1,1,0,0
12594,1,12594,LJN GARIBRATH,,2,,,,0,1,1,0,0
12595,1,12595,ANVT HUMSAFAR,,2,,,,0,1,1,0,0
12596,1,12596,GKP HUMSAFAR EX,,2,,,,0,1,1,0,0
12597,1,12597,GKP-CSMT-ANTODAYA SUF,,2,,,,0,1,1,0,0
12598,1,12598,CSMT-GKP -ANTODAYA EXPRES,,2,,,,0,1,1,0,0
12601,1,12601,MAS MAQ SF MAIL,,2,,,,0,1,1,0,0
12602,1,12602,MAQ CHENNAI MAIL,,2,,,,0,1,1,0,0
12603,1,12603,MAS CHZ SF EXP,,2,,,,0,1,1,0,0
12604,1,12604,CHENNAI SF EXP,,2,,,,0,1,1,0,0
12605,1,12605,PALLAVAN SF EXP,,2,,,,0,1,1,0,0
12606,1,12606,PALLAVAN SF EXP,,2,,,,0,1,1,0,0
12607,1,12607,LALBAGH SF EXP,,2,,,,0,1,1,0,0
12608,1,12608,LALBAGH SF EXP,,2,,,,0,1,1,0,0
12611,1,12611,NZM GARIBRATH,,2,,,,0,1,1,0,0
12612,1,12612,MAS GARIB RATH,,2,,,,0,1,1,0,0
12613,1,12613,WODEYAR SF EXP,,2,,,,0,1,1,0,0
12614,1,12614,WODEYAR SF EXP,,2,,,,0,1,1,0,0
12615,1,12615,GRAND TRUNK EXP,,2,,,,0,1,1,0,0
12616,1,12616,GRAND TRUNK EXP,,2,,,,0,1,1,0,0
12617,1,12617,MANGLADWEEP EXP,,2,,,,0,1,1,0,0
12618,1,12618,MANGLADWEEP EXP,,2,,,,0,1,1,0,0
12619,1,12619,MATSYAGANDHA EXP,,2,,,,0,1,1,0,0
12620,1,12620,MATSYAGANDA EXP,,2,,,,0,1,1,0,0
12621,1,12621,TAMILNADU SF EXP,,2,,,,0,1,1,0,0
12622,1,12622,TAMILNADU SF EXP,,2,,,,0,1,1,0,0
12623,1,12623,MAS TVC SF MAIL,,2,,,,0,1,1,0,0
12624,1,12624,TVC MAS SF MAIL,,2,,,,0,1,1,0,0
12625,1,12625,KERALA SF EXP,,2,,,,0,1,1,0,0
12626,1,12626,KERALA SF EXP,,2,,,,0,1,1,0,0
12627,1,12627,KARNATAKA EXP,,2,,,,0,1,1,0,0
12628,1,12628,KARNATAKA EXP,,2,,,,0,1,1,0,0
12629,1,12629,SAMPARK KRANTI,,2,,,,0,1,1,0,0
12630,1,12630,YPR S KRNTI EXP,,2,,,,0,1,1,0,0
12631,1,12631,NELLAI SF EXP,,2,,,,0,1,1,0,0
12632,1,12632,NELLAI SF EXP,,2,,,,0,1,1,0,0
12633,1,12633,KANYAKUMARI EXP,,2,,,,0,1,1,0,0
12634,1,12634,KANYAKUMARI EXP,,2,,,,0,1,1,0,0
12635,1,12635,VAIGAI SF EXP,,2,,,,0,1,1,0,0
12636,1,12636,VAIGAI SF EXP,,2,,,,0,1,1,0,0
12637,1,12637,PANDIAN SF EXP,,2,,,,0,1,1,0,0
12638,1,12638,PANDIAN SF EXP,,2,,,,0,1,1,0,0
12639,1,12639,BRINDAVAN SF EXP,,2,,,,0,1,1,0,0
12640,1,12640,BRINDAVAN SF EX,,2,,,,0,1,1,0,0
12641,1,12641,TIRUKKURAL EXP,,2,,,,0,1,1,0,0
12642,1,12642,TIRUKKURAL EXP,,2,,,,0,1,1,0,0
12643,1,12643,TVC NZM SF EXP,,2,,,,0,1,1,0,0
12644,1,12644,NZM TVC SF EXP,,2,,,,0,1,1,0,0
12645,1,12645,MILLENNIUM EXP,,2,,,,0,1,1,0,0
12646,1,12646,MILLENIUM EXP,,2,,,,0,1,1,0,0
12647,1,12647,KONGU SF EXP,,2,,,,0,1,1,0,0
12648,1,12648,KONGU SF EXP,,2,,,,0,1,1,0,0
12649,1,12649,SAMPARK KRANTI,,2,,,,0,1,1,0,0
12650,1,12650,YPR S KRANTI,,2,,,,0,1,1,0,0
12651,1,12651,NZM S KRANTI EXP,,2,,,,0,1,1,0,0
12652,1,12652,MDU S KRANTI EXP,,2,,,,0,1,1,0,0
12653,1,12653,ROCKFORT SF EXP,,2,,,,0,1,1,0,0
12654,1,12654,ROCKFORT SF EXP,,2,,,,0,1,1,0,0
12655,1,12655,NAVJEEVAN EXP,,2,,,,0,1,1,0,0
12656,1,12656,NAVJEEVAN SF EXP,,2,,,,0,1,1,0,0
12657,1,12657,MAS SBC SF MAIL,,2,,,,0,1,1,0,0
12658,1,12658,SBC MAS SF MAIL,,2,,,,0,1,1,0,0
12659,1,12659,GURUDEV SF EXP,,2,,,,0,1,1,0,0
12660,1,12660,GURUDEV EXP,,2,,,,0,1,1,0,0
12661,1,12661,POTHIGAI SF EXP,,2,,,,0,1,1,0,0
12662,1,12662,POTHIGAI SF EXP,,2,,,,0,1,1,0,0
12663,1,12663,HWH TPJ SUF EXP,,2,,,,0,1,1,0,0
12664,1,12664,TPJ HWH SF EXP,,2,,,,0,1,1,0,0
12665,1,12665,HWH CAPE SF EXP,,2,,,,0,1,1,0,0
12666,1,12666,CAPE HWH SF EXP,,2,,,,0,1,1,0,0
12667,1,12667,MS CAPE SF EXP,,2,,,,0,1,1,0,0
12668,1,12668,CAPE MS SF EXP,,2,,,,0,1,1,0,0
12669,1,12669,GANGAKAVERI EXP,,2,,,,0,1,1,0,0
12670,1,12670,GANGAKAVERI EXP,,2,,,,0,1,1,0,0
12671,1,12671,NILAGIRI SF EXP,,2,,,,0,1,1,0,0
12672,1,12672,NILAGIRI SF EXP,,2,,,,0,1,1,0,0
12673,1,12673,CHERAN SF EXP,,2,,,,0,1,1,0,0
12674,1,12674,CHERAN SF EXP,,2,,,,0,1,1,0,0
12675,1,12675,KOVAI SF EXPRESS,,2,,,,0,1,1,0,0
12676,1,12676,KOVAI SF EXP,,2,,,,0,1,1,0,0
12679,1,12679,CBE INTERCITY,,2,,,,0,1,1,0,0
12680,1,12680,MAS INTERCITY,,2,,,,0,1,1,0,0
12681,1,12681,MAS CBE SF EXP,,2,,,,0,1,1,0,0
12682,1,12682,CBE MAS SF EXP,,2,,,,0,1,1,0,0
12683,1,12683,ERS SMVB SF EXP,,2,,,,0,1,1,0,0
12684,1,12684,ERNAKULAM SFEXP,,2,,,,0,1,1,0,0
12685,1,12685,MAS MAQ SF EXP,,2,,,,0,1,1,0,0
12686,1,12686,MAQ MAS SF EXP,,2,,,,0,1,1,0,0
12689,1,12689,MAS CAPE SF EXP,,2,,,,0,1,1,0,0
12690,1,12690,CAPE MAS SF EXP,,2,,,,0,1,1,0,0
12691,1,12691,MAS SMET SF EXP,,2,,,,0,1,1,0,0
12692,1,12692,SMET MAS SF EXP,,2,,,,0,1,1,0,0
12693,1,12693,PEARL CITY EXP,,2,,,,0,1,1,0,0
12694,1,12694,PEARL CITY EXP,,2,,,,0,1,1,0,0
12695,1,12695,MAS TVC SF EXP,,2,,,,0,1,1,0,0
12696,1,12696,TVC MAS SF EXP,,2,,,,0,1,1,0,0
12697,1,12697,MAS TVC SF EXP,,2,,,,0,1,1,0,0
12698,1,12698,TVC MAS SF EXP,,2,,,,0,1,1,0,0
12701,1,12701,HUSSAINSAGAR EXP,,2,,,,0,1,1,0,0
12702,1,12702,HUSSAINSAGAR SF,,2,,,,0,1,1,0,0
12703,1,12703,FALAKNUMA EXP,,2,,,,0,1,1,0,0
12704,1,12704,FALAKNUMA SF EX,,2,,,,0,1,1,0,0
12705,1,12705,SC INTERCITY SF,,2,,,,0,1,1,0,0
12706,1,12706,GNT INTRCITY SF,,2,,,,0,1,1,0,0
12707,1,12707,SAMPARK KRANTI,,2,,,,0,1,1,0,0
12708,1,12708,NZM TPTY SF EXP,,2,,,,0,1,1,0,0
12709,1,12709,SIMHAPURI SF EX,,2,,,,0,1,1,0,0
12710,1,12710,SIMHAPURI SF EXP,,2,,,,0,1,1,0,0
12711,1,12711,PINAKINI SF EXP,,2,,,,0,1,1,0,0
12712,1,12712,PINAKINI SF EXP,,2,,,,0,1,1,0,0
12713,1,12713,SATAVAHANA SF,,2,,,,0,1,1,0,0
12714,1,12714,SATAVAHANA SF,,2,,,,0,1,1,0,0
12715,1,12715,SACHKHAND SF EX,,2,,,,0,1,1,0,0
12716,1,12716,SACHKHAND EXP,,2,,,,0,1,1,0,0
12717,1,12717,RATNANCHAL SF EX,,2,,,,0,1,1,0,0
12718,1,12718,RATNACHAL SF EX,,2,,,,0,1,1,0,0
12719,1,12719,JP HYB SF EXP,,2,,,,0,1,1,0,0
12720,1,12720,HYB JP SF EXP,,2,,,,0,1,1,0,0
12721,1,12721,DAKSHIN SF EXP,,2,,,,0,1,1,0,0
12722,1,12722,DAKSHIN EXP,,2,,,,0,1,1,0,0
12723,1,12723,TELANGANA SF EXP,,2,,,,0,1,1,0,0
12724,1,12724,TELANGANA EXP,,2,,,,0,1,1,0,0
12725,1,12725,SIDDAGANGA EXP,,2,,,,0,1,1,0,0
12726,1,12726,SIDDAGANGA EXP,,2,,,,0,1,1,0,0
12727,1,12727,GODAVARI EXPRES,,2,,,,0,1,1,0,0
12728,1,12728,GODAVARI SF EXP,,2,,,,0,1,1,0,0
12731,1,12731,TPTY SC SF EXP,,2,,,,0,1,1,0,0
12732,1,12732,SC TPTY SF EXP,,2,,,,0,1,1,0,0
12733,1,12733,NARAYANADRI SF,,2,,,,0,1,1,0,0
12734,1,12734,NARAYANADRI SF,,2,,,,0,1,1,0,0
12735,1,12735,GARIBRATH EXP,,2,,,,0,1,1,0,0
12736,1,12736,SC GARIB RATH,,2,,,,0,1,1,0,0
12737,1,12737,GOUTAMI SF EXP,,2,,,,0,1,1,0,0
12738,1,12738,GOUTAMI SF EXP,,2,,,,0,1,1,0,0
12739,1,12739,GARIB RATH,,2,,,,0,1,1,0,0
12740,1,12740,GARIBRATH EXP,,2,,,,0,1,1,0,0
12741,1,12741,VSG PATNA EXP,,2,,,,0,1,1,0,0
12742,1,12742,PNBE VSG EXP,,2,,,,0,1,1,0,0
12743,1,12743,VIKRAMSIMHAPURI,,2,,,,0,1,1,0,0
12744,1,12744,VIKRAMSIMHAPURI,,2,,,,0,1,1,0,0
12745,1,12745,SC MUGR SF EXP,,2,,,,0,1,1,0,0
12746,1,12746,MUGR SC SF EXP,,2,,,,0,1,1,0,0
12747,1,12747,PALANADU SF EXP,,2,,,,0,1,1,0,0
12748,1,12748,PALANADU SF EXP,,2,,,,0,1,1,0,0
12749,1,12749,MTM BIDR SF EXP,,2,,,,0,1,1,0,0
12750,1,12750,BIDR MTM SF EXP,,2,,,,0,1,1,0,0
12751,1,12751,JAT HUMSAFAR,,2,,,,0,1,1,0,0
12752,1,12752,NED HUMSAFAR,,2,,,,0,1,1,0,0
12753,1,12753,SAMPARK KRANTI,,2,,,,0,1,1,0,0
12754,1,12754,MARATHWADA S K,,2,,,,0,1,1,0,0
12755,1,12755,COA BVC SF EXP,,2,,,,0,1,1,0,0
12756,1,12756,BVC COA SF EXP,,2,,,,0,1,1,0,0
12757,1,12757,KAGHAZNAGAR SF,,2,,,,0,1,1,0,0
12758,1,12758,SKZR SC SF EXP,,2,,,,0,1,1,0,0
12759,1,12759,CHARMINAR SF EXP,,2,,,,0,1,1,0,0
12760,1,12760,CHARMINAR SF EX,,2,,,,0,1,1,0,0
12761,1,12761,TPTY KRMR SF EXP,,2,,,,0,1,1,0,0
12762,1,12762,KRMR TPTY SF EX,,2,,,,0,1,1,0,0
12763,1,12763,PADMAVATI SF EXP,,2,,,,0,1,1,0,0
12764,1,12764,PADMAVATHI SF,,2,,,,0,1,1,0,0
12765,1,12765,TPTY AMI SF EXP,,2,,,,0,1,1,0,0
12766,1,12766,AMI TPTY EXP,,2,,,,0,1,1,0,0
12767,1,12767,NED SRC SUP EXP,,2,,,,0,1,1,0,0
12768,1,12768,SRC NED SUF EXP,,2,,,,0,1,1,0,0
12769,1,12769,SEVEN HILLS SF,,2,,,,0,1,1,0,0
12770,1,12770,SEVEN HILLS SF,,2,,,,0,1,1,0,0
12771,1,12771,SC R SF EXPRESS,,2,,,,0,1,1,0,0
12772,1,12772,R SC SF EXPRESS,,2,,,,0,1,1,0,0
12773,1,12773,SHM SC SUF EXP,,2,,,,0,1,1,0,0
12774,1,12774,SC SHM AC SF EX,,2,,,,0,1,1,0,0
12775,1,12775,COCANADA SF EXP,,2,,,,0,1,1,0,0
12776,1,12776,COCANADA SF EXP,,2,,,,0,1,1,0,0
12777,1,12777,UBL TVCN SF EXP,,2,,,,0,1,1,0,0
12778,1,12778,TVCN UBL SF EXP,,2,,,,0,1,1,0,0
12779,1,12779,GOA EXPRESS,,2,,,,0,1,1,0,0
12780,1,12780,GOA EXPRESS,,2,,,,0,1,1,0,0
12781,1,12781,SWARNA JAYANTHI,,2,,,,0,1,1,0,0
12782,1,12782,NZM MYS SF EXP,,2,,,,0,1,1,0,0
12783,1,12783,VSKP SC AC EXP,,2,,,,0,1,1,0,0
12784,1,12784,VSKP AC SF EXP,,2,,,,0,1,1,0,0
12785,1,12785,KCG AP SF EXP,,2,,,,0,1,1,0,0
12786,1,12786,KACHEGUDA EXP,,2,,,,0,1,1,0,0
12787,1,12787,NS NSL SF EXP,,2,,,,0,1,1,0,0
12788,1,12788,NSL NS SF EXP,,2,,,,0,1,1,0,0
12789,1,12789,KCG KT SF EXP,,2,,,,0,1,1,0,0
12790,1,12790,KUMTA KCG EXP,,2,,,,0,1,1,0,0
12791,1,12791,SC DNR SF EXP,,2,,,,0,1,1,0,0
12792,1,12792,SECUNDERABAD EX,,2,,,,0,1,1,0,0
12793,1,12793,RAYALASEEMA SF,,2,,,,0,1,1,0,0
12794,1,12794,RAYALASEEMA SF,,2,,,,0,1,1,0,0
12795,1,12795,LPI INTERCITY,,2,,,,0,1,1,0,0
12796,1,12796,BZA INTERCITY,,2,,,,0,1,1,0,0
12797,1,12797,VENKATADRI SF,,2,,,,0,1,1,0,0
12798,1,12798,VENKATADRI SF,,2,,,,0,1,1,0,0
12801,1,12801,PURUSHOTTAM SF,,2,,,,0,1,1,0,0
12802,1,12802,PURUSHOTTAM EXP,,2,,,,0,1,1,0,0
12803,1,12803,SWARNA JAYANTHI,,2,,,,0,1,1,0,0
12804,1,12804,VSKP S JYANTI,,2,,,,0,1,1,0,0
12805,1,12805,JANMABHOOMI EXP,,2,,,,0,1,1,0,0
12806,1,12806,JANMABHOOMI SF,,2,,,,0,1,1,0,0
12807,1,12807,SAMTA EXPRESS,,2,,,,0,1,1,0,0
12808,1,12808,SAMTA EXPRESS,,2,,,,0,1,1,0,0
12809,1,12809,HOWRAH MAIL,,2,,,,0,1,1,0,0
12810,1,12810,HWH CSMT MAIL,,2,,,,0,1,1,0,0
12811,1,12811,HATIA EXPRESS,,2,,,,0,1,1,0,0
12812,1,12812,HTE LTT EXP,,2,,,,0,1,1,0,0
12813,1,12813,STEEL EXP,,2,,,,0,1,1,0,0
12814,1,12814,STEEL EXP,,2,,,,0,1,1,0,0
12815,1,12815,NANDANKANAN SF,,2,,,,0,1,1,0,0
12816,1,12816,NANDANKANAN EXP,,2,,,,0,1,1,0,0
12817,1,12817,SWARNJAYANTI EX,,2,,,,0,1,1,0,0
12818,1,12818,JHARKHAND EXP,,2,,,,0,1,1,0,0
12819,1,12819,SAMPARK KR SF,,2,,,,0,1,1,0,0
12820,1,12820,BBS S KRANTI EXP,,2,,,,0,1,1,0,0
12821,1,12821,DHAULI EXP,,2,,,,0,1,1,0,0
12822,1,12822,DHAULI SF EXP,,2,,,,0,1,1,0,0
12823,1,12823,CG SMPRK KRANTI,,2,,,,0,1,1,0,0
12824,1,12824,CG S KRANTI,,2,,,,0,1,1,0,0
12825,1,12825,RNC ANVT SF EXP,,2,,,,0,1,1,0,0
12826,1,12826,ANVT RNC SF EXP,,2,,,,0,1,1,0,0
12827,1,12827,HWH PRR SUF EXP,,2,,,,0,1,1,0,0
12828,1,12828,PRR HWH SUF EXP,,2,,,,0,1,1,0,0
12833,1,12833,ADI HWH EXP,,2,,,,0,1,1,0,0
12834,1,12834,HWH ADI SUF EXP,,2,,,,0,1,1,0,0
12835,1,12835,HTE SMVB EXP,,2,,,,0,1,1,0,0
12836,1,12836,SMVB HATIA EXP,,2,,,,0,1,1,0,0
12837,1,12837,HWH PURI SF EXP,,2,,,,0,1,1,0,0
12838,1,12838,PURI HWH SF EXP,,2,,,,0,1,1,0,0
12839,1,12839,CHENNAI MAIL,,2,,,,0,1,1,0,0
12840,1,12840,MAS HWH SF MAIL,,2,,,,0,1,1,0,0
12841,1,12841,COROMANDAL EXP,,2,,,,0,1,1,0,0
12842,1,12842,COROMANDEL EXP,,2,,,,0,1,1,0,0
12843,1,12843,PURI ADI S F,,2,,,,0,1,1,0,0
12844,1,12844,ADI PURI SF EXP,,2,,,,0,1,1,0,0
12845,1,12845,BBS SMVB S F,,2,,,,0,1,1,0,0
12846,1,12846,BHUBANESWAR EXP,,2,,,,0,1,1,0,0
12849,1,12849,BSP PUNE SF EXP,,2,,,,0,1,1,0,0
12850,1,12850,PUNE BSP SF EXP,,2,,,,0,1,1,0,0
12851,1,12851,BSP MAS SF EXP,,2,,,,0,1,1,0,0
12852,1,12852,MAS BSP SF EXP,,2,,,,0,1,1,0,0
12853,1,12853,AMARKANTAK EXP,,2,,,,0,1,1,0,0
12854,1,12854,AMARKANTAK EXP,,2,,,,0,1,1,0,0
12855,1,12855,INTERCITY EXP,,2,,,,0,1,1,0,0
12856,1,12856,INTERCITY EXP,,2,,,,0,1,1,0,0
12857,1,12857,TAMRALIPTA EXP,,2,,,,0,1,1,0,0
12858,1,12858,TAMRALIPTA EXP,,2,,,,0,1,1,0,0
12859,1,12859,GITANJALI EXP,,2,,,,0,1,1,0,0
12860,1,12860,GITANJALI EXP,,2,,,,0,1,1,0,0
12861,1,12861,VSKP MBNR SF,,2,,,,0,1,1,0,0
12862,1,12862,MBNR VSKP SF EXP,,2,,,,0,1,1,0,0
12863,1,12863,HWH SMVB EXP,,2,,,,0,1,1,0,0
12864,1,12864,SMVB HOWRAH EXP,,2,,,,0,1,1,0,0
12867,1,12867,HWH PDY SUF EXP,,2,,,,0,1,1,0,0
12868,1,12868,PDY HWH SF EXP,,2,,,,0,1,1,0,0
12869,1,12869,CSMT HOWRAH EXP,,2,,,,0,1,1,0,0
12870,1,12870,HWH CSMT SF EXP,,2,,,,0,1,1,0,0
12871,1,12871,JNRD ISPAT EXP,,2,,,,0,1,1,0,0
12872,1,12872,ISPAT EXP,,2,,,,0,1,1,0,0
12873,1,12873,SWARNJAYANTI EX,,2,,,,0,1,1,0,0
12874,1,12874,ANVT HTE SF EXP,,2,,,,0,1,1,0,0
12875,1,12875,NEELACHAL SF EX,,2,,,,0,1,1,0,0
12876,1,12876,NEELANCHAL EXP,,2,,,,0,1,1,0,0
12877,1,12877,NDLS GARIB RATH,,2,,,,0,1,1,0,0
12878,1,12878,RNC GARIB RATH,,2,,,,0,1,1,0,0
12879,1,12879,LTT BBS EXPRESS,,2,,,,0,1,1,0,0
12880,1,12880,BBS LTT S F,,2,,,,0,1,1,0,0
12881,1,12881,PURI GARIB RATH,,2,,,,0,1,1,0,0
12882,1,12882,GARIB RATH,,2,,,,0,1,1,0,0
12883,1,12883,RUPASHI BANGLA,,2,,,,0,1,1,0,0
12884,1,12884,RUPASHI BANGLA,,2,,,,0,1,1,0,0
12885,1,12885,ARANYAK EXP,,2,,,,0,1,1,0,0
12886,1,12886,ARANYAK EXP,,2,,,,0,1,1,0,0
12887,1,12887,SHM PURI SF EXP,,2,,,,0,1,1,0,0
12888,1,12888,PURI SHM SF,,2,,,,0,1,1,0,0
12889,1,12889,TATA SMVB SF EX,,2,,,,0,1,1,0,0
12890,1,12890,SMVB TATA EXP,,2,,,,0,1,1,0,0
12893,1,12893,BBS PUKK SF EXP,,2,,,,0,1,1,0,0
12894,1,12894,PUKK BBS SF EXP,,2,,,,0,1,1,0,0
12895,1,12895,SHM PURI SF EXP,,2,,,,0,1,1,0,0
12896,1,12896,PURI SHM SF,,2,,,,0,1,1,0,0
12901,1,12901,GUJRAT MAIL,,2,,,,0,1,1,0,0
12902,1,12902,GUJRAT MAIL,,2,,,,0,1,1,0,0
12903,1,12903,GOLDEN TEMPLE,,2,,,,0,1,1,0,0
12904,1,12904,GOLDEN TEMPLE M,,2,,,,0,1,1,0,0
12905,1,12905,SHALIMAR SF EXP,,2,,,,0,1,1,0,0
12906,1,12906,SHM PBR SUF EXP,,2,,,,0,1,1,0,0
12907,1,12907,BDTS SMPRK K EX,,2,,,,0,1,1,0,0
12908,1,12908,MHRST SMPRK K EX,,2,,,,0,1,1,0,0
12909,1,12909,NZM GARIB RATH,,2,,,,0,1,1,0,0
12910,1,12910,BDTS GARIBRATH,,2,,,,0,1,1,0,0
12911,1,12911,BL HARIDWAR EXP,,2,,,,0,1,1,0,0
12912,1,12912,VALSAD SF EXP,,2,,,,0,1,1,0,0
12913,1,12913,TRISHATABDI EXP,,2,,,,0,1,1,0,0
12914,1,12914,NGP INDB SUP EXP,,2,,,,0,1,1,0,0
12915,1,12915,ASHRAM EXPRESS,,2,,,,0,1,1,0,0
12916,1,12916,ASHRAM EXPRESS,,2,,,,0,1,1,0,0
12917,1,12917,GUJRAT S KRANTI,,2,,,,0,1,1,0,0
12918,1,12918,GUJRAT S KRANTI,,2,,,,0,1,1,0,0
12919,1,12919,MALWA EXPRESS,,2,,,,0,1,1,0,0
12920,1,12920,MALWA EXPRESS,,2,,,,0,1,1,0,0
12921,1,12921,ST FLYING RANI,,2,,,,0,1,1,0,0
12922,1,12922,FLYING RANI EXP,,2,,,,0,1,1,0,0
12923,1,12923,DADN TRISHATABDI,,2,,,,0,1,1,0,0
12924,1,12924,NGP DADN EXP,,2,,,,0,1,1,0,0
12925,1,12925,PASCHIM EXPRESS,,2,,,,0,1,1,0,0
12926,1,12926,PASCHIM EXPRESS,,2,,,,0,1,1,0,0
12927,1,12927,DDR EKNR SF EXP,,2,,,,0,1,1,0,0
12928,1,12928,EKNR DDR SF EXP,,2,,,,0,1,1,0,0
12929,1,12929,BRC INTERCITY,,2,,,,0,1,1,0,0
12930,1,12930,BL INTERCITY,,2,,,,0,1,1,0,0
12931,1,12931,ADI DOUBLE DECKR,,2,,,,0,1,1,0,0
12932,1,12932,MMCT DOUBLEDECKE,,2,,,,0,1,1,0,0
12933,1,12933,KARNAVATI EXP,,2,,,,0,1,1,0,0
12934,1,12934,KARNAVATI EXP,,2,,,,0,1,1,0,0
12935,1,12935,BDTS ST SF EXP,,2,,,,0,1,1,0,0
12936,1,12936,ST BDTS SF EXP,,2,,,,0,1,1,0,0
12937,1,12937,HWH GARBHA EXP,,2,,,,0,1,1,0,0
12938,1,12938,GARBHA EXPRESS,,2,,,,0,1,1,0,0
12939,1,12939,PUNE JAIPUR EXP,,2,,,,0,1,1,0,0
12940,1,12940,JP PUNE EXP,,2,,,,0,1,1,0,0
12941,1,12941,PARASNATH EXP,,2,,,,0,1,1,0,0
12942,1,12942,PARASNATH EXP,,2,,,,0,1,1,0,0
12943,1,12943,UDYOGKARMI EXP,,2,,,,0,1,1,0,0
12944,1,12944,CNB BL EXPRESS,,2,,,,0,1,1,0,0
12945,1,12945,BANARAS SF EXP,,2,,,,0,1,1,0,0
12946,1,12946,BNRS VRL SF EXP,,2,,,,0,1,1,0,0
12947,1,12947,AZIMABAD EXP,,2,,,,0,1,1,0,0
12948,1,12948,AZIMABAD EXPRES,,2,,,,0,1,1,0,0
12949,1,12949,KAVIGURU EXP,,2,,,,0,1,1,0,0
12950,1,12950,KAVIGURU EXP,,2,,,,0,1,1,0,0
12951,1,12951,NDLS TEJAS RAJ,,2,,,,0,1,1,0,0
12952,1,12952,MMCT TEJAS RAJ,,2,,,,0,1,1,0,0
12953,1,12953,AK TEJAS RAJ EX,,2,,,,0,1,1,0,0
12954,1,12954,AK TEJAS RAJ EX,,2,,,,0,1,1,0,0
12955,1,12955,MMCT JAIPUR SF,,2,,,,0,1,1,0,0
12956,1,12956,JP MMCT SF EXP,,2,,,,0,1,1,0,0
12957,1,12957,SBIB NDLS RAJ,,2,,,,0,1,1,0,0
12958,1,12958,SWRAN J RAJDHANI,,2,,,,0,1,1,0,0
12959,1,12959,BDTS BHUJ EXP,,2,,,,0,1,1,0,0
12960,1,12960,BHUJ BDTS EXP,,2,,,,0,1,1,0,0
12961,1,12961,AVANTIKA EXP,,2,,,,0,1,1,0,0
12962,1,12962,AVANTIKA EXP,,2,,,,0,1,1,0,0
12963,1,12963,MEWAR EXPRESS,,2,,,,0,1,1,0,0
12964,1,12964,MEWAR EXPRESS,,2,,,,0,1,1,0,0
12965,1,12965,BDTS BHUJ SFAST,,2,,,,0,1,1,0,0
12966,1,12966,BHUJ BDTS SFAST,,2,,,,0,1,1,0,0
12967,1,12967,MAS JP SF EXP,,2,,,,0,1,1,0,0
12968,1,12968,JP CHENNAI SF,,2,,,,0,1,1,0,0
12969,1,12969,CBE JP SF EXP,,2,,,,0,1,1,0,0
12970,1,12970,JAIPUR CBE EXP,,2,,,,0,1,1,0,0
12971,1,12971,BDTS BVC SF EXP,,2,,,,0,1,1,0,0
12972,1,12972,BVC BDTS SF EXP,,2,,,,0,1,1,0,0
12973,1,12973,INDB JP SF EXP,,2,,,,0,1,1,0,0
12974,1,12974,JP INDB SF EXP,,2,,,,0,1,1,0,0
12975,1,12975,MYS JP EXP,,2,,,,0,1,1,0,0
12976,1,12976,JP MYSORE EXP,,2,,,,0,1,1,0,0
12977,1,12977,MARUSAGAR SF EXP,,2,,,,0,1,1,0,0
12978,1,12978,MARU SAGAR EXP,,2,,,,0,1,1,0,0
12979,1,12979,BDTS JAIPUR SF,,2,,,,0,1,1,0,0
12980,1,12980,JP BDTS EXP,,2,,,,0,1,1,0,0
12981,1,12981,JP ASV SUPERFAST,,2,,,,0,1,1,0,0
12982,1,12982,ASV JP SF EXP,,2,,,,0,1,1,0,0
12983,1,12983,AII CDG G RATH,,2,,,,0,1,1,0,0
12984,1,12984,CDG AII G RATH,,2,,,,0,1,1,0,0
12985,1,12985,DOUBLE DECKER,,2,,,,0,1,1,0,0
12986,1,12986,JP DOUBLE DCKER,,2,,,,0,1,1,0,0
12987,1,12987,SDAH AII SF EXP,,2,,,,0,1,1,0,0
12988,1,12988,AII SDAH SF EXP,,2,,,,0,1,1,0,0
12989,1,12989,DDR AJMER SF EXP,,2,,,,0,1,1,0,0
12990,1,12990,AII DDR EXPRESS,,2,,,,0,1,1,0,0
12991,1,12991,UDZ JP SUPERFAST,,2,,,,0,1,1,0,0
12992,1,12992,JP UDZ SUPERFAST,,2,,,,0,1,1,0,0
12993,1,12993,GIMB PURI SF EX,,2,,,,0,1,1,0,0
12994,1,12994,PURI GIMB SF,,2,,,,0,1,1,0,0
12995,1,12995,BDTS AII SF EXP,,2,,,,0,1,1,0,0
12996,1,12996,AII BDTS SF EXP,,2,,,,0,1,1,0,0
12997,1,12997,BARMER HUMSAFAR,,2,,,,0,1,1,0,0
12998,1,12998,BME BDTS,,2,,,,0,1,1,0,0
13005,1,13005,HWH ASR MAIL,,2,,,,0,1,1,0,0
13006,1,13006,ASR HWH MAIL,,2,,,,0,1,1,0,0
13009,1,13009,DOON EXPRESS,,2,,,,0,1,1,0,0
13010,1,13010,DOON EXPRESS,,2,,,,0,1,1,0,0
13011,1,13011,MLDT INTERCITY,,2,,,,0,1,1,0,0
13012,1,13012,HWH INTERCITY,,2,,,,0,1,1,0,0
13015,1,13015,KAVIGURU EXPRES,,2,,,,0,1,1,0,0
13016,1,13016,KAVIGURU EXPRES,,2,,,,0,1,1,0,0
13017,1,13017,GANADEVTA EXP,,2,,,,0,1,1,0,0
13018,1,13018,GANADEVTA EXP,,2,,,,0,1,1,0,0
13019,1,13019,BAGH EXPRESS,,2,,,,0,1,1,0,0
13020,1,13020,BAGH EXPRESS,,2,,,,0,1,1,0,0
13021,1,13021,MITHILA EXPRESS,,2,,,,0,1,1,0,0
13022,1,13022,MITHILA EXPRESS,,2,,,,0,1,1,0,0
13023,1,13023,HWH GAYA EXPRES,,2,,,,0,1,1,0,0
13024,1,13024,GAYA HWH EXPRES,,2,,,,0,1,1,0,0
13025,1,13025,HWH BPL EXPRESS,,2,,,,0,1,1,0,0
13026,1,13026,BPL HWH EXP,,2,,,,0,1,1,0,0
13027,1,13027,KAVIGURU EXPRES,,2,,,,0,1,1,0,0
13028,1,13028,KAVIGURU EXPRES,,2,,,,0,1,1,0,0
13029,1,13029,HWH MKA EXPRESS,,2,,,,0,1,1,0,0
13030,1,13030,MKA HWH  EXP,,2,,,,0,1,1,0,0
13031,1,13031,HWH- JYG EXP,,2,,,,0,1,1,0,0
13032,1,13032,JYG-HWH EXP,,2,,,,0,1,1,0,0
13033,1,13033,HWH KIR EXPRESS,,2,,,,0,1,1,0,0
13034,1,13034,KIR HWH EXPRESS,,2,,,,0,1,1,0,0
13035,1,13035,UPASANA EXP,,2,,,,0,1,1,0,0
13036,1,13036,UPASANA EXPRESS,,2,,,,0,1,1,0,0
13037,1,13037,KUMBHA EXPRESS,,2,,,,0,1,1,0,0
13038,1,13038,KUMBHA EXPRESS,,2,,,,0,1,1,0,0
13041,1,13041,HIMGIRI EXPRESS,,2,,,,0,1,1,0,0
13042,1,13042,HIMGIRI EXPRESS,,2,,,,0,1,1,0,0
13043,1,13043,HWH RXL EXPRESS,,2,,,,0,1,1,0,0
13044,1,13044,RXL HWH EXPRESS,,2,,,,0,1,1,0,0
13045,1,13045,MAYURAKSHI EXP,,2,,,,0,1,1,0,0
13046,1,13046,MAYURAKSHI EXP,,2,,,,0,1,1,0,0
13047,1,13047,VIBHUTI EXPRESS,,2,,,,0,1,1,0,0
13048,1,13048,VIBHUTI EXPRESS,,2,,,,0,1,1,0,0
13051,1,13051,NETAJI EXPRESS,,2,,,,0,1,1,0,0
13052,1,13052,NETAJI EXPRESS,,2,,,,0,1,1,0,0
13053,1,13053,KULIK EXPRESS,,2,,,,0,1,1,0,0
13054,1,13054,KULIK EXPRESS,,2,,,,0,1,1,0,0
13063,1,13063,HWH BLGT EXPRES,,2,,,,0,1,1,0,0
13064,1,13064,BLGT HWH EXP,,2,,,,0,1,1,0,0
13065,1,13065,AMRIT BHARAT EXP,,2,,,,0,1,1,0,0
13066,1,13066,AMRIT BHARAT EXP,,2,,,,0,1,1,0,0
13071,1,13071,HWH JMP EXPRESS,,2,,,,0,1,1,0,0
13072,1,13072,JMP HWH EXPRESS,,2,,,,0,1,1,0,0
13103,1,13103,BHAGIRATHI EXP,,2,,,,0,1,1,0,0
13104,1,13104,BHAGIRATHI EXP,,2,,,,0,1,1,0,0
13105,1,13105,SDAH BUI EXPRES,,2,,,,0,1,1,0,0
13106,1,13106,BUI SDAH EXP,,2,,,,0,1,1,0,0
13113,1,13113,HAZARDUARI EXP,,2,,,,0,1,1,0,0
13114,1,13114,HAZARDUARI EXP,,2,,,,0,1,1,0,0
13115,1,13115,SDAH JPE HUMSAFA,,2,,,,0,1,1,0,0
13116,1,13116,SDAH HUMSAFAR EX,,2,,,,0,1,1,0,0
13117,1,13117,KOAA LGL EXPRES,,2,,,,0,1,1,0,0
13118,1,13118,LGL KOAA EXPRES,,2,,,,0,1,1,0,0
13121,1,13121,KOAA GCT EXPRES,,2,,,,0,1,1,0,0
13122,1,13122,GCT KOAA EXP,,2,,,,0,1,1,0,0
13125,1,13125,KOL SAIRANG EXP,,2,,,,0,1,1,0,0
13126,1,13126,SANG KOAA EXP,,2,,,,0,1,1,0,0
13127,1,13127,PNBE GARIB RATH,,2,,,,0,1,1,0,0
13128,1,13128,KOL GARIB RATH,,2,,,,0,1,1,0,0
13131,1,13131,MITALI EXPRESS,,2,,,,0,1,1,0,0
13132,1,13132,MITALI EXPRESS,,2,,,,0,1,1,0,0
13135,1,13135,KOAA JYG EXPRES,,2,,,,0,1,1,0,0
13136,1,13136,JYG KOAA EXP,,2,,,,0,1,1,0,0
13137,1,13137,KOAA AMH EXPRES,,2,,,,0,1,1,0,0
13138,1,13138,AMH KOAA EXP,,2,,,,0,1,1,0,0
13141,1,13141,TEESTA TORSHA,,2,,,,0,1,1,0,0
13142,1,13142,TEESTA TORSHA,,2,,,,0,1,1,0,0
13145,1,13145,KOAA RDP EXPRES,,2,,,,0,1,1,0,0
13146,1,13146,RDP KOAA EXP,,2,,,,0,1,1,0,0
13147,1,13147,UTTAR BANGA EXP,,2,,,,0,1,1,0,0
13148,1,13148,UTTAR BANGA EXP,,2,,,,0,1,1,0,0
13149,1,13149,KANCHAN KANYA,,2,,,,0,1,1,0,0
13150,1,13150,KANCHAN KANYA,,2,,,,0,1,1,0,0
13151,1,13151,KOAA JAT EXPRES,,2,,,,0,1,1,0,0
13152,1,13152,KOLKATA EXPRESS,,2,,,,0,1,1,0,0
13153,1,13153,GOUR EXPRESS,,2,,,,0,1,1,0,0
13154,1,13154,GOUR EXPRESS,,2,,,,0,1,1,0,0
13155,1,13155,MITHILANCHAL EX,,2,,,,0,1,1,0,0
13156,1,13156,MITHILANCHAL EX,,2,,,,0,1,1,0,0
13157,1,13157,TRIHUT EXPRESS,,2,,,,0,1,1,0,0
13158,1,13158,TIRHUT EXPRESS,,2,,,,0,1,1,0,0
13159,1,13159,KOAA JBN EXP,,2,,,,0,1,1,0,0
13160,1,13160,JBN KOAA EXP,,2,,,,0,1,1,0,0
13161,1,13161,KOAA BLGT EXP,,2,,,,0,1,1,0,0
13162,1,13162,BLGT KOAA EXP,,2,,,,0,1,1,0,0
13163,1,13163,HATE BAZARE EXP,,2,,,,0,1,1,0,0
13164,1,13164,HATE BAZARE EXP,,2,,,,0,1,1,0,0
13165,1,13165,KOAA SMI EXPRES,,2,,,,0,1,1,0,0
13166,1,13166,SMI KOAA EXP,,2,,,,0,1,1,0,0
13167,1,13167,KOAA AGC EXPRES,,2,,,,0,1,1,0,0
13168,1,13168,AGC KOAA EXP,,2,,,,0,1,1,0,0
13169,1,13169,HATE BAZARE EXP,,2,,,,0,1,1,0,0
13170,1,13170,HATE BAZARE EXP,,2,,,,0,1,1,0,0
13173,1,13173,KANCHANJUNGA,,2,,,,0,1,1,0,0
13174,1,13174,KANCHANJUNGA,,2,,,,0,1,1,0,0
13175,1,13175,KANCHANJUNGA,,2,,,,0,1,1,0,0
13176,1,13176,KANCHANJUNGA,,2,,,,0,1,1,0,0
13177,1,13177,SDAH-JRLE CONV EXP,,2,,,,0,1,1,0,0
13178,1,13178,JRLE-SDAH CONV  EXP,,2,,,,0,1,1,0,0
13179,1,13179,SDAH-SURI MEMU EXP,,2,,,,0,1,1,0,0
13180,1,13180,SURI-SDAH MEMU EXP,,2,,,,0,1,1,0,0
13181,1,13181,KAZIRANGA EXP,,2,,,,0,1,1,0,0
13182,1,13182,KAZIRANGA EXP,,2,,,,0,1,1,0,0
13185,1,13185,GANGA SAGAR EXP,,2,,,,0,1,1,0,0
13186,1,13186,GANGA SAGAR EXP,,2,,,,0,1,1,0,0
13187,1,13187,SDAH RPH EXPRES,,2,,,,0,1,1,0,0
13188,1,13188,RPH SDAH EXPRES,,2,,,,0,1,1,0,0
13189,1,13189,SDAH  BLGT  EXP,,2,,,,0,1,1,0,0
13190,1,13190,BLGT SDAH EXP,,2,,,,0,1,1,0,0
13201,1,13201,RGD LTT EXP,,2,,,,0,1,1,0,0
13202,1,13202,LTT RAJGIR EXP,,2,,,,0,1,1,0,0
13205,1,13205,JANHIT EXP,,2,,,,0,1,1,0,0
13206,1,13206,JANHIT EXP,,2,,,,0,1,1,0,0
13207,1,13207,JSME - PNBE EXPRESS,,2,,,,0,1,1,0,0
13208,1,13208,PNBE-JSME EXPRESS,,2,,,,0,1,1,0,0
13209,1,13209,PNBE-DDU EXPRESS,,2,,,,0,1,1,0,0
13210,1,13210,DDU-PNBE  EXPRESS,,2,,,,0,1,1,0,0
13211,1,13211,JBN DNR EXPRESS,,2,,,,0,1,1,0,0
13212,1,13212,DNR JBN EXP,,2,,,,0,1,1,0,0
13213,1,13213,JBN SHC EXPRESS,,2,,,,0,1,1,0,0
13214,1,13214,SHC JBN EXP,,2,,,,0,1,1,0,0
13225,1,13225,INTERCITY EXP,,2,,,,0,1,1,0,0
13226,1,13226,INTERCITY EXP,,2,,,,0,1,1,0,0
13227,1,13227,SHC INTERCITY,,2,,,,0,1,1,0,0
13228,1,13228,RJPB INTERCITY,,2,,,,0,1,1,0,0
13229,1,13229,GODA RJPB EXP,,2,,,,0,1,1,0,0
13230,1,13230,RJPB GODA EXP,,2,,,,0,1,1,0,0
13233,1,13233,RAJGRIHA EXP,,2,,,,0,1,1,0,0
13234,1,13234,RAJGRIHA EXP,,2,,,,0,1,1,0,0
13235,1,13235,INTERCITY EXP,,2,,,,0,1,1,0,0
13236,1,13236,INTERCITY EXP,,2,,,,0,1,1,0,0
13237,1,13237,PNBE KOTA EXP,,2,,,,0,1,1,0,0
13238,1,13238,KOTA PNBE EXP,,2,,,,0,1,1,0,0
13239,1,13239,PNBE KOTA EXP,,2,,,,0,1,1,0,0
13240,1,13240,KOTA PNBE EXP,,2,,,,0,1,1,0,0
13241,1,13241,INTERCITY EXP,,2,,,,0,1,1,0,0
13242,1,13242,RJPB BANKA EXP,,2,,,,0,1,1,0,0
13243,1,13243,INTERCITY EXP,,2,,,,0,1,1,0,0
13244,1,13244,INTERCITY EXP,,2,,,,0,1,1,0,0
13245,1,13245,CAPITAL EXPRESS,,2,,,,0,1,1,0,0
13246,1,13246,CAPITAL EXP,,2,,,,0,1,1,0,0
13247,1,13247,CAPITAL EXPRESS,,2,,,,0,1,1,0,0
13248,1,13248,KYQ CAPITAL EXP,,2,,,,0,1,1,0,0
13249,1,13249,INTERCITY EXP,,2,,,,0,1,1,0,0
13250,1,13250,INTERCITY EXP,,2,,,,0,1,1,0,0
13251,1,13251,PNBE ANVT EXP,,2,,,,0,1,1,0,0
13252,1,13252,ANVT PNBE EXP,,2,,,,0,1,1,0,0
13257,1,13257,DNR-ANVT JANSADHARAN EXP,,2,,,,0,1,1,0,0
13258,1,13258,ANVT-DNR JANSADHARAN EXP,,2,,,,0,1,1,0,0
13281,1,13281,DBRG RJPB EXP,,2,,,,0,1,1,0,0
13282,1,13282,RJPB DBRG EXP,,2,,,,0,1,1,0,0
13287,1,13287,SOUTH BIHAR EXP,,2,,,,0,1,1,0,0
13288,1,13288,SOUTH BIHAR EXP,,2,,,,0,1,1,0,0
13301,1,13301,SUBARNAREKHA EXP,,2,,,,0,1,1,0,0
13302,1,13302,SUBARNAREKHA EXP,,2,,,,0,1,1,0,0
13303,1,13303,INTERCITY EXP,,2,,,,0,1,1,0,0
13304,1,13304,INTERCITY EXP,,2,,,,0,1,1,0,0
13305,1,13305,SSM INTERCITY,,2,,,,0,1,1,0,0
13306,1,13306,DHN INTERCITY EX,,2,,,,0,1,1,0,0
13307,1,13307,GANGASUTLEJ EXP,,2,,,,0,1,1,0,0
13308,1,13308,GANGASATLUJ EXP,,2,,,,0,1,1,0,0
13309,1,13309,CPU-PRYJ EXPRESS,,2,,,,0,1,1,0,0
13310,1,13310,PRYJ-CPU EXPRESS,,2,,,,0,1,1,0,0
13319,1,13319,DUMK RNC EXP,,2,,,,0,1,1,0,0
13320,1,13320,RNC DUMK EXP,,2,,,,0,1,1,0,0
13329,1,13329,GANGADAMODAR EX,,2,,,,0,1,1,0,0
13330,1,13330,GANGADAMODAR EX,,2,,,,0,1,1,0,0
13331,1,13331,DHN PNBE EXPRES,,2,,,,0,1,1,0,0
13332,1,13332,PNBE DHN EXPRES,,2,,,,0,1,1,0,0
13333,1,13333,DUMK PNBE EXP,,2,,,,0,1,1,0,0
13334,1,13334,PNBE DUMK EXP,,2,,,,0,1,1,0,0
13343,1,13343,BSB-SKTN  INTERCITY EXP,,2,,,,0,1,1,0,0
13344,1,13344,SKTN-BSB INTERCITY EXP,,2,,,,0,1,1,0,0
13345,1,13345,BSB-SGRL INTERCITY EXP,,2,,,,0,1,1,0,0
13346,1,13346,SGRL-BSB INTERCITY EXP,,2,,,,0,1,1,0,0
13347,1,13347,PALAMOU EXPRESS,,2,,,,0,1,1,0,0
13348,1,13348,PALAMOU EXP,,2,,,,0,1,1,0,0
13349,1,13349,SGRL PNBE EXP,,2,,,,0,1,1,0,0
13350,1,13350,PNBE SGRL EXP,,2,,,,0,1,1,0,0
13351,1,13351,DHN ALAPPUZHA EX,,2,,,,0,1,1,0,0
13352,1,13352,ALLP DHN EXPRESS,,2,,,,0,1,1,0,0
13353,1,13353,RGD PNBE EXPRESS,,2,,,,0,1,1,0,0
13354,1,13354,PNBE RGD EXPRESS,,2,,,,0,1,1,0,0
13379,1,13379,DHN LTT EXP,,2,,,,0,1,1,0,0
13380,1,13380,LTT  DHANBAD EXP,,2,,,,0,1,1,0,0
13401,1,13401,INTERCITY EXP,,2,,,,0,1,1,0,0
13402,1,13402,INTERCITY EXP,,2,,,,0,1,1,0,0
13403,1,13403,VANANCHAL EXP,,2,,,,0,1,1,0,0
13404,1,13404,VANANCHAL EXP,,2,,,,0,1,1,0,0
13409,1,13409,MLDT-KIUL INTERCITY EXP,,2,,,,0,1,1,0,0
13410,1,13410,INTERCITY EXP,,2,,,,0,1,1,0,0
13415,1,13415,MLDT PNBE EXP,,2,,,,0,1,1,0,0
13416,1,13416,PNBE MLDT EXPRE,,2,,,,0,1,1,0,0
13417,1,13417,DGHA MLDT EXP,,2,,,,0,1,1,0,0
13418,1,13418,MLDT DGHA EXP,,2,,,,0,1,1,0,0
13419,1,13419,JANASEWA EXP,,2,,,,0,1,1,0,0
13420,1,13420,JANSEWA EXPRESS,,2,,,,0,1,1,0,0
13421,1,13421,NDAE MLDT EXP,,2,,,,0,1,1,0,0
13422,1,13422,MLDT NDAE EXP,,2,,,,0,1,1,0,0
13423,1,13423,BGP AII HUMSAFAR,,2,,,,0,1,1,0,0
13424,1,13424,AII BGP HUMSAFAR,,2,,,,0,1,1,0,0
13425,1,13425,MLDT ST EXPRESS,,2,,,,0,1,1,0,0
13426,1,13426,ST MALDATOWN EX,,2,,,,0,1,1,0,0
13427,1,13427,INTERCITY EXP,,2,,,,0,1,1,0,0
13428,1,13428,INTERCITY EXP,,2,,,,0,1,1,0,0
13429,1,13429,MLDT ANVT EXP,,2,,,,0,1,1,0,0
13430,1,13430,ANVT MLDT EXP,,2,,,,0,1,1,0,0
13431,1,13431,NDAE BLGT EXP,,2,,,,0,1,1,0,0
13432,1,13432,BLGT NDAE EXP,,2,,,,0,1,1,0,0
13433,1,13433,AMRIT BHARAT EXP,,2,,,,0,1,1,0,0
13434,1,13434,AMRIT BHARAT EXP,,2,,,,0,1,1,0,0
13435,1,13435,AMRIT BHARAT EXP,,2,,,,0,1,1,0,0
13436,1,13436,AMRIT BHARAT EXP,,2,,,,0,1,1,0,0
13465,1,13465,INTERCITY EXP,,2,,,,0,1,1,0,0
13466,1,13466,INTERCITY EXP,,2,,,,0,1,1,0,0
13503,1,13503,BWN-HTE MEMU EXP,,2,,,,0,1,1,0,0
13504,1,13504,HTE BWN MEMU EXP,,2,,,,0,1,1,0,0
13505,1,13505,DGHA ASN EXP,,2,,,,0,1,1,0,0
13506,1,13506,ASN DGHA EXP,,2,,,,0,1,1,0,0
13507,1,13507,ASN GKP EXPRESS,,2,,,,0,1,1,0,0
13508,1,13508,GKP ASN EXP,,2,,,,0,1,1,0,0
13509,1,13509,ASN GD EXPRESS,,2,,,,0,1,1,0,0
13510,1,13510,GD ASN EXP,,2,,,,0,1,1,0,0
13511,1,13511,ADTP ASN EXP,,2,,,,0,1,1,0,0
13512,1,13512,ASN TATA EXP,,2,,,,0,1,1,0,0
13513,1,13513,ASN HTE EXP,,2,,,,0,1,1,0,0
13514,1,13514,HTE ASN EXP,,2,,,,0,1,1,0,0
13545,1,13545,ASN-GAYA MEMU EXP,,2,,,,0,1,1,0,0
13546,1,13546,GAYA-ASN MEMU EXP,,2,,,,0,1,1,0,0
13553,1,13553,ASN-BSB MEMU EXP,,2,,,,0,1,1,0,0
13554,1,13554,BSB-ASN MEMU EXP,,2,,,,0,1,1,0,0
13697,1,13697,AMRIT BHARAT EXP,,2,,,,0,1,1,0,0
13698,1,13698,AMRIT BHARAT EXP,,2,,,,0,1,1,0,0
14003,1,14003,MLDT NDLS EXP,,2,,,,0,1,1,0,0
14004,1,14004,NDLS MLDT EXP,,2,,,,0,1,1,0,0
14005,1,14005,LICHCHVI EXPRES,,2,,,,0,1,1,0,0
14006,1,14006,LICHCHIVI EXP,,2,,,,0,1,1,0,0
14007,1,14007,SADBHAVANA EXP,,2,,,,0,1,1,0,0
14008,1,14008,SADHBHAWNA EXP,,2,,,,0,1,1,0,0
14009,1,14009,CHAMPRN SATYGRH,,2,,,,0,1,1,0,0
14010,1,14010,CHAMPRN SATYGRH,,2,,,,0,1,1,0,0
14011,1,14011,RDP ANVT EXPRESS,,2,,,,0,1,1,0,0
14012,1,14012,ANVT RDP EXPRESS,,2,,,,0,1,1,0,0
14013,1,14013,SLN ANVT EXP,,2,,,,0,1,1,0,0
14014,1,14014,SULTANPUR EXP,,2,,,,0,1,1,0,0
14015,1,14015,SADBHAVANA EXP,,2,,,,0,1,1,0,0
14016,1,14016,SADHBHAWNA EXP,,2,,,,0,1,1,0,0
14017,1,14017,SADBHAVANA EXP,,2,,,,0,1,1,0,0
14018,1,14018,SADBHAVNA EXP,,2,,,,0,1,1,0,0
14021,1,14021,PRR ANVT EXPRESS,,2,,,,0,1,1,0,0
14022,1,14022,ANVT PRR EXP,,2,,,,0,1,1,0,0
14023,1,14023,DLI-KKDE EXP,,2,,,,0,1,1,0,0
14024,1,14024,KKDE-DLI EXP,,2,,,,0,1,1,0,0
14027,1,14027,JHI - FZR EXP,,2,,,,0,1,1,0,0
14028,1,14028,FZR - JHI MEXP,,2,,,,0,1,1,0,0
14029,1,14029,SGNR DLI EXPRESS,,2,,,,0,1,1,0,0
14030,1,14030,MUT SGNR EXPRESS,,2,,,,0,1,1,0,0
14035,1,14035,DHAULADHAR EXP.,,2,,,,0,1,1,0,0
14036,1,14036,DHAULADHAR EXP.,,2,,,,0,1,1,0,0
14037,1,14037,PORVOTR S KRNTI,,2,,,,0,1,1,0,0
14038,1,14038,NDLS SCL EXP,,2,,,,0,1,1,0,0
14047,1,14047,AMRIT BHARAT EXP,,2,,,,0,1,1,0,0
14048,1,14048,AMRIT BHARAT EXP,,2,,,,0,1,1,0,0
14049,1,14049,GODA DLI EXPRESS,,2,,,,0,1,1,0,0
14050,1,14050,GODDA EXP,,2,,,,0,1,1,0,0
14055,1,14055,MAU ANVT EXP,,2,,,,0,1,1,0,0
14056,1,14056,ANVT MAU EXP,,2,,,,0,1,1,0,0
14087,1,14087,RUNICHA EXP,,2,,,,0,1,1,0,0
14088,1,14088,RUNICHA EXP,,2,,,,0,1,1,0,0
14089,1,14089,ANVT KTW EXP,,2,,,,0,1,1,0,0
14090,1,14090,KTW ANVT EXP,,2,,,,0,1,1,0,0
14101,1,14101,PYGS-CNB EXP,,2,,,,0,1,1,0,0
14102,1,14102,CNB-PYGS EXP,,2,,,,0,1,1,0,0
14109,1,14109,CTKD-CNB EXP,,2,,,,0,1,1,0,0
14110,1,14110,CNB-CKTD EXP,,2,,,,0,1,1,0,0
14111,1,14111,MFP PRYJ EXP,,2,,,,0,1,1,0,0
14112,1,14112,BAPUDHAM EXPRESS,,2,,,,0,1,1,0,0
14113,1,14113,SFG DDN EXPRESS,,2,,,,0,1,1,0,0
14114,1,14114,DDN SFG EXP,,2,,,,0,1,1,0,0
14115,1,14115,DADN PRYJ EXP,,2,,,,0,1,1,0,0
14116,1,14116,PRYJ DADN EXP,,2,,,,0,1,1,0,0
14117,1,14117,KALINDI EXPRESS,,2,,,,0,1,1,0,0
14118,1,14118,KALINDI EXP,,2,,,,0,1,1,0,0
14119,1,14119,KGM DDN EXP,,2,,,,0,1,1,0,0
14120,1,14120,DDN KGM EXP,,2,,,,0,1,1,0,0
14121,1,14121,AMRIT BHARAT EXP,,2,,,,0,1,1,0,0
14122,1,14122,SFG AMRITBHARAT,,2,,,,0,1,1,0,0
14123,1,14123,PBH-CNB INTERCITY,,2,,,,0,1,1,0,0
14124,1,14124,CNB-MBDP INTERCITY,,2,,,,0,1,1,0,0
14151,1,14151,CNB ANVT EXP,,2,,,,0,1,1,0,0
14152,1,14152,ANVT CNB EXP,,2,,,,0,1,1,0,0
14163,1,14163,SANGAM EXPRESS,,2,,,,0,1,1,0,0
14164,1,14164,SANGAM EXP,,2,,,,0,1,1,0,0
14201,1,14201,JNU - RBL EXPRESS,,2,,,,0,1,1,0,0
14202,1,14202,RBL-JNU EXP,,2,,,,0,1,1,0,0
14205,1,14205,AYODHYA EXPRESS,,2,,,,0,1,1,0,0
14206,1,14206,AYODHYA EXPRESS,,2,,,,0,1,1,0,0
14207,1,14207,PADMAVAT EXP,,2,,,,0,1,1,0,0
14208,1,14208,PADMAVAT EXP,,2,,,,0,1,1,0,0
14209,1,14209,PYGS LKO INTRCT,,2,,,,0,1,1,0,0
14210,1,14210,LKO PYGS INTRCT,,2,,,,0,1,1,0,0
14211,1,14211,NDLS INTERCITY,,2,,,,0,1,1,0,0
14212,1,14212,INTERCITY EXP,,2,,,,0,1,1,0,0
14213,1,14213,BRK INTERCITY,,2,,,,0,1,1,0,0
14214,1,14214,BSB INTERCITY,,2,,,,0,1,1,0,0
14215,1,14215,GANGA GOMTI EXP,,2,,,,0,1,1,0,0
14216,1,14216,GANGA GOMTI EXP,,2,,,,0,1,1,0,0
14217,1,14217,UNCHAHAR EXP,,2,,,,0,1,1,0,0
14218,1,14218,UNCHAHAR EXP,,2,,,,0,1,1,0,0
14225,1,14225,BSB-LKO EXP,,2,,,,0,1,1,0,0
14226,1,14226,LKO-BSB EXP,,2,,,,0,1,1,0,0
14229,1,14229,PYGS YNRK EXP,,2,,,,0,1,1,0,0
14230,1,14230,YNRK PYGS EXP,,2,,,,0,1,1,0,0
14231,1,14231,MANWAR SANGMEXP,,2,,,,0,1,1,0,0
14232,1,14232,MANWARSANGAMEXP,,2,,,,0,1,1,0,0
14233,1,14233,SARYU EXP,,2,,,,0,1,1,0,0
14234,1,14234,SARYU EXPRESS,,2,,,,0,1,1,0,0
14235,1,14235,BSB BE EXP,,2,,,,0,1,1,0,0
14236,1,14236,BE BSB EXP,,2,,,,0,1,1,0,0
14241,1,14241,NAUCHANDI EXP,,2,,,,0,1,1,0,0
14242,1,14242,NAUCHANDI EXP,,2,,,,0,1,1,0,0
14259,1,14259,EKATMATA EXPRES,,2,,,,0,1,1,0,0
14260,1,14260,EKATMATA EXP,,2,,,,0,1,1,0,0
14261,1,14261,EKATMATA EXPRESS,,2,,,,0,1,1,0,0
14262,1,14262,EKATMATA EXP,,2,,,,0,1,1,0,0
14303,1,14303,DLI - HW EXP,,2,,,,0,1,1,0,0
14304,1,14304,HW-DLI EXP,,2,,,,0,1,1,0,0
14305,1,14305,DLI - HW EXP,,2,,,,0,1,1,0,0
14306,1,14306,HW-DLIEXP,,2,,,,0,1,1,0,0
14307,1,14307,PYGS BE EXP,,2,,,,0,1,1,0,0
14308,1,14308,BE PYGS EXP,,2,,,,0,1,1,0,0
14309,1,14309,UJJAINI EXPRESS,,2,,,,0,1,1,0,0
14310,1,14310,UJJAINI EXP,,2,,,,0,1,1,0,0
14311,1,14311,ALA HAZRAT EXP,,2,,,,0,1,1,0,0
14312,1,14312,BHUJ BE EXP,,2,,,,0,1,1,0,0
14313,1,14313,BAREILLY EXPRESS,,2,,,,0,1,1,0,0
14314,1,14314,BE LTT EXPRESS,,2,,,,0,1,1,0,0
14317,1,14317,LMNR YNRK EXP,,2,,,,0,1,1,0,0
14318,1,14318,YNRK LMNR EXP,,2,,,,0,1,1,0,0
14319,1,14319,INDB BARELLY EXP,,2,,,,0,1,1,0,0
14320,1,14320,BE INDB EXP,,2,,,,0,1,1,0,0
14321,1,14321,BE BHUJ EXPRESS,,2,,,,0,1,1,0,0
14322,1,14322,BHUJ BE EXP,,2,,,,0,1,1,0,0
14331,1,14331,DLI-KLK EXP,,2,,,,0,1,1,0,0
14332,1,14332,KLK DLI EXP,,2,,,,0,1,1,0,0
14341,1,14341,MUSSOORIE EXP,,2,,,,0,1,1,0,0
14342,1,14342,MUSSOORIE EXP,,2,,,,0,1,1,0,0
14503,1,14503,KLK SVDK EXP,,2,,,,0,1,1,0,0
14504,1,14504,SVDK KLK EXP,,2,,,,0,1,1,0,0
14505,1,14505,ASR NLDM EXP,,2,,,,0,1,1,0,0
14506,1,14506,NLDM ASR EXP,,2,,,,0,1,1,0,0
14507,1,14507,DLI FKA EXP,,2,,,,0,1,1,0,0
14508,1,14508,FKA DLI EXP,,2,,,,0,1,1,0,0
14509,1,14509,DUI - BTI EXP,,2,,,,0,1,1,0,0
14510,1,14510,BTI - UMB EXP,,2,,,,0,1,1,0,0
14521,1,14521,DLI UMB EXPRESS,,2,,,,0,1,1,0,0
14522,1,14522,UMB DLI EXPRESS,,2,,,,0,1,1,0,0
14523,1,14523,HARIHAR EXP,,2,,,,0,1,1,0,0
14524,1,14524,HARIHAR EXPRESS,,2,,,,0,1,1,0,0
14525,1,14525,UMB SGNR EXP,,2,,,,0,1,1,0,0
14526,1,14526,UMB INTCITY EXP,,2,,,,0,1,1,0,0
14527,1,14527,BTI-SGNR EXP,,2,,,,0,1,1,0,0
14528,1,14528,SGNR-BTI EXP,,2,,,,0,1,1,0,0
14541,1,14541,CDG ASR EXP,,2,,,,0,1,1,0,0
14542,1,14542,ASR CDG EXP,,2,,,,0,1,1,0,0
14545,1,14545,DLI SRE EXP,,2,,,,0,1,1,0,0
14546,1,14546,SRE DLI EXP,,2,,,,0,1,1,0,0
14601,1,14601,FZR-HMH EXPRESS,,2,,,,0,1,1,0,0
14602,1,14602,HMH-FZR EXPRESS,,2,,,,0,1,1,0,0
14603,1,14603,JANSADHARAN EXP,,2,,,,0,1,1,0,0
14604,1,14604,JANSADHARAN EXP,,2,,,,0,1,1,0,0
14605,1,14605,YNRK JAT EXP,,2,,,,0,1,1,0,0
14606,1,14606,JAT YNRK EXP,,2,,,,0,1,1,0,0
14609,1,14609,HEMKUNT EXPRESS,,2,,,,0,1,1,0,0
14610,1,14610,HEMKUNT EXPRESS,,2,,,,0,1,1,0,0
14611,1,14611,GCT SVDK EXP,,2,,,,0,1,1,0,0
14612,1,14612,SVDK GCT EXP,,2,,,,0,1,1,0,0
14613,1,14613,SASN-FZR EXP,,2,,,,0,1,1,0,0
14614,1,14614,FZR-SASN- EXPRESS,,2,,,,0,1,1,0,0
14615,1,14615,LKU ASR EXP,,2,,,,0,1,1,0,0
14616,1,14616,ASR LKU EXPRESS,,2,,,,0,1,1,0,0
14617,1,14617,PRNC-ASR JANSEWA EXP,,2,,,,0,1,1,0,0
14618,1,14618,ASR-PRNC JANSEWA EXP,,2,,,,0,1,1,0,0
14619,1,14619,TRIPURA SUNDARI,,2,,,,0,1,1,0,0
14620,1,14620,TRIPURA SUNDARI,,2,,,,0,1,1,0,0
14621,1,14621,NED FZR EXPRESS,,2,,,,0,1,1,0,0
14622,1,14622,FZR NED EXP,,2,,,,0,1,1,0,0
14623,1,14623,S G VARNASI EXP,,2,,,,0,1,1,0,0
14624,1,14624,S G VARANASI EXP,,2,,,,0,1,1,0,0
14625,1,14625,HW FZR EXP,,2,,,,0,1,1,0,0
14626,1,14626,FZR HW EXP,,2,,,,0,1,1,0,0
14627,1,14627,AMRIT BHARAT EXP,,2,,,,0,1,1,0,0
14628,1,14628,AMRIT BHARAT EXP,,2,,,,0,1,1,0,0
14629,1,14629,SUTLEJ EXP,,2,,,,0,1,1,0,0
14630,1,14630,SUTLEZ EXP,,2,,,,0,1,1,0,0
14631,1,14631,DDN ASR EXPRESS,,2,,,,0,1,1,0,0
14632,1,14632,ASR DDN EXPRESS,,2,,,,0,1,1,0,0
14633,1,14633,RAVI EXPRESS,,2,,,,0,1,1,0,0
14634,1,14634,RAVI EXPRESS,,2,,,,0,1,1,0,0
14649,1,14649,SARYU YAMUNA EX,,2,,,,0,1,1,0,0
14650,1,14650,SARYUYAMUNA EXP,,2,,,,0,1,1,0,0
14653,1,14653,HSR ASR EXPRESS,,2,,,,0,1,1,0,0
14654,1,14654,ASR HSR EXPRESS,,2,,,,0,1,1,0,0
14661,1,14661,SHALIMAR MALANI,,2,,,,0,1,1,0,0
14662,1,14662,SHALIMAR MALANI,,2,,,,0,1,1,0,0
14663,1,14663,AMRIT BHARAT EXP,,2,,,,0,1,1,0,0
14664,1,14664,AMRIT BHARAT EXP,,2,,,,0,1,1,0,0
14669,1,14669,CNB-JAT EXPRESS,,2,,,,0,1,1,0,0
14670,1,14670,JAT-CNB EXPRESS,,2,,,,0,1,1,0,0
14673,1,14673,SHAHEED EXPRESS,,2,,,,0,1,1,0,0
14674,1,14674,SHAHEED EXP,,2,,,,0,1,1,0,0
14679,1,14679,DLI ASR EXP,,2,,,,0,1,1,0,0
14680,1,14680,ASR DLI EXP,,2,,,,0,1,1,0,0
14681,1,14681,DLI JUC EXP,,2,,,,0,1,1,0,0
14682,1,14682,JUC DLI EXP,,2,,,,0,1,1,0,0
14687,1,14687,SVDK-BDGM EXP,,2,,,,0,1,1,0,0
14688,1,14688,BDGM-SVDK EXP,,2,,,,0,1,1,0,0
14691,1,14691,MOUR DHWAJ EXP,,2,,,,0,1,1,0,0
14692,1,14692,MAUR DHAWAJ EXP,,2,,,,0,1,1,0,0
14701,1,14701,ARAVALI EXPRESS,,2,,,,0,1,1,0,0
14702,1,14702,ARAVALI EXP,,2,,,,0,1,1,0,0
14703,1,14703,JSM LGH EXP,,2,,,,0,1,1,0,0
14704,1,14704,LGH JSM EXP,,2,,,,0,1,1,0,0
14705,1,14705,BNW-DKBJ EXP SPL,,2,,,,0,1,1,0,0
14706,1,14706,DKBJ- BNW EXP SPL,,2,,,,0,1,1,0,0
14707,1,14707,RANAKPUR EXP,,2,,,,0,1,1,0,0
14708,1,14708,RANAKPUR EXP,,2,,,,0,1,1,0,0
14709,1,14709,HMH JP EXP,,2,,,,0,1,1,0,0
14710,1,14710,JP HMH EXP,,2,,,,0,1,1,0,0
14711,1,14711,BKN BDTS SPL,,2,,,,0,1,1,0,0
14712,1,14712,BDTS BKN EXP,,2,,,,0,1,1,0,0
14713,1,14713,SIKR DEE EXP,,2,,,,0,1,1,0,0
14714,1,14714,DEE SIKR EXP,,2,,,,0,1,1,0,0
14715,1,14715,HSR-JP EXP,,2,,,,0,1,1,0,0
14716,1,14716,JP HSR EXP,,2,,,,0,1,1,0,0
14717,1,14717,BKN HW EXP,,2,,,,0,1,1,0,0
14718,1,14718,HW BKN EXPRESS,,2,,,,0,1,1,0,0
14719,1,14719,BKN ASR EXP,,2,,,,0,1,1,0,0
14720,1,14720,ASR BKN EXP,,2,,,,0,1,1,0,0
14721,1,14721,JU BTI EXP,,2,,,,0,1,1,0,0
14722,1,14722,ABS JU EXPRESS,,2,,,,0,1,1,0,0
14723,1,14723,HSR TPTY SPL,,2,,,,0,1,1,0,0
14724,1,14724,TPTY HSR EXPRESS,,2,,,,0,1,1,0,0
14725,1,14725,BNW MTJ EXP,,2,,,,0,1,1,0,0
14726,1,14726,MTJ BNW EXP,,2,,,,0,1,1,0,0
14727,1,14727,SGNR TKJ EXP,,2,,,,0,1,1,0,0
14728,1,14728,TKJ SGNR EXP,,2,,,,0,1,1,0,0
14729,1,14729,RE-FKA  EXP,,2,,,,0,1,1,0,0
14730,1,14730,FKA-RE EXP,,2,,,,0,1,1,0,0
14731,1,14731,KISAN EXPRESS,,2,,,,0,1,1,0,0
14732,1,14732,KISAN EXPRESS,,2,,,,0,1,1,0,0
14733,1,14733,BTI JP EXP,,2,,,,0,1,1,0,0
14734,1,14734,JP-BTI EXP,,2,,,,0,1,1,0,0
14735,1,14735,SGNR-UMB EXP,,2,,,,0,1,1,0,0
14736,1,14736,UMB-SGNR EXP,,2,,,,0,1,1,0,0
14737,1,14737,BHIWANI TKJ EXP,,2,,,,0,1,1,0,0
14738,1,14738,TKJ BHIWANI EXP,,2,,,,0,1,1,0,0
14795,1,14795,BNW KLK EKTA EX,,2,,,,0,1,1,0,0
14796,1,14796,KLK BNW EKTA EX,,2,,,,0,1,1,0,0
14801,1,14801,JU INDB EXPRESS,,2,,,,0,1,1,0,0
14802,1,14802,INDB JU EXP,,2,,,,0,1,1,0,0
14803,1,14803,BGKT JAT EXP,,2,,,,0,1,1,0,0
14804,1,14804,JAT BGKT EXP,,2,,,,0,1,1,0,0
14805,1,14805,BARMER AC EXP,,2,,,,0,1,1,0,0
14806,1,14806,BME YPR AC EXP,,2,,,,0,1,1,0,0
14807,1,14807,JU DDR EXPRESS,,2,,,,0,1,1,0,0
14808,1,14808,DADAR JU EXP,,2,,,,0,1,1,0,0
14813,1,14813,JU BPL EXP,,2,,,,0,1,1,0,0
14814,1,14814,BPL JU EXPRESS,,2,,,,0,1,1,0,0
14815,1,14815,SGNR RKSH EXP,,2,,,,0,1,1,0,0
14816,1,14816,RKSH SGNR EXP,,2,,,,0,1,1,0,0
14821,1,14821,JODHPUR - GANDHIGRAM EXP,,2,,,,0,1,1,0,0
14822,1,14822,GG - JU EXP,,2,,,,0,1,1,0,0
14823,1,14823,JU-RE EXP,,2,,,,0,1,1,0,0
14824,1,14824,RE-JU EXP,,2,,,,0,1,1,0,0
14853,1,14853,MARUDHAR EXP,,2,,,,0,1,1,0,0
14854,1,14854,MARUDHAR EXP,,2,,,,0,1,1,0,0
14863,1,14863,MARUDHAR EXP,,2,,,,0,1,1,0,0
14864,1,14864,MARUDHAR EXP,,2,,,,0,1,1,0,0
14865,1,14865,MARUDHAR EXP,,2,,,,0,1,1,0,0
14866,1,14866,MARUDHAR EXP,,2,,,,0,1,1,0,0
14887,1,14887,RKSH BME EXP,,2,,,,0,1,1,0,0
14888,1,14888,BARMER RKSH EXP,,2,,,,0,1,1,0,0
14891,1,14891,JU-HSR EXP,,2,,,,0,1,1,0,0
14892,1,14892,HSR JU EXP,,2,,,,0,1,1,0,0
14893,1,14893,JU PNU EXP,,2,,,,0,1,1,0,0
14894,1,14894,PNU JU MEX,,2,,,,0,1,1,0,0
14895,1,14895,JU BME MEX,,2,,,,0,1,1,0,0
14896,1,14896,BME JU MEX,,2,,,,0,1,1,0,0
14897,1,14897,BKN HSR EXP,,2,,,,0,1,1,0,0
14898,1,14898,HSR BKN EXP,,2,,,,0,1,1,0,0
15001,1,15001,MFP DDN EXP,,2,,,,0,1,1,0,0
15002,1,15002,DDN MFP EXPRESS,,2,,,,0,1,1,0,0
15003,1,15003,CHAURICHAURA EXP,,2,,,,0,1,1,0,0
15004,1,15004,CHAURICHAURA EXP,,2,,,,0,1,1,0,0
15005,1,15005,RAPTI GANGA EXP,,2,,,,0,1,1,0,0
15006,1,15006,DDN GKP EXPRESS,,2,,,,0,1,1,0,0
15007,1,15007,BCY LJN EXPRESS,,2,,,,0,1,1,0,0
15008,1,15008,LJN BCY EXPRESS,,2,,,,0,1,1,0,0
15009,1,15009,GKP IZN EXP,,2,,,,0,1,1,0,0
15010,1,15010,IZN GKP EXP,,2,,,,0,1,1,0,0
15011,1,15011,LJN CDG EXPRESS,,2,,,,0,1,1,0,0
15012,1,15012,CDG LJN EXPRESS,,2,,,,0,1,1,0,0
15013,1,15013,RANIKHET EXP,,2,,,,0,1,1,0,0
15014,1,15014,RANIKHET EXP,,2,,,,0,1,1,0,0
15015,1,15015,ASR LKU EXP,,2,,,,0,1,1,0,0
15016,1,15016,LKU ASR EXPRESS,,2,,,,0,1,1,0,0
15017,1,15017,LTT GKP EXPRESS,,2,,,,0,1,1,0,0
15018,1,15018,GKP LTT EXP,,2,,,,0,1,1,0,0
15019,1,15019,DDN TPU EXP,,2,,,,0,1,1,0,0
15020,1,15020,TPU DDN EXP,,2,,,,0,1,1,0,0
15021,1,15021,SHM GKP EXP,,2,,,,0,1,1,0,0
15022,1,15022,GKP SHM EXPRESS,,2,,,,0,1,1,0,0
15023,1,15023,GKP YPR EXPRESS,,2,,,,0,1,1,0,0
15024,1,15024,YPR GKP EXP,,2,,,,0,1,1,0,0
15025,1,15025,MAU ANVT EXP,,2,,,,0,1,1,0,0
15026,1,15026,ANVT MAU EXP,,2,,,,0,1,1,0,0
15027,1,15027,MAURYA EXPRESS,,2,,,,0,1,1,0,0
15028,1,15028,MAURYA EXPRESS,,2,,,,0,1,1,0,0
15029,1,15029,GKP PUNE EXP,,2,,,,0,1,1,0,0
15030,1,15030,PUNE GKP EXPRESS,,2,,,,0,1,1,0,0
15031,1,15031,LJN INTERCITY,,2,,,,0,1,1,0,0
15032,1,15032,GKP INTERCITY,,2,,,,0,1,1,0,0
15033,1,15033,PPTA LJN EXP,,2,,,,0,1,1,0,0
15034,1,15034,LJN PPTA EXP,,2,,,,0,1,1,0,0
15035,1,15035,UTR SAMPRK KRTI,,2,,,,0,1,1,0,0
15036,1,15036,UTR SMPRK K EXP,,2,,,,0,1,1,0,0
15037,1,15037,CPA-KSJ EXP,,2,,,,0,1,1,0,0
15038,1,15038,KSJ-CPA  EXP,,2,,,,0,1,1,0,0
15039,1,15039,CPA-KSJ EXP,,2,,,,0,1,1,0,0
15040,1,15040,KSJ-CPA-EXP,,2,,,,0,1,1,0,0
15041,1,15041,FBD-KSJ EXP,,2,,,,0,1,1,0,0
15042,1,15042,KSJ-FBD EXP,,2,,,,0,1,1,0,0
15043,1,15043,LJN KGM EXPRESS,,2,,,,0,1,1,0,0
15044,1,15044,KGM LJN EXPRESS,,2,,,,0,1,1,0,0
15045,1,15045,GKP OKHA EXP,,2,,,,0,1,1,0,0
15046,1,15046,OKHA GKP EXP,,2,,,,0,1,1,0,0
15047,1,15047,PURBANCHAL EXP,,2,,,,0,1,1,0,0
15048,1,15048,PURVANCHAL EXP,,2,,,,0,1,1,0,0
15049,1,15049,PURBANCHAL EXP,,2,,,,0,1,1,0,0
15050,1,15050,GKP KOAA EXP,,2,,,,0,1,1,0,0
15051,1,15051,PURBANCHAL EXP,,2,,,,0,1,1,0,0
15052,1,15052,GKP KOAA EXP,,2,,,,0,1,1,0,0
15053,1,15053,CPR GTNR EXPRESS,,2,,,,0,1,1,0,0
15054,1,15054,GTNR CPR EXPRESS,,2,,,,0,1,1,0,0
15055,1,15055,AF RMR EXPRESS,,2,,,,0,1,1,0,0
15056,1,15056,RMR AF EXP,,2,,,,0,1,1,0,0
15057,1,15057,GKP ANVT EXP,,2,,,,0,1,1,0,0
15058,1,15058,ANVT GKP EXP,,2,,,,0,1,1,0,0
15059,1,15059,LKU ANVT EXP,,2,,,,0,1,1,0,0
15060,1,15060,ANVT LKU EXP,,2,,,,0,1,1,0,0
15061,1,15061,KSJ-LKU EXP,,2,,,,0,1,1,0,0
15062,1,15062,LKU-KSJ EXP,,2,,,,0,1,1,0,0
15063,1,15063,RMR CDG EXP,,2,,,,0,1,1,0,0
15064,1,15064,CDG RMR  EXPRESS,,2,,,,0,1,1,0,0
15065,1,15065,GKP PNVL EXP,,2,,,,0,1,1,0,0
15066,1,15066,PNVL GKP EXPRESS,,2,,,,0,1,1,0,0
15067,1,15067,GKP BDTS EXP,,2,,,,0,1,1,0,0
15068,1,15068,BDTS GKP EXP,,2,,,,0,1,1,0,0
15069,1,15069,GKP ASH EXPRESS,,2,,,,0,1,1,0,0
15070,1,15070,ASH GKP EXPRESS,,2,,,,0,1,1,0,0
15073,1,15073,TRIBENI EXPRESS,,2,,,,0,1,1,0,0
15074,1,15074,TRIVENI EXP,,2,,,,0,1,1,0,0
15075,1,15075,TRIBENI EXPRESS,,2,,,,0,1,1,0,0
15076,1,15076,TRIVENI EXP,,2,,,,0,1,1,0,0
15077,1,15077,KYQ GTNR EXPRESS,,2,,,,0,1,1,0,0
15078,1,15078,GTNR KYQ EXP,,2,,,,0,1,1,0,0
15079,1,15079,PPTA GKP EXP,,2,,,,0,1,1,0,0
15080,1,15080,GKP PPTA  EXP,,2,,,,0,1,1,0,0
15081,1,15081,GKP GTNR EXP,,2,,,,0,1,1,0,0
15082,1,15082,GTNR GKP EXP,,2,,,,0,1,1,0,0
15083,1,15083,CPR FBD EXPRESS,,2,,,,0,1,1,0,0
15084,1,15084,FBD CPR EXPRESS,,2,,,,0,1,1,0,0
15085,1,15085,AMRIT BHARAT EXP,,2,,,,0,1,1,0,0
15086,1,15086,BDTS GKP AMRIT B,,2,,,,0,1,1,0,0
15089,1,15089,GODA GTNR  EXP,,2,,,,0,1,1,0,0
15090,1,15090,GTNR GODDA EXP,,2,,,,0,1,1,0,0
15091,1,15091,DOZ TPU EXP,,2,,,,0,1,1,0,0
15092,1,15092,TPU DOZ EXPRESS,,2,,,,0,1,1,0,0
15093,1,15093,AH-TPU  EXP,,2,,,,0,1,1,0,0
15094,1,15094,TPU-AH  EXP,,2,,,,0,1,1,0,0
15095,1,15095,AMRIT BHARAT EXP,,2,,,,0,1,1,0,0
15096,1,15096,AMRIT BHARAT EXP,,2,,,,0,1,1,0,0
15097,1,15097,AMARNATH EXP,,2,,,,0,1,1,0,0
15098,1,15098,AMARNATH EXP,,2,,,,0,1,1,0,0
15103,1,15103,BNRS INTERCITY,,2,,,,0,1,1,0,0
15104,1,15104,GKP INTERCITY,,2,,,,0,1,1,0,0
15105,1,15105,CPR NTV EXP,,2,,,,0,1,1,0,0
15106,1,15106,NTV CPR EXP,,2,,,,0,1,1,0,0
15107,1,15107,BNRS LKO EXP,,2,,,,0,1,1,0,0
15108,1,15108,LKO BSBS EXP,,2,,,,0,1,1,0,0
15109,1,15109,CPR MTJ EXP,,2,,,,0,1,1,0,0
15110,1,15110,MTJ CPR EXP,,2,,,,0,1,1,0,0
15111,1,15111,CPR BCY EXP,,2,,,,0,1,1,0,0
15112,1,15112,BCY CPR EXP,,2,,,,0,1,1,0,0
15113,1,15113,GTNR CPR EXP,,2,,,,0,1,1,0,0
15114,1,15114,CPR GTNR EXP,,2,,,,0,1,1,0,0
15115,1,15115,CPR DLI EXP,,2,,,,0,1,1,0,0
15116,1,15116,DLI CPR EXPRESS,,2,,,,0,1,1,0,0
15119,1,15119,BNRS DDN EXPRES,,2,,,,0,1,1,0,0
15120,1,15120,DDN BSBS EXP,,2,,,,0,1,1,0,0
15125,1,15125,PNBE JANSHTABDI,,2,,,,0,1,1,0,0
15126,1,15126,JANSHATABDI EXP,,2,,,,0,1,1,0,0
15127,1,15127,KASHI V NATH EXP,,2,,,,0,1,1,0,0
15128,1,15128,KASHI V NATH EX,,2,,,,0,1,1,0,0
15129,1,15129,GKC-BCY EXP,,2,,,,0,1,1,0,0
15130,1,15130,BCY-GKC EXPRESS,,2,,,,0,1,1,0,0
15131,1,15131,GKP BCY EXP,,2,,,,0,1,1,0,0
15132,1,15132,BCY GKP EXP,,2,,,,0,1,1,0,0
15133,1,15133,AMRIT BHARAT EXP,,2,,,,0,1,1,0,0
15134,1,15134,AMRIT BHARAT EX,,2,,,,0,1,1,0,0
15135,1,15135,CPR ASR EXPRESS,,2,,,,0,1,1,0,0
15136,1,15136,ASR CPR EXP,,2,,,,0,1,1,0,0
15137,1,15137,BUDH PURNIMA EXP,,2,,,,0,1,1,0,0
15138,1,15138,BUDHPURNIMA EXP,,2,,,,0,1,1,0,0
15159,1,15159,SARNATH EXPRESS,,2,,,,0,1,1,0,0
15160,1,15160,SARNATH EXP,,2,,,,0,1,1,0,0
15181,1,15181,MAU LTT EXPRESS,,2,,,,0,1,1,0,0
15182,1,15182,LTT MAU EXPRESS,,2,,,,0,1,1,0,0
15201,1,15201,PPTA-BUG INTERCITY EXP,,2,,,,0,1,1,0,0
15202,1,15202,BUG-PPTA INTERCITY EXP,,2,,,,0,1,1,0,0
15203,1,15203,BJU LJN EXP,,2,,,,0,1,1,0,0
15204,1,15204,LJN BJU EXPRESS,,2,,,,0,1,1,0,0
15205,1,15205,CHITRAKOOT EXP,,2,,,,0,1,1,0,0
15206,1,15206,CHITRAKOOT EXP,,2,,,,0,1,1,0,0
15211,1,15211,DBG-ASR JANNAAYAK EXP,,2,,,,0,1,1,0,0
15212,1,15212,ASR- DBG JANNAYAK EXP,,2,,,,0,1,1,0,0
15215,1,15215,MFP-NKE EXPRESS,,2,,,,0,1,1,0,0
15216,1,15216,NKE-MFP EXPRESS,,2,,,,0,1,1,0,0
15227,1,15227,MUZAFFARPUR EXP,,2,,,,0,1,1,0,0
15228,1,15228,MFP SMVB EXP,,2,,,,0,1,1,0,0
15231,1,15231,BJU GONDIA EXP,,2,,,,0,1,1,0,0
15232,1,15232,GONDIA BJU EXP,,2,,,,0,1,1,0,0
15233,1,15233,KOAA DBG EXP,,2,,,,0,1,1,0,0
15234,1,15234,DBG KOAA EXPRES,,2,,,,0,1,1,0,0
15235,1,15235,HWH DBG EXPRESS,,2,,,,0,1,1,0,0
15236,1,15236,DBG HWH EXPRESS,,2,,,,0,1,1,0,0
15267,1,15267,RXL-LTT ANTYODAY EXP,,2,,,,0,1,1,0,0
15268,1,15268,LTT-RXL ANTYODAY EXP,,2,,,,0,1,1,0,0
15269,1,15269,MFP-SBIB JANSADHARAN EXP,,2,,,,0,1,1,0,0
15270,1,15270,SBIB-MFP JANSADHARAN EXP,,2,,,,0,1,1,0,0
15271,1,15271,HWH-MFP JANSADHARAN EXP,,2,,,,0,1,1,0,0
15272,1,15272,MFP-HWH JANSADHARAN EXP,,2,,,,0,1,1,0,0
15273,1,15273,SATYAGRAH EXP,,2,,,,0,1,1,0,0
15274,1,15274,SATYAGRAH EXP,,2,,,,0,1,1,0,0
15279,1,15279,POORBIYA EXP,,2,,,,0,1,1,0,0
15280,1,15280,POORABIYA EXP,,2,,,,0,1,1,0,0
15283,1,15283,JANKI EXPRESS,,2,,,,0,1,1,0,0
15284,1,15284,JANKI EXPRESS,,2,,,,0,1,1,0,0
15293,1,15293,AMRIT BHARAT EXP,,2,,,,0,1,1,0,0
15294,1,15294,MFP AMRITBHARAT,,2,,,,0,1,1,0,0
15301,1,15301,SBC-LKU EXPRESS,,2,,,,0,1,1,0,0
15302,1,15302,LKU-KSR BENGALURU CITY EX,,2,,,,0,1,1,0,0
15303,1,15303,INTERCITY EXP,,2,,,,0,1,1,0,0
15304,1,15304,INTERCITY EXP,,2,,,,0,1,1,0,0
15305,1,15305,NDLS ROK EXP,,2,,,,0,1,1,0,0
15306,1,15306,ROK NDLS EXP,,2,,,,0,1,1,0,0
15307,1,15307,HARYANA EXP,,2,,,,0,1,1,0,0
15308,1,15308,HARYANA EXP,,2,,,,0,1,1,0,0
15309,1,15309,DDN RMR EXPRESS,,2,,,,0,1,1,0,0
15310,1,15310,RMR DDN EXPRESS,,2,,,,0,1,1,0,0
15311,1,15311,ASH KSJ EXPRESS,,2,,,,0,1,1,0,0
15312,1,15312,KSJ ASH EXPRESS,,2,,,,0,1,1,0,0
15417,1,15417,RAJYA RANI EXP,,2,,,,0,1,1,0,0
15418,1,15418,RAJYA RANI EXP,,2,,,,0,1,1,0,0
15463,1,15463,BLGT-HDB I C EXPRESS,,2,,,,0,1,1,0,0
15464,1,15464,HDB-BLGT I C EXPRESS,,2,,,,0,1,1,0,0
15467,1,15467,HDB-BXT I C EXPRESS,,2,,,,0,1,1,0,0
15468,1,15468,BXT-HDB I C EXPRESS,,2,,,,0,1,1,0,0
15483,1,15483,SIKKIMMAHANANDA,,2,,,,0,1,1,0,0
15484,1,15484,MAHANANDA EXP,,2,,,,0,1,1,0,0
15501,1,15501,RXL JBN EXP,,2,,,,0,1,1,0,0
15502,1,15502,JBN RXL EXPRESS,,2,,,,0,1,1,0,0
15503,1,15503,RAJYA RANI EXP,,2,,,,0,1,1,0,0
15504,1,15504,RAJYA RANI EXP,,2,,,,0,1,1,0,0
15505,1,15505,JANHIT EXP,,2,,,,0,1,1,0,0
15506,1,15506,JANHIT EXP,,2,,,,0,1,1,0,0
15507,1,15507,DBG-PPTA INTERCITY EXP,,2,,,,0,1,1,0,0
15508,1,15508,PPTA-DBG INTERCITY EXP,,2,,,,0,1,1,0,0
15509,1,15509,RAJYA RANI EXP,,2,,,,0,1,1,0,0
15510,1,15510,RAJYA RANI EXP,,2,,,,0,1,1,0,0
15515,1,15515,NKE-DNR EXPRESS,,2,,,,0,1,1,0,0
15516,1,15516,DNR-NKE EXPRESS,,2,,,,0,1,1,0,0
15527,1,15527,JYG PNBE EXP,,2,,,,0,1,1,0,0
15528,1,15528,PNBE JYG EXP,,2,,,,0,1,1,0,0
15529,1,15529,SHC-ANVT JANSADHARAN EXP,,2,,,,0,1,1,0,0
15530,1,15530,ANVT-SHC JANSADHARAN EXP,,2,,,,0,1,1,0,0
15531,1,15531,SHC-ASR JANSADHARAN EXP,,2,,,,0,1,1,0,0
15532,1,15532,ASR-SHC JANSADHARAN EXP,,2,,,,0,1,1,0,0
15549,1,15549,JYG PNBE INT EX,,2,,,,0,1,1,0,0
15550,1,15550,PNBE JYG INT EX,,2,,,,0,1,1,0,0
15551,1,15551,DBG-BCY ANTYODAYA EXP,,2,,,,0,1,1,0,0
15552,1,15552,BCY-DBG ANTYODAYA EXP,,2,,,,0,1,1,0,0
15553,1,15553,BGP JYG EXP,,2,,,,0,1,1,0,0
15554,1,15554,JYG BGP EXP,,2,,,,0,1,1,0,0
15555,1,15555,PPTA-BMKI INTERCITY EXP,,2,,,,0,1,1,0,0
15556,1,15556,BMKI-PPTA INTERCITY EXP,,2,,,,0,1,1,0,0
15557,1,15557,AMRIT BHARAT EXP,,2,,,,0,1,1,0,0
15558,1,15558,AMRIT BHARAT EXP,,2,,,,0,1,1,0,0
15559,1,15559,DBG-ADI ANTYODAY EXP,,2,,,,0,1,1,0,0
15560,1,15560,ADI-DBG ANTYODAY EXP,,2,,,,0,1,1,0,0
15561,1,15561,AMRIT BHARAT EXP,,2,,,,0,1,1,0,0
15562,1,15562,AMRIT BHARAT EXP,,2,,,,0,1,1,0,0
15565,1,15565,VAISHALI EXP,,2,,,,0,1,1,0,0
15566,1,15566,VAISHALI EXP,,2,,,,0,1,1,0,0
15567,1,15567,AMRIT BHARAT EXP,,2,,,,0,1,1,0,0
15568,1,15568,AMRIT BHARAT EXP,,2,,,,0,1,1,0,0
15589,1,15589,MFP HDP AC EXP,,2,,,,0,1,1,0,0
15590,1,15590,HDP MFP EXPRESS,,2,,,,0,1,1,0,0
15601,1,15601,DBB-GHY EXPRESS,,2,,,,0,1,1,0,0
15602,1,15602,GHY-DBB EXPRESS,,2,,,,0,1,1,0,0
15603,1,15603,GHY LEDO IC EXP,,2,,,,0,1,1,0,0
15604,1,15604,LEDO GHY IC EXP,,2,,,,0,1,1,0,0
15607,1,15607,ARONAI EXPRESS,,2,,,,0,1,1,0,0
15608,1,15608,SCL TVC EXPRESS,,2,,,,0,1,1,0,0
15609,1,15609,GHY SANG EXPRESS,,2,,,,0,1,1,0,0
15610,1,15610,SANG GHY EXPRESS,,2,,,,0,1,1,0,0
15611,1,15611,RNY SCL EXPRESS,,2,,,,0,1,1,0,0
15612,1,15612,SCL RNY EXPRESS,,2,,,,0,1,1,0,0
15613,1,15613,LACHIT EXPRESS,,2,,,,0,1,1,0,0
15614,1,15614,LACHIT EXPRESS,,2,,,,0,1,1,0,0
15615,1,15615,GHY SCL EXPRESS,,2,,,,0,1,1,0,0
15616,1,15616,SCL GHY EXPRESS,,2,,,,0,1,1,0,0
15617,1,15617,GHY DLCR EXPRESS,,2,,,,0,1,1,0,0
15618,1,15618,DLCR GHY EXPRESS,,2,,,,0,1,1,0,0
15619,1,15619,GAYA KYQ EXP,,2,,,,0,1,1,0,0
15620,1,15620,KYQ GAYA EXP,,2,,,,0,1,1,0,0
15621,1,15621,KYQ ANVT EXP,,2,,,,0,1,1,0,0
15622,1,15622,ANVT KYQ EXP,,2,,,,0,1,1,0,0
15623,1,15623,BGKT KYQ EXP,,2,,,,0,1,1,0,0
15624,1,15624,KYQ BGKT EXP,,2,,,,0,1,1,0,0
15625,1,15625,DGHR AGTL EXP,,2,,,,0,1,1,0,0
15626,1,15626,AGTL DGHR  EXP,,2,,,,0,1,1,0,0
15627,1,15627,CBE SCL EXPRESS,,2,,,,0,1,1,0,0
15628,1,15628,SCL CBE EXPRESS,,2,,,,0,1,1,0,0
15629,1,15629,NAGAON EXPRESS,,2,,,,0,1,1,0,0
15630,1,15630,NAGAON EXPRESS,,2,,,,0,1,1,0,0
15631,1,15631,BME GHY EXPRESS,,2,,,,0,1,1,0,0
15632,1,15632,GHY BME EXPRESS,,2,,,,0,1,1,0,0
15633,1,15633,BKN GHY EXPRESS,,2,,,,0,1,1,0,0
15634,1,15634,GHY BKN EXPRESS,,2,,,,0,1,1,0,0
15635,1,15635,GUWAHATI EXPRES,,2,,,,0,1,1,0,0
15636,1,15636,GHY OKHA EXP,,2,,,,0,1,1,0,0
15637,1,15637,AGTL KGBP EXP,,2,,,,0,1,1,0,0
15638,1,15638,KGBP AGTL EXP,,2,,,,0,1,1,0,0
15639,1,15639,PURI KYQ EXPRESS,,2,,,,0,1,1,0,0
15640,1,15640,KYQ PURI EXP,,2,,,,0,1,1,0,0
15641,1,15641,BARAK B EXPRESS,,2,,,,0,1,1,0,0
15642,1,15642,BARAK B EXPRESS,,2,,,,0,1,1,0,0
15643,1,15643,PURI KYQ EXPRES,,2,,,,0,1,1,0,0
15644,1,15644,KYQ PURI EXP,,2,,,,0,1,1,0,0
15645,1,15645,CHZ  SCL  EXP,,2,,,,0,1,1,0,0
15646,1,15646,SCL SC EXPRESS,,2,,,,0,1,1,0,0
15647,1,15647,LTT GHY EXPRES,,2,,,,0,1,1,0,0
15648,1,15648,GHY LTT EXPRESS,,2,,,,0,1,1,0,0
15649,1,15649,AGTL NNGE EXP,,2,,,,0,1,1,0,0
15650,1,15650,NNGE AGTL EXP,,2,,,,0,1,1,0,0
15651,1,15651,LOHIT EXPRESS,,2,,,,0,1,1,0,0
15652,1,15652,LOHIT EXPRESS,,2,,,,0,1,1,0,0
15653,1,15653,AMARNATH EXP,,2,,,,0,1,1,0,0
15654,1,15654,AMARNATH EXP,,2,,,,0,1,1,0,0
15655,1,15655,KYQ SVDK EXP,,2,,,,0,1,1,0,0
15656,1,15656,SVDK KYQ EXP,,2,,,,0,1,1,0,0
15657,1,15657,BRAHMPUTRA MAIL,,2,,,,0,1,1,0,0
15658,1,15658,BRAHMAPUTRA EXP,,2,,,,0,1,1,0,0
15659,1,15659,LTT AGTL AC EXP,,2,,,,0,1,1,0,0
15660,1,15660,AGTL LTT AC EXP,,2,,,,0,1,1,0,0
15661,1,15661,RNC KYQ EXP,,2,,,,0,1,1,0,0
15662,1,15662,KYQ RNC EXPRESS,,2,,,,0,1,1,0,0
15663,1,15663,AGTL SCL EXP,,2,,,,0,1,1,0,0
15664,1,15664,SCL AGTL EXP,,2,,,,0,1,1,0,0
15665,1,15665,BG EXPRESS,,2,,,,0,1,1,0,0
15666,1,15666,BG EXPRESS,,2,,,,0,1,1,0,0
15667,1,15667,KAMAKHYA EXP,,2,,,,0,1,1,0,0
15668,1,15668,KYQ GIMB EXP,,2,,,,0,1,1,0,0
15669,1,15669,NAGALAND EXP,,2,,,,0,1,1,0,0
15670,1,15670,NAGALAND EXP,,2,,,,0,1,1,0,0
15671,1,15671,AMRIT BHARAT EXP,,2,,,,0,1,1,0,0
15672,1,15672,AMRIT BHARAT EXP,,2,,,,0,1,1,0,0
15673,1,15673,KYQ AMRITBHARAT,,2,,,,0,1,1,0,0
15674,1,15674,CHZ AMRIT BHARAT,,2,,,,0,1,1,0,0
15675,1,15675,NJP GHY IC EXP,,2,,,,0,1,1,0,0
15676,1,15676,GHY NJP IC EXP,,2,,,,0,1,1,0,0
15701,1,15701,KIR-SGUJ EXPRESS,,2,,,,0,1,1,0,0
15702,1,15702,SGUJ-KIR EXPRESS,,2,,,,0,1,1,0,0
15703,1,15703,NJP-BNGN EXPRESS,,2,,,,0,1,1,0,0
15704,1,15704,BNGN-NJP EXPRESS,,2,,,,0,1,1,0,0
15705,1,15705,CHAMPARAN HUMSFR,,2,,,,0,1,1,0,0
15706,1,15706,CHAMPARAN HMSFR,,2,,,,0,1,1,0,0
15707,1,15707,KIR ASR EXPRESS,,2,,,,0,1,1,0,0
15708,1,15708,ASR KIR EXPRESS,,2,,,,0,1,1,0,0
15709,1,15709,MLDT-NJP EXPRESS,,2,,,,0,1,1,0,0
15710,1,15710,NJP-MLDT EXPRESS,,2,,,,0,1,1,0,0
15711,1,15711,HWH KIR EXPRESS,,2,,,,0,1,1,0,0
15712,1,15712,KIR HWH EXPRESS,,2,,,,0,1,1,0,0
15713,1,15713,INTERCITY EXP,,2,,,,0,1,1,0,0
15714,1,15714,INTERCITY EXP,,2,,,,0,1,1,0,0
15715,1,15715,GARIB NAWAZ EXP,,2,,,,0,1,1,0,0
15716,1,15716,GARIB NAWAZ EXP,,2,,,,0,1,1,0,0
15719,1,15719,KIR-SGUJ I C EXPRESS,,2,,,,0,1,1,0,0
15720,1,15720,SGUJ-KIR I C EXPRESS,,2,,,,0,1,1,0,0
15721,1,15721,PAHARIA EXP,,2,,,,0,1,1,0,0
15722,1,15722,PAHARIA EXPRESS,,2,,,,0,1,1,0,0
15723,1,15723,JBN SGUT EXPRESS,,2,,,,0,1,1,0,0
15724,1,15724,SGUT JBN EXPRESS,,2,,,,0,1,1,0,0
15725,1,15725,NJP ANVT EXPRESS,,2,,,,0,1,1,0,0
15726,1,15726,ANVT NJP EXP,,2,,,,0,1,1,0,0
15733,1,15733,FARAKKA EXPRESS,,2,,,,0,1,1,0,0
15734,1,15734,FARKKA EXPRESS,,2,,,,0,1,1,0,0
15743,1,15743,FARAKKA EXP,,2,,,,0,1,1,0,0
15744,1,15744,FARAKKA EXP,,2,,,,0,1,1,0,0
15753,1,15753,SIFHUNG EXPRESS,,2,,,,0,1,1,0,0
15754,1,15754,SIFHUNG EXPRESS,,2,,,,0,1,1,0,0
15767,1,15767,SGUJ-APDJ I C EXPRESS,,2,,,,0,1,1,0,0
15768,1,15768,APDJ-SGUJ I C EXPRESS,,2,,,,0,1,1,0,0
15769,1,15769,APDJ-MXN I C EXPRESS,,2,,,,0,1,1,0,0
15770,1,15770,MXN-APDJ I C EXPRESS,,2,,,,0,1,1,0,0
15777,1,15777,NJP APDJ TOURIST,,2,,,,0,1,1,0,0
15778,1,15778,APDJ NJP TOURIST,,2,,,,0,1,1,0,0
15813,1,15813,DKGN-MZS EXPRESS,,2,,,,0,1,1,0,0
15814,1,15814,MZS-DKGN EXPRESS,,2,,,,0,1,1,0,0
15815,1,15815,GHY-DKGN EXPRESS,,2,,,,0,1,1,0,0
15816,1,15816,DKGN-GHY EXPRESS,,2,,,,0,1,1,0,0
15817,1,15817,DONYI POLO EXP,,2,,,,0,1,1,0,0
15818,1,15818,DONYI POLO EXP,,2,,,,0,1,1,0,0
15895,1,15895,RNY MZS EXPRESS,,2,,,,0,1,1,0,0
15896,1,15896,MZS RNY EXPRESS,,2,,,,0,1,1,0,0
15903,1,15903,DBRG CDG EXP,,2,,,,0,1,1,0,0
15904,1,15904,CDG DBRG EXP,,2,,,,0,1,1,0,0
15907,1,15907,TSK NHLN VISTA,,2,,,,0,1,1,0,0
15908,1,15908,NHLN TSK VISTA,,2,,,,0,1,1,0,0
15909,1,15909,AVADH ASSAM EXP,,2,,,,0,1,1,0,0
15910,1,15910,AVADH ASSAM EXP,,2,,,,0,1,1,0,0
15911,1,15911,TSK NHLN EXP,,2,,,,0,1,1,0,0
15912,1,15912,NHLN TSK EXPRESS,,2,,,,0,1,1,0,0
15925,1,15925,DGHR DBRG EXP,,2,,,,0,1,1,0,0
15926,1,15926,DBRG DGHR EXP,,2,,,,0,1,1,0,0
15927,1,15927,RNY-NTSK EXPRESS,,2,,,,0,1,1,0,0
15928,1,15928,NTSK-RNY EXPRESS,,2,,,,0,1,1,0,0
15929,1,15929,TBM NTSK EXPRESS,,2,,,,0,1,1,0,0
15930,1,15930,NTSK TBM EXP,,2,,,,0,1,1,0,0
15933,1,15933,NTSK ASR EXPRESS,,2,,,,0,1,1,0,0
15934,1,15934,ASR NTSK EXP,,2,,,,0,1,1,0,0
15945,1,15945,LTT DIBRUGARH EX,,2,,,,0,1,1,0,0
15946,1,15946,DBRG LTT EXP,,2,,,,0,1,1,0,0
15949,1,15949,AMRIT BHARAT EXP,,2,,,,0,1,1,0,0
15950,1,15950,AMRIT BHARAT EXP,,2,,,,0,1,1,0,0
15959,1,15959,KAMRUP EXPRESS,,2,,,,0,1,1,0,0
15960,1,15960,KAMRUP EXPRESS,,2,,,,0,1,1,0,0
15961,1,15961,KAMRUP EXPRESS,,2,,,,0,1,1,0,0
15962,1,15962,KAMRUP EXPRESS,,2,,,,0,1,1,0,0
15967,1,15967,RANGIYA-LEDO EXPRESS,,2,,,,0,1,1,0,0
15968,1,15968,LEDO-RANGIYA EXPRESS,,2,,,,0,1,1,0,0
16003,1,16003,MAS NSL EXPRESS,,2,,,,0,1,1,0,0
16004,1,16004,NSL MAS WKLY EXP,,2,,,,0,1,1,0,0
16021,1,16021,KAVERI EXPRESS,,2,,,,0,1,1,0,0
16022,1,16022,KAVERI EXPRESS,,2,,,,0,1,1,0,0
16031,1,16031,ANDAMAN EXPRESS,,2,,,,0,1,1,0,0
16032,1,16032,ANDAMAN EXPRESS,,2,,,,0,1,1,0,0
16053,1,16053,MAS TPTY EXP,,2,,,,0,1,1,0,0
16054,1,16054,TPTY MAS EXP,,2,,,,0,1,1,0,0
16057,1,16057,SAPTHAGIRI EXP,,2,,,,0,1,1,0,0
16058,1,16058,SAPTHAGIRI EXP,,2,,,,0,1,1,0,0
16085,1,16085,AJJ-JTJ MEMU EXP,,2,,,,0,1,1,0,0
16086,1,16086,JTJ-AJJ  MEMU EXP,,2,,,,0,1,1,0,0
16087,1,16087,AJJ-SA MEMU EXP,,2,,,,0,1,1,0,0
16088,1,16088,SA-AJJ MEMU EXP,,2,,,,0,1,1,0,0
16089,1,16089,YELAGIRI EXPRESS,,2,,,,0,1,1,0,0
16090,1,16090,YELAGIRI EXPRESS,,2,,,,0,1,1,0,0
16093,1,16093,MAS LJN EXPRESS,,2,,,,0,1,1,0,0
16094,1,16094,LJN MAS EXPRESS,,2,,,,0,1,1,0,0
16101,1,16101,MS QLN EXPRESS,,2,,,,0,1,1,0,0
16102,1,16102,QLN MS EXPRESS,,2,,,,0,1,1,0,0
16103,1,16103,TBM RMM EXP,,2,,,,0,1,1,0,0
16104,1,16104,RMM TBM EXP,,2,,,,0,1,1,0,0
16107,1,16107,SRC AMRIT BHARAT,,2,,,,0,1,1,0,0
16108,1,16108,TBM AMRIT BHARAT,,2,,,,0,1,1,0,0
16111,1,16111,TPTY-PDY MEMU EXP,,2,,,,0,1,1,0,0
16112,1,16112,PDY-TPTY MEMU EXP,,2,,,,0,1,1,0,0
16115,1,16115,MS PDY EXPRESS,,2,,,,0,1,1,0,0
16116,1,16116,PDY MS EXPRESS,,2,,,,0,1,1,0,0
16121,1,16121,TVC AMRIT BHARAT,,2,,,,0,1,1,0,0
16122,1,16122,TBM AMRIT BHARAT,,2,,,,0,1,1,0,0
16127,1,16127,MS GURUVAYUR EXP,,2,,,,0,1,1,0,0
16128,1,16128,GUV CHENNAI EXP,,2,,,,0,1,1,0,0
16159,1,16159,MS MAQ EXPRESS,,2,,,,0,1,1,0,0
16160,1,16160,MAQ CHENNAI EXP,,2,,,,0,1,1,0,0
16175,1,16175,MS VLNK EXPRESS,,2,,,,0,1,1,0,0
16176,1,16176,VLNK MS EXPRESS,,2,,,,0,1,1,0,0
16179,1,16179,MS MQ EXPRESS,,2,,,,0,1,1,0,0
16180,1,16180,MQ MS EXPRESS,,2,,,,0,1,1,0,0
16187,1,16187,KIK ERS EXPRESS,,2,,,,0,1,1,0,0
16188,1,16188,ERS KIK EXPRESS,,2,,,,0,1,1,0,0
16203,1,16203,MAS TPTY EXPRESS,,2,,,,0,1,1,0,0
16204,1,16204,TPTY MAS EXP,,2,,,,0,1,1,0,0
16205,1,16205,MYSURU EXP,,2,,,,0,1,1,0,0
16206,1,16206,TALGUPPA EXP,,2,,,,0,1,1,0,0
16207,1,16207,YPR-MYS UR EXP,,2,,,,0,1,1,0,0
16208,1,16208,MYS-YPR UR EXP,,2,,,,0,1,1,0,0
16209,1,16209,AII MYS EXP,,2,,,,0,1,1,0,0
16210,1,16210,AJMER EXPRESS,,2,,,,0,1,1,0,0
16211,1,16211,YPR-SA UR EXP,,2,,,,0,1,1,0,0
16212,1,16212,SA-YPR UR EXP,,2,,,,0,1,1,0,0
16213,1,16213,ASK-UBL UR EXP,,2,,,,0,1,1,0,0
16214,1,16214,UBL-ASK UR EXP,,2,,,,0,1,1,0,0
16215,1,16215,CHAMUNDI EXP,,2,,,,0,1,1,0,0
16216,1,16216,CHAMUNDI EXP,,2,,,,0,1,1,0,0
16217,1,16217,MYS SNSI EXP,,2,,,,0,1,1,0,0
16218,1,16218,SNSI MYSURU EXP,,2,,,,0,1,1,0,0
16219,1,16219,CMNR TPTY EXP,,2,,,,0,1,1,0,0
16220,1,16220,TPTY CMNR EXP,,2,,,,0,1,1,0,0
16221,1,16221,TLGP-MYS KUVEMPU EXPRESS,,2,,,,0,1,1,0,0
16222,1,16222,MYS-TLGP KUVEMPU EXPRESS,,2,,,,0,1,1,0,0
16223,1,16223,SMVB RDP EXP,,2,,,,0,1,1,0,0
16224,1,16224,RDP SMVB EXPRESS,,2,,,,0,1,1,0,0
16225,1,16225,MYS-SMET UR EXP,,2,,,,0,1,1,0,0
16226,1,16226,SMET-MYS UR EXP,,2,,,,0,1,1,0,0
16227,1,16227,MYS TLGP EXP,,2,,,,0,1,1,0,0
16228,1,16228,TLGP MYS EXP,,2,,,,0,1,1,0,0
16231,1,16231,MYSURU EXPRESS,,2,,,,0,1,1,0,0
16232,1,16232,MYS CUPJ EXP,,2,,,,0,1,1,0,0
16235,1,16235,TN MYSURU EXP,,2,,,,0,1,1,0,0
16236,1,16236,TUTICORIN EXP,,2,,,,0,1,1,0,0
16239,1,16239,CMGR-YPR UR EXP,,2,,,,0,1,1,0,0
16240,1,16240,YPR-CMGR UR EXP,,2,,,,0,1,1,0,0
16301,1,16301,VENAD EXPRESS,,2,,,,0,1,1,0,0
16302,1,16302,VENAD EXPRESS,,2,,,,0,1,1,0,0
16303,1,16303,VANCHINAD EXP,,2,,,,0,1,1,0,0
16304,1,16304,VANCHINAD EXP,,2,,,,0,1,1,0,0
16305,1,16305,ERS CAN EXPRESS,,2,,,,0,1,1,0,0
16306,1,16306,CAN ERS EXPRESS,,2,,,,0,1,1,0,0
16307,1,16307,ALLP CAN EXP,,2,,,,0,1,1,0,0
16308,1,16308,CAN ALLP EXP,,2,,,,0,1,1,0,0
16309,1,16309,ERS-KYJ MEMU EXP,,2,,,,0,1,1,0,0
16310,1,16310,KYJ-ERS MEMU EXP,,2,,,,0,1,1,0,0
16311,1,16311,SGNR KCVL EXP,,2,,,,0,1,1,0,0
16312,1,16312,TVCN SGNR EXP,,2,,,,0,1,1,0,0
16313,1,16313,TVCN-MAJN ANTYODAYA EXP,,2,,,,0,1,1,0,0
16314,1,16314,MAJN-TVCN ANTYODAYA EXP,,2,,,,0,1,1,0,0
16315,1,16315,MYS TVCN EXP,,2,,,,0,1,1,0,0
16316,1,16316,TVCN MYS EXP,,2,,,,0,1,1,0,0
16317,1,16317,HIMSAGAR EXPRESS,,2,,,,0,1,1,0,0
16318,1,16318,HIMSAGAR EXP,,2,,,,0,1,1,0,0
16319,1,16319,SMVB HUMSAFAR,,2,,,,0,1,1,0,0
16320,1,16320,TVCN HUMSAFAR,,2,,,,0,1,1,0,0
16321,1,16321,NCJ-CBE EXP,,2,,,,0,1,1,0,0
16322,1,16322,CBE-NCJ EXP,,2,,,,0,1,1,0,0
16323,1,16323,CBE-MAQ EXP,,2,,,,0,1,1,0,0
16324,1,16324,MAQ-CBE EXP,,2,,,,0,1,1,0,0
16325,1,16325,NIL KTYM EXP,,2,,,,0,1,1,0,0
16326,1,16326,KTYM NIL EXP,,2,,,,0,1,1,0,0
16327,1,16327,MDU GUV EXP,,2,,,,0,1,1,0,0
16328,1,16328,GUV MDU EXP,,2,,,,0,1,1,0,0
16329,1,16329,MAJN AMRITBHARAT,,2,,,,0,1,1,0,0
16330,1,16330,NCJ AMRIT BHARAT,,2,,,,0,1,1,0,0
16331,1,16331,TRIVANDRAM EXP,,2,,,,0,1,1,0,0
16332,1,16332,TVC LTT EXP,,2,,,,0,1,1,0,0
16333,1,16333,VRL TVC EXP,,2,,,,0,1,1,0,0
16334,1,16334,VERAVAL EXPRESS,,2,,,,0,1,1,0,0
16335,1,16335,GIMB NCJ EXP,,2,,,,0,1,1,0,0
16336,1,16336,GANDHIDHAM EXP,,2,,,,0,1,1,0,0
16337,1,16337,OKHA ERS EXP,,2,,,,0,1,1,0,0
16338,1,16338,ERS OKHA EXP,,2,,,,0,1,1,0,0
16339,1,16339,NAGARCOIL EXP,,2,,,,0,1,1,0,0
16340,1,16340,NCJ LTT EXPRESS,,2,,,,0,1,1,0,0
16341,1,16341,GUV TVC EXP,,2,,,,0,1,1,0,0
16342,1,16342,TVC GUV EXP,,2,,,,0,1,1,0,0
16343,1,16343,AMRITHA EXP,,2,,,,0,1,1,0,0
16344,1,16344,AMRITHA EXPRESS,,2,,,,0,1,1,0,0
16345,1,16345,NETRAVATI EXP,,2,,,,0,1,1,0,0
16346,1,16346,NETHRAVATHI EXP,,2,,,,0,1,1,0,0
16347,1,16347,MANGALORE EXP,,2,,,,0,1,1,0,0
16348,1,16348,TRIVANDRUM EXP,,2,,,,0,1,1,0,0
16349,1,16349,RAJYA RANI EXP,,2,,,,0,1,1,0,0
16350,1,16350,RAJYA RANI EXP,,2,,,,0,1,1,0,0
16351,1,16351,NAGARCOIL EXP,,2,,,,0,1,1,0,0
16352,1,16352,NCJ LTT EXPRESS,,2,,,,0,1,1,0,0
16353,1,16353,KCG NCJ EXP,,2,,,,0,1,1,0,0
16354,1,16354,KACHEGUDA EXP,,2,,,,0,1,1,0,0
16355,1,16355,TVCN-MAJN ANTYODAYA EXP,,2,,,,0,1,1,0,0
16356,1,16356,MAJN- TVCN ANTYODAYA EXP,,2,,,,0,1,1,0,0
16357,1,16357,CHZ AMRIT BHARAT,,2,,,,0,1,1,0,0
16358,1,16358,NCJ AMRITBHARAT,,2,,,,0,1,1,0,0
16361,1,16361,ERS VLNK EXP,,2,,,,0,1,1,0,0
16362,1,16362,VLNK ERS EXP,,2,,,,0,1,1,0,0
16363,1,16363,ERS VLNK EXPRESS,,2,,,,0,1,1,0,0
16364,1,16364,VLNK ERS EXPRESS,,2,,,,0,1,1,0,0
16366,1,16366,NCJ-KTYM EXP,,2,,,,0,1,1,0,0
16367,1,16367,KASHI TAMIL EXP,,2,,,,0,1,1,0,0
16368,1,16368,KASHI TAMIL EXP,,2,,,,0,1,1,0,0
16377,1,16377,ERNAKULAM EXP,,2,,,,0,1,1,0,0
16378,1,16378,SBC INTERCITY,,2,,,,0,1,1,0,0
16381,1,16381,KANYAKUMARI EXP,,2,,,,0,1,1,0,0
16382,1,16382,CAPE PUNE EXP,,2,,,,0,1,1,0,0
16511,1,16511,SBC CLT EXPRESS,,2,,,,0,1,1,0,0
16512,1,16512,CLT SBC EXPRESS,,2,,,,0,1,1,0,0
16515,1,16515,KARWAR EXPRESS,,2,,,,0,1,1,0,0
16516,1,16516,KAWR YPR EXP,,2,,,,0,1,1,0,0
16519,1,16519,JTJ-SBC MEMU,,2,,,,0,1,1,0,0
16520,1,16520,SBC-JTJ MEMU,,2,,,,0,1,1,0,0
16521,1,16521,BWT-SBC UR MEMU EXP SPL,,2,,,,0,1,1,0,0
16522,1,16522,SBC-BWT UR MEMU EXPRESS,,2,,,,0,1,1,0,0
16523,1,16523,SMVB BLGT EXP,,2,,,,0,1,1,0,0
16524,1,16524,BLGT SMVB EXP,,2,,,,0,1,1,0,0
16525,1,16525,CAPE SBC EXPRESS,,2,,,,0,1,1,0,0
16526,1,16526,KANYAKUMARI EXP,,2,,,,0,1,1,0,0
16527,1,16527,YPR KANNUR EXP,,2,,,,0,1,1,0,0
16528,1,16528,YESVANTPUR EXP,,2,,,,0,1,1,0,0
16529,1,16529,SMVB-KIK EXPRESS,,2,,,,0,1,1,0,0
16530,1,16530,KIK-SMVB EXPRESS,,2,,,,0,1,1,0,0
16531,1,16531,AII SBC G NAWAJ,,2,,,,0,1,1,0,0
16532,1,16532,GARIB NAWAZ EXP,,2,,,,0,1,1,0,0
16533,1,16533,JU SBC EXP,,2,,,,0,1,1,0,0
16534,1,16534,SBC-JU EXPRESS,,2,,,,0,1,1,0,0
16535,1,16535,GOLGUMBAZ EXP,,2,,,,0,1,1,0,0
16536,1,16536,GOLGUMBAZ EXP,,2,,,,0,1,1,0,0
16539,1,16539,YPR MAJN EXP,,2,,,,0,1,1,0,0
16540,1,16540,MAJN YPR EXP,,2,,,,0,1,1,0,0
16541,1,16541,YPR PVR EXP,,2,,,,0,1,1,0,0
16542,1,16542,PVR YPR EXP,,2,,,,0,1,1,0,0
16545,1,16545,YPR SNNR EXP,,2,,,,0,1,1,0,0
16546,1,16546,SNNR YPR EXP,,2,,,,0,1,1,0,0
16547,1,16547,YPR BJP EXP,,2,,,,0,1,1,0,0
16548,1,16548,BJP YPR EXP,,2,,,,0,1,1,0,0
16549,1,16549,SBC-KQZ UR DEMU EXP,,2,,,,0,1,1,0,0
16550,1,16550,KQZ-SBC UR DEMU EXP,,2,,,,0,1,1,0,0
16551,1,16551,MAS AP EXPRESS,,2,,,,0,1,1,0,0
16552,1,16552,CHENNAI EXPRESS,,2,,,,0,1,1,0,0
16553,1,16553,SMVB LTT  EXP,,2,,,,0,1,1,0,0
16554,1,16554,LTT  SMVB  EXP,,2,,,,0,1,1,0,0
16555,1,16555,YPR TLGP EXP,,2,,,,0,1,1,0,0
16556,1,16556,TLGP YPR EXP,,2,,,,0,1,1,0,0
16559,1,16559,SMVB BIDR  EXP,,2,,,,0,1,1,0,0
16560,1,16560,BIDR SMVB EXP,,2,,,,0,1,1,0,0
16561,1,16561,YPR TVCN AC EXP,,2,,,,0,1,1,0,0
16562,1,16562,TVCN YPR AC EXP,,2,,,,0,1,1,0,0
16563,1,16563,BNC KLBG EXP,,2,,,,0,1,1,0,0
16564,1,16564,KLBG BNC EXPRESS,,2,,,,0,1,1,0,0
16565,1,16565,YPR MAQ EXP,,2,,,,0,1,1,0,0
16566,1,16566,MAQ YPR EXPRESS,,2,,,,0,1,1,0,0
16567,1,16567,TK-SMET UR EXP,,2,,,,0,1,1,0,0
16568,1,16568,SMET-TK UR EXP,,2,,,,0,1,1,0,0
16571,1,16571,YPR BIDR EXP,,2,,,,0,1,1,0,0
16572,1,16572,BIDR YPR EXP,,2,,,,0,1,1,0,0
16573,1,16573,PUDUCHERRY EXP,,2,,,,0,1,1,0,0
16574,1,16574,PDY YPR EXPRESS,,2,,,,0,1,1,0,0
16575,1,16575,GOMTESHWARA EXP,,2,,,,0,1,1,0,0
16576,1,16576,MAJN YPR EXP,,2,,,,0,1,1,0,0
16577,1,16577,YPR BIDR EXP,,2,,,,0,1,1,0,0
16578,1,16578,BIDR YPR EXP,,2,,,,0,1,1,0,0
16581,1,16581,YPR SMET EXP,,2,,,,0,1,1,0,0
16582,1,16582,SMET YPR EXP,,2,,,,0,1,1,0,0
16583,1,16583,YPR LUR EXP,,2,,,,0,1,1,0,0
16584,1,16584,LUR YPR EXPRESS,,2,,,,0,1,1,0,0
16585,1,16585,SMVB MRDW EXP,,2,,,,0,1,1,0,0
16586,1,16586,MRDW SMVB EXP,,2,,,,0,1,1,0,0
16587,1,16587,BIKANER EXP,,2,,,,0,1,1,0,0
16588,1,16588,BKN YPR EXP,,2,,,,0,1,1,0,0
16589,1,16589,RANI CHENNAMMA,,2,,,,0,1,1,0,0
16590,1,16590,RANI CHENNAMMA,,2,,,,0,1,1,0,0
16591,1,16591,HAMPI EXPRESS,,2,,,,0,1,1,0,0
16592,1,16592,HAMPI EXPRESS,,2,,,,0,1,1,0,0
16593,1,16593,SBC NANDED EXP,,2,,,,0,1,1,0,0
16594,1,16594,NED  YPR EXPRESS,,2,,,,0,1,1,0,0
16595,1,16595,PANCHAGANGA EXP,,2,,,,0,1,1,0,0
16596,1,16596,PANCHAGANGA EXP,,2,,,,0,1,1,0,0
16597,1,16597,APDJ AMRITBHARAT,,2,,,,0,1,1,0,0
16598,1,16598,AMRIT BHARAT EXP,,2,,,,0,1,1,0,0
16601,1,16601,JBN AMRIT BHARAT,,2,,,,0,1,1,0,0
16602,1,16602,AMRIT BHARAT,,2,,,,0,1,1,0,0
16603,1,16603,MAVELI EXPRESS,,2,,,,0,1,1,0,0
16604,1,16604,MAVELI EXPRESS,,2,,,,0,1,1,0,0
16605,1,16605,ERNAD EXPRESS,,2,,,,0,1,1,0,0
16606,1,16606,ERNAD EXPRESS,,2,,,,0,1,1,0,0
16607,1,16607,CAN-CBE  EXP,,2,,,,0,1,1,0,0
16608,1,16608,CBE-CAN  EXP,,2,,,,0,1,1,0,0
16609,1,16609,TCR-CAN EXP,,2,,,,0,1,1,0,0
16610,1,16610,MAQ-PGT EXP,,2,,,,0,1,1,0,0
16611,1,16611,PGT-CAN EXP,,2,,,,0,1,1,0,0
16613,1,16613,RJT CBE EXP,,2,,,,0,1,1,0,0
16614,1,16614,CBE RJT EXPRESS,,2,,,,0,1,1,0,0
16615,1,16615,CHEMMOZHI EXP,,2,,,,0,1,1,0,0
16616,1,16616,CHEMMOZHI EXP,,2,,,,0,1,1,0,0
16617,1,16617,RMM CBE EXPRESS,,2,,,,0,1,1,0,0
16618,1,16618,CBE RMM EXPRESS,,2,,,,0,1,1,0,0
16619,1,16619,DHN AMRIT BHARAT,,2,,,,0,1,1,0,0
16620,1,16620,AMRIT BHARAT EXP,,2,,,,0,1,1,0,0
16621,1,16621,RMM MAQ EXPRESS,,2,,,,0,1,1,0,0
16622,1,16622,MAQ RMM EXPRESS,,2,,,,0,1,1,0,0
16629,1,16629,MALABAR EXPRESS,,2,,,,0,1,1,0,0
16630,1,16630,MALABAR EXPRESS,,2,,,,0,1,1,0,0
16649,1,16649,PARASURAM EXP,,2,,,,0,1,1,0,0
16650,1,16650,PARASURAM EXP,,2,,,,0,1,1,0,0
16707,1,16707,MAJN TEN EXPRESS,,2,,,,0,1,1,0,0
16708,1,16708,TEN MAJN EXPRESS,,2,,,,0,1,1,0,0
16721,1,16721,CBE-MDU EXP,,2,,,,0,1,1,0,0
16722,1,16722,MDU-CBE EXP,,2,,,,0,1,1,0,0
16729,1,16729,MDU PUU EXP,,2,,,,0,1,1,0,0
16730,1,16730,PUU MDU EXPRESS,,2,,,,0,1,1,0,0
16731,1,16731,PGT-TCN EXP,,2,,,,0,1,1,0,0
16732,1,16732,TCN-PGT EXP,,2,,,,0,1,1,0,0
16733,1,16733,RMM OKHA EXP,,2,,,,0,1,1,0,0
16734,1,16734,OKHA RMM EXP,,2,,,,0,1,1,0,0
16751,1,16751,MS RMM EXPRESS,,2,,,,0,1,1,0,0
16752,1,16752,RMM MS EXPRESS,,2,,,,0,1,1,0,0
16765,1,16765,MTP TN EXPRESS,,2,,,,0,1,1,0,0
16766,1,16766,TN MTP EXPRESS,,2,,,,0,1,1,0,0
16779,1,16779,TPTY RMM EXP,,2,,,,0,1,1,0,0
16780,1,16780,RMM TPTY EXP,,2,,,,0,1,1,0,0
16787,1,16787,TEN SVDK EXPRESS,,2,,,,0,1,1,0,0
16788,1,16788,SVDK TEN EXPRES,,2,,,,0,1,1,0,0
16791,1,16791,PALARUVI EXP,,2,,,,0,1,1,0,0
16792,1,16792,PALARUVI EXP,,2,,,,0,1,1,0,0
16807,1,16807,TBM TPJ EXPRESS,,2,,,,0,1,1,0,0
16808,1,16808,TPJ TBM EXPRESS,,2,,,,0,1,1,0,0
16811,1,16811,MV-SA EXP,,2,,,,0,1,1,0,0
16812,1,16812,SA-MV EXP,,2,,,,0,1,1,0,0
16833,1,16833,MV-TPJ EXP,,2,,,,0,1,1,0,0
16834,1,16834,TPJ-MV EXP,,2,,,,0,1,1,0,0
16843,1,16843,TPJ-PGTN EXP,,2,,,,0,1,1,0,0
16844,1,16844,PGTN-TPJ EXP,,2,,,,0,1,1,0,0
16845,1,16845,ED-SCT EXP,,2,,,,0,1,1,0,0
16846,1,16846,SCT-ED EXP,,2,,,,0,1,1,0,0
16847,1,16847,MV-SCT EXP,,2,,,,0,1,1,0,0
16848,1,16848,SCT-MV EXP,,2,,,,0,1,1,0,0
16849,1,16849,TPJ-RMM EXP,,2,,,,0,1,1,0,0
16850,1,16850,RMM-TPJ EXP,,2,,,,0,1,1,0,0
16853,1,16853,TPTY-VM EXP,,2,,,,0,1,1,0,0
16854,1,16854,VM-TPTY EXP,,2,,,,0,1,1,0,0
16855,1,16855,PDY MAQ EXPRESS,,2,,,,0,1,1,0,0
16856,1,16856,MAQ PDY EXPRESS,,2,,,,0,1,1,0,0
16857,1,16857,PDY MAQ EXPRESS,,2,,,,0,1,1,0,0
16858,1,16858,MAQ PDY EXPRESS,,2,,,,0,1,1,0,0
16861,1,16861,PDY CAPE EXP,,2,,,,0,1,1,0,0
16862,1,16862,CAPE PDY EXP,,2,,,,0,1,1,0,0
16865,1,16865,UZHAVAN EXPRESS,,2,,,,0,1,1,0,0
16866,1,16866,UZHAVAN EXPRESS,,2,,,,0,1,1,0,0
16867,1,16867,VM-DG EXP,,2,,,,0,1,1,0,0
16868,1,16868,DG-VM EXP,,2,,,,0,1,1,0,0
16870,1,16870,VM-TPTY MEMU EXP,,2,,,,0,1,1,0,0
17001,1,17001,SNSI SC EXPRESS,,2,,,,0,1,1,0,0
17002,1,17002,SC SNSI EXP,,2,,,,0,1,1,0,0
17003,1,17003,KZJ-SRUR RAMGIRI,,2,,,,0,1,1,0,0
17004,1,17004,BPQ-KZJ RAMGIRI,,2,,,,0,1,1,0,0
17005,1,17005,HYB RXL EXP,,2,,,,0,1,1,0,0
17006,1,17006,RXL HYB EXPRESS,,2,,,,0,1,1,0,0
17007,1,17007,CHZ DBG EXPRESS,,2,,,,0,1,1,0,0
17008,1,17008,DBG CHZ EXPRESS,,2,,,,0,1,1,0,0
17009,1,17009,BIDR-HYB,,2,,,,0,1,1,0,0
17011,1,17011,HYB SKZR EXP,,2,,,,0,1,1,0,0
17012,1,17012,SKZR BIDR EXP,,2,,,,0,1,1,0,0
17013,1,17013,HDP KZJ EXPRESS,,2,,,,0,1,1,0,0
17014,1,17014,KZJ HDP EXPRESS,,2,,,,0,1,1,0,0
17015,1,17015,VISAKHA EXPRESS,,2,,,,0,1,1,0,0
17016,1,17016,VISAKHA EXP,,2,,,,0,1,1,0,0
17019,1,17019,HSR HYB EXP,,2,,,,0,1,1,0,0
17020,1,17020,HYB HSR EXPRESS,,2,,,,0,1,1,0,0
17021,1,17021,HYB VSG EXPRESS,,2,,,,0,1,1,0,0
17022,1,17022,VSG HYB EXP,,2,,,,0,1,1,0,0
17023,1,17023,TUNGABHADRA EXP,,2,,,,0,1,1,0,0
17024,1,17024,TUNGABHADRA EXP,,2,,,,0,1,1,0,0
17027,1,17027,HUNDRY EXPRESS,,2,,,,0,1,1,0,0
17028,1,17028,HUNDRY EXPRESS,,2,,,,0,1,1,0,0
17029,1,17029,BJP HYB EXP,,2,,,,0,1,1,0,0
17030,1,17030,HYB BJP EXP,,2,,,,0,1,1,0,0
17031,1,17031,CHZ AGTL EXP,,2,,,,0,1,1,0,0
17032,1,17032,AGTL CHZ EXPRESS,,2,,,,0,1,1,0,0
17033,1,17033,BDCR-BPQ SINGARENI,,2,,,,0,1,1,0,0
17034,1,17034,SRUR-BDCR SINGARENI,,2,,,,0,1,1,0,0
17035,1,17035,KZJ-BPQ,,2,,,,0,1,1,0,0
17036,1,17036,BPQ-KZJ,,2,,,,0,1,1,0,0
17039,1,17039,SC VSG EXPRESS,,2,,,,0,1,1,0,0
17040,1,17040,VSG SC EXPRESS,,2,,,,0,1,1,0,0
17041,1,17041,TVCN  AMRITBHART,,2,,,,0,1,1,0,0
17042,1,17042,CHZ AMRIT BHARAT,,2,,,,0,1,1,0,0
17043,1,17043,SC AKP EXP,,2,,,,0,1,1,0,0
17044,1,17044,AKP SC EXPRESS,,2,,,,0,1,1,0,0
17045,1,17045,CHZ AKP EXPRESS,,2,,,,0,1,1,0,0
17046,1,17046,AKP CHZ EXPRES,,2,,,,0,1,1,0,0
17047,1,17047,CHZ TCNR EXP,,2,,,,0,1,1,0,0
17048,1,17048,TCNR CHZ EXP,,2,,,,0,1,1,0,0
17049,1,17049,HYDERABAD EXP,,2,,,,0,1,1,0,0
17050,1,17050,HYB UBL EXP,,2,,,,0,1,1,0,0
17053,1,17053,CHZ AKP EXPRESS,,2,,,,0,1,1,0,0
17054,1,17054,AKP CHZ EXPRESS,,2,,,,0,1,1,0,0
17057,1,17057,DEVAGIRI EXPRESS,,2,,,,0,1,1,0,0
17058,1,17058,DEVAGIRI EXP,,2,,,,0,1,1,0,0
17059,1,17059,CHZ TCNR EXP,,2,,,,0,1,1,0,0
17060,1,17060,TCNR CHZ EXP,,2,,,,0,1,1,0,0
17061,1,17061,CHZ NS EXP,,2,,,,0,1,1,0,0
17062,1,17062,NS CHZ EXP,,2,,,,0,1,1,0,0
17063,1,17063,AJANTA EXPRESS,,2,,,,0,1,1,0,0
17064,1,17064,AJANTA EXP,,2,,,,0,1,1,0,0
17065,1,17065,SHM AMRITBHARAT,,2,,,,0,1,1,0,0
17066,1,17066,CHZ AMRIT BHARAT,,2,,,,0,1,1,0,0
17067,1,17067,CHZ BBSN EXP,,2,,,,0,1,1,0,0
17068,1,17068,BBSN CHZ EXP,,2,,,,0,1,1,0,0
17069,1,17069,HYB CAPE EXPRESS,,2,,,,0,1,1,0,0
17070,1,17070,CAPE HYB EXPRESS,,2,,,,0,1,1,0,0
17071,1,17071,HYB BGM EXP,,2,,,,0,1,1,0,0
17072,1,17072,BGM HYB EXP,,2,,,,0,1,1,0,0
17073,1,17073,SC BGM EXPRESSS,,2,,,,0,1,1,0,0
17074,1,17074,BGM  SC EXP,,2,,,,0,1,1,0,0
17075,1,17075,CHZ BGM EXPRESS,,2,,,,0,1,1,0,0
17076,1,17076,BGM CHZ EXP,,2,,,,0,1,1,0,0
17077,1,17077,CHZ TPJ EXP,,2,,,,0,1,1,0,0
17078,1,17078,TPJ CHZ EXPRESS,,2,,,,0,1,1,0,0
17079,1,17079,HYB JP EXP,,2,,,,0,1,1,0,0
17080,1,17080,JP HYB EXP,,2,,,,0,1,1,0,0
17201,1,17201,GOLCONDA EXP,,2,,,,0,1,1,0,0
17202,1,17202,GOLCONDA EXP,,2,,,,0,1,1,0,0
17205,1,17205,SNSI COA EXPRESS,,2,,,,0,1,1,0,0
17206,1,17206,COA SNSI EXP,,2,,,,0,1,1,0,0
17207,1,17207,SNSI MTM EXP,,2,,,,0,1,1,0,0
17208,1,17208,MTM SNSI EXP,,2,,,,0,1,1,0,0
17209,1,17209,SESHADRI EXP,,2,,,,0,1,1,0,0
17210,1,17210,SESHADRI EXP,,2,,,,0,1,1,0,0
17211,1,17211,KONDAVEEDU EXP,,2,,,,0,1,1,0,0
17212,1,17212,KONDAVEEDU EXP,,2,,,,0,1,1,0,0
17215,1,17215,MTM DMM EXP,,2,,,,0,1,1,0,0
17216,1,17216,DMM MTM EXP,,2,,,,0,1,1,0,0
17219,1,17219,MTM VSKP EXP,,2,,,,0,1,1,0,0
17220,1,17220,VSKP MTM EXP,,2,,,,0,1,1,0,0
17221,1,17221,COA LTT EXPRESS,,2,,,,0,1,1,0,0
17222,1,17222,LTT COA EXPRESS,,2,,,,0,1,1,0,0
17225,1,17225,AMARAVATHI EXP,,2,,,,0,1,1,0,0
17226,1,17226,AMARAVATHI EXP,,2,,,,0,1,1,0,0
17227,1,17227,DHNE-GNT,,2,,,,0,1,1,0,0
17228,1,17228,GNT-DHNE,,2,,,,0,1,1,0,0
17231,1,17231,NS NSL EXP,,2,,,,0,1,1,0,0
17232,1,17232,NSL NS EXP,,2,,,,0,1,1,0,0
17233,1,17233,BHAGYANAGAR EXP,,2,,,,0,1,1,0,0
17234,1,17234,BHAGYANAGAR EXP,,2,,,,0,1,1,0,0
17235,1,17235,NAGERCOIL EXP,,2,,,,0,1,1,0,0
17236,1,17236,NCJ SMVB EXPRESS,,2,,,,0,1,1,0,0
17237,1,17237,BTTR MAS EXP,,2,,,,0,1,1,0,0
17238,1,17238,MAS BTTR EXP,,2,,,,0,1,1,0,0
17239,1,17239,SIMHADRI EXP,,2,,,,0,1,1,0,0
17240,1,17240,SIMHADRI EXP,,2,,,,0,1,1,0,0
17243,1,17243,GNT RGDA EXP,,2,,,,0,1,1,0,0
17244,1,17244,RGDA GNT EXP,,2,,,,0,1,1,0,0
17247,1,17247,NS DMM EXP,,2,,,,0,1,1,0,0
17248,1,17248,DMM NS EXP,,2,,,,0,1,1,0,0
17249,1,17249,TPTY CCT EXP,,2,,,,0,1,1,0,0
17250,1,17250,CCT TPTY EXP,,2,,,,0,1,1,0,0
17251,1,17251,GNT KCG EXP,,2,,,,0,1,1,0,0
17252,1,17252,KCG GNT EXP,,2,,,,0,1,1,0,0
17253,1,17253,GNT CPSN EXPRESS,,2,,,,0,1,1,0,0
17254,1,17254,CPSN GNT EXP,,2,,,,0,1,1,0,0
17255,1,17255,NS LPI  EXP,,2,,,,0,1,1,0,0
17256,1,17256,NARASAPUR EXP,,2,,,,0,1,1,0,0
17257,1,17257,COA PASS,,2,,,,0,1,1,0,0
17258,1,17258,COA-BZA PASS,,2,,,,0,1,1,0,0
17259,1,17259,NLR-BZAPASS,,2,,,,0,1,1,0,0
17260,1,17260,BZA-GDR PASS,,2,,,,0,1,1,0,0
17261,1,17261,GNT TPTY EXP,,2,,,,0,1,1,0,0
17262,1,17262,TPTY GNT EXP,,2,,,,0,1,1,0,0
17263,1,17263,BVRM-NS,,2,,,,0,1,1,0,0
17264,1,17264,NS-BVRM,,2,,,,0,1,1,0,0
17267,1,17267,COA-VSKP,,2,,,,0,1,1,0,0
17268,1,17268,VSKP-COA,,2,,,,0,1,1,0,0
17269,1,17269,BZA-NS,,2,,,,0,1,1,0,0
17270,1,17270,NS-BZA,,2,,,,0,1,1,0,0
17281,1,17281,GNT NS EXP,,2,,,,0,1,1,0,0
17282,1,17282,NS GNT EXP,,2,,,,0,1,1,0,0
17289,1,17289,CCT MYS EXPRESS,,2,,,,0,1,1,0,0
17290,1,17290,MYS CCT EXP,,2,,,,0,1,1,0,0
17291,1,17291,NS TNM WEEKLY EX,,2,,,,0,1,1,0,0
17292,1,17292,TNM NS EXPRESS,,2,,,,0,1,1,0,0
17293,1,17293,NS SMVB EXP,,2,,,,0,1,1,0,0
17294,1,17294,SMVB NS EXP,,2,,,,0,1,1,0,0
17295,1,17295,CCT HSR  EXPRESS,,2,,,,0,1,1,0,0
17296,1,17296,HSR CCT EXP,,2,,,,0,1,1,0,0
17301,1,17301,MYS BGM EXP,,2,,,,0,1,1,0,0
17302,1,17302,BGM MYS EXP,,2,,,,0,1,1,0,0
17303,1,17303,UBL-SNNR EXPRESS,,2,,,,0,1,1,0,0
17304,1,17304,KARATAGI-HUBBALLI EXPRESS,,2,,,,0,1,1,0,0
17307,1,17307,BASAVA EXPRESS,,2,,,,0,1,1,0,0
17308,1,17308,BASAVA EXPRESS,,2,,,,0,1,1,0,0
17309,1,17309,YPR VSG EXP,,2,,,,0,1,1,0,0
17310,1,17310,VSG YPR EXP,,2,,,,0,1,1,0,0
17313,1,17313,UBL MAS EXP,,2,,,,0,1,1,0,0
17314,1,17314,MAS UBL EXPRESS,,2,,,,0,1,1,0,0
17315,1,17315,VELANKANNI EXP,,2,,,,0,1,1,0,0
17316,1,17316,VASCO EXPRESS,,2,,,,0,1,1,0,0
17317,1,17317,UBL DR EXPRESS,,2,,,,0,1,1,0,0
17318,1,17318,DR HUBBALLI EXP,,2,,,,0,1,1,0,0
17321,1,17321,VSG JSME EXP,,2,,,,0,1,1,0,0
17322,1,17322,JSME VSG EXP,,2,,,,0,1,1,0,0
17323,1,17323,UBL BANARAS EXP,,2,,,,0,1,1,0,0
17324,1,17324,BNRS UBL EXPRES,,2,,,,0,1,1,0,0
17327,1,17327,UBL-KHTI EXPRESS,,2,,,,0,1,1,0,0
17328,1,17328,KHTI-UBL EXPRESS,,2,,,,0,1,1,0,0
17329,1,17329,UBL BZA EXP,,2,,,,0,1,1,0,0
17330,1,17330,BZA UBL EXP,,2,,,,0,1,1,0,0
17331,1,17331,MRJ-UBL UR EXP,,2,,,,0,1,1,0,0
17332,1,17332,UBL-MRJ UR EXP,,2,,,,0,1,1,0,0
17333,1,17333,MRJ-CLR UR EXP,,2,,,,0,1,1,0,0
17334,1,17334,CLR-MRJ UR EXP,,2,,,,0,1,1,0,0
17347,1,17347,UBL-CTA UR EXP,,2,,,,0,1,1,0,0
17348,1,17348,CTA-UBL UR EXP,,2,,,,0,1,1,0,0
17363,1,17363,UBL YNRK EXP,,2,,,,0,1,1,0,0
17364,1,17364,YNRK UBL EXP,,2,,,,0,1,1,0,0
17377,1,17377,BJP MAQ EXP,,2,,,,0,1,1,0,0
17378,1,17378,MAQ BJP EXPRESS,,2,,,,0,1,1,0,0
17391,1,17391,SBC SNNR EXP,,2,,,,0,1,1,0,0
17392,1,17392,SNNR SBC EXP,,2,,,,0,1,1,0,0
17405,1,17405,KRISHNA EXPRESS,,2,,,,0,1,1,0,0
17406,1,17406,KRISHNA EXPRESS,,2,,,,0,1,1,0,0
17407,1,17407,PAMANI EXPRESS,,2,,,,0,1,1,0,0
17408,1,17408,PAMANI EXPRESS,,2,,,,0,1,1,0,0
17409,1,17409,ADB-NED EXP,,2,,,,0,1,1,0,0
17410,1,17410,NED-ADB EXP,,2,,,,0,1,1,0,0
17411,1,17411,MAHALAXMI EXP,,2,,,,0,1,1,0,0
17412,1,17412,MAHALAXMI EXP,,2,,,,0,1,1,0,0
17415,1,17415,HARIPRIYA EXP,,2,,,,0,1,1,0,0
17416,1,17416,HARIPRIYA EXP,,2,,,,0,1,1,0,0
17417,1,17417,TPTY SNSI EXP,,2,,,,0,1,1,0,0
17418,1,17418,SNSI TPTY EXP,,2,,,,0,1,1,0,0
17419,1,17419,TPTY VSG  EXP,,2,,,,0,1,1,0,0
17420,1,17420,VSG TPTY EXP,,2,,,,0,1,1,0,0
17421,1,17421,TPTY QLN EXPRESS,,2,,,,0,1,1,0,0
17422,1,17422,QLN TPTY EXPRESS,,2,,,,0,1,1,0,0
17423,1,17423,TPTY CMGR EXP,,2,,,,0,1,1,0,0
17424,1,17424,CMGR TPTY  EXP,,2,,,,0,1,1,0,0
17425,1,17425,TPTY SNSI EXP,,2,,,,0,1,1,0,0
17426,1,17426,SNSI TPTY EXP,,2,,,,0,1,1,0,0
17427,1,17427,TPTY NS EXPRESS,,2,,,,0,1,1,0,0
17428,1,17428,NS TPTY EXPRESS,,2,,,,0,1,1,0,0
17429,1,17429,TPTY AK EXPRESS,,2,,,,0,1,1,0,0
17430,1,17430,AK TPTY EXPRESS,,2,,,,0,1,1,0,0
17433,1,17433,TPTY RXL EXP,,2,,,,0,1,1,0,0
17434,1,17434,RXL TPTY EXP,,2,,,,0,1,1,0,0
17435,1,17435,KCG-KRNT EXP,,2,,,,0,1,1,0,0
17436,1,17436,KRNT-KCG EXP,,2,,,,0,1,1,0,0
17437,1,17437,TPTY PVR EXP,,2,,,,0,1,1,0,0
17438,1,17438,PVR TIRUPATI EXP,,2,,,,0,1,1,0,0
17439,1,17439,CHE HUMSAFAR EXP,,2,,,,0,1,1,0,0
17440,1,17440,HUMSAFAR EXPRES,,2,,,,0,1,1,0,0
17441,1,17441,TPTY CHZ EXP,,2,,,,0,1,1,0,0
17442,1,17442,CHZ TPTY EXP,,2,,,,0,1,1,0,0
17443,1,17443,TPTY CHZ EXP,,2,,,,0,1,1,0,0
17444,1,17444,CHZ TPTY EXP,,2,,,,0,1,1,0,0
17479,1,17479,PURI TPTY EXP,,2,,,,0,1,1,0,0
17480,1,17480,TPTY PURI EXP,,2,,,,0,1,1,0,0
17481,1,17481,BSP TPTY EXP,,2,,,,0,1,1,0,0
17482,1,17482,TPTY BSP EXP,,2,,,,0,1,1,0,0
17601,1,17601,KCG SGNR EXP,,2,,,,0,1,1,0,0
17602,1,17602,SGNR KCG EXP,,2,,,,0,1,1,0,0
17603,1,17603,KCG YNK EXP,,2,,,,0,1,1,0,0
17604,1,17604,YNK KCG EXP,,2,,,,0,1,1,0,0
17605,1,17605,KCG BGKT EXPRESS,,2,,,,0,1,1,0,0
17606,1,17606,BGKT KCG EXPRESS,,2,,,,0,1,1,0,0
17607,1,17607,KCG TCNR EXP,,2,,,,0,1,1,0,0
17608,1,17608,TCNR KCG EXP,,2,,,,0,1,1,0,0
17609,1,17609,PNBE PAU EXP,,2,,,,0,1,1,0,0
17610,1,17610,PAU PNBE EXP,,2,,,,0,1,1,0,0
17611,1,17611,RAJYARANI EXP,,2,,,,0,1,1,0,0
17612,1,17612,RAJYA RANI EXP,,2,,,,0,1,1,0,0
17613,1,17613,PNVL NED EXPRESS,,2,,,,0,1,1,0,0
17614,1,17614,NED PNVL EXP,,2,,,,0,1,1,0,0
17615,1,17615,KCG TN EXPRESS,,2,,,,0,1,1,0,0
17616,1,17616,TN KCG EXPRESS,,2,,,,0,1,1,0,0
17617,1,17617,TAPOVAN EXPRESS,,2,,,,0,1,1,0,0
17618,1,17618,TAPOVAN EXPRESS,,2,,,,0,1,1,0,0
17619,1,17619,CPSN NED EXP,,2,,,,0,1,1,0,0
17620,1,17620,NED CPSN EXP,,2,,,,0,1,1,0,0
17621,1,17621,CPSN TPTY EXP,,2,,,,0,1,1,0,0
17622,1,17622,TPTY CPSN EXP,,2,,,,0,1,1,0,0
17625,1,17625,KCG RAL EXP,,2,,,,0,1,1,0,0
17626,1,17626,RAL VKB EXP,,2,,,,0,1,1,0,0
17629,1,17629,HDP NANDED EXP,,2,,,,0,1,1,0,0
17630,1,17630,NED HDP EXP,,2,,,,0,1,1,0,0
17631,1,17631,NED TPU EXPRESS,,2,,,,0,1,1,0,0
17632,1,17632,TPU NED EXPRESS,,2,,,,0,1,1,0,0
17633,1,17633,NED TCNR EXP,,2,,,,0,1,1,0,0
17634,1,17634,TCNR NED EXP,,2,,,,0,1,1,0,0
17635,1,17635,NED DMM EXP,,2,,,,0,1,1,0,0
17636,1,17636,DMM NED EXP,,2,,,,0,1,1,0,0
17637,1,17637,J TCNR EXP,,2,,,,0,1,1,0,0
17638,1,17638,TCNR J EXP,,2,,,,0,1,1,0,0
17639,1,17639,KCG AK EXPRESS,,2,,,,0,1,1,0,0
17640,1,17640,AK KCG EXPRESS,,2,,,,0,1,1,0,0
17641,1,17641,KCG NRKR EXP,,2,,,,0,1,1,0,0
17642,1,17642,NRKR KCG EXP,,2,,,,0,1,1,0,0
17643,1,17643,CIRCAR EXPRESS,,2,,,,0,1,1,0,0
17644,1,17644,CIRCAR EXPRESS,,2,,,,0,1,1,0,0
17645,1,17645,SC RAL EXP,,2,,,,0,1,1,0,0
17646,1,17646,RAL SC EXPRESS,,2,,,,0,1,1,0,0
17647,1,17647,HYB PAU EXPRESS,,2,,,,0,1,1,0,0
17648,1,17648,PAU HYB EXPRESS,,2,,,,0,1,1,0,0
17651,1,17651,KACHEGUDA EXP,,2,,,,0,1,1,0,0
17652,1,17652,KCG CGL EXPRESS,,2,,,,0,1,1,0,0
17653,1,17653,KCG PDY EXPRESS,,2,,,,0,1,1,0,0
17654,1,17654,PDY KCG EXP,,2,,,,0,1,1,0,0
17655,1,17655,COA PDY EXPRESS,,2,,,,0,1,1,0,0
17656,1,17656,PDY COA EXP,,2,,,,0,1,1,0,0
17659,1,17659,SC BDCR EXP,,2,,,,0,1,1,0,0
17660,1,17660,BDCR SC EXP,,2,,,,0,1,1,0,0
17661,1,17661,KCG NSL EXP,,2,,,,0,1,1,0,0
17662,1,17662,NSL KCG EXP,,2,,,,0,1,1,0,0
17663,1,17663,RC J EXPRESS,,2,,,,0,1,1,0,0
17664,1,17664,J RC EXPRESS,,2,,,,0,1,1,0,0
17665,1,17665,NED LTT EXPRESS,,2,,,,0,1,1,0,0
17666,1,17666,LTT NED EXP,,2,,,,0,1,1,0,0
17667,1,17667,NED LTT EXP,,2,,,,0,1,1,0,0
17668,1,17668,LTT NED EXPRESS,,2,,,,0,1,1,0,0
17683,1,17683,AK-PAU,,2,,,,0,1,1,0,0
17684,1,17684,PAU-AK,,2,,,,0,1,1,0,0
17687,1,17687,MARATHWADA EXP,,2,,,,0,1,1,0,0
17688,1,17688,MARATHWADA EXP,,2,,,,0,1,1,0,0
17693,1,17693,KCG-RC PASS,,2,,,,0,1,1,0,0
17694,1,17694,RC-KCG,,2,,,,0,1,1,0,0
18003,1,18003,HWH-ADRA RANI SHIROMONI,,2,,,,0,1,1,0,0
18004,1,18004,ADRA-HWH RANI SHIROMONI,,2,,,,0,1,1,0,0
18005,1,18005,SAMBALESWARI EX,,2,,,,0,1,1,0,0
18006,1,18006,SAMALESWARI EXP,,2,,,,0,1,1,0,0
18007,1,18007,SHM-VZR SIMLIPAL EXPRESS,,2,,,,0,1,1,0,0
18008,1,18008,VZR-SHM SIMLIPAL EXPRESS,,2,,,,0,1,1,0,0
18009,1,18009,SRC AII EXPRESS,,2,,,,0,1,1,0,0
18010,1,18010,SANTRAGACHI EXP,,2,,,,0,1,1,0,0
18011,1,18011,HWH CKP EXP,,2,,,,0,1,1,0,0
18012,1,18012,CKP HWH EXP,,2,,,,0,1,1,0,0
18013,1,18013,HWH BKSC EXP,,2,,,,0,1,1,0,0
18014,1,18014,BKSC HWH EXP,,2,,,,0,1,1,0,0
18015,1,18015,SHM VZR EXP,,2,,,,0,1,1,0,0
18016,1,18016,VZR SHM EXP,,2,,,,0,1,1,0,0
18017,1,18017,VZR PURI EXP,,2,,,,0,1,1,0,0
18018,1,18018,PURI VZR EXPRESS,,2,,,,0,1,1,0,0
18019,1,18019,JGM-DHN MEMU EXP,,2,,,,0,1,1,0,0
18020,1,18020,DHN-JGM MEMU EXP,,2,,,,0,1,1,0,0
18021,1,18021,KGP KUR EXP,,2,,,,0,1,1,0,0
18022,1,18022,KUR KGP EXP,,2,,,,0,1,1,0,0
18023,1,18023,KGP-GOMO EXP,,2,,,,0,1,1,0,0
18024,1,18024,GOMO-KGP EXP,,2,,,,0,1,1,0,0
18027,1,18027,KGP-ASN MEMU EXP,,2,,,,0,1,1,0,0
18028,1,18028,ASN-KGP MEMU EXP,,2,,,,0,1,1,0,0
18029,1,18029,LTT SHALIMAR EXP,,2,,,,0,1,1,0,0
18030,1,18030,SHM LTT EXPRESS,,2,,,,0,1,1,0,0
18033,1,18033,HWH-GTS MEMU EXP,,2,,,,0,1,1,0,0
18034,1,18034,GTS-HWH MEMU EXP,,2,,,,0,1,1,0,0
18035,1,18035,KGP HTE EXP,,2,,,,0,1,1,0,0
18036,1,18036,HTE KGP EXP,,2,,,,0,1,1,0,0
18037,1,18037,KGP JJKR EXPRESS,,2,,,,0,1,1,0,0
18038,1,18038,JJKR  KGP  EXP,,2,,,,0,1,1,0,0
18039,1,18039,SHM PURI  EXP,,2,,,,0,1,1,0,0
18040,1,18040,PURI SHM EXPRESS,,2,,,,0,1,1,0,0
18041,1,18041,SHM MAS EXP,,2,,,,0,1,1,0,0
18042,1,18042,MAS SHM EXPRESS,,2,,,,0,1,1,0,0
18043,1,18043,HWH-BHC BAGHAJATIN EXP,,2,,,,0,1,1,0,0
18044,1,18044,BHC-HWH BAGHAJATIN EXP,,2,,,,0,1,1,0,0
18045,1,18045,EAST COAST EXP,,2,,,,0,1,1,0,0
18046,1,18046,EAST COAST EXP,,2,,,,0,1,1,0,0
18047,1,18047,AMARAVATI EXP,,2,,,,0,1,1,0,0
18048,1,18048,VSG SHM EXP,,2,,,,0,1,1,0,0
18049,1,18049,SHM BMPR EXP,,2,,,,0,1,1,0,0
18050,1,18050,BMPR SHM EXP,,2,,,,0,1,1,0,0
18051,1,18051,BMPR ROU EXP,,2,,,,0,1,1,0,0
18052,1,18052,ROU BMPR EXP,,2,,,,0,1,1,0,0
18063,1,18063,SRC YNK  AC EXP,,2,,,,0,1,1,0,0
18064,1,18064,YNK SRC EXPRESS,,2,,,,0,1,1,0,0
18085,1,18085,KGP-RNC MEMU EXP,,2,,,,0,1,1,0,0
18086,1,18086,RNC-KGP MEMU EXP,,2,,,,0,1,1,0,0
18101,1,18101,TATA JAT EXP,,2,,,,0,1,1,0,0
18102,1,18102,JAT TATA EXPRESS,,2,,,,0,1,1,0,0
18103,1,18103,JALIANWALABAG EX,,2,,,,0,1,1,0,0
18104,1,18104,ASR TATA EXP,,2,,,,0,1,1,0,0
18105,1,18105,ROU JYG EXP,,2,,,,0,1,1,0,0
18106,1,18106,JYG ROU EXP,,2,,,,0,1,1,0,0
18107,1,18107,INTERCITY EXP,,2,,,,0,1,1,0,0
18108,1,18108,JDB ROU EXPRESS,,2,,,,0,1,1,0,0
18109,1,18109,TATA  NITR EXP,,2,,,,0,1,1,0,0
18110,1,18110,NITR TATA EXP,,2,,,,0,1,1,0,0
18111,1,18111,TATA YPR EXP,,2,,,,0,1,1,0,0
18112,1,18112,YPR TATA EXP,,2,,,,0,1,1,0,0
18113,1,18113,TATA BSP EXPRESS,,2,,,,0,1,1,0,0
18114,1,18114,BSP TATA EXPRESS,,2,,,,0,1,1,0,0
18115,1,18115,GMO - CKP MEMU EXP,,2,,,,0,1,1,0,0
18116,1,18116,CKP - GMO MEMU EXP,,2,,,,0,1,1,0,0
18117,1,18117,RAJYARANI EXP,,2,,,,0,1,1,0,0
18118,1,18118,RAJYARANI EXP,,2,,,,0,1,1,0,0
18119,1,18119,TATA JYG EXPRESS,,2,,,,0,1,1,0,0
18120,1,18120,JYG TATA EXP,,2,,,,0,1,1,0,0
18125,1,18125,ROU-PURI EXPRESS,,2,,,,0,1,1,0,0
18126,1,18126,PURI-ROU EXPRESS,,2,,,,0,1,1,0,0
18175,1,18175,HTE-JSG MEMU,,2,,,,0,1,1,0,0
18176,1,18176,JSG-HTE MEMU EXP,,2,,,,0,1,1,0,0
18181,1,18181,TATA THE EXP,,2,,,,0,1,1,0,0
18182,1,18182,THE TATA EXP,,2,,,,0,1,1,0,0
18183,1,18183,TATA BXR EXP,,2,,,,0,1,1,0,0
18184,1,18184,BXR TATA EXP,,2,,,,0,1,1,0,0
18185,1,18185,TATA GODDA EXP,,2,,,,0,1,1,0,0
18186,1,18186,GODDA TATA  EXP,,2,,,,0,1,1,0,0
18189,1,18189,TATA ERS EXP,,2,,,,0,1,1,0,0
18190,1,18190,ERS TATA EXP,,2,,,,0,1,1,0,0
18201,1,18201,DURG NTV EXP,,2,,,,0,1,1,0,0
18202,1,18202,NTV DURG EXP,,2,,,,0,1,1,0,0
18203,1,18203,BETWA EXPRESS,,2,,,,0,1,1,0,0
18204,1,18204,BETWA EXPRESS,,2,,,,0,1,1,0,0
18205,1,18205,DURG NTV EXP,,2,,,,0,1,1,0,0
18206,1,18206,NTV DURG EXP,,2,,,,0,1,1,0,0
18207,1,18207,DURG AII EXPRESS,,2,,,,0,1,1,0,0
18208,1,18208,AII DURG EXP,,2,,,,0,1,1,0,0
18213,1,18213,DURG AII EXP,,2,,,,0,1,1,0,0
18214,1,18214,AII DURG EXP,,2,,,,0,1,1,0,0
18233,1,18233,INDB BSP EXP,,2,,,,0,1,1,0,0
18234,1,18234,NARMADA EXPRESS,,2,,,,0,1,1,0,0
18235,1,18235,BPL BSP EXP PAS,,2,,,,0,1,1,0,0
18236,1,18236,BSP BPL PAS EXP,,2,,,,0,1,1,0,0
18237,1,18237,CHATTISGARH EXP,,2,,,,0,1,1,0,0
18238,1,18238,CHHATISGARH EXP,,2,,,,0,1,1,0,0
18239,1,18239,SHIVNATH EXPRES,,2,,,,0,1,1,0,0
18240,1,18240,SHIVNATH EXPRES,,2,,,,0,1,1,0,0
18241,1,18241,DURG ABKP EXP,,2,,,,0,1,1,0,0
18242,1,18242,ABKP DURG EXP,,2,,,,0,1,1,0,0
18247,1,18247,BSP REWA EXPRESS,,2,,,,0,1,1,0,0
18248,1,18248,REWA BSP EXP,,2,,,,0,1,1,0,0
18249,1,18249,HASDEO EXPRESS,,2,,,,0,1,1,0,0
18250,1,18250,HASDEO EXPRESS,,2,,,,0,1,1,0,0
18257,1,18257,BSP CHRM EXPRES,,2,,,,0,1,1,0,0
18258,1,18258,CHRM BSP EXPRES,,2,,,,0,1,1,0,0
18261,1,18261,BSP YNK EXPRESS,,2,,,,0,1,1,0,0
18262,1,18262,YNK BSP EXP,,2,,,,0,1,1,0,0
18301,1,18301,SBP RGDA EXPRES,,2,,,,0,1,1,0,0
18302,1,18302,RGDA SBP EXPRESS,,2,,,,0,1,1,0,0
18303,1,18303,SBP PURI INT EXP,,2,,,,0,1,1,0,0
18304,1,18304,PURI SBP INT EXP,,2,,,,0,1,1,0,0
18309,1,18309,SBP JAT EXPRESS,,2,,,,0,1,1,0,0
18310,1,18310,JAT SBP EXPRESS,,2,,,,0,1,1,0,0
18311,1,18311,SBP BOUDH EXP,,2,,,,0,1,1,0,0
18312,1,18312,BOUDH SBP EXP,,2,,,,0,1,1,0,0
18313,1,18313,BOUDH BBSN EXP,,2,,,,0,1,1,0,0
18314,1,18314,BBSN BOUDH EXP,,2,,,,0,1,1,0,0
18401,1,18401,BGY PURI EXP,,2,,,,0,1,1,0,0
18402,1,18402,PURI BGY EXPRESS,,2,,,,0,1,1,0,0
18403,1,18403,BBS DHN EXPRESS,,2,,,,0,1,1,0,0
18404,1,18404,DHN BBS EXPRESS,,2,,,,0,1,1,0,0
18405,1,18405,PURI PNBE EXP,,2,,,,0,1,1,0,0
18406,1,18406,PNBE PURI EXP,,2,,,,0,1,1,0,0
18407,1,18407,PURI KORAPUT EXP,,2,,,,0,1,1,0,0
18408,1,18408,KORAPUT PURI EXP,,2,,,,0,1,1,0,0
18409,1,18409,JAGANNATH EXP,,2,,,,0,1,1,0,0
18410,1,18410,SRI JAGANNATH EX,,2,,,,0,1,1,0,0
18413,1,18413,PRDP-PURI SPECIAL,,2,,,,0,1,1,0,0
18414,1,18414,PURI-PRDPEXP,,2,,,,0,1,1,0,0
18415,1,18415,BARBIL PURI EXP,,2,,,,0,1,1,0,0
18416,1,18416,PURI BBN EXP,,2,,,,0,1,1,0,0
18417,1,18417,PURI GNPR EXPRE,,2,,,,0,1,1,0,0
18418,1,18418,GNPR PURI EXP,,2,,,,0,1,1,0,0
18419,1,18419,PURI JYG EXPRES,,2,,,,0,1,1,0,0
18420,1,18420,JYG PURI EXP,,2,,,,0,1,1,0,0
18421,1,18421,PURI SONEPUR EXP,,2,,,,0,1,1,0,0
18422,1,18422,SONEPUR PURI EXP,,2,,,,0,1,1,0,0
18423,1,18423,BBS-DSPL EXPRESS SPECIAL,,2,,,,0,1,1,0,0
18424,1,18424,DSPL-BBS EXPRESS SPECIAL,,2,,,,0,1,1,0,0
18425,1,18425,PURI DURG EXP,,2,,,,0,1,1,0,0
18426,1,18426,DURG PURI EXP,,2,,,,0,1,1,0,0
18427,1,18427,PURI ANVT EXP,,2,,,,0,1,1,0,0
18428,1,18428,ANVT PURI EXP,,2,,,,0,1,1,0,0
18447,1,18447,HIRAKHAND EXP,,2,,,,0,1,1,0,0
18448,1,18448,HIRAKHAND EXP,,2,,,,0,1,1,0,0
18449,1,18449,BAIDYANATH DHAM,,2,,,,0,1,1,0,0
18450,1,18450,B NATH DHAM EXP,,2,,,,0,1,1,0,0
18451,1,18451,TAPASWINI EXP,,2,,,,0,1,1,0,0
18452,1,18452,TAPASWINI EXP,,2,,,,0,1,1,0,0
18463,1,18463,PRASHANTHI EXP,,2,,,,0,1,1,0,0
18464,1,18464,PRASHANTHI EXP,,2,,,,0,1,1,0,0
18477,1,18477,PURI-YNRK DAILY EXP,,2,,,,0,1,1,0,0
18478,1,18478,KALINGAUTKAL EXP,,2,,,,0,1,1,0,0
18501,1,18501,VSKP QLN EXP,,2,,,,0,1,1,0,0
18502,1,18502,QLN VSKP EXP,,2,,,,0,1,1,0,0
18503,1,18503,VSKP SNSI EXP,,2,,,,0,1,1,0,0
18504,1,18504,SNSI VSKP EXP,,2,,,,0,1,1,0,0
18505,1,18505,VSKP TPTY EXP,,2,,,,0,1,1,0,0
18506,1,18506,TPTY VSKP EXP,,2,,,,0,1,1,0,0
18507,1,18507,VSKP TPTY EXP,,2,,,,0,1,1,0,0
18508,1,18508,TPTY VSKP EXP,,2,,,,0,1,1,0,0
18509,1,18509,VSKP SMVB EXP,,2,,,,0,1,1,0,0
18510,1,18510,SMVB VSKP EXP,,2,,,,0,1,1,0,0
18511,1,18511,INTERCITY EXP,,2,,,,0,1,1,0,0
18512,1,18512,INTERCITY EXP,,2,,,,0,1,1,0,0
18515,1,18515,VSKP KRDL EXP,,2,,,,0,1,1,0,0
18516,1,18516,KRDL VSKP EXP,,2,,,,0,1,1,0,0
18517,1,18517,KRBA VSKP EXP,,2,,,,0,1,1,0,0
18518,1,18518,VSKP KRBA EXP,,2,,,,0,1,1,0,0
18519,1,18519,VSKP LTT EXPRES,,2,,,,0,1,1,0,0
18520,1,18520,LTT VSKP EXPRESS,,2,,,,0,1,1,0,0
18521,1,18521,TIRUMALA EXP,,2,,,,0,1,1,0,0
18522,1,18522,TIRUMALA EXP,,2,,,,0,1,1,0,0
18523,1,18523,VSKP BNRS EXP,,2,,,,0,1,1,0,0
18524,1,18524,BNRS VSKP EXP,,2,,,,0,1,1,0,0
18525,1,18525,BAM VSKP EXP,,2,,,,0,1,1,0,0
18526,1,18526,VSKP BAM EXP,,2,,,,0,1,1,0,0
18527,1,18527,VSKP CHZ EXPRESS,,2,,,,0,1,1,0,0
18528,1,18528,CHZ VSKP EXP,,2,,,,0,1,1,0,0
18529,1,18529,DURG VSKP EXP,,2,,,,0,1,1,0,0
18530,1,18530,VSKP DURG EXP,,2,,,,0,1,1,0,0
18567,1,18567,VSKP QLN EXP,,2,,,,0,1,1,0,0
18568,1,18568,QLN VSKP EXPRES,,2,,,,0,1,1,0,0
18573,1,18573,VSKP BGKT EXP,,2,,,,0,1,1,0,0
18574,1,18574,BGKT VSKP EXP,,2,,,,0,1,1,0,0
18601,1,18601,TATA-HTE EXP,,2,,,,0,1,1,0,0
18602,1,18602,HTE TATA EXP,,2,,,,0,1,1,0,0
18603,1,18603,RNC GODA EXP,,2,,,,0,1,1,0,0
18604,1,18604,GODA RNC EXP,,2,,,,0,1,1,0,0
18609,1,18609,RNC LTT EXP,,2,,,,0,1,1,0,0
18610,1,18610,LTT RANCHI EXP,,2,,,,0,1,1,0,0
18611,1,18611,RNC BSBS EXP,,2,,,,0,1,1,0,0
18612,1,18612,BNRS RNC EXP,,2,,,,0,1,1,0,0
18613,1,18613,RNC CPU EXPRESS,,2,,,,0,1,1,0,0
18614,1,18614,CPU RNC EXPRESS,,2,,,,0,1,1,0,0
18615,1,18615,KRIYA YOGA EXP,,2,,,,0,1,1,0,0
18616,1,18616,KRIYA YOGA EXP,,2,,,,0,1,1,0,0
18619,1,18619,INTERCITY EXP,,2,,,,0,1,1,0,0
18620,1,18620,INTERCITY EXP,,2,,,,0,1,1,0,0
18621,1,18621,PATLIPUTRA EXP,,2,,,,0,1,1,0,0
18622,1,18622,PATALIPUTRA EXP,,2,,,,0,1,1,0,0
18623,1,18623,IPR HATIA EXP,,2,,,,0,1,1,0,0
18624,1,18624,HTE IPR EXP,,2,,,,0,1,1,0,0
18625,1,18625,PRNC HTE EXPRES,,2,,,,0,1,1,0,0
18626,1,18626,HTE PRNC EXP,,2,,,,0,1,1,0,0
18627,1,18627,INTERCITY EXP,,2,,,,0,1,1,0,0
18628,1,18628,INTERCITY EXP,,2,,,,0,1,1,0,0
18629,1,18629,RNC GKP EXPRESS,,2,,,,0,1,1,0,0
18630,1,18630,GKP RNC EXP,,2,,,,0,1,1,0,0
18631,1,18631,RNC CPU EXP,,2,,,,0,1,1,0,0
18632,1,18632,CPU RNC EXP,,2,,,,0,1,1,0,0
18635,1,18635,RNC SSM EXPRESS,,2,,,,0,1,1,0,0
18636,1,18636,RANCHI EXPRESS,,2,,,,0,1,1,0,0
18637,1,18637,HTE SMVB EXP,,2,,,,0,1,1,0,0
18638,1,18638,SMVB HTE EXP,,2,,,,0,1,1,0,0
18639,1,18639,ARA RNC EXP,,2,,,,0,1,1,0,0
18640,1,18640,RNC ARA EXP,,2,,,,0,1,1,0,0
18641,1,18641,HTE DURG EXP,,2,,,,0,1,1,0,0
18642,1,18642,DURG HTE EXP,,2,,,,0,1,1,0,0
18755,1,18755,SDL ABKP EXP,,2,,,,0,1,1,0,0
18756,1,18756,ABKP SDL EXP,,2,,,,0,1,1,0,0
19001,1,19001,VIRAR ST EXP,,2,,,,0,1,1,0,0
19002,1,19002,SURAT VR EXP,,2,,,,0,1,1,0,0
19003,1,19003,KHANDESH EXP,,2,,,,0,1,1,0,0
19004,1,19004,KHANDESH EXP,,2,,,,0,1,1,0,0
19005,1,19005,SURAT BSL EXP,,2,,,,0,1,1,0,0
19006,1,19006,BSL SURAT EXP,,2,,,,0,1,1,0,0
19007,1,19007,SURAT BSL EXP,,2,,,,0,1,1,0,0
19008,1,19008,BSL SURAT EXP,,2,,,,0,1,1,0,0
19011,1,19011,BL DHD EXPRESS,,2,,,,0,1,1,0,0
19012,1,19012,DHD BL EXPRESS,,2,,,,0,1,1,0,0
19013,1,19013,BSL KATNI EXP,,2,,,,0,1,1,0,0
19014,1,19014,KTE BSL EXP,,2,,,,0,1,1,0,0
19015,1,19015,SAURASHTRA EXP,,2,,,,0,1,1,0,0
19016,1,19016,SAURASHTRA EXP,,2,,,,0,1,1,0,0
19017,1,19017,LOK SHAKTI EXP,,2,,,,0,1,1,0,0
19018,1,19018,LOK SHAKTI EXP,,2,,,,0,1,1,0,0
19019,1,19019,BDTS HW EXP,,2,,,,0,1,1,0,0
19020,1,19020,HW BDTS EXP,,2,,,,0,1,1,0,0
19021,1,19021,BAM AMRIT BHARAT,,2,,,,0,1,1,0,0
19022,1,19022,AMRIT BHARAT EXP,,2,,,,0,1,1,0,0
19027,1,19027,JAT VIVEK EXP,,2,,,,0,1,1,0,0
19028,1,19028,JAT BDTS EXP,,2,,,,0,1,1,0,0
19031,1,19031,YOGA EXPRESS,,2,,,,0,1,1,0,0
19032,1,19032,YOGA EXPRESS,,2,,,,0,1,1,0,0
19033,1,19033,GUJARAT QUEEN,,2,,,,0,1,1,0,0
19034,1,19034,GUJARAT QUEEN,,2,,,,0,1,1,0,0
19035,1,19035,BRC - VTA INTERCITY EXP,,2,,,,0,1,1,0,0
19036,1,19036,MAN - BRC INTERCITY EXP,,2,,,,0,1,1,0,0
19037,1,19037,AVADH EXP,,2,,,,0,1,1,0,0
19038,1,19038,AVADH EXPRESS,,2,,,,0,1,1,0,0
19045,1,19045,TAPTI GANGA EXP,,2,,,,0,1,1,0,0
19046,1,19046,TAPTI GANGA EXP,,2,,,,0,1,1,0,0
19051,1,19051,MFP SHRAMIK EXP,,2,,,,0,1,1,0,0
19052,1,19052,BL SHRAMIK EXP,,2,,,,0,1,1,0,0
19053,1,19053,ST MFP EXP,,2,,,,0,1,1,0,0
19054,1,19054,MFP ST EXPRESS,,2,,,,0,1,1,0,0
19055,1,19055,BDTS UDN EXP,,2,,,,0,1,1,0,0
19056,1,19056,UDN BDTS EXPRESS,,2,,,,0,1,1,0,0
19057,1,19057,SURAT MAJN EXP,,2,,,,0,1,1,0,0
19058,1,19058,MAJN SURAT EXP,,2,,,,0,1,1,0,0
19091,1,19091,GKP HUMSAFAR EX,,2,,,,0,1,1,0,0
19092,1,19092,BDTS HUMSAFAR,,2,,,,0,1,1,0,0
19101,1,19101,VIRAR - BH EXPRESS,,2,,,,0,1,1,0,0
19102,1,19102,ST - VR EXPRESS,,2,,,,0,1,1,0,0
19103,1,19103,RTM-KOTA MEMU EXP,,2,,,,0,1,1,0,0
19104,1,19104,KOTA-RTM MEMU EXP,,2,,,,0,1,1,0,0
19105,1,19105,UDN PLD EXPRESS,,2,,,,0,1,1,0,0
19106,1,19106,BSL - UDN EXPRESS,,2,,,,0,1,1,0,0
19107,1,19107,JANMABHOOMI EXP,,2,,,,0,1,1,0,0
19108,1,19108,BHAVNAGAR EXP,,2,,,,0,1,1,0,0
19109,1,19109,KOTA -  DEEG  EXPRESS,,2,,,,0,1,1,0,0
19110,1,19110,AWR - KOTA EXPRESS,,2,,,,0,1,1,0,0
19119,1,19119,GNC SMNH IC EXP,,2,,,,0,1,1,0,0
19120,1,19120,SMNH ADI IC EXP,,2,,,,0,1,1,0,0
19165,1,19165,SABARMATI EXP,,2,,,,0,1,1,0,0
19166,1,19166,SABARMATI EXP,,2,,,,0,1,1,0,0
19167,1,19167,SABARMATI EXP,,2,,,,0,1,1,0,0
19168,1,19168,SABARMATI EXP,,2,,,,0,1,1,0,0
19201,1,19201,BVC AYC EXPRESS,,2,,,,0,1,1,0,0
19202,1,19202,AYC BVC EXPRESS,,2,,,,0,1,1,0,0
19203,1,19203,BDTS VRL EXP,,2,,,,0,1,1,0,0
19204,1,19204,VRL BDTS EXP,,2,,,,0,1,1,0,0
19205,1,19205,BVC - MHV EXPRESS,,2,,,,0,1,1,0,0
19206,1,19206,MHV - BVC EXPRESS,,2,,,,0,1,1,0,0
19207,1,19207,PBR-RJT EXPRESS,,2,,,,0,1,1,0,0
19208,1,19208,RJT-PBR  EXPRESS,,2,,,,0,1,1,0,0
19209,1,19209,BVC OKHA EXP,,2,,,,0,1,1,0,0
19210,1,19210,OKHA BVC EXP,,2,,,,0,1,1,0,0
19217,1,19217,SAURASHTRA JANTA,,2,,,,0,1,1,0,0
19218,1,19218,SAURASHTRA JANTA,,2,,,,0,1,1,0,0
19223,1,19223,SBIB JAT EXP,,2,,,,0,1,1,0,0
19224,1,19224,JAT SBIB EXP,,2,,,,0,1,1,0,0
19251,1,19251,SMNH OKHA EXP,,2,,,,0,1,1,0,0
19252,1,19252,OKHA SMNH EXP,,2,,,,0,1,1,0,0
19255,1,19255,SURAT MAHUVA EX,,2,,,,0,1,1,0,0
19256,1,19256,MAHUVA SURAT EX,,2,,,,0,1,1,0,0
19259,1,19259,TVCN BVC EXPRESS,,2,,,,0,1,1,0,0
19260,1,19260,BVC TVCN EXP,,2,,,,0,1,1,0,0
19269,1,19269,PBR MFP EXPRESS,,2,,,,0,1,1,0,0
19270,1,19270,PBR EXPRESS,,2,,,,0,1,1,0,0
19271,1,19271,BVC HW EXPRESS,,2,,,,0,1,1,0,0
19272,1,19272,HW BVC EXPRESS,,2,,,,0,1,1,0,0
19301,1,19301,DADN YPR EXP,,2,,,,0,1,1,0,0
19302,1,19302,YPR DADN EXP,,2,,,,0,1,1,0,0
19303,1,19303,INDB BHOPAL  EXP,,2,,,,0,1,1,0,0
19304,1,19304,BPL INDB EXPRESS,,2,,,,0,1,1,0,0
19305,1,19305,DADN KYQ EXP,,2,,,,0,1,1,0,0
19306,1,19306,KYQ DADN EXP,,2,,,,0,1,1,0,0
19307,1,19307,INDB UHL EXP,,2,,,,0,1,1,0,0
19308,1,19308,UHL INDB EXP,,2,,,,0,1,1,0,0
19309,1,19309,SHANTI EXPRESS,,2,,,,0,1,1,0,0
19310,1,19310,SHANTI EXP,,2,,,,0,1,1,0,0
19313,1,19313,INDB PNBE EXP,,2,,,,0,1,1,0,0
19314,1,19314,INDORE EXPRESS,,2,,,,0,1,1,0,0
19315,1,19315,VIRBHUMI EXP,,2,,,,0,1,1,0,0
19316,1,19316,VIRBHUMI EXP,,2,,,,0,1,1,0,0
19319,1,19319,VRL INDB MAHMANA,,2,,,,0,1,1,0,0
19320,1,19320,INDB VRL MAHMANA,,2,,,,0,1,1,0,0
19321,1,19321,INDB PNBE EXP,,2,,,,0,1,1,0,0
19322,1,19322,PNBE INDB EXP,,2,,,,0,1,1,0,0
19323,1,19323,BPL INTERCITY,,2,,,,0,1,1,0,0
19324,1,19324,DADN INTERCITY,,2,,,,0,1,1,0,0
19325,1,19325,INDB AMRITSAR EX,,2,,,,0,1,1,0,0
19326,1,19326,ASR INDB EXP,,2,,,,0,1,1,0,0
19327,1,19327,RTM-UDZ EXPRESS,,2,,,,0,1,1,0,0
19328,1,19328,COR-RTM,,2,,,,0,1,1,0,0
19333,1,19333,BKN MAHAMANA EX,,2,,,,0,1,1,0,0
19334,1,19334,INDB MAHMNA EXP,,2,,,,0,1,1,0,0
19337,1,19337,INDB DEE EXP,,2,,,,0,1,1,0,0
19338,1,19338,DEE INDB EXP,,2,,,,0,1,1,0,0
19339,1,19339,DHD BPL EXP,,2,,,,0,1,1,0,0
19340,1,19340,BHOPAL DAHOD EX,,2,,,,0,1,1,0,0
19341,1,19341,NAGDA BINA  EXPRESS,,2,,,,0,1,1,0,0
19342,1,19342,BINA -NAGDA EXPRESS,,2,,,,0,1,1,0,0
19343,1,19343,PANCHVALLEY EXP,,2,,,,0,1,1,0,0
19344,1,19344,PANCHVALLEY  EXP,,2,,,,0,1,1,0,0
19345,1,19345,RTM - BHL EXPRESS,,2,,,,0,1,1,0,0
19346,1,19346,BHL - RTM EXPRESS,,2,,,,0,1,1,0,0
19401,1,19401,SBIB LUCKNOW EX,,2,,,,0,1,1,0,0
19402,1,19402,LKO ADI EXPRESS,,2,,,,0,1,1,0,0
19403,1,19403,BHUJ DLI EXP,,2,,,,0,1,1,0,0
19404,1,19404,DLI BHUJ EXPRESS,,2,,,,0,1,1,0,0
19405,1,19405,PNU GIMB EXP,,2,,,,0,1,1,0,0
19406,1,19406,GIMB PNU EXP,,2,,,,0,1,1,0,0
19407,1,19407,SBIB LGH EXP,,2,,,,0,1,1,0,0
19408,1,19408,LGH SBIB EXP,,2,,,,0,1,1,0,0
19409,1,19409,SBIB THAWE EXP,,2,,,,0,1,1,0,0
19410,1,19410,GKP ADI EXP,,2,,,,0,1,1,0,0
19411,1,19411,GNC DLPC EXP,,2,,,,0,1,1,0,0
19413,1,19413,ADI KOLKATA EXP,,2,,,,0,1,1,0,0
19414,1,19414,KOAA ADI EXP,,2,,,,0,1,1,0,0
19415,1,19415,SBIB SVDK EXP,,2,,,,0,1,1,0,0
19416,1,19416,SVDK SBIB EXP,,2,,,,0,1,1,0,0
19417,1,19417,MMCT ADI EXPRESS,,2,,,,0,1,1,0,0
19418,1,19418,ADI MMCT EXP,,2,,,,0,1,1,0,0
19419,1,19419,ADI - TPJ JN EXPRESS,,2,,,,0,1,1,0,0
19420,1,19420,TPJ JN - ADI EXPRESS,,2,,,,0,1,1,0,0
19421,1,19421,ADI PNBE EXP,,2,,,,0,1,1,0,0
19422,1,19422,PNBE ADI EXP,,2,,,,0,1,1,0,0
19423,1,19423,BGP AMRIT BHARAT,,2,,,,0,1,1,0,0
19424,1,19424,AMRIT BHARAT EXP,,2,,,,0,1,1,0,0
19425,1,19425,MMCT NDB EXP,,2,,,,0,1,1,0,0
19426,1,19426,NDB MMCT EXPRESS,,2,,,,0,1,1,0,0
19435,1,19435,ADI ASN EXP,,2,,,,0,1,1,0,0
19436,1,19436,ASN ADI EXPRESS,,2,,,,0,1,1,0,0
19483,1,19483,ADI SHC EXP,,2,,,,0,1,1,0,0
19484,1,19484,SHC ADI EXP,,2,,,,0,1,1,0,0
19489,1,19489,ADI GKP EXP,,2,,,,0,1,1,0,0
19490,1,19490,GKP ADI EXPRESS,,2,,,,0,1,1,0,0
19525,1,19525,HAPA - NAHARLAGUN EXPRESS,,2,,,,0,1,1,0,0
19526,1,19526,NAHARLAGUN - HAPA EXPRESS,,2,,,,0,1,1,0,0
19559,1,19559,TPTY OKHA EXP,,2,,,,0,1,1,0,0
19560,1,19560,OKHA TPTY EXP,,2,,,,0,1,1,0,0
19565,1,19565,OKHA DDN EXP,,2,,,,0,1,1,0,0
19566,1,19566,UTTARANCHAL EXP,,2,,,,0,1,1,0,0
19567,1,19567,VIVEK EXPRESS,,2,,,,0,1,1,0,0
19568,1,19568,VIVEK EXPRESS,,2,,,,0,1,1,0,0
19571,1,19571,RJT-PBR EXP,,2,,,,0,1,1,0,0
19572,1,19572,PBR-RJT  EXPRESS,,2,,,,0,1,1,0,0
19575,1,19575,OKHA  NDT EXP,,2,,,,0,1,1,0,0
19576,1,19576,NDT OKHA EXP,,2,,,,0,1,1,0,0
19577,1,19577,TEN JAM EXPRESS,,2,,,,0,1,1,0,0
19578,1,19578,JAM TEN EXP,,2,,,,0,1,1,0,0
19601,1,19601,UDZ NJP EXP,,2,,,,0,1,1,0,0
19602,1,19602,NJP UDZ EXPRESS,,2,,,,0,1,1,0,0
19603,1,19603,DOZ GODA EXP,,2,,,,0,1,1,0,0
19604,1,19604,GODA  DOZ EXP,,2,,,,0,1,1,0,0
19605,1,19605,MDJN - UDZ EXP,,2,,,,0,1,1,0,0
19606,1,19606,UDZ-MDJN EXP,,2,,,,0,1,1,0,0
19607,1,19607,KOAA MDJN EXP,,2,,,,0,1,1,0,0
19608,1,19608,MDJN KOAA EXP,,2,,,,0,1,1,0,0
19609,1,19609,UDZ YNRK EXP,,2,,,,0,1,1,0,0
19610,1,19610,UDAIPUR EXPRESS,,2,,,,0,1,1,0,0
19611,1,19611,AII ASR EXP,,2,,,,0,1,1,0,0
19612,1,19612,ASR AII EXPRESS,,2,,,,0,1,1,0,0
19613,1,19613,AII ASR EXP,,2,,,,0,1,1,0,0
19614,1,19614,ASR AII EXP,,2,,,,0,1,1,0,0
19615,1,19615,KAVI GURU EXP,,2,,,,0,1,1,0,0
19616,1,19616,KAVI GURU EXP,,2,,,,0,1,1,0,0
19617,1,19617,MDJN-RE M EXP,,2,,,,0,1,1,0,0
19618,1,19618,RE-MDJN EXP,,2,,,,0,1,1,0,0
19619,1,19619,FL-RE EXP,,2,,,,0,1,1,0,0
19620,1,19620,RE-FL PAS SPL,,2,,,,0,1,1,0,0
19621,1,19621,FL-RE EXP,,2,,,,0,1,1,0,0
19622,1,19622,RE-FL EXP,,2,,,,0,1,1,0,0
19623,1,19623,AMRIT BHARAT EXP,,2,,,,0,1,1,0,0
19624,1,19624,AMRIT BHARAT EXP,,2,,,,0,1,1,0,0
19625,1,19625,DOZ-BDTS WEEKLY MEX,,2,,,,0,1,1,0,0
19626,1,19626,BDTS DOZ EXP,,2,,,,0,1,1,0,0
19665,1,19665,KURJ UDZ EXP,,2,,,,0,1,1,0,0
19666,1,19666,UDZ KURJ EXP,,2,,,,0,1,1,0,0
19667,1,19667,MYS HUMSAFAR EXP,,2,,,,0,1,1,0,0
19668,1,19668,UDZ HUMSAFAR EXP,,2,,,,0,1,1,0,0
19669,1,19669,PPTA HUMSAFAR,,2,,,,0,1,1,0,0
19670,1,19670,HUMSAFAR EXPRESS,,2,,,,0,1,1,0,0
19701,1,19701,SAINIK EXPRESS,,2,,,,0,1,1,0,0
19702,1,19702,SAINIK EXPRESS,,2,,,,0,1,1,0,0
19711,1,19711,JP BPL EXPRESS,,2,,,,0,1,1,0,0
19712,1,19712,BPL JP EXP,,2,,,,0,1,1,0,0
19713,1,19713,JP KRNT EXP,,2,,,,0,1,1,0,0
19714,1,19714,KRNT JP EXP,,2,,,,0,1,1,0,0
19715,1,19715,JP GTNR EXP,,2,,,,0,1,1,0,0
19716,1,19716,GTNR JP EXP,,2,,,,0,1,1,0,0
19719,1,19719,JP-SOG EXP,,2,,,,0,1,1,0,0
19720,1,19720,SOG-JP EXP,,2,,,,0,1,1,0,0
19721,1,19721,JP BXN EXP,,2,,,,0,1,1,0,0
19722,1,19722,BXN JP EXP,,2,,,,0,1,1,0,0
19723,1,19723,JP BDTS HSPL,,2,,,,0,1,1,0,0
19724,1,19724,BDTS JP EXP,,2,,,,0,1,1,0,0
19725,1,19725,DBG AMRIT BHARAT,,2,,,,0,1,1,0,0
19726,1,19726,AMRIT BHARAT EXP,,2,,,,0,1,1,0,0
19735,1,19735,JP MJ EXP,,2,,,,0,1,1,0,0
19736,1,19736,MJ-JP EXP,,2,,,,0,1,1,0,0
19801,1,19801,SGAC DNR EXP,,2,,,,0,1,1,0,0
19802,1,19802,DNR SGAC EXP,,2,,,,0,1,1,0,0
19803,1,19803,KOTA SVDK EXP,,2,,,,0,1,1,0,0
19804,1,19804,KOTA EXPRESS,,2,,,,0,1,1,0,0
19807,1,19807,KOTA SIRSA EXP,,2,,,,0,1,1,0,0
19808,1,19808,SSA KOTA EXP,,2,,,,0,1,1,0,0
19811,1,19811,KOTA ETW EXP,,2,,,,0,1,1,0,0
19812,1,19812,ETW KOTA EXP,,2,,,,0,1,1,0,0
19813,1,19813,KOTA SIRSA EXP,,2,,,,0,1,1,0,0
19814,1,19814,SSA KOTA EXP,,2,,,,0,1,1,0,0
19815,1,19815,MDS KOTA EXP,,2,,,,0,1,1,0,0
19816,1,19816,KOTA MDS EXP,,2,,,,0,1,1,0,0
19817,1,19817,RTM AF EXPRESS,,2,,,,0,1,1,0,0
19818,1,19818,JAB RTM EXP,,2,,,,0,1,1,0,0
19819,1,19819,BRC-KOTA EXPRESS,,2,,,,0,1,1,0,0
19820,1,19820,KOTA-BRC EXPRESS,,2,,,,0,1,1,0,0
19821,1,19821,ASV KOTA EXPRESS,,2,,,,0,1,1,0,0
19822,1,19822,KOTA ASV EXP,,2,,,,0,1,1,0,0
20101,1,20101,SC VANDE BHARAT,,2,,,,0,1,1,0,0
20102,1,20102,NGP VANDE BHARAT,,2,,,,0,1,1,0,0
20103,1,20103,LTT AMH SF EXP,,2,,,,0,1,1,0,0
20104,1,20104,GKP LTT SF EXP,,2,,,,0,1,1,0,0
20111,1,20111,KONKAN KANYA EXP,,2,,,,0,1,1,0,0
20112,1,20112,KONKAN KANYA EXP,,2,,,,0,1,1,0,0
20151,1,20151,HDP REWA SFAST,,2,,,,0,1,1,0,0
20152,1,20152,REWA HDP SF EXP,,2,,,,0,1,1,0,0
20153,1,20153,CSMT REWA SF,,2,,,,0,1,1,0,0
20154,1,20154,REWA CSMT SF,,2,,,,0,1,1,0,0
20155,1,20155,DADN NDLS SF EXP,,2,,,,0,1,1,0,0
20156,1,20156,NDLS DADN SF EXP,,2,,,,0,1,1,0,0
20159,1,20159,CBE-JBP SF,,2,,,,0,1,1,0,0
20160,1,20160,JBP-CBE SF EXPRESS,,2,,,,0,1,1,0,0
20161,1,20161,PUNE JBP SF,,2,,,,0,1,1,0,0
20162,1,20162,JBP PUNE SF EXP,,2,,,,0,1,1,0,0
20163,1,20163,BDTS JBP SF EXP,,2,,,,0,1,1,0,0
20164,1,20164,JBP BDTS SF EXP,,2,,,,0,1,1,0,0
20171,1,20171,VANDE BHARAT EXP,,2,,,,0,1,1,0,0
20172,1,20172,VANDE BHARAT EXP,,2,,,,0,1,1,0,0
20173,1,20173,VANDE BHARAT EXP,,2,,,,0,1,1,0,0
20174,1,20174,VANDE BHARAT EXP,,2,,,,0,1,1,0,0
20175,1,20175,VANDE BHARAT EXP,,2,,,,0,1,1,0,0
20176,1,20176,VANDE BHARAT EXP,,2,,,,0,1,1,0,0
20177,1,20177,ASV AGC SF EXP,,2,,,,0,1,1,0,0
20178,1,20178,AGC ASV SF EXP,,2,,,,0,1,1,0,0
20401,1,20401,BSB LKO SF EXP,,2,,,,0,1,1,0,0
20402,1,20402,LKO BSB SF EXP,,2,,,,0,1,1,0,0
20403,1,20403,PRYJ LGH SF EXP,,2,,,,0,1,1,0,0
20404,1,20404,LGH PRYJ SF EXP,,2,,,,0,1,1,0,0
20407,1,20407,RNC NDLS RAJ EX,,2,,,,0,1,1,0,0
20408,1,20408,RNC RAJDHANI,,2,,,,0,1,1,0,0
20409,1,20409,DEC BTI SF EXP,,2,,,,0,1,1,0,0
20410,1,20410,BTI DEC SF EXP,,2,,,,0,1,1,0,0
20411,1,20411,DLI-SRE SUF EXP,,2,,,,0,1,1,0,0
20412,1,20412,SRE-DLI SUF EXP,,2,,,,0,1,1,0,0
20413,1,20413,MAHAKAL EXPRESS,,2,,,,0,1,1,0,0
20414,1,20414,MAHAKAL EXPRESS,,2,,,,0,1,1,0,0
20415,1,20415,MAHAKAL EXPRESS,,2,,,,0,1,1,0,0
20416,1,20416,MAHAKAL SUP EXP,,2,,,,0,1,1,0,0
20423,1,20423,PATALKOT SF EXP,,2,,,,0,1,1,0,0
20424,1,20424,PATALKOT EXP,,2,,,,0,1,1,0,0
20433,1,20433,JAMMU MAIL,,2,,,,0,1,1,0,0
20434,1,20434,JAMMU MAIL,,2,,,,0,1,1,0,0
20435,1,20435,PRYJ AMRITBHARAT,,2,,,,0,1,1,0,0
20436,1,20436,LTT AMRIT BHARAT,,2,,,,0,1,1,0,0
20437,1,20437,AMRIT BHARAT,,2,,,,0,1,1,0,0
20438,1,20438,PRYJ AMRITBHARAT,,2,,,,0,1,1,0,0
20451,1,20451,SGAC NDLS SF EXP,,2,,,,0,1,1,0,0
20452,1,20452,NDLS SGAC SF EX,,2,,,,0,1,1,0,0
20471,1,20471,SGNR PURI SF EXP,,2,,,,0,1,1,0,0
20472,1,20472,PURI SGNR SF,,2,,,,0,1,1,0,0
20473,1,20473,CHETAK EXPRESS,,2,,,,0,1,1,0,0
20474,1,20474,CHETAK EXPRESS,,2,,,,0,1,1,0,0
20475,1,20475,BKN MRJ SF EXP,,2,,,,0,1,1,0,0
20476,1,20476,MRJ BKN SF EXP,,2,,,,0,1,1,0,0
20481,1,20481,TPJ SF HUMSAFAR,,2,,,,0,1,1,0,0
20482,1,20482,JU SF HUMSAFAR,,2,,,,0,1,1,0,0
20483,1,20483,BGKT DDR SF EXP,,2,,,,0,1,1,0,0
20484,1,20484,DDR BGKT SF EXP,,2,,,,0,1,1,0,0
20485,1,20485,JSM SBIB SF EXP,,2,,,,0,1,1,0,0
20486,1,20486,SBIB JU EXP,,2,,,,0,1,1,0,0
20487,1,20487,MALANI EXPRESS,,2,,,,0,1,1,0,0
20488,1,20488,MALANI EXPRESS,,2,,,,0,1,1,0,0
20489,1,20489,BME MTJ SUP FAST,,2,,,,0,1,1,0,0
20490,1,20490,MTJ  BME SF,,2,,,,0,1,1,0,0
20491,1,20491,JSM SBIB SF EXP,,2,,,,0,1,1,0,0
20492,1,20492,SBIB JSM SUP EXP,,2,,,,0,1,1,0,0
20493,1,20493,MDU CDG SF EXP,,2,,,,0,1,1,0,0
20494,1,20494,CDG MDU SF EXP,,2,,,,0,1,1,0,0
20495,1,20495,JU HDP SF EXP,,2,,,,0,1,1,0,0
20496,1,20496,JODHPUR SF EXP,,2,,,,0,1,1,0,0
20497,1,20497,FZR SF HUMSAFAR,,2,,,,0,1,1,0,0
20498,1,20498,RMM HUMSAFAR SF,,2,,,,0,1,1,0,0
20501,1,20501,TEJAS EXPRESS,,2,,,,0,1,1,0,0
20502,1,20502,AGTL TEJAS RAJ,,2,,,,0,1,1,0,0
20503,1,20503,RAJDHANI EXP,,2,,,,0,1,1,0,0
20504,1,20504,DBRG RAJDHANI,,2,,,,0,1,1,0,0
20505,1,20505,RAJDHANI EXP,,2,,,,0,1,1,0,0
20506,1,20506,DBRG RAJDHANI,,2,,,,0,1,1,0,0
20507,1,20507,RAJDHANI EXP,,2,,,,0,1,1,0,0
20508,1,20508,SANG RAJDHANI,,2,,,,0,1,1,0,0
20601,1,20601,MAS BDNK SF EXP,,2,,,,0,1,1,0,0
20602,1,20602,BDNK MAS SF EXP,,2,,,,0,1,1,0,0
20603,1,20603,AMRIT BHARAT EXP,,2,,,,0,1,1,0,0
20604,1,20604,NJP AMRIT BHARAT,,2,,,,0,1,1,0,0
20605,1,20605,MS TCN SF EXP,,2,,,,0,1,1,0,0
20606,1,20606,TCN MS SF EXP,,2,,,,0,1,1,0,0
20607,1,20607,MYS VANDEBHARAT,,2,,,,0,1,1,0,0
20608,1,20608,MAS VANDEBHARAT,,2,,,,0,1,1,0,0
20609,1,20609,AMRIT BHARAT EXP,,2,,,,0,1,1,0,0
20610,1,20610,NJP AMRIT BHARAT,,2,,,,0,1,1,0,0
20623,1,20623,MALGUDI EXP,,2,,,,0,1,1,0,0
20624,1,20624,MALGUDI EXP,,2,,,,0,1,1,0,0
20625,1,20625,MAS BGKT SF EXP,,2,,,,0,1,1,0,0
20626,1,20626,BGKT MAS SF EXP,,2,,,,0,1,1,0,0
20627,1,20627,MS NCJ VB EXP,,2,,,,0,1,1,0,0
20628,1,20628,NCJ MS VB EXP,,2,,,,0,1,1,0,0
20629,1,20629,SABARI SF EXPRES,,2,,,,0,1,1,0,0
20630,1,20630,SABARI SF EXPRES,,2,,,,0,1,1,0,0
20631,1,20631,MAQ TVC VB EXP,,2,,,,0,1,1,0,0
20632,1,20632,TVC MAQ VB EXP,,2,,,,0,1,1,0,0
20633,1,20633,TVC VANDEBHARAT,,2,,,,0,1,1,0,0
20634,1,20634,KGQ VANDEBHARAT,,2,,,,0,1,1,0,0
20635,1,20635,ANANTAPURI EXP,,2,,,,0,1,1,0,0
20636,1,20636,ANANTAPURI EXP,,2,,,,0,1,1,0,0
20641,1,20641,CBE VANDE BHARAT,,2,,,,0,1,1,0,0
20642,1,20642,BNC VANDEBHARAT,,2,,,,0,1,1,0,0
20643,1,20643,CBE VANDEBHARAT,,2,,,,0,1,1,0,0
20644,1,20644,MAS VANDEBHARAT,,2,,,,0,1,1,0,0
20645,1,20645,MAQ VANDEBHARAT,,2,,,,0,1,1,0,0
20646,1,20646,MAO VANDEBHARAT,,2,,,,0,1,1,0,0
20651,1,20651,SBC TLGP EXP,,2,,,,0,1,1,0,0
20652,1,20652,TLGP SBC EXP,,2,,,,0,1,1,0,0
20653,1,20653,SBC BGM EXP,,2,,,,0,1,1,0,0
20654,1,20654,BGM SBC EXP,,2,,,,0,1,1,0,0
20655,1,20655,YPR UBL EXP,,2,,,,0,1,1,0,0
20656,1,20656,UBL YPR EXP,,2,,,,0,1,1,0,0
20657,1,20657,UBL NZM EXP,,2,,,,0,1,1,0,0
20658,1,20658,NZM UBL SF EXP,,2,,,,0,1,1,0,0
20659,1,20659,RAJYA RANI EXP,,2,,,,0,1,1,0,0
20660,1,20660,RAJYA RANI EXP,,2,,,,0,1,1,0,0
20661,1,20661,DWR VANDE BHARAT,,2,,,,0,1,1,0,0
20662,1,20662,SBC VANDE BHARAT,,2,,,,0,1,1,0,0
20663,1,20663,MAS VANDE BHARAT,,2,,,,0,1,1,0,0
20664,1,20664,MYS VANDEBHARAT,,2,,,,0,1,1,0,0
20665,1,20665,TEN VANDEBHARAT,,2,,,,0,1,1,0,0
20666,1,20666,MS VANDE BHARAT,,2,,,,0,1,1,0,0
20667,1,20667,YPR KWP EXP,,2,,,,0,1,1,0,0
20668,1,20668,JP YPR SF EXP,,2,,,,0,1,1,0,0
20669,1,20669,UBL PUNE VB EXP,,2,,,,0,1,1,0,0
20670,1,20670,UBL VANDEBHARAT,,2,,,,0,1,1,0,0
20671,1,20671,MDU BNC VB EXP,,2,,,,0,1,1,0,0
20672,1,20672,MDU VANDE BHARAT,,2,,,,0,1,1,0,0
20673,1,20673,PUNE VANDEBHARAT,,2,,,,0,1,1,0,0
20674,1,20674,KOP VANDEBHARAT,,2,,,,0,1,1,0,0
20675,1,20675,VISHWAMANAV EXP,,2,,,,0,1,1,0,0
20676,1,20676,VISHWAMANAV EXP,,2,,,,0,1,1,0,0
20677,1,20677,NS VANDE BHARAT,,2,,,,0,1,1,0,0
20678,1,20678,MAS VANDEBHARAT,,2,,,,0,1,1,0,0
20679,1,20679,MAS UBL SF EXP,,2,,,,0,1,1,0,0
20680,1,20680,UBL MAS SF EXP,,2,,,,0,1,1,0,0
20681,1,20681,SILAMBU SF EXP,,2,,,,0,1,1,0,0
20682,1,20682,SILAMBU SF EXP,,2,,,,0,1,1,0,0
20683,1,20683,TBM SCT SF EXP,,2,,,,0,1,1,0,0
20684,1,20684,SCT TBM SF EXP,,2,,,,0,1,1,0,0
20685,1,20685,GIMB SBC SF EXP,,2,,,,0,1,1,0,0
20686,1,20686,GANDHIDHAM EXP,,2,,,,0,1,1,0,0
20687,1,20687,UBL SBC SF EXP,,2,,,,0,1,1,0,0
20688,1,20688,SBC UBL SF EXP,,2,,,,0,1,1,0,0
20689,1,20689,SMET INTERCITY,,2,,,,0,1,1,0,0
20690,1,20690,YPR INTERCITY,,2,,,,0,1,1,0,0
20691,1,20691,TBM-NCJ ANTYODAYA SF EXP,,2,,,,0,1,1,0,0
20692,1,20692,NCJ-TBM ANTYODAYA SF EXP,,2,,,,0,1,1,0,0
20693,1,20693,JU SBC SUPERFAST,,2,,,,0,1,1,0,0
20694,1,20694,JODHPUR EXP,,2,,,,0,1,1,0,0
20701,1,20701,TPTY VANDEBHARAT,,2,,,,0,1,1,0,0
20702,1,20702,SC VANDE BHARAT,,2,,,,0,1,1,0,0
20703,1,20703,YPR VANDEBHARAT,,2,,,,0,1,1,0,0
20704,1,20704,KCG VANDE BHARAT,,2,,,,0,1,1,0,0
20705,1,20705,CSMT VANDEBHARAT,,2,,,,0,1,1,0,0
20706,1,20706,NED VANDEBHARAT,,2,,,,0,1,1,0,0
20707,1,20707,VSKP VANDEBHARAT,,2,,,,0,1,1,0,0
20708,1,20708,VANDE BHARAT EXP,,2,,,,0,1,1,0,0
20801,1,20801,MAGADH EXP,,2,,,,0,1,1,0,0
20802,1,20802,MAGADH EXPRESS,,2,,,,0,1,1,0,0
20803,1,20803,VSKP GIMB SF EXP,,2,,,,0,1,1,0,0
20804,1,20804,GIMB VSKP SF EX,,2,,,,0,1,1,0,0
20805,1,20805,AP EXPRESS,,2,,,,0,1,1,0,0
20806,1,20806,AP EXPRESS,,2,,,,0,1,1,0,0
20807,1,20807,HIRAKUD EXPRESS,,2,,,,0,1,1,0,0
20808,1,20808,HIRAKUND EXP,,2,,,,0,1,1,0,0
20809,1,20809,SBP NED S F,,2,,,,0,1,1,0,0
20810,1,20810,NED SBP SF EXP,,2,,,,0,1,1,0,0
20811,1,20811,VSKP NED SF,,2,,,,0,1,1,0,0
20812,1,20812,NED VSKP SF EXP,,2,,,,0,1,1,0,0
20813,1,20813,PURI JU S F,,2,,,,0,1,1,0,0
20814,1,20814,JU PURI SF EXP,,2,,,,0,1,1,0,0
20815,1,20815,ADTP  VSKP SF EX,,2,,,,0,1,1,0,0
20816,1,20816,VSKP ADTP SF EXP,,2,,,,0,1,1,0,0
20817,1,20817,TEJAS RAJ EXP,,2,,,,0,1,1,0,0
20818,1,20818,BBS TEJAS RAJ,,2,,,,0,1,1,0,0
20819,1,20819,PURI OKHA SF EXP,,2,,,,0,1,1,0,0
20820,1,20820,OKHA PURI EXP,,2,,,,0,1,1,0,0
20821,1,20821,PUNE SRC HUMSAFR,,2,,,,0,1,1,0,0
20822,1,20822,PUNE HUMSAFAR,,2,,,,0,1,1,0,0
20823,1,20823,PURI AII S F,,2,,,,0,1,1,0,0
20824,1,20824,AII PURI SF EXP,,2,,,,0,1,1,0,0
20825,1,20825,VANDE BHARAT EXP,,2,,,,0,1,1,0,0
20826,1,20826,BSP VANDE BHARAT,,2,,,,0,1,1,0,0
20827,1,20827,JBP SRC HUMSAFAR,,2,,,,0,1,1,0,0
20828,1,20828,HUMSAFAR EXP,,2,,,,0,1,1,0,0
20829,1,20829,VANDE BHARAT EXP,,2,,,,0,1,1,0,0
20830,1,20830,VANDE BHARAT EXP,,2,,,,0,1,1,0,0
20831,1,20831,MAHIMAGOSAIN EX,,2,,,,0,1,1,0,0
20832,1,20832,MAHIMAGOSAIN EX,,2,,,,0,1,1,0,0
20833,1,20833,VANDE BHARAT EXP,,2,,,,0,1,1,0,0
20834,1,20834,VANDE BHARAT EX,,2,,,,0,1,1,0,0
20835,1,20835,VANDE BHARAT EXP,,2,,,,0,1,1,0,0
20836,1,20836,VANDE BHARAT EXP,,2,,,,0,1,1,0,0
20837,1,20837,BBS JNRD S F,,2,,,,0,1,1,0,0
20838,1,20838,JNRD BBS S F,,2,,,,0,1,1,0,0
20839,1,20839,RNC NDLS RAJ EX,,2,,,,0,1,1,0,0
20840,1,20840,NDLS RNC RAJ EX,,2,,,,0,1,1,0,0
20841,1,20841,VANDE BHARAT EXP,,2,,,,0,1,1,0,0
20842,1,20842,VANDE BHARAT EXP,,2,,,,0,1,1,0,0
20843,1,20843,BSP BGKT SF EXP,,2,,,,0,1,1,0,0
20844,1,20844,BGKT BSP SF EXP,,2,,,,0,1,1,0,0
20845,1,20845,BSP BKN SF EXP,,2,,,,0,1,1,0,0
20846,1,20846,BKN BSP SF EXP,,2,,,,0,1,1,0,0
20847,1,20847,DURG MCTM SF,,2,,,,0,1,1,0,0
20848,1,20848,DURG SF EXP,,2,,,,0,1,1,0,0
20849,1,20849,BBS RMM SF,,2,,,,0,1,1,0,0
20850,1,20850,RMM BBS SF EXP,,2,,,,0,1,1,0,0
20851,1,20851,BBS PDY SF EXP,,2,,,,0,1,1,0,0
20852,1,20852,PDY BBS SF EXP,,2,,,,0,1,1,0,0
20853,1,20853,BBS MAS S F,,2,,,,0,1,1,0,0
20854,1,20854,MAS BBS SF EXP,,2,,,,0,1,1,0,0
20857,1,20857,PURI SNSI SF EXP,,2,,,,0,1,1,0,0
20858,1,20858,SNSI PURI EXP,,2,,,,0,1,1,0,0
20861,1,20861,PURI ADI SF,,2,,,,0,1,1,0,0
20862,1,20862,ADI PURI EXP,,2,,,,0,1,1,0,0
20871,1,20871,VANDE BHARAT EXP,,2,,,,0,1,1,0,0
20872,1,20872,VANDE BHARAT EXP,,2,,,,0,1,1,0,0
20887,1,20887,VANDE BHARAT EXP,,2,,,,0,1,1,0,0
20888,1,20888,VANDE BHARAT EXP,,2,,,,0,1,1,0,0
20889,1,20889,TPTY HUMSAFR EX,,2,,,,0,1,1,0,0
20890,1,20890,HWH HUMSAFAR SF,,2,,,,0,1,1,0,0
20891,1,20891,VANDE BHARAT EXP,,2,,,,0,1,1,0,0
20892,1,20892,VANDE BHARAT EXP,,2,,,,0,1,1,0,0
20893,1,20893,VANDE BHARAT EXP,,2,,,,0,1,1,0,0
20894,1,20894,VANDE BHARAT EXP,,2,,,,0,1,1,0,0
20897,1,20897,VANDE BHARAT EXP,,2,,,,0,1,1,0,0
20898,1,20898,VANDE BHARAT EXP,,2,,,,0,1,1,0,0
20901,1,20901,VANDE BHARAT EXP,,2,,,,0,1,1,0,0
20902,1,20902,VANDE BHARAT EXP,,2,,,,0,1,1,0,0
20903,1,20903,BSB MAHAMANA,,2,,,,0,1,1,0,0
20904,1,20904,EKNR MAHAMANA,,2,,,,0,1,1,0,0
20905,1,20905,REWA MAHAMANA,,2,,,,0,1,1,0,0
20906,1,20906,EKNR MAHAMANA,,2,,,,0,1,1,0,0
20907,1,20907,SAYAJINAGRI EXP,,2,,,,0,1,1,0,0
20908,1,20908,SAYAJINAGRI EXP,,2,,,,0,1,1,0,0
20909,1,20909,TVCN PBR SF EXP,,2,,,,0,1,1,0,0
20910,1,20910,PBR TVCN SF EXP,,2,,,,0,1,1,0,0
20911,1,20911,NGP VANDEBHARAT,,2,,,,0,1,1,0,0
20912,1,20912,INDB VANDEBHARAT,,2,,,,0,1,1,0,0
20913,1,20913,RJT DEE EXPRESS,,2,,,,0,1,1,0,0
20914,1,20914,RAJKOT EXPRESS,,2,,,,0,1,1,0,0
20915,1,20915,CHZ INDB HUMSAFR,,2,,,,0,1,1,0,0
20916,1,20916,INDB CHZ HUMSFR,,2,,,,0,1,1,0,0
20917,1,20917,PURI HUMSAFAR,,2,,,,0,1,1,0,0
20918,1,20918,HUMSAFAR EXP,,2,,,,0,1,1,0,0
20919,1,20919,MAS EKNR SF EXP,,2,,,,0,1,1,0,0
20920,1,20920,EKNR MAS SF EXP,,2,,,,0,1,1,0,0
20921,1,20921,BDTS LJN SF EXP,,2,,,,0,1,1,0,0
20922,1,20922,LJN BDTS SF EXP,,2,,,,0,1,1,0,0
20923,1,20923,GIMB HUMSAFAR,,2,,,,0,1,1,0,0
20924,1,20924,TEN HUMSAFAR,,2,,,,0,1,1,0,0
20925,1,20925,SURAT AMI SF EXP,,2,,,,0,1,1,0,0
20926,1,20926,AMI SURAT SF EXP,,2,,,,0,1,1,0,0
20929,1,20929,UDN BANARAS EXP,,2,,,,0,1,1,0,0
20930,1,20930,BNRS UDHANA EXP,,2,,,,0,1,1,0,0
20931,1,20931,TVCN INDB SF EX,,2,,,,0,1,1,0,0
20932,1,20932,INDB TVCN SF EX,,2,,,,0,1,1,0,0
20933,1,20933,UDN DANAPUR EXP,,2,,,,0,1,1,0,0
20934,1,20934,DNR UDHNA SF EX,,2,,,,0,1,1,0,0
20935,1,20935,GIMB INDB SFAST,,2,,,,0,1,1,0,0
20936,1,20936,INDB GIMB SFAST,,2,,,,0,1,1,0,0
20937,1,20937,PBR DEE EXPRESS,,2,,,,0,1,1,0,0
20938,1,20938,DEE PBR EXPRESS,,2,,,,0,1,1,0,0
20939,1,20939,SBIB SLN SF EXP,,2,,,,0,1,1,0,0
20940,1,20940,SLN SBIB SF EXP,,2,,,,0,1,1,0,0
20941,1,20941,BDTS GCT SF EXP,,2,,,,0,1,1,0,0
20942,1,20942,GCT BDTS SF EXP,,2,,,,0,1,1,0,0
20943,1,20943,BGKT HUMSAFAR,,2,,,,0,1,1,0,0
20944,1,20944,BGKT BDTS HMSFR,,2,,,,0,1,1,0,0
20945,1,20945,EKNR NZM SF EXP,,2,,,,0,1,1,0,0
20946,1,20946,NZM EKNR SF EXP,,2,,,,0,1,1,0,0
20947,1,20947,JAN SHATABDI EX,,2,,,,0,1,1,0,0
20948,1,20948,EKNR - ADI JANSHATABDHI,,2,,,,0,1,1,0,0
20949,1,20949,ADI - EKNR JANSHATABDHI,,2,,,,0,1,1,0,0
20950,1,20950,JAN SHATABDI EX,,2,,,,0,1,1,0,0
20953,1,20953,MAS ADI SF EXP,,2,,,,0,1,1,0,0
20954,1,20954,ADI MAS SFAST,,2,,,,0,1,1,0,0
20957,1,20957,INDB HSR SUP,,2,,,,0,1,1,0,0
20958,1,20958,HSR INDB SUP,,2,,,,0,1,1,0,0
20959,1,20959,BL VADNAGAR SUP,,2,,,,0,1,1,0,0
20960,1,20960,VDG VALSAD SUP,,2,,,,0,1,1,0,0
20961,1,20961,UDN BSBS SFAST,,2,,,,0,1,1,0,0
20962,1,20962,BNRS UDN SF EXP,,2,,,,0,1,1,0,0
20963,1,20963,SBIB BSB S FAST,,2,,,,0,1,1,0,0
20964,1,20964,BSB SBIB EXPRESS,,2,,,,0,1,1,0,0
20965,1,20965,BVC INTERCITY,,2,,,,0,1,1,0,0
20966,1,20966,SABARMATI INCITY,,2,,,,0,1,1,0,0
20967,1,20967,SC PBR SF EXP,,2,,,,0,1,1,0,0
20968,1,20968,PBR SC SF EXP,,2,,,,0,1,1,0,0
20971,1,20971,UDZ SHM EXP,,2,,,,0,1,1,0,0
20972,1,20972,SHM UDZ SUF EXP,,2,,,,0,1,1,0,0
20975,1,20975,HWH AGC EXPRESS,,2,,,,0,1,1,0,0
20976,1,20976,CHAMBAL EXP,,2,,,,0,1,1,0,0
20977,1,20977,CDG VANDEBHARAT,,2,,,,0,1,1,0,0
20978,1,20978,VANDEBHARAT EXP,,2,,,,0,1,1,0,0
20983,1,20983,BHUJ DEE SF EXP,,2,,,,0,1,1,0,0
20984,1,20984,DEE BHUJ SF EXP,,2,,,,0,1,1,0,0
20985,1,20985,KOTA MCTM EXP,,2,,,,0,1,1,0,0
20986,1,20986,MCTM KOTA EXP,,2,,,,0,1,1,0,0
20987,1,20987,UDZ ASV SF EXP,,2,,,,0,1,1,0,0
20988,1,20988,ASV UDZ SF EXP,,2,,,,0,1,1,0,0
20989,1,20989,UDZ CDG SF EXP,,2,,,,0,1,1,0,0
20990,1,20990,CDG UDZ SF EXP,,2,,,,0,1,1,0,0
20991,1,20991,AII DD SUPERFAST,,2,,,,0,1,1,0,0
20992,1,20992,DD AJMER SF EXP,,2,,,,0,1,1,0,0
20993,1,20993,JP UDZ SUPERFAST,,2,,,,0,1,1,0,0
20994,1,20994,UDZ JP SUPERFAST,,2,,,,0,1,1,0,0
20995,1,20995,AII BDTS SF,,2,,,,0,1,1,0,0
20996,1,20996,BDTS AII SF,,2,,,,0,1,1,0,0
21125,1,21125,RTM BHIND EXP,,2,,,,0,1,1,0,0
21126,1,21126,BIX RTM EXP,,2,,,,0,1,1,0,0
21893,1,21893,VANDE BHARAT EXP,,2,,,,0,1,1,0,0
21894,1,21894,VANDE BHARAT EXP,,2,,,,0,1,1,0,0
21895,1,21895,VANDE BHARAT EXP,,2,,,,0,1,1,0,0
21896,1,21896,VANDE BHARAT EXP,,2,,,,0,1,1,0,0
21901,1,21901,BARMER HUMSAFAR,,2,,,,0,1,1,0,0
21902,1,21902,BDTS HUMSAFAR,,2,,,,0,1,1,0,0
21903,1,21903,BDTS BKN SUP EXP,,2,,,,0,1,1,0,0
21904,1,21904,BKN BDTS SF,,2,,,,0,1,1,0,0
21907,1,21907,MMCT KGM SF EXP,,2,,,,0,1,1,0,0
21908,1,21908,KGM MMCT SF EXP,,2,,,,0,1,1,0,0
22075,1,22075,CHZ-GKP,,2,,,,0,1,1,0,0
22076,1,22076,GKP-CHZ,,2,,,,0,1,1,0,0
22101,1,22101,LTT MADURAI EXP,,2,,,,0,1,1,0,0
22102,1,22102,MDU LTT SF EXP,,2,,,,0,1,1,0,0
22103,1,22103,LTT AYODHYA EXP,,2,,,,0,1,1,0,0
22104,1,22104,LTT EXPRESS,,2,,,,0,1,1,0,0
22105,1,22105,INDRAYANI EXP,,2,,,,0,1,1,0,0
22106,1,22106,INDRAYANI EXP,,2,,,,0,1,1,0,0
22107,1,22107,CSMT LATUR EXP,,2,,,,0,1,1,0,0
22108,1,22108,LATUR CSMT EXP,,2,,,,0,1,1,0,0
22109,1,22109,LTT BPQ EXPRESS,,2,,,,0,1,1,0,0
22110,1,22110,BPQ LTT EXPRESS,,2,,,,0,1,1,0,0
22111,1,22111,AYC AMRIT BHARAT,,2,,,,0,1,1,0,0
22112,1,22112,AMRIT BHARAT EXP,,2,,,,0,1,1,0,0
22113,1,22113,LTT TVCN SF EXP,,2,,,,0,1,1,0,0
22114,1,22114,TVCN LTT SF EXP,,2,,,,0,1,1,0,0
22115,1,22115,LTT KRMI EXP,,2,,,,0,1,1,0,0
22116,1,22116,KRMI LTT AC EXP,,2,,,,0,1,1,0,0
22117,1,22117,PUNE AMI AC EXP,,2,,,,0,1,1,0,0
22118,1,22118,AMI PUNE AC EXP,,2,,,,0,1,1,0,0
22119,1,22119,MAO TEJAS EXP,,2,,,,0,1,1,0,0
22120,1,22120,CSMT TEJAS EXP,,2,,,,0,1,1,0,0
22121,1,22121,LTT LKO AC EXP,,2,,,,0,1,1,0,0
22122,1,22122,LKO LTT AC EXP,,2,,,,0,1,1,0,0
22123,1,22123,PUNE AJNI AC EX,,2,,,,0,1,1,0,0
22124,1,22124,AJNI PUNE AC EX,,2,,,,0,1,1,0,0
22125,1,22125,NGP ASR AC EXP,,2,,,,0,1,1,0,0
22126,1,22126,NAGPUR AC EXP,,2,,,,0,1,1,0,0
22129,1,22129,TULSI EXPRESS,,2,,,,0,1,1,0,0
22130,1,22130,TULSI EXPRESS,,2,,,,0,1,1,0,0
22131,1,22131,PUNE BANARAS EXP,,2,,,,0,1,1,0,0
22132,1,22132,GYAN GANGA EXP,,2,,,,0,1,1,0,0
22135,1,22135,MYS RU EXP,,2,,,,0,1,1,0,0
22136,1,22136,RU MYS SF EXP,,2,,,,0,1,1,0,0
22137,1,22137,PRERANA EXPRESS,,2,,,,0,1,1,0,0
22138,1,22138,PRERANA EXPRESS,,2,,,,0,1,1,0,0
22139,1,22139,AJNI HUMSAFAR,,2,,,,0,1,1,0,0
22140,1,22140,PUNE HUMSAFAR,,2,,,,0,1,1,0,0
22141,1,22141,NGP HUMSAFAR,,2,,,,0,1,1,0,0
22142,1,22142,PUNE HUMSAFAR,,2,,,,0,1,1,0,0
22143,1,22143,CSMT BIDAR EXP,,2,,,,0,1,1,0,0
22144,1,22144,BIDR CSMT SF EXP,,2,,,,0,1,1,0,0
22145,1,22145,BPL REWA SF EXP,,2,,,,0,1,1,0,0
22146,1,22146,REWA BPL SF EXP,,2,,,,0,1,1,0,0
22147,1,22147,DR SNSI SF EXP,,2,,,,0,1,1,0,0
22148,1,22148,SNSI DR SF EXP,,2,,,,0,1,1,0,0
22149,1,22149,ERS PUNE SF EXP,,2,,,,0,1,1,0,0
22150,1,22150,PUNE ERS SF EXP,,2,,,,0,1,1,0,0
22151,1,22151,PUNE KAZIPET EXP,,2,,,,0,1,1,0,0
22152,1,22152,KZJ PUNE SF EXP,,2,,,,0,1,1,0,0
22153,1,22153,MS SALEM SF EXP,,2,,,,0,1,1,0,0
22154,1,22154,SA CHENNAI EXP,,2,,,,0,1,1,0,0
22155,1,22155,KLBG KOP SUP EXP,,2,,,,0,1,1,0,0
22156,1,22156,KOP KLBG SUP EXP,,2,,,,0,1,1,0,0
22157,1,22157,CSMT MS SF MAIL,,2,,,,0,1,1,0,0
22158,1,22158,MS CSMT SF EXP,,2,,,,0,1,1,0,0
22159,1,22159,CSMT CHENNAI EXP,,2,,,,0,1,1,0,0
22160,1,22160,MAS CSMT SF EXP,,2,,,,0,1,1,0,0
22161,1,22161,RAJYARANI EXP,,2,,,,0,1,1,0,0
22162,1,22162,RAJYARANI EXP,,2,,,,0,1,1,0,0
22163,1,22163,KURJ MAHMANA EXP,,2,,,,0,1,1,0,0
22164,1,22164,MAHAMANA EXP,,2,,,,0,1,1,0,0
22165,1,22165,URJADHANI EXP,,2,,,,0,1,1,0,0
22166,1,22166,SGRL BPL SF EXP,,2,,,,0,1,1,0,0
22167,1,22167,SGRL NZM SF EXP,,2,,,,0,1,1,0,0
22168,1,22168,URJADHANI EXP,,2,,,,0,1,1,0,0
22169,1,22169,SRC HUMSAFAR,,2,,,,0,1,1,0,0
22170,1,22170,RKMP HUMSAFAR,,2,,,,0,1,1,0,0
22171,1,22171,RKMP HUMSAFAR,,2,,,,0,1,1,0,0
22172,1,22172,PUNE HUMSAFAR,,2,,,,0,1,1,0,0
22173,1,22173,CAF JBP SF EXP,,2,,,,0,1,1,0,0
22174,1,22174,JBP CAF SF EXP,,2,,,,0,1,1,0,0
22175,1,22175,NGP JP SUP EXP,,2,,,,0,1,1,0,0
22176,1,22176,JP NGP SF EXP,,2,,,,0,1,1,0,0
22177,1,22177,MAHANAGARI EXP,,2,,,,0,1,1,0,0
22178,1,22178,MAHANAGARI EXP,,2,,,,0,1,1,0,0
22179,1,22179,LTT CHENNAI EXP,,2,,,,0,1,1,0,0
22180,1,22180,MAS LTT SF EXP,,2,,,,0,1,1,0,0
22181,1,22181,JBP NZM SF EXP,,2,,,,0,1,1,0,0
22182,1,22182,NZM JBP SF EXP,,2,,,,0,1,1,0,0
22183,1,22183,SAKET EXPRESS,,2,,,,0,1,1,0,0
22184,1,22184,SAKET EXPRESS,,2,,,,0,1,1,0,0
22185,1,22185,ADI PUNE SF,,2,,,,0,1,1,0,0
22186,1,22186,PUNE ADI SF EXP,,2,,,,0,1,1,0,0
22187,1,22187,INTERCITY EXP,,2,,,,0,1,1,0,0
22188,1,22188,INTERCITY EXP,,2,,,,0,1,1,0,0
22189,1,22189,REWA INTERCITY,,2,,,,0,1,1,0,0
22190,1,22190,MML INTERCITY,,2,,,,0,1,1,0,0
22191,1,22191,INDB JBP SF EXP,,2,,,,0,1,1,0,0
22192,1,22192,JBP INDB SF EXP,,2,,,,0,1,1,0,0
22193,1,22193,DD GWL SF EXP,,2,,,,0,1,1,0,0
22194,1,22194,GWL DD SF EXP,,2,,,,0,1,1,0,0
22195,1,22195,VGLJ BDTS SF EX,,2,,,,0,1,1,0,0
22196,1,22196,BDTS VGLJ SFAST,,2,,,,0,1,1,0,0
22197,1,22197,KOAA VGLJ SF EX,,2,,,,0,1,1,0,0
22198,1,22198,VGLJ KOAA SF EX,,2,,,,0,1,1,0,0
22199,1,22199,SUSHASAN EXP,,2,,,,0,1,1,0,0
22200,1,22200,SUSHASAN SF EXP,,2,,,,0,1,1,0,0
22201,1,22201,DURONTO EXPRESS,,2,,,,0,1,1,0,0
22202,1,22202,DURONTO EXPRESS,,2,,,,0,1,1,0,0
22203,1,22203,DURONTO EXPRESS,,2,,,,0,1,1,0,0
22204,1,22204,VSKP DURONTO,,2,,,,0,1,1,0,0
22207,1,22207,TVC AC SF EXP,,2,,,,0,1,1,0,0
22208,1,22208,MAS SF AC EXP,,2,,,,0,1,1,0,0
22209,1,22209,NZM DURONTO,,2,,,,0,1,1,0,0
22210,1,22210,MMCT DURONTO,,2,,,,0,1,1,0,0
22213,1,22213,PNBE DURONTO EX,,2,,,,0,1,1,0,0
22214,1,22214,DURONTO EXP,,2,,,,0,1,1,0,0
22221,1,22221,NZM RAJDHANI,,2,,,,0,1,1,0,0
22222,1,22222,CSMT RAJDHANI,,2,,,,0,1,1,0,0
22223,1,22223,SNSI VANDEBHARAT,,2,,,,0,1,1,0,0
22224,1,22224,CSMT VANDEBHARAT,,2,,,,0,1,1,0,0
22225,1,22225,SUR VANDE BHARAT,,2,,,,0,1,1,0,0
22226,1,22226,CSMT VANDEBHARAT,,2,,,,0,1,1,0,0
22227,1,22227,VANDE BHARAT EXP,,2,,,,0,1,1,0,0
22228,1,22228,VANDE BHARAT EXP,,2,,,,0,1,1,0,0
22229,1,22229,MAO VANDE BHARAT,,2,,,,0,1,1,0,0
22230,1,22230,CSMT VANDEBHARAT,,2,,,,0,1,1,0,0
22231,1,22231,SMVB VANDEBHARAT,,2,,,,0,1,1,0,0
22232,1,22232,KLBG VANDEBHARAT,,2,,,,0,1,1,0,0
22233,1,22233,VANDE BHARAT EXP,,2,,,,0,1,1,0,0
22234,1,22234,VANDE BHARAT EXP,,2,,,,0,1,1,0,0
22301,1,22301,VANDE BHARAT EXP,,2,,,,0,1,1,0,0
22302,1,22302,VANDE BHARAT EXP,,2,,,,0,1,1,0,0
22303,1,22303,VANDE BHARAT EXP,,2,,,,0,1,1,0,0
22304,1,22304,VANDE BHARAT EXP,,2,,,,0,1,1,0,0
22305,1,22305,SMVB JSME EXP,,2,,,,0,1,1,0,0
22306,1,22306,JSME SMVT EXP,,2,,,,0,1,1,0,0
22307,1,22307,HWH BKN EXPRESS,,2,,,,0,1,1,0,0
22308,1,22308,BKN HWH SF EXP,,2,,,,0,1,1,0,0
22309,1,22309,VANDE BHARAT EXP,,2,,,,0,1,1,0,0
22310,1,22310,VANDE BHARAT EXP,,2,,,,0,1,1,0,0
22311,1,22311,GODA  LTT  EXP,,2,,,,0,1,1,0,0
22312,1,22312,LTT GODDA EXP,,2,,,,0,1,1,0,0
22317,1,22317,HUMSAFAR EXP,,2,,,,0,1,1,0,0
22318,1,22318,SDAH HUMSAFAR,,2,,,,0,1,1,0,0
22321,1,22321,HOOL EXPRESS,,2,,,,0,1,1,0,0
22322,1,22322,HOOL EXPRESS,,2,,,,0,1,1,0,0
22323,1,22323,SHABD BHEDI EXP,,2,,,,0,1,1,0,0
22324,1,22324,SHABD BHEDI SF,,2,,,,0,1,1,0,0
22329,1,22329,HLZ ASN SUF EXP,,2,,,,0,1,1,0,0
22330,1,22330,ASN HLZ SF EXP,,2,,,,0,1,1,0,0
22345,1,22345,VANDE BHARAT EXP,,2,,,,0,1,1,0,0
22346,1,22346,VANDE BHARAT EXP,,2,,,,0,1,1,0,0
22347,1,22347,VANDE BHARAT EXP,,2,,,,0,1,1,0,0
22348,1,22348,VANDE BHARAT EXP,,2,,,,0,1,1,0,0
22349,1,22349,VANDE BHARAT EXP,,2,,,,0,1,1,0,0
22350,1,22350,VANDE BHARAT EXP,,2,,,,0,1,1,0,0
22351,1,22351,SHC SMVB EXP,,2,,,,0,1,1,0,0
22352,1,22352,SMVB SHC EXP,,2,,,,0,1,1,0,0
22353,1,22353,HUMSAFAR EXP,,2,,,,0,1,1,0,0
22354,1,22354,HUMSAFAR EXP,,2,,,,0,1,1,0,0
22355,1,22355,PPTA CDG EXP,,2,,,,0,1,1,0,0
22356,1,22356,CDG PPTA EXP,,2,,,,0,1,1,0,0
22357,1,22357,LTT GAYA SF EXP,,2,,,,0,1,1,0,0
22358,1,22358,GAYA LTT SUP EXP,,2,,,,0,1,1,0,0
22359,1,22359,PNBE CSMT SF EXP,,2,,,,0,1,1,0,0
22360,1,22360,CSMT PNBE SF EXP,,2,,,,0,1,1,0,0
22361,1,22361,AMRIT BHARAT EXP,,2,,,,0,1,1,0,0
22362,1,22362,AMRIT BHARAT EXP,,2,,,,0,1,1,0,0
22363,1,22363,AMRIT BHARAT EXP,,2,,,,0,1,1,0,0
22364,1,22364,CBE DHN AMRIT BH,,2,,,,0,1,1,0,0
22365,1,22365,DNR- SMVB SF EXPRESS,,2,,,,0,1,1,0,0
22366,1,22366,SMVB -DNR SF EXPRESS,,2,,,,0,1,1,0,0
22387,1,22387,BLACKDIAMOND EX,,2,,,,0,1,1,0,0
22388,1,22388,BLACKDIAMOND EX,,2,,,,0,1,1,0,0
22401,1,22401,DEE MCTM AC SF,,2,,,,0,1,1,0,0
22402,1,22402,MCTM DEE AC SF,,2,,,,0,1,1,0,0
22403,1,22403,PDY NDLS SF EXP,,2,,,,0,1,1,0,0
22404,1,22404,NDLS PDY SF EXP,,2,,,,0,1,1,0,0
22405,1,22405,ANVT GARIB RATH,,2,,,,0,1,1,0,0
22406,1,22406,BGP GARIB RATH,,2,,,,0,1,1,0,0
22407,1,22407,ABKP NZM SF EXP,,2,,,,0,1,1,0,0
22408,1,22408,NZM ABKP SF EXP,,2,,,,0,1,1,0,0
22409,1,22409,ANVT GARIB RATH,,2,,,,0,1,1,0,0
22410,1,22410,GAYA GARIB RATH,,2,,,,0,1,1,0,0
22411,1,22411,ARUNACHAL EXP,,2,,,,0,1,1,0,0
22412,1,22412,ARUNACHAL EXP,,2,,,,0,1,1,0,0
22413,1,22413,MAO NZM RAJDHANI,,2,,,,0,1,1,0,0
22414,1,22414,NZM MAO RAJDANI,,2,,,,0,1,1,0,0
22415,1,22415,VANDE BHARAT EXP,,2,,,,0,1,1,0,0
22416,1,22416,VANDE BHARAT EXP,,2,,,,0,1,1,0,0
22417,1,22417,MAHAMANA EXP,,2,,,,0,1,1,0,0
22418,1,22418,MAHAMANA EXP,,2,,,,0,1,1,0,0
22419,1,22419,SUHAILDEV SFAST,,2,,,,0,1,1,0,0
22420,1,22420,SUHALDEV EXP,,2,,,,0,1,1,0,0
22421,1,22421,DEE JU SF EXP,,2,,,,0,1,1,0,0
22422,1,22422,JU DEE EXP,,2,,,,0,1,1,0,0
22423,1,22423,GKP-ASR SUPERFAST EXP,,2,,,,0,1,1,0,0
22424,1,22424,ASR-GKP SUPERFAST EXP,,2,,,,0,1,1,0,0
22425,1,22425,VANDE BHARAT EXP,,2,,,,0,1,1,0,0
22426,1,22426,VANDE BHARAT EXP,,2,,,,0,1,1,0,0
22427,1,22427,BHRIGU  SUP EXP,,2,,,,0,1,1,0,0
22428,1,22428,BHRIGU SF EXP,,2,,,,0,1,1,0,0
22429,1,22429,DLI PTK EXP,,2,,,,0,1,1,0,0
22430,1,22430,PTK DLI EXP,,2,,,,0,1,1,0,0
22431,1,22431,SFG MCTM SUP EXP,,2,,,,0,1,1,0,0
22432,1,22432,SFG MCTM SF EXP,,2,,,,0,1,1,0,0
22433,1,22433,GCT ANVT SF EXP,,2,,,,0,1,1,0,0
22434,1,22434,SUHALDEV EXP,,2,,,,0,1,1,0,0
22435,1,22435,VANDE BHARAT EX,,2,,,,0,1,1,0,0
22436,1,22436,VANDE BHARAT EX,,2,,,,0,1,1,0,0
22437,1,22437,ANVT HUMSAFAR,,2,,,,0,1,1,0,0
22438,1,22438,PRYJ HUMSAFAR,,2,,,,0,1,1,0,0
22439,1,22439,VANDE BHARAT EX,,2,,,,0,1,1,0,0
22440,1,22440,VANDE BHARAT EX,,2,,,,0,1,1,0,0
22441,1,22441,CKTD-CNB-INTERCITY,,2,,,,0,1,1,0,0
22442,1,22442,CNB-CKTD-INTERCITY,,2,,,,0,1,1,0,0
22443,1,22443,CNB BDTS EXP,,2,,,,0,1,1,0,0
22444,1,22444,BDTS KANPUR SUP,,2,,,,0,1,1,0,0
22445,1,22445,CNB ASR SUP,,2,,,,0,1,1,0,0
22446,1,22446,ASR CNB SF EXP,,2,,,,0,1,1,0,0
22447,1,22447,VANDE BHARAT EX,,2,,,,0,1,1,0,0
22448,1,22448,VANDE BHARAT EX,,2,,,,0,1,1,0,0
22449,1,22449,PORVOTR S KRNTI,,2,,,,0,1,1,0,0
22450,1,22450,PORVOTR S KRNTI,,2,,,,0,1,1,0,0
22451,1,22451,BDTS CDG SF EXP,,2,,,,0,1,1,0,0
22452,1,22452,CDG BDTS EXP,,2,,,,0,1,1,0,0
22453,1,22453,RAJYA RANI EXP,,2,,,,0,1,1,0,0
22454,1,22454,RAJYA RANI EXP,,2,,,,0,1,1,0,0
22455,1,22455,SNSI KALKA EXP,,2,,,,0,1,1,0,0
22456,1,22456,S NGR SHIRDI EX,,2,,,,0,1,1,0,0
22457,1,22457,VANDE BHARAT EXP,,2,,,,0,1,1,0,0
22458,1,22458,VANDE BHARAT EX,,2,,,,0,1,1,0,0
22459,1,22459,ANVT HUMSAFAR,,2,,,,0,1,1,0,0
22460,1,22460,BV DHAM HUMSAFR,,2,,,,0,1,1,0,0
22461,1,22461,SHRI SHAKTI EXP,,2,,,,0,1,1,0,0
22462,1,22462,SHRI SHAKTI EXP,,2,,,,0,1,1,0,0
22463,1,22463,RJSTHN S KRANTI,,2,,,,0,1,1,0,0
22464,1,22464,RJSTHN S KRANTI,,2,,,,0,1,1,0,0
22465,1,22465,BABA B DHAM EXP,,2,,,,0,1,1,0,0
22466,1,22466,BABA V DHAM EXP,,2,,,,0,1,1,0,0
22469,1,22469,VANDE BHARAT EXP,,2,,,,0,1,1,0,0
22470,1,22470,VANDE BHARAT EXP,,2,,,,0,1,1,0,0
22471,1,22471,LGH DEE EXP,,2,,,,0,1,1,0,0
22472,1,22472,INTERCITY EXP,,2,,,,0,1,1,0,0
22473,1,22473,BKN BDTS SF EXP,,2,,,,0,1,1,0,0
22474,1,22474,BDTS BKN SF EXP,,2,,,,0,1,1,0,0
22475,1,22475,HSR CBE AC EXP,,2,,,,0,1,1,0,0
22476,1,22476,CBE HSR AC EXP,,2,,,,0,1,1,0,0
22477,1,22477,VANDE BHARAT EXP,,2,,,,0,1,1,0,0
22478,1,22478,VANDE BHARAT EXP,,2,,,,0,1,1,0,0
22479,1,22479,SARBAT DA BHALA,,2,,,,0,1,1,0,0
22480,1,22480,SARBAT DA BHALA,,2,,,,0,1,1,0,0
22481,1,22481,JU DEE SF EXP,,2,,,,0,1,1,0,0
22482,1,22482,DEE JU SF EXP,,2,,,,0,1,1,0,0
22483,1,22483,BGKT  GIMB EXP,,2,,,,0,1,1,0,0
22484,1,22484,GIMB BGKT SF EXP,,2,,,,0,1,1,0,0
22485,1,22485,FZR INTERCITY,,2,,,,0,1,1,0,0
22486,1,22486,FZR INTERCITY,,2,,,,0,1,1,0,0
22487,1,22487,VANDE BHARAT EXP,,2,,,,0,1,1,0,0
22488,1,22488,VANDE BHARAT EXP,,2,,,,0,1,1,0,0
22489,1,22489,VANDE BHARAT EXP,,2,,,,0,1,1,0,0
22490,1,22490,VANDE BHARAT EXP,,2,,,,0,1,1,0,0
22491,1,22491,MANDORE EXPRESS,,2,,,,0,1,1,0,0
22492,1,22492,MANDORE EXPRESS,,2,,,,0,1,1,0,0
22497,1,22497,SGNR TPJ HUMSFAR,,2,,,,0,1,1,0,0
22498,1,22498,SGNR HUMSAFAR,,2,,,,0,1,1,0,0
22499,1,22499,VANDE BHARAT EXP,,2,,,,0,1,1,0,0
22500,1,22500,VANDE BHARAT EX,,2,,,,0,1,1,0,0
22501,1,22501,NEWTINSUKIA EXP,,2,,,,0,1,1,0,0
22502,1,22502,NTSK SMVB EXP,,2,,,,0,1,1,0,0
22503,1,22503,DBRG VIVEK EXP,,2,,,,0,1,1,0,0
22504,1,22504,VIVEK EXPRESS,,2,,,,0,1,1,0,0
22511,1,22511,KARMABHOOMI EXP,,2,,,,0,1,1,0,0
22512,1,22512,KARMABHOOMI EXP,,2,,,,0,1,1,0,0
22533,1,22533,GKP YPR SUP,,2,,,,0,1,1,0,0
22534,1,22534,YPR GORAKPUR EXP,,2,,,,0,1,1,0,0
22535,1,22535,RMM BNRS SF EXP,,2,,,,0,1,1,0,0
22536,1,22536,BNRS RMM EXP,,2,,,,0,1,1,0,0
22537,1,22537,KUSHINAGAR EXP,,2,,,,0,1,1,0,0
22538,1,22538,KUSHINAGAR EXP,,2,,,,0,1,1,0,0
22539,1,22539,MAU ANVT SF EXP,,2,,,,0,1,1,0,0
22540,1,22540,ANVT MAU SF EXP,,2,,,,0,1,1,0,0
22541,1,22541,ANVT GARIB RATH,,2,,,,0,1,1,0,0
22542,1,22542,BNRS GARIB RATH,,2,,,,0,1,1,0,0
22543,1,22543,BDTS LKU SF EXP,,2,,,,0,1,1,0,0
22544,1,22544,LKU BDTS SUP EXP,,2,,,,0,1,1,0,0
22545,1,22545,VANDE BHARAT EXP,,2,,,,0,1,1,0,0
22546,1,22546,VANDE BHARAT EXP,,2,,,,0,1,1,0,0
22547,1,22547,GWL GG SF EXP,,2,,,,0,1,1,0,0
22548,1,22548,GG GWL SF EXP,,2,,,,0,1,1,0,0
22549,1,22549,VANDE BHARAT EXP,,2,,,,0,1,1,0,0
22550,1,22550,VANDE BHARAT EXP,,2,,,,0,1,1,0,0
22551,1,22551,DBG-JUC ANTYODAY EXPRESS,,2,,,,0,1,1,0,0
22552,1,22552,JUC-DBG ANTYODAY EXPRESS,,2,,,,0,1,1,0,0
22553,1,22553,RXL-LTT ANTYODAY EXPRESS,,2,,,,0,1,1,0,0
22554,1,22554,LTT-RXL ANTYODAY EXPRESS,,2,,,,0,1,1,0,0
22563,1,22563,JYG-UDN ANTYODAY SF EXP,,2,,,,0,1,1,0,0
22564,1,22564,UDN-JYG ANTYODAY SF EXP,,2,,,,0,1,1,0,0
22581,1,22581,BUI NDLS SF EXP,,2,,,,0,1,1,0,0
22582,1,22582,NDLS BUI SF EXP,,2,,,,0,1,1,0,0
22583,1,22583,CPR-LTT ANTYODAYA SUP,,2,,,,0,1,1,0,0
22584,1,22584,LTT CPR ANTYODAY SUP,,2,,,,0,1,1,0,0
22585,1,22585,BNRS GNC EXP,,2,,,,0,1,1,0,0
22586,1,22586,GNC BNRS EXP,,2,,,,0,1,1,0,0
22587,1,22587,AMRIT BHARAT EXP,,2,,,,0,1,1,0,0
22588,1,22588,AMRIT BHARAT EXP,,2,,,,0,1,1,0,0
22589,1,22589,AMRIT BHARAT EXP,,2,,,,0,1,1,0,0
22590,1,22590,BNRS AMRITBHARAT,,2,,,,0,1,1,0,0
22601,1,22601,MAS SNSI SF EXP,,2,,,,0,1,1,0,0
22602,1,22602,SNSI MAS SF EXP,,2,,,,0,1,1,0,0
22603,1,22603,KGP VM SF EXP,,2,,,,0,1,1,0,0
22604,1,22604,VM KGP SF EXP,,2,,,,0,1,1,0,0
22605,1,22605,PRR TEN SF EXP,,2,,,,0,1,1,0,0
22606,1,22606,TEN PRR SF EXP,,2,,,,0,1,1,0,0
22609,1,22609,INTERCITY SF EX,,2,,,,0,1,1,0,0
22610,1,22610,INTERCITY SF EX,,2,,,,0,1,1,0,0
22611,1,22611,MAS NJP SF EXP,,2,,,,0,1,1,0,0
22612,1,22612,NJP MAS EXPRESS,,2,,,,0,1,1,0,0
22613,1,22613,RMM AYC SF EXP,,2,,,,0,1,1,0,0
22614,1,22614,AYC RMM SF EXP,,2,,,,0,1,1,0,0
22615,1,22615,TPTY CBE SF EXP,,2,,,,0,1,1,0,0
22616,1,22616,TIRUPATI SF EXP,,2,,,,0,1,1,0,0
22617,1,22617,TPTY SMVB SF EX,,2,,,,0,1,1,0,0
22618,1,22618,TIRUPATHI EXP,,2,,,,0,1,1,0,0
22619,1,22619,BSP TEN SF EXP,,2,,,,0,1,1,0,0
22620,1,22620,TEN BSP SF EXP,,2,,,,0,1,1,0,0
22621,1,22621,RMM CAPE SF EXP,,2,,,,0,1,1,0,0
22622,1,22622,CAPE RMM SF EXP,,2,,,,0,1,1,0,0
22623,1,22623,MS MDU SF EXP,,2,,,,0,1,1,0,0
22624,1,22624,MDU MS SF EXP,,2,,,,0,1,1,0,0
22625,1,22625,SBC DBLDECK EXP,,2,,,,0,1,1,0,0
22626,1,22626,MAS DOUBLE DECK,,2,,,,0,1,1,0,0
22627,1,22627,TPJ TVC SF EXP,,2,,,,0,1,1,0,0
22628,1,22628,TVC TPJ SF EXP,,2,,,,0,1,1,0,0
22629,1,22629,LTT TEN EXP,,2,,,,0,1,1,0,0
22630,1,22630,TEN LTT SF EXP,,2,,,,0,1,1,0,0
22631,1,22631,ANUVRAT SF EXP,,2,,,,0,1,1,0,0
22632,1,22632,BKN MDU SF EXP,,2,,,,0,1,1,0,0
22633,1,22633,TVC NZM SF EXP,,2,,,,0,1,1,0,0
22634,1,22634,NZM TVC EXPRESS,,2,,,,0,1,1,0,0
22637,1,22637,WESTCOAST SF EXP,,2,,,,0,1,1,0,0
22638,1,22638,WESTCOAST SF EXP,,2,,,,0,1,1,0,0
22639,1,22639,ALLEPPEY SF EXP,,2,,,,0,1,1,0,0
22640,1,22640,CHENNAI SF EXP,,2,,,,0,1,1,0,0
22641,1,22641,SHALIMAR SF EXP,,2,,,,0,1,1,0,0
22642,1,22642,SHM TVC SUF EXP,,2,,,,0,1,1,0,0
22643,1,22643,ERS PNBE SF EXP,,2,,,,0,1,1,0,0
22644,1,22644,PNBE ERS EXP,,2,,,,0,1,1,0,0
22645,1,22645,INDB KCVL SF EXP,,2,,,,0,1,1,0,0
22646,1,22646,AHILYANAGARI EXP,,2,,,,0,1,1,0,0
22647,1,22647,KRBA TVCN SF EXP,,2,,,,0,1,1,0,0
22648,1,22648,TVCN KRBA SF EXP,,2,,,,0,1,1,0,0
22649,1,22649,YERCAUD SF EXP,,2,,,,0,1,1,0,0
22650,1,22650,YERCAUD SF EXP,,2,,,,0,1,1,0,0
22651,1,22651,MAS PGT EXPRESS,,2,,,,0,1,1,0,0
22652,1,22652,PGT MAS EXPRESS,,2,,,,0,1,1,0,0
22653,1,22653,TVC NZM SF EXP,,2,,,,0,1,1,0,0
22654,1,22654,NZM TVC SF EXP,,2,,,,0,1,1,0,0
22655,1,22655,ERS NZM SF EXP,,2,,,,0,1,1,0,0
22656,1,22656,NZM ERS SF EXP,,2,,,,0,1,1,0,0
22657,1,22657,TBM CAPE SF EXP,,2,,,,0,1,1,0,0
22658,1,22658,CAPE TBM SF EXP,,2,,,,0,1,1,0,0
22659,1,22659,TVCN YNRK SF EXP,,2,,,,0,1,1,0,0
22660,1,22660,YNRK TVCN SF EXP,,2,,,,0,1,1,0,0
22661,1,22661,MS RMM SF EXP,,2,,,,0,1,1,0,0
22662,1,22662,RMM MS SF EXP,,2,,,,0,1,1,0,0
22663,1,22663,MS JU SF EXPRESS,,2,,,,0,1,1,0,0
22664,1,22664,JU MS SF EXPRESS,,2,,,,0,1,1,0,0
22665,1,22665,SBC CBE UDAY EXP,,2,,,,0,1,1,0,0
22666,1,22666,CBE SBC UDAY EXP,,2,,,,0,1,1,0,0
22667,1,22667,NCJ CBE SF EXP,,2,,,,0,1,1,0,0
22668,1,22668,CBE NCJ SF EXP,,2,,,,0,1,1,0,0
22669,1,22669,ERS PNBE SF EXP,,2,,,,0,1,1,0,0
22670,1,22670,PNBE ERS EXPRES,,2,,,,0,1,1,0,0
22671,1,22671,TEJAS EXPRESS,,2,,,,0,1,1,0,0
22672,1,22672,TEJAS EXPRESS,,2,,,,0,1,1,0,0
22673,1,22673,JU MQ SF EXP,,2,,,,0,1,1,0,0
22674,1,22674,MQ JU SF EXPRESS,,2,,,,0,1,1,0,0
22675,1,22675,CHOZHAN SF EXP,,2,,,,0,1,1,0,0
22676,1,22676,CHOZHAN SF EXP,,2,,,,0,1,1,0,0
22679,1,22679,INTERCITY EXP,,2,,,,0,1,1,0,0
22680,1,22680,INTERCITY EXP,,2,,,,0,1,1,0,0
22681,1,22681,MYS MAS SF EXP,,2,,,,0,1,1,0,0
22682,1,22682,MAS MYS SF EXP,,2,,,,0,1,1,0,0
22683,1,22683,YPR LKO EXP,,2,,,,0,1,1,0,0
22684,1,22684,LKO YPR SF EXP,,2,,,,0,1,1,0,0
22685,1,22685,CDG SKRANTI EXP,,2,,,,0,1,1,0,0
22686,1,22686,KARNTK S KRANTI,,2,,,,0,1,1,0,0
22687,1,22687,MYS BSB EXP,,2,,,,0,1,1,0,0
22688,1,22688,BSB MYS EXPRESS,,2,,,,0,1,1,0,0
22689,1,22689,ADI YPR SUP FAST,,2,,,,0,1,1,0,0
22690,1,22690,AHMEDABAD EXP,,2,,,,0,1,1,0,0
22691,1,22691,RAJDHANI EXP,,2,,,,0,1,1,0,0
22692,1,22692,SBC RAJDHANI,,2,,,,0,1,1,0,0
22697,1,22697,UBL MAS SF EXP,,2,,,,0,1,1,0,0
22698,1,22698,MAS UBL SF EXP,,2,,,,0,1,1,0,0
22705,1,22705,JAT HUMSAFAR,,2,,,,0,1,1,0,0
22706,1,22706,TPTY HAMSAFAR,,2,,,,0,1,1,0,0
22707,1,22707,DOUBLE DECKER SF,,2,,,,0,1,1,0,0
22708,1,22708,TPTY VSKP DD EX,,2,,,,0,1,1,0,0
22709,1,22709,NED AADR SF EXP,,2,,,,0,1,1,0,0
22710,1,22710,AADR NED SF EXP,,2,,,,0,1,1,0,0
22715,1,22715,KCG MDU SF EXP,,2,,,,0,1,1,0,0
22716,1,22716,MDU KCG SF EXP,,2,,,,0,1,1,0,0
22717,1,22717,RJT SC SUP EXP,,2,,,,0,1,1,0,0
22718,1,22718,RAJKOT SF EXP,,2,,,,0,1,1,0,0
22723,1,22723,NED SGNR SF EXP,,2,,,,0,1,1,0,0
22724,1,22724,SGNR NED SF EXP,,2,,,,0,1,1,0,0
22731,1,22731,MUMBAI SF EXP,,2,,,,0,1,1,0,0
22732,1,22732,HYDERABAD EXP,,2,,,,0,1,1,0,0
22737,1,22737,SC HSR SF EXP,,2,,,,0,1,1,0,0
22738,1,22738,HSR SC SF EXP,,2,,,,0,1,1,0,0
22801,1,22801,VSKP MAS S F,,2,,,,0,1,1,0,0
22802,1,22802,MAS VSKP SF EXP,,2,,,,0,1,1,0,0
22803,1,22803,SHM SBP SUF EXP,,2,,,,0,1,1,0,0
22804,1,22804,SBP SHM SUP EXP,,2,,,,0,1,1,0,0
22805,1,22805,BBS ANVT S F,,2,,,,0,1,1,0,0
22806,1,22806,ANVT BBS SF EXP,,2,,,,0,1,1,0,0
22807,1,22807,MAS SUF AC EXP,,2,,,,0,1,1,0,0
22808,1,22808,SRC AC SF EXP,,2,,,,0,1,1,0,0
22809,1,22809,VSKP SF EXP,,2,,,,0,1,1,0,0
22810,1,22810,PRDP SF EXP,,2,,,,0,1,1,0,0
22811,1,22811,TEJAS RAJ EXP,,2,,,,0,1,1,0,0
22812,1,22812,BBS TEJAS RAJ,,2,,,,0,1,1,0,0
22815,1,22815,BSP ERS SF EXP,,2,,,,0,1,1,0,0
22816,1,22816,ERS BSP SF EXP,,2,,,,0,1,1,0,0
22817,1,22817,HWH MYS EXP,,2,,,,0,1,1,0,0
22818,1,22818,MYS HOWRAH EXP,,2,,,,0,1,1,0,0
22819,1,22819,INTERCITY SF EXP,,2,,,,0,1,1,0,0
22820,1,22820,INTERCITY SF EX,,2,,,,0,1,1,0,0
22823,1,22823,TEJAS RAJ EXP,,2,,,,0,1,1,0,0
22824,1,22824,BBS TEJAS RAJ,,2,,,,0,1,1,0,0
22825,1,22825,SHM MAS SF EXP,,2,,,,0,1,1,0,0
22826,1,22826,MAS SHM SF EXP,,2,,,,0,1,1,0,0
22827,1,22827,PURI ST S F,,2,,,,0,1,1,0,0
22828,1,22828,SURAT PURI EXP,,2,,,,0,1,1,0,0
22829,1,22829,BHUJ SHM EXP,,2,,,,0,1,1,0,0
22830,1,22830,SHM BHUJ  SF EXP,,2,,,,0,1,1,0,0
22831,1,22831,HWH YPR SF EXP,,2,,,,0,1,1,0,0
22832,1,22832,YPR HWH SF EXP,,2,,,,0,1,1,0,0
22833,1,22833,HUMSAFAR EXPRES,,2,,,,0,1,1,0,0
22834,1,22834,BBS HUMSAFAR,,2,,,,0,1,1,0,0
22835,1,22835,SHM PURI SF EXP,,2,,,,0,1,1,0,0
22836,1,22836,PURI SHM SF,,2,,,,0,1,1,0,0
22837,1,22837,DHARTI ABBA EXP,,2,,,,0,1,1,0,0
22838,1,22838,DHARTI AABA EXP,,2,,,,0,1,1,0,0
22839,1,22839,INTERCITY EXP,,2,,,,0,1,1,0,0
22840,1,22840,INTERCITY SF EX,,2,,,,0,1,1,0,0
22841,1,22841,SRC TBM ANTYODAYA EXPRESS,,2,,,,0,1,1,0,0
22842,1,22842,TBM SRC ANTYODAYA EXPRESS,,2,,,,0,1,1,0,0
22843,1,22843,BSP BXR SF EXP,,2,,,,0,1,1,0,0
22844,1,22844,BXR BSP SF EXP,,2,,,,0,1,1,0,0
22845,1,22845,PUNE HATIA EXP,,2,,,,0,1,1,0,0
22846,1,22846,HTE PUNE SF EXP,,2,,,,0,1,1,0,0
22847,1,22847,VSKP LTT S F,,2,,,,0,1,1,0,0
22848,1,22848,LTT VSKP EXPRESS,,2,,,,0,1,1,0,0
22849,1,22849,SHM SC SUF EXP,,2,,,,0,1,1,0,0
22850,1,22850,SC SHM WKLY SF,,2,,,,0,1,1,0,0
22851,1,22851,MAQ VIVEK SF EXP,,2,,,,0,1,1,0,0
22852,1,22852,SRC VIVEK SF EX,,2,,,,0,1,1,0,0
22853,1,22853,SHM VSKP SF EXP,,2,,,,0,1,1,0,0
22854,1,22854,VSKP SHM S F,,2,,,,0,1,1,0,0
22855,1,22855,SRC TPTY SF EXP,,2,,,,0,1,1,0,0
22856,1,22856,TPTY SRC SF EXP,,2,,,,0,1,1,0,0
22857,1,22857,SRC ANVT SF EXP,,2,,,,0,1,1,0,0
22858,1,22858,ANVT SRC SF EXP,,2,,,,0,1,1,0,0
22859,1,22859,PURI MAS S F,,2,,,,0,1,1,0,0
22860,1,22860,MAS PURI SF EXP,,2,,,,0,1,1,0,0
22861,1,22861,KBJ ISPAT EXP,,2,,,,0,1,1,0,0
22862,1,22862,KBJ ISPAT EXP,,2,,,,0,1,1,0,0
22863,1,22863,SMVB SF AC EXP,,2,,,,0,1,1,0,0
22864,1,22864,SMVB HWH AC EXP,,2,,,,0,1,1,0,0
22865,1,22865,LTT PURI EXPRESS,,2,,,,0,1,1,0,0
22866,1,22866,PURI LTT S F,,2,,,,0,1,1,0,0
22867,1,22867,NZM HUMSAFAR EXP,,2,,,,0,1,1,0,0
22868,1,22868,DURG HUMSFAR,,2,,,,0,1,1,0,0
22869,1,22869,VSKP MAS S F,,2,,,,0,1,1,0,0
22870,1,22870,MAS VSKP SF EXP,,2,,,,0,1,1,0,0
22871,1,22871,BBS TPTY S F,,2,,,,0,1,1,0,0
22872,1,22872,TPTY BBS SF EXP,,2,,,,0,1,1,0,0
22873,1,22873,DGHA VSKP SF EX,,2,,,,0,1,1,0,0
22874,1,22874,VSKP DGHA SF,,2,,,,0,1,1,0,0
22875,1,22875,UDAY EXPRESS,,2,,,,0,1,1,0,0
22876,1,22876,VSKP UDAY DD EXP,,2,,,,0,1,1,0,0
22877,1,22877,HWH-ERS ANTYODAYA EXPRESS,,2,,,,0,1,1,0,0
22878,1,22878,ERS-HWH ANTYODAYA EXP,,2,,,,0,1,1,0,0
22879,1,22879,BBS TPTY SF,,2,,,,0,1,1,0,0
22880,1,22880,TPTY BBS SF EXP,,2,,,,0,1,1,0,0
22881,1,22881,PUNE BBS SF EXP,,2,,,,0,1,1,0,0
22882,1,22882,BBS PUNE SF EXP,,2,,,,0,1,1,0,0
22883,1,22883,YPR GARIB RATH,,2,,,,0,1,1,0,0
22884,1,22884,GARIBRATH EXP,,2,,,,0,1,1,0,0
22887,1,22887,SMVB HUMSAFAR,,2,,,,0,1,1,0,0
22888,1,22888,HWH HUMSAFAR,,2,,,,0,1,1,0,0
22889,1,22889,DGHA PURI EXP,,2,,,,0,1,1,0,0
22890,1,22890,PURI DGHA SUP EX,,2,,,,0,1,1,0,0
22891,1,22891,HWH RNC SUF EXP,,2,,,,0,1,1,0,0
22892,1,22892,RNC HWH SUF EXP,,2,,,,0,1,1,0,0
22893,1,22893,SNSI HOWRAH EXP,,2,,,,0,1,1,0,0
22894,1,22894,HWH SNSI SF EXP,,2,,,,0,1,1,0,0
22895,1,22895,VANDE BHARAT EXP,,2,,,,0,1,1,0,0
22896,1,22896,VANDE BHARAT EXP,,2,,,,0,1,1,0,0
22897,1,22897,KANDARI EXPRESS,,2,,,,0,1,1,0,0
22898,1,22898,KANDARI EXPRESS,,2,,,,0,1,1,0,0
22901,1,22901,BDTS UDZ SF EXP,,2,,,,0,1,1,0,0
22902,1,22902,UDZ BDTS SF EXP,,2,,,,0,1,1,0,0
22903,1,22903,BHUJ AC SF EXP,,2,,,,0,1,1,0,0
22904,1,22904,BDTS SF AC EXP,,2,,,,0,1,1,0,0
22905,1,22905,OKHA SHM SF EXP,,2,,,,0,1,1,0,0
22906,1,22906,SHM OKHA SF EXP,,2,,,,0,1,1,0,0
22907,1,22907,MAO HAPA SF EXP,,2,,,,0,1,1,0,0
22908,1,22908,HAPA MAO SF EXP,,2,,,,0,1,1,0,0
22909,1,22909,BL PURI SF EXP,,2,,,,0,1,1,0,0
22910,1,22910,PURI BL SF,,2,,,,0,1,1,0,0
22911,1,22911,HWH SHIPRA EXP,,2,,,,0,1,1,0,0
22912,1,22912,SHIPRA EXPRESS,,2,,,,0,1,1,0,0
22913,1,22913,SHC HAMSAFAR EX,,2,,,,0,1,1,0,0
22914,1,22914,BDTS HUMSAFAR EX,,2,,,,0,1,1,0,0
22915,1,22915,BDTS HSR SF EXP,,2,,,,0,1,1,0,0
22916,1,22916,HSR BDTS SF EXP,,2,,,,0,1,1,0,0
22917,1,22917,BDTS HW SF EXP,,2,,,,0,1,1,0,0
22918,1,22918,HW BDTS SF EXP,,2,,,,0,1,1,0,0
22919,1,22919,ADI HUMSAFAR,,2,,,,0,1,1,0,0
22920,1,22920,ADI MAS HUMSAFAR,,2,,,,0,1,1,0,0
22921,1,22921,BDTS GKP ANTYODAYA,,2,,,,0,1,1,0,0
22922,1,22922,GKP BDTS ANTYODAYA SPL,,2,,,,0,1,1,0,0
22923,1,22923,JAM HUMSAFAR,,2,,,,0,1,1,0,0
22924,1,22924,BDTS HUMSAFAR,,2,,,,0,1,1,0,0
22925,1,22925,OKHA VANDEBHARAT,,2,,,,0,1,1,0,0
22926,1,22926,SBT VANDE BHARAT,,2,,,,0,1,1,0,0
22927,1,22927,LOKSHAKTI EXP,,2,,,,0,1,1,0,0
22928,1,22928,LOKSHAKTI EXP,,2,,,,0,1,1,0,0
22929,1,22929,DRD BRC SFAST,,2,,,,0,1,1,0,0
22930,1,22930,BRC DRD SFAST,,2,,,,0,1,1,0,0
22931,1,22931,BDTS JSM SFAST,,2,,,,0,1,1,0,0
22932,1,22932,JSM BDTS SF EXP,,2,,,,0,1,1,0,0
22933,1,22933,JAIPUR SF EXP,,2,,,,0,1,1,0,0
22934,1,22934,JP BDTS SF EXP,,2,,,,0,1,1,0,0
22935,1,22935,BDTS PIT SFAST,,2,,,,0,1,1,0,0
22936,1,22936,PIT BDTS SFAST,,2,,,,0,1,1,0,0
22937,1,22937,RAJKOT REWA SF,,2,,,,0,1,1,0,0
22938,1,22938,REWA RJT SUP EXP,,2,,,,0,1,1,0,0
22939,1,22939,OKHA BSP SF EXP,,2,,,,0,1,1,0,0
22940,1,22940,BSP OKHA SF EXP,,2,,,,0,1,1,0,0
22941,1,22941,INDB MCTM EXP,,2,,,,0,1,1,0,0
22942,1,22942,INDB SF EXP,,2,,,,0,1,1,0,0
22943,1,22943,DAUND INDORE EXP,,2,,,,0,1,1,0,0
22944,1,22944,INDB DAUND EXP,,2,,,,0,1,1,0,0
22945,1,22945,SAURASHTRA MAIL,,2,,,,0,1,1,0,0
22946,1,22946,SAURASHTRA MAIL,,2,,,,0,1,1,0,0
22947,1,22947,ST BGP SFAST,,2,,,,0,1,1,0,0
22948,1,22948,BGP SURAT EXP,,2,,,,0,1,1,0,0
22949,1,22949,BDTS DEE SFAST,,2,,,,0,1,1,0,0
22950,1,22950,DEE BDTS SF EXP,,2,,,,0,1,1,0,0
22951,1,22951,BDTS GIMB SFAST,,2,,,,0,1,1,0,0
22952,1,22952,GIMB BDTS SFAST,,2,,,,0,1,1,0,0
22953,1,22953,GUJRAT SF EXP,,2,,,,0,1,1,0,0
22954,1,22954,GUJARAT SF EXP,,2,,,,0,1,1,0,0
22955,1,22955,KUTCH EXPRESS,,2,,,,0,1,1,0,0
22956,1,22956,KUTCH EXPRESS,,2,,,,0,1,1,0,0
22957,1,22957,SOMNATH EXPRESS,,2,,,,0,1,1,0,0
22958,1,22958,SOMNATH EXPRESS,,2,,,,0,1,1,0,0
22959,1,22959,INTERCITY EXP,,2,,,,0,1,1,0,0
22960,1,22960,INTERCITY EXP,,2,,,,0,1,1,0,0
22961,1,22961,VANDE BHARAT EXP,,2,,,,0,1,1,0,0
22962,1,22962,VANDE BHARAT EXP,,2,,,,0,1,1,0,0
22963,1,22963,BDTS BVC SFAST,,2,,,,0,1,1,0,0
22964,1,22964,BVC BDTS SFAST,,2,,,,0,1,1,0,0
22965,1,22965,BDTS BGKT EXP,,2,,,,0,1,1,0,0
22966,1,22966,BGKT BDTS EXP,,2,,,,0,1,1,0,0
22967,1,22967,ADI PRYJ SFAST,,2,,,,0,1,1,0,0
22968,1,22968,PRYJ ADI SF EXP,,2,,,,0,1,1,0,0
22969,1,22969,OKHA BSBS SF EXP,,2,,,,0,1,1,0,0
22970,1,22970,BNRS OKHA SF EX,,2,,,,0,1,1,0,0
22971,1,22971,BDTS PATNA SFAST,,2,,,,0,1,1,0,0
22972,1,22972,PNBE BDTS SF EX,,2,,,,0,1,1,0,0
22973,1,22973,GIMB PURI SUP,,2,,,,0,1,1,0,0
22974,1,22974,PURI GIMB S F,,2,,,,0,1,1,0,0
22975,1,22975,BDTS RMR SFAST,,2,,,,0,1,1,0,0
22976,1,22976,RMR BDTS EXP,,2,,,,0,1,1,0,0
22977,1,22977,JP JU EXP,,2,,,,0,1,1,0,0
22978,1,22978,JU JP EXP,,2,,,,0,1,1,0,0
22979,1,22979,HSR KK SUPERFAST,,2,,,,0,1,1,0,0
22980,1,22980,KK HISAR SF EXP,,2,,,,0,1,1,0,0
22981,1,22981,KOTA SGNR EXP,,2,,,,0,1,1,0,0
22982,1,22982,SGNR KOTA SF,,2,,,,0,1,1,0,0
22983,1,22983,KOTA INDB SF EX,,2,,,,0,1,1,0,0
22984,1,22984,INDB KOTA SF EX,,2,,,,0,1,1,0,0
22985,1,22985,RAJ HUMSAFAR EXP,,2,,,,0,1,1,0,0
22986,1,22986,RAJ HAMSAFAR EXP,,2,,,,0,1,1,0,0
22987,1,22987,AII AF EXP,,2,,,,0,1,1,0,0
22988,1,22988,AF AII SF EXP,,2,,,,0,1,1,0,0
22989,1,22989,BDTS MHV EXP,,2,,,,0,1,1,0,0
22990,1,22990,MHV BDTS EXP,,2,,,,0,1,1,0,0
22991,1,22991,BL BGKT SUP,,2,,,,0,1,1,0,0
22992,1,22992,BGKT BL EXP,,2,,,,0,1,1,0,0
22997,1,22997,JLWC SGNR EXP,,2,,,,0,1,1,0,0
22998,1,22998,SGNR JLWC EXP,,2,,,,0,1,1,0,0
24203,1,24203,LKO INTERCITY,,2,,,,0,1,1,0,0
24204,1,24204,BSB INTERCITY,,2,,,,0,1,1,0,0
25013,1,25013,CORBETT PARK LINK EXP,,2,,,,0,1,1,0,0
25014,1,25014,CORBET PRK LINK,,2,,,,0,1,1,0,0
25035,1,25035,DLI-RMR LINK EXP,,2,,,,0,1,1,0,0
25036,1,25036,RMR DLI LINK EX,,2,,,,0,1,1,0,0
26101,1,26101,AJNI VANDEBHARAT,,2,,,,0,1,1,0,0
26102,1,26102,PUNE VANDEBHARAT,,2,,,,0,1,1,0,0
26301,1,26301,VANDE BHARAT EXP,,2,,,,0,1,1,0,0
26302,1,26302,VANDE BHARAT EXP,,2,,,,0,1,1,0,0
26401,1,26401,VANDE BHARAT EXP,,2,,,,0,1,1,0,0
26402,1,26402,VANDE BHARAT EXP,,2,,,,0,1,1,0,0
26403,1,26403,VANDE BHARAT EXP,,2,,,,0,1,1,0,0
26404,1,26404,VANDE BHARAT EXP,,2,,,,0,1,1,0,0
26405,1,26405,VANDE BHARAT EXP,,2,,,,0,1,1,0,0
26406,1,26406,VANDE BHARAT EXP,,2,,,,0,1,1,0,0
26461,1,26461,VANDE BHARAT EXP,,2,,,,0,1,1,0,0
26462,1,26462,VANDE BHARAT EX,,2,,,,0,1,1,0,0
26471,1,26471,DEC VANDE BHARAT,,2,,,,0,1,1,0,0
26472,1,26472,VANDE BHARAT EXP,,2,,,,0,1,1,0,0
26481,1,26481,DEC VANDEBHARAT,,2,,,,0,1,1,0,0
26482,1,26482,VANDE BHARAT EXP,,2,,,,0,1,1,0,0
26501,1,26501,VANDE BHARAT EXP,,2,,,,0,1,1,0,0
26502,1,26502,VANDE BHARAT EXP,,2,,,,0,1,1,0,0
26503,1,26503,VANDE BHARAT EXP,,2,,,,0,1,1,0,0
26504,1,26504,VANDE BHARAT EXP,,2,,,,0,1,1,0,0
26505,1,26505,VANDE BHARAT EXP,,2,,,,0,1,1,0,0
26506,1,26506,VANDE BHARAT EXP,,2,,,,0,1,1,0,0
26651,1,26651,ERS VANDEBHARAT,,2,,,,0,1,1,0,0
26652,1,26652,SBC VANDE BHARAT,,2,,,,0,1,1,0,0
26751,1,26751,SBC VANDE BHARAT,,2,,,,0,1,1,0,0
26752,1,26752,BGM VANDE BHARAT,,2,,,,0,1,1,0,0
26901,1,26901,VRL VANDEBHARAT,,2,,,,0,1,1,0,0
26902,1,26902,SBIB VANDEBHARAT,,2,,,,0,1,1,0,0
26963,1,26963,UDZ ASV VB EXP,,2,,,,0,1,1,0,0
26964,1,26964,ASV UDZ VB EXP,,2,,,,0,1,1,0,0
27575,1,27575,VANDE BHARAT SL,,2,,,,0,1,1,0,0
27576,1,27576,VANDE BHARAT SL,,2,,,,0,1,1,0,0
28181,1,28181,TATA KIR EXP,,2,,,,0,1,1,0,0
28182,1,28182,KIR TATA EXP,,2,,,,0,1,1,0,0
30111,1,30111,BLN- BP  LOCAL,,2,,,,0,1,1,0,0
30112,1,30112,BP - BLN LOCAL,,2,,,,0,1,1,0,0
30113,1,30113,BBDB - KYI LOCAL,,2,,,,0,1,1,0,0
30116,1,30116,BP-BBDB LOCAL,,2,,,,0,1,1,0,0
30121,1,30121,MJT-NH LOCAL,,2,,,,0,1,1,0,0
30122,1,30122,NH-BLN VIA MJT LOCAL,,2,,,,0,1,1,0,0
30123,1,30123,MJT - NH LOCAL,,2,,,,0,1,1,0,0
30128,1,30128,KLYM - MJT LOCAL,,2,,,,0,1,1,0,0
30135,1,30135,MJT-RHA LOCAL,,2,,,,0,1,1,0,0
30142,1,30142,GEDE - MJT LOCAL,,2,,,,0,1,1,0,0
30144,1,30144,GEDE-MJT EMU SPL,,2,,,,0,1,1,0,0
30145,1,30145,BBD-KNJ,,2,,,,0,1,1,0,0
30152,1,30152,NH - MJT LOCAL,,2,,,,0,1,1,0,0
30311,1,30311,MJT - BT LOCAL,,2,,,,0,1,1,0,0
30312,1,30312,BT -MJT LOCAL,,2,,,,0,1,1,0,0
30313,1,30313,MJT-BT LOCAL,,2,,,,0,1,1,0,0
30314,1,30314,DTK-MJT LOCAL,,2,,,,0,1,1,0,0
30317,1,30317,MJT-DTK LOCAL,,2,,,,0,1,1,0,0
30321,1,30321,MJT - HNB LOCAL,,2,,,,0,1,1,0,0
30322,1,30322,HNB-BBDB LOCAL VIA TALA,,2,,,,0,1,1,0,0
30324,1,30324,HNB-MJT LOCAL,,2,,,,0,1,1,0,0
30331,1,30331,MJT- HB LOCAL,,2,,,,0,1,1,0,0
30332,1,30332,HB - MJT LOCAL,,2,,,,0,1,1,0,0
30333,1,30333,MJT-HB  LOCAL VIA TALA,,2,,,,0,1,1,0,0
30342,1,30342,BNJ - MJT LOCAL,,2,,,,0,1,1,0,0
30344,1,30344,BNJ - MJT LOCAL,,2,,,,0,1,1,0,0
30346,1,30346,BNJ-BBD LOCAL,,2,,,,0,1,1,0,0
30351,1,30351,MJT - BT LOCAL,,2,,,,0,1,1,0,0
30353,1,30353,MJT-DTK LOCAL,,2,,,,0,1,1,0,0
30357,1,30357,MJT-MMG LOCAL,,2,,,,0,1,1,0,0
30358,1,30358,MMG-MJT LOCAL,,2,,,,0,1,1,0,0
30361,1,30361,MJT - HNB LOCAL,,2,,,,0,1,1,0,0
30411,1,30411,BBDB - SDAH LOCAL,,2,,,,0,1,1,0,0
30412,1,30412,SDAH - BBDB LOCAL,,2,,,,0,1,1,0,0
30416,1,30416,SDAH - BBDB LOCAL,,2,,,,0,1,1,0,0
30451,1,30451,BBDB-BRP LOCAL,,2,,,,0,1,1,0,0
30511,1,30511,CHT - MJT LOCAL,,2,,,,0,1,1,0,0
30552,1,30552,BLN - CG LOCAL,,2,,,,0,1,1,0,0
30711,1,30711,LKPR - MJT LOCAL,,2,,,,0,1,1,0,0
30712,1,30712,MJT - LKPR,,2,,,,0,1,1,0,0
31051,1,31051,KBGB-NH LOCAL,,2,,,,0,1,1,0,0
31053,1,31053,KBGB-NH LOCAL,,2,,,,0,1,1,0,0
31055,1,31055,KBGB-NH LOCAL,,2,,,,0,1,1,0,0
31111,1,31111,SDAH-KWAE LOCAL,,2,,,,0,1,1,0,0
31112,1,31112,KWAE-SDAH LOCAL,,2,,,,0,1,1,0,0
31151,1,31151,SDAH - BWN LOCAL,,2,,,,0,1,1,0,0
31152,1,31152,BWN-SDAH LOCAL,,2,,,,0,1,1,0,0
31191,1,31191,NH-KLYM LOCAL,,2,,,,0,1,1,0,0
31192,1,31192,KLYM - NH LOCAL,,2,,,,0,1,1,0,0
31213,1,31213,SDAH-BP LOCAL,,2,,,,0,1,1,0,0
31214,1,31214,BP-SDAH LOCAL,,2,,,,0,1,1,0,0
31215,1,31215,SDAH-BP LOCAL,,2,,,,0,1,1,0,0
31216,1,31216,BP - SDAH LOCAL,,2,,,,0,1,1,0,0
31217,1,31217,SDAH - BP LOCAL,,2,,,,0,1,1,0,0
31218,1,31218,BP-SDAH LOCAL,,2,,,,0,1,1,0,0
31219,1,31219,SDAH - BP LOCAL,,2,,,,0,1,1,0,0
31220,1,31220,BP-SDAH LOCAL,,2,,,,0,1,1,0,0
31221,1,31221,SDAH - BP LOCAL,,2,,,,0,1,1,0,0
31222,1,31222,BP-SDAH LOCAL,,2,,,,0,1,1,0,0
31223,1,31223,SDAH - BP LOCAL,,2,,,,0,1,1,0,0
31224,1,31224,BP-SDAH LOCAL,,2,,,,0,1,1,0,0
31225,1,31225,SDAH-BPLOCAL,,2,,,,0,1,1,0,0
31228,1,31228,BP-SDAH LOCAL,,2,,,,0,1,1,0,0
31229,1,31229,SDAH - BP LOCAL,,2,,,,0,1,1,0,0
31230,1,31230,BP-SDAH LOCAL,,2,,,,0,1,1,0,0
31231,1,31231,SDAH-BPLOCAL,,2,,,,0,1,1,0,0
31232,1,31232,BP -SDAH LOCAL,,2,,,,0,1,1,0,0
31233,1,31233,SDAH-BP LOCAL,,2,,,,0,1,1,0,0
31236,1,31236,BP-SDAH LOCAL,,2,,,,0,1,1,0,0
31237,1,31237,SDAH BP LOCAL,,2,,,,0,1,1,0,0
31238,1,31238,BP-SDAH LOCAL,,2,,,,0,1,1,0,0
31239,1,31239,SDAH-BP LOCAL,,2,,,,0,1,1,0,0
31240,1,31240,BP-SDAH,,2,,,,0,1,1,0,0
31261,1,31261,BNXR - BP LOCAL,,2,,,,0,1,1,0,0
31311,1,31311,SDAH - KLYM LOCAL,,2,,,,0,1,1,0,0
31312,1,31312,KLYM-SDAH LOCAL,,2,,,,0,1,1,0,0
31313,1,31313,SDAH - KLYM LOCAL,,2,,,,0,1,1,0,0
31314,1,31314,KLYM-SDAH LOCAL,,2,,,,0,1,1,0,0
31315,1,31315,SDAH-KLYM LOCAL,,2,,,,0,1,1,0,0
31316,1,31316,KLYM - SDAH LOCAL,,2,,,,0,1,1,0,0
31317,1,31317,SDAH - KLYM LOCAL,,2,,,,0,1,1,0,0
31318,1,31318,KLYM-SDAH LOCAL,,2,,,,0,1,1,0,0
31319,1,31319,SDAH - KLYM LOCAL,,2,,,,0,1,1,0,0
31320,1,31320,KLYM-SDAH LOCAL,,2,,,,0,1,1,0,0
31321,1,31321,SDAH - KLYM LOCAL,,2,,,,0,1,1,0,0
31322,1,31322,KLYM-SDAH LOCAL,,2,,,,0,1,1,0,0
31323,1,31323,SDAH - KLYM LOCAL,,2,,,,0,1,1,0,0
31324,1,31324,KLYM-SDAH LOCAL,,2,,,,0,1,1,0,0
31325,1,31325,SDAH - KLYM LOCAL,,2,,,,0,1,1,0,0
31328,1,31328,KLYM-SDAH LOCAL,,2,,,,0,1,1,0,0
31329,1,31329,SDAH - KLYM LOCAL,,2,,,,0,1,1,0,0
31330,1,31330,KLYM-SDAH LOCAL,,2,,,,0,1,1,0,0
31331,1,31331,SDAH - KLYM LOCAL,,2,,,,0,1,1,0,0
31332,1,31332,KLYM-SDAH LOCAL,,2,,,,0,1,1,0,0
31333,1,31333,SDAH - KLYM LOCAL,,2,,,,0,1,1,0,0
31334,1,31334,KLYM-SDAH LOCAL,,2,,,,0,1,1,0,0
31335,1,31335,SDAH - KLYM LOCAL,,2,,,,0,1,1,0,0
31336,1,31336,KLYM-SDAH LOCAL,,2,,,,0,1,1,0,0
31337,1,31337,SDAH - KLYM LOCAL,,2,,,,0,1,1,0,0
31338,1,31338,KLYM-SDAH EMU LOCAL,,2,,,,0,1,1,0,0
31339,1,31339,SDAH - KLYM LOCAL,,2,,,,0,1,1,0,0
31340,1,31340,KYI-SDAH EMU LOCAL,,2,,,,0,1,1,0,0
31341,1,31341,SDAH-KLYM EMU LOCAL,,2,,,,0,1,1,0,0
31342,1,31342,KYI-SDAH  LOCAL,,2,,,,0,1,1,0,0
31343,1,31343,BNXR-KYI EMU LOCAL,,2,,,,0,1,1,0,0
31344,1,31344,KYI-SDAH AC EMU LOCAL,,2,,,,0,1,1,0,0
31347,1,31347,SDAH - KYI AC EMU LOCAL,,2,,,,0,1,1,0,0
31411,1,31411,SDAH -NH  LOCAL,,2,,,,0,1,1,0,0
31412,1,31412,NH-SDAH LOCAL,,2,,,,0,1,1,0,0
31413,1,31413,SDAH-NH LOCAL,,2,,,,0,1,1,0,0
31414,1,31414,NH - SDAH LOCAL,,2,,,,0,1,1,0,0
31415,1,31415,SDAH NH LOCAL,,2,,,,0,1,1,0,0
31416,1,31416,NH-SDAH LOCAL,,2,,,,0,1,1,0,0
31417,1,31417,SDAH - NH LOCAL,,2,,,,0,1,1,0,0
31418,1,31418,NH - SDAH LOCAL,,2,,,,0,1,1,0,0
31419,1,31419,SDAH-NH LOCAL,,2,,,,0,1,1,0,0
31420,1,31420,NH - SDAH LOCAL,,2,,,,0,1,1,0,0
31422,1,31422,NH - SDAH LOCAL,,2,,,,0,1,1,0,0
31423,1,31423,SDAH - NH LOCAL,,2,,,,0,1,1,0,0
31424,1,31424,NH - SDAH LOCAL,,2,,,,0,1,1,0,0
31425,1,31425,SDAH-NH LOCAL,,2,,,,0,1,1,0,0
31426,1,31426,NH - SDAH LOCAL,,2,,,,0,1,1,0,0
31427,1,31427,SDAH-NH LOCAL,,2,,,,0,1,1,0,0
31429,1,31429,SDAH - NH LOCAL,,2,,,,0,1,1,0,0
31430,1,31430,NH - SDAH LOCAL,,2,,,,0,1,1,0,0
31432,1,31432,NH-SDAH LOCAL,,2,,,,0,1,1,0,0
31433,1,31433,SDAH - NH LOCAL,,2,,,,0,1,1,0,0
31434,1,31434,NH - SDAH LOCAL,,2,,,,0,1,1,0,0
31435,1,31435,SDAH - NH LOCAL,,2,,,,0,1,1,0,0
31436,1,31436,NH - SDAH LOCAL,,2,,,,0,1,1,0,0
31437,1,31437,SDAH - NH LOCAL,,2,,,,0,1,1,0,0
31438,1,31438,NH - SDAH LOCAL,,2,,,,0,1,1,0,0
31439,1,31439,SDAH - NH LOCAL,,2,,,,0,1,1,0,0
31440,1,31440,NH - SDAH LOCAL,,2,,,,0,1,1,0,0
31442,1,31442,NH - SDAH LOCAL,,2,,,,0,1,1,0,0
31443,1,31443,SDAH - NH LOCAL,,2,,,,0,1,1,0,0
31444,1,31444,NH - SDAH LOCAL,,2,,,,0,1,1,0,0
31445,1,31445,SDAH - NH LOCAL,,2,,,,0,1,1,0,0
31446,1,31446,NH - SDAH LOCAL,,2,,,,0,1,1,0,0
31447,1,31447,SDAH-NH LOCAL,,2,,,,0,1,1,0,0
31450,1,31450,NH - SDAH LOCAL,,2,,,,0,1,1,0,0
31471,1,31471,BNXR - NH LOCAL,,2,,,,0,1,1,0,0
31511,1,31511,SDAH-STB LOCAL,,2,,,,0,1,1,0,0
31512,1,31512,STB - SDAH LOCAL,,2,,,,0,1,1,0,0
31513,1,31513,SDAH-STB LOCAL,,2,,,,0,1,1,0,0
31514,1,31514,STB - SDAH LOCAL,,2,,,,0,1,1,0,0
31515,1,31515,SDAH- STB LOCAL,,2,,,,0,1,1,0,0
31516,1,31516,STB - SDAH LOCAL,,2,,,,0,1,1,0,0
31517,1,31517,SDAH- STB LOCAL,,2,,,,0,1,1,0,0
31518,1,31518,STB - SDAH LOCAL,,2,,,,0,1,1,0,0
31519,1,31519,SDAH- STB LOCAL,,2,,,,0,1,1,0,0
31520,1,31520,STB - SDAH LOCAL,,2,,,,0,1,1,0,0
31521,1,31521,SDAH- STB LOCAL,,2,,,,0,1,1,0,0
31522,1,31522,STB - SDAH LOCAL,,2,,,,0,1,1,0,0
31523,1,31523,SDAH- STB LOCAL,,2,,,,0,1,1,0,0
31524,1,31524,STB - SDAH LOCAL,,2,,,,0,1,1,0,0
31525,1,31525,SDAH- STB LOCAL,,2,,,,0,1,1,0,0
31526,1,31526,STB - SDAH LOCAL,,2,,,,0,1,1,0,0
31527,1,31527,SDAH-STB LOCAL,,2,,,,0,1,1,0,0
31528,1,31528,STB - SDAH LOCAL,,2,,,,0,1,1,0,0
31529,1,31529,SDAH-STB LOCAL,,2,,,,0,1,1,0,0
31530,1,31530,STB - SDAH LOCAL,,2,,,,0,1,1,0,0
31531,1,31531,SDAH- STB LOCAL,,2,,,,0,1,1,0,0
31532,1,31532,STB - SDAH LOCAL,,2,,,,0,1,1,0,0
31533,1,31533,SDAH- STB LOCAL,,2,,,,0,1,1,0,0
31534,1,31534,STB - SDAH LOCAL,,2,,,,0,1,1,0,0
31535,1,31535,SDAH- STB LOCAL,,2,,,,0,1,1,0,0
31536,1,31536,STB - SDAH LOCAL,,2,,,,0,1,1,0,0
31537,1,31537,SDAH- STB LOCAL,,2,,,,0,1,1,0,0
31538,1,31538,STB-SDAH LOCAL,,2,,,,0,1,1,0,0
31539,1,31539,SDAH- STB LOCAL,,2,,,,0,1,1,0,0
31540,1,31540,STB - SDAH LOCAL,,2,,,,0,1,1,0,0
31541,1,31541,SDAH- STB LOCAL,,2,,,,0,1,1,0,0
31542,1,31542,STB - SDAH LOCAL,,2,,,,0,1,1,0,0
31543,1,31543,SDAH-STB LOCAL,,2,,,,0,1,1,0,0
31544,1,31544,STB - SDAH LOCAL,,2,,,,0,1,1,0,0
31585,1,31585,RHA - STB-KNJ LOCAL,,2,,,,0,1,1,0,0
31586,1,31586,KNJ - STB LOCAL,,2,,,,0,1,1,0,0
31601,1,31601,SDAH-RHA LOCAL,,2,,,,0,1,1,0,0
31602,1,31602,RHA - SDAH LOCAL,,2,,,,0,1,1,0,0
31611,1,31611,SDAH-RHA  LOCAL,,2,,,,0,1,1,0,0
31612,1,31612,RHA - SDAH LOCAL,,2,,,,0,1,1,0,0
31613,1,31613,SDAH-RHA  LOCAL,,2,,,,0,1,1,0,0
31614,1,31614,RHA -SDAH LOCAL,,2,,,,0,1,1,0,0
31615,1,31615,SDAH-RHA LOCAL,,2,,,,0,1,1,0,0
31616,1,31616,RHA -SDAH LOCAL,,2,,,,0,1,1,0,0
31617,1,31617,SDAH-RHA LOCAL,,2,,,,0,1,1,0,0
31620,1,31620,RHA - SDAH LOCAL,,2,,,,0,1,1,0,0
31621,1,31621,SDAH-RHA LOCAL,,2,,,,0,1,1,0,0
31622,1,31622,RHA - SDAH LOCAL,,2,,,,0,1,1,0,0
31623,1,31623,SDAH - RHA LOCAL,,2,,,,0,1,1,0,0
31624,1,31624,RHA - SDAH LOCAL,,2,,,,0,1,1,0,0
31625,1,31625,SDAH-RHA LOCAL,,2,,,,0,1,1,0,0
31627,1,31627,SDAH-RHA LOCAL,,2,,,,0,1,1,0,0
31628,1,31628,RHA - SDAH LOCAL,,2,,,,0,1,1,0,0
31629,1,31629,SDAH-RHA LOCAL,,2,,,,0,1,1,0,0
31630,1,31630,RHA - SDAH LOCAL,,2,,,,0,1,1,0,0
31631,1,31631,SDAH-RHA LOCAL,,2,,,,0,1,1,0,0
31632,1,31632,RHA-SDAH LOCAL,,2,,,,0,1,1,0,0
31634,1,31634,RHA-SDAH LOCAL,,2,,,,0,1,1,0,0
31636,1,31636,RHA-SDAH LOCAL,,2,,,,0,1,1,0,0
31637,1,31637,SDAH-RHA AC EMU LOCAL,,2,,,,0,1,1,0,0
31638,1,31638,RHA-SDAH AC LOCAL,,2,,,,0,1,1,0,0
31721,1,31721,RHA - KNJ LOCAL,,2,,,,0,1,1,0,0
31722,1,31722,KNJ -RHA LOCAL,,2,,,,0,1,1,0,0
31723,1,31723,RHA-KNJ LOCAL,,2,,,,0,1,1,0,0
31724,1,31724,KNJ-RHALOCAL,,2,,,,0,1,1,0,0
31725,1,31725,RHA - KNJ,,2,,,,0,1,1,0,0
31726,1,31726,KNJ-RHA LOCAL,,2,,,,0,1,1,0,0
31728,1,31728,KNJ -RHA LOCAL,,2,,,,0,1,1,0,0
31741,1,31741,RHA - GEDE LOCAL,,2,,,,0,1,1,0,0
31742,1,31742,GEDE-RHA LOCAL,,2,,,,0,1,1,0,0
31743,1,31743,RHA - GEDE LOCAL,,2,,,,0,1,1,0,0
31744,1,31744,GEDE-RHA LOCAL,,2,,,,0,1,1,0,0
31745,1,31745,RHA - GEDE LOCAL,,2,,,,0,1,1,0,0
31746,1,31746,GEDE-RHA LOCAL,,2,,,,0,1,1,0,0
31747,1,31747,RHA-GEDE LOCAL,,2,,,,0,1,1,0,0
31748,1,31748,GEDE-RHA LOCAL,,2,,,,0,1,1,0,0
31749,1,31749,RHA -GEDE LOCAL,,2,,,,0,1,1,0,0
31751,1,31751,RHA -GEDE LOCAL,,2,,,,0,1,1,0,0
31752,1,31752,GEDE-RHA LOCAL,,2,,,,0,1,1,0,0
31753,1,31753,RHA -GEDE LOCAL,,2,,,,0,1,1,0,0
31754,1,31754,GEDE-RHA LOCAL,,2,,,,0,1,1,0,0
31755,1,31755,RHA-GEDE LOCAL,,2,,,,0,1,1,0,0
31756,1,31756,GEDE-RHA LOCAL,,2,,,,0,1,1,0,0
31757,1,31757,RHA-GEDE LOCAL,,2,,,,0,1,1,0,0
31758,1,31758,GEDE-RHA LOCAL,,2,,,,0,1,1,0,0
31759,1,31759,RHA GEDE LOCAL,,2,,,,0,1,1,0,0
31760,1,31760,GEDE RHA LOCAL,,2,,,,0,1,1,0,0
31761,1,31761,RHA-GEDE EMU SPL,,2,,,,0,1,1,0,0
31762,1,31762,GEDE-RHA SPL,,2,,,,0,1,1,0,0
31764,1,31764,GEDE-RHA EMU SPL,,2,,,,0,1,1,0,0
31765,1,31765,RHA-LGL EMU PASS,,2,,,,0,1,1,0,0
31768,1,31768,LGL - RHA PASSENGER,,2,,,,0,1,1,0,0
31769,1,31769,RHA - LGL EMU PASS,,2,,,,0,1,1,0,0
31770,1,31770,LGL-RHA EMU PGR,,2,,,,0,1,1,0,0
31771,1,31771,RHA -LGL EMU PASS,,2,,,,0,1,1,0,0
31772,1,31772,LGL - RHA EMU PGR,,2,,,,0,1,1,0,0
31773,1,31773,RHA LGL PASS,,2,,,,0,1,1,0,0
31774,1,31774,LGL RHA LOCAL,,2,,,,0,1,1,0,0
31776,1,31776,KRP-BPC EMU PGR,,2,,,,0,1,1,0,0
31777,1,31777,BPC LGL EMU SPL,,2,,,,0,1,1,0,0
31781,1,31781,RHA-STB LOCAL,,2,,,,0,1,1,0,0
31782,1,31782,STB-RHA LOCAL,,2,,,,0,1,1,0,0
31783,1,31783,RHA-STB LOCAL,,2,,,,0,1,1,0,0
31784,1,31784,STB-RHA LOCAL,,2,,,,0,1,1,0,0
31785,1,31785,RHA-STB EMU LOCAL,,2,,,,0,1,1,0,0
31786,1,31786,STB-RHA LOCAL,,2,,,,0,1,1,0,0
31787,1,31787,RHA-STB LOCAL,,2,,,,0,1,1,0,0
31788,1,31788,STB-RHA EMU LOCAL,,2,,,,0,1,1,0,0
31790,1,31790,STB-RHA LOCAL,,2,,,,0,1,1,0,0
31801,1,31801,SDAH-KNJ LOCAL,,2,,,,0,1,1,0,0
31802,1,31802,KNJ-SDAH LOCAL,,2,,,,0,1,1,0,0
31811,1,31811,SDAH-KNJ LOCAL,,2,,,,0,1,1,0,0
31812,1,31812,KNJ - SDAJ LOCAL,,2,,,,0,1,1,0,0
31813,1,31813,SDAH-KNJ LOCAL,,2,,,,0,1,1,0,0
31814,1,31814,KNJ - SDAH  LOCAL,,2,,,,0,1,1,0,0
31815,1,31815,SDAH-KNJ LOCAL,,2,,,,0,1,1,0,0
31816,1,31816,KNJ - SDAH LOCAL,,2,,,,0,1,1,0,0
31817,1,31817,SDAH-KNJ LOCAL,,2,,,,0,1,1,0,0
31818,1,31818,KNJ - SDAH  LOCAL,,2,,,,0,1,1,0,0
31819,1,31819,SDAH-KNJ LOCAL,,2,,,,0,1,1,0,0
31820,1,31820,KNJ - SDAH  LOCAL,,2,,,,0,1,1,0,0
31821,1,31821,SDAH-KNJ LOCAL,,2,,,,0,1,1,0,0
31822,1,31822,KNJ - SDAH  LOCAL,,2,,,,0,1,1,0,0
31824,1,31824,KNJ - SDAH  LOCAL,,2,,,,0,1,1,0,0
31825,1,31825,SDAH-KNJ LOCAL,,2,,,,0,1,1,0,0
31827,1,31827,SDAH - KNJ LOCAL,,2,,,,0,1,1,0,0
31828,1,31828,KNJ - SDAH  LOCAL,,2,,,,0,1,1,0,0
31829,1,31829,SDAH-KNJ LOCAL,,2,,,,0,1,1,0,0
31830,1,31830,KNJ - SDAH  LOCAL,,2,,,,0,1,1,0,0
31831,1,31831,SDAH-KNJ LOCAL,,2,,,,0,1,1,0,0
31832,1,31832,KNJ - SDAH  LOCAL,,2,,,,0,1,1,0,0
31833,1,31833,SDAH-KNJ LOCAL,,2,,,,0,1,1,0,0
31834,1,31834,KNJ - SDAH  LOCAL,,2,,,,0,1,1,0,0
31835,1,31835,SDAH-KNJ LOCAL,,2,,,,0,1,1,0,0
31836,1,31836,KNJ - SDAH LOCAL,,2,,,,0,1,1,0,0
31837,1,31837,SDAH-KNJ LOCAL,,2,,,,0,1,1,0,0
31838,1,31838,KNJ-SDAH LOCAL,,2,,,,0,1,1,0,0
31840,1,31840,KNJ-SDAH LOCAL,,2,,,,0,1,1,0,0
31841,1,31841,SDAH-KNJ LOCAL,,2,,,,0,1,1,0,0
31843,1,31843,SDAH-KNJ LOCAL,,2,,,,0,1,1,0,0
31844,1,31844,KNJ-SDAH LOCAL,,2,,,,0,1,1,0,0
31845,1,31845,SDAH-KNJ AC LOCAL,,2,,,,0,1,1,0,0
31846,1,31846,KNJ-SDAH AC LOCAL,,2,,,,0,1,1,0,0
31847,1,31847,SDAH-KNJ AC EMU LOCAL,,2,,,,0,1,1,0,0
31848,1,31848,KNJ-SDAH AC EMU LOCAL,,2,,,,0,1,1,0,0
31861,1,31861,KNJ LGL EMU PASSENGER,,2,,,,0,1,1,0,0
31864,1,31864,LGL KNJ EMU PASSENGER,,2,,,,0,1,1,0,0
31881,1,31881,KNJ-AHT LOCAL,,2,,,,0,1,1,0,0
31882,1,31882,AHT-KNJ LOCAL,,2,,,,0,1,1,0,0
31883,1,31883,KNJ-AHT LOCAL,,2,,,,0,1,1,0,0
31884,1,31884,AHT-KNJ LOCAL,,2,,,,0,1,1,0,0
31885,1,31885,KNJ-AHT LOCAL,,2,,,,0,1,1,0,0
31886,1,31886,AHT-KNJ LOCAL,,2,,,,0,1,1,0,0
31887,1,31887,KNJ-AHT LOCAL,,2,,,,0,1,1,0,0
31888,1,31888,AHT-KNJ LOCAL,,2,,,,0,1,1,0,0
31889,1,31889,KNJ-AHT LOCAL,,2,,,,0,1,1,0,0
31890,1,31890,AHT-KNJ LOCAL,,2,,,,0,1,1,0,0
31911,1,31911,SDAH-GEDE LOCAL,,2,,,,0,1,1,0,0
31912,1,31912,GEDE - SDAH LOCAL,,2,,,,0,1,1,0,0
31913,1,31913,SDAH-GEDE LOCAL,,2,,,,0,1,1,0,0
31914,1,31914,GEDE - SDAH LOCAL,,2,,,,0,1,1,0,0
31915,1,31915,SDAH-GEDE LOCAL,,2,,,,0,1,1,0,0
31916,1,31916,GEDE - SDAH LOCAL,,2,,,,0,1,1,0,0
31917,1,31917,SDAH-GEDE LOCAL,,2,,,,0,1,1,0,0
31918,1,31918,GEDE - SDAH LOCALD,,2,,,,0,1,1,0,0
31919,1,31919,SDAH-GEDE LOCAL,,2,,,,0,1,1,0,0
31920,1,31920,GEDE- SDAH LOCAL,,2,,,,0,1,1,0,0
31921,1,31921,SDAH - GEDE LOCAL,,2,,,,0,1,1,0,0
31922,1,31922,GEDE - SDAH LOCAL,,2,,,,0,1,1,0,0
31923,1,31923,SDAH-GEDE LOCAL,,2,,,,0,1,1,0,0
31924,1,31924,GEDE - SDAH LOCAL,,2,,,,0,1,1,0,0
31925,1,31925,SDAH-GEDE LOCAL,,2,,,,0,1,1,0,0
31926,1,31926,GEDE - SDAH LOCAL,,2,,,,0,1,1,0,0
31927,1,31927,SDAH-GEDE LOCAL,,2,,,,0,1,1,0,0
31928,1,31928,GEDE - SDAH LOCAL,,2,,,,0,1,1,0,0
31929,1,31929,SDAH-GEDE LOCAL,,2,,,,0,1,1,0,0
31930,1,31930,GEDE -SDAH EMU SPL,,2,,,,0,1,1,0,0
31931,1,31931,SDAH - GEDE EMU SPL,,2,,,,0,1,1,0,0
31933,1,31933,SDAH - GEDE EMU SPL,,2,,,,0,1,1,0,0
32211,1,32211,SDAH-DKAE LOCAL,,2,,,,0,1,1,0,0
32212,1,32212,DKAE-SDAH LOCAL,,2,,,,0,1,1,0,0
32213,1,32213,SDAH-DKAE LOCAL,,2,,,,0,1,1,0,0
32214,1,32214,DKAE-SDAH LOCAL,,2,,,,0,1,1,0,0
32215,1,32215,SDAH-DKAE LOCAL,,2,,,,0,1,1,0,0
32216,1,32216,DKAE-SDAH LOCAL,,2,,,,0,1,1,0,0
32217,1,32217,SDAH-DKAE LOCAL,,2,,,,0,1,1,0,0
32218,1,32218,DKAE-SDAH LOCAL,,2,,,,0,1,1,0,0
32219,1,32219,SDAH-DKAE LOCAL,,2,,,,0,1,1,0,0
32220,1,32220,DKAE-SDAH LOCAL,,2,,,,0,1,1,0,0
32221,1,32221,SDAH-DKAE LOCAL,,2,,,,0,1,1,0,0
32222,1,32222,DKAE-SDAH LOCAL,,2,,,,0,1,1,0,0
32223,1,32223,SDAH-DKAE LOCAL,,2,,,,0,1,1,0,0
32224,1,32224,DKAE-SDAH LOCAL,,2,,,,0,1,1,0,0
32225,1,32225,SDAH-DKAE LOCAL,,2,,,,0,1,1,0,0
32226,1,32226,DKAE-SDAH LOCAL,,2,,,,0,1,1,0,0
32227,1,32227,SDAH-DKAE LOCAL,,2,,,,0,1,1,0,0
32228,1,32228,DKAE-SDAH LOCAL,,2,,,,0,1,1,0,0
32229,1,32229,SDAH-DKAE LOCAL,,2,,,,0,1,1,0,0
32230,1,32230,DKAE-SDAH LOCAL,,2,,,,0,1,1,0,0
32231,1,32231,SDAH-DKAE LOCAL,,2,,,,0,1,1,0,0
32232,1,32232,DKAE-SDAH LOCAL,,2,,,,0,1,1,0,0
32233,1,32233,SDAH-DKAE LOCAL,,2,,,,0,1,1,0,0
32234,1,32234,DKAE-SDAH LOCAL,,2,,,,0,1,1,0,0
32235,1,32235,SDAH-DKAE LOCAL,,2,,,,0,1,1,0,0
32236,1,32236,DKAE-SDAH LOCAL,,2,,,,0,1,1,0,0
32237,1,32237,SDAH-DKAE LOCAL,,2,,,,0,1,1,0,0
32238,1,32238,DKAE-SDAH LOCAL,,2,,,,0,1,1,0,0
32239,1,32239,SDAH-DKAE LOCAL,,2,,,,0,1,1,0,0
32240,1,32240,DKAE-SDAH LOCAL,,2,,,,0,1,1,0,0
32241,1,32241,SDAH-DKAE LOCAL,,2,,,,0,1,1,0,0
32242,1,32242,DKAE-SDAH LOCAL,,2,,,,0,1,1,0,0
32243,1,32243,SDAH-DKAE LOCAL,,2,,,,0,1,1,0,0
32245,1,32245,SDAH-DKAE LOCAL,,2,,,,0,1,1,0,0
32246,1,32246,DKAE-SDAH LOCAL,,2,,,,0,1,1,0,0
32247,1,32247,SEALDAH-DKAE LOCAL,,2,,,,0,1,1,0,0
32248,1,32248,DKAE-SDAH LOCAL,,2,,,,0,1,1,0,0
32249,1,32249,SDAH-DKAE LOCAL,,2,,,,0,1,1,0,0
32250,1,32250,DKAE-SDAH LOCAL,,2,,,,0,1,1,0,0
32252,1,32252,DKAE-SDAH LOCAL,,2,,,,0,1,1,0,0
32411,1,32411,SDAH-BRPA LOCAL,,2,,,,0,1,1,0,0
32412,1,32412,BRPA - SDAH LOCAL,,2,,,,0,1,1,0,0
32413,1,32413,SDAH-BRPA  LOCAL,,2,,,,0,1,1,0,0
32414,1,32414,BRPA-SDAH LOCAL,,2,,,,0,1,1,0,0
33061,1,33061,CG - BT LOCAL,,2,,,,0,1,1,0,0
33231,1,33231,DDJ- BP LOCAL,,2,,,,0,1,1,0,0
33232,1,33232,BP-DDJ LOCAL,,2,,,,0,1,1,0,0
33271,1,33271,DDJ - BNJ LOCAL,,2,,,,0,1,1,0,0
33282,1,33282,HNB-DDJ LOCAL,,2,,,,0,1,1,0,0
33311,1,33311,BT-HNB LOCAL,,2,,,,0,1,1,0,0
33312,1,33312,HNB-BT LOCAL,,2,,,,0,1,1,0,0
33313,1,33313,BT-HNB LOCAL,,2,,,,0,1,1,0,0
33314,1,33314,HNB BT LOCAL,,2,,,,0,1,1,0,0
33315,1,33315,BT-HNB LOCAL,,2,,,,0,1,1,0,0
33316,1,33316,HNB-BT LOCAL,,2,,,,0,1,1,0,0
33317,1,33317,BT - HNB LOCAL,,2,,,,0,1,1,0,0
33318,1,33318,HNB BT LOCAL,,2,,,,0,1,1,0,0
33319,1,33319,DDC - HNB LOCAL,,2,,,,0,1,1,0,0
33320,1,33320,HNB BT LOCAL,,2,,,,0,1,1,0,0
33321,1,33321,BT - HNB LOCAL,,2,,,,0,1,1,0,0
33322,1,33322,HNB DDC LOCAL,,2,,,,0,1,1,0,0
33323,1,33323,BT-HNB LOCAL,,2,,,,0,1,1,0,0
33324,1,33324,BSHT-BT LOCAL,,2,,,,0,1,1,0,0
33325,1,33325,BT HNB LOCAL,,2,,,,0,1,1,0,0
33326,1,33326,HNB-BT LOCAL,,2,,,,0,1,1,0,0
33327,1,33327,BT HNB LOCAL,,2,,,,0,1,1,0,0
33328,1,33328,HNB BT LOCAL,,2,,,,0,1,1,0,0
33329,1,33329,BT-BSHT LOCAL,,2,,,,0,1,1,0,0
33331,1,33331,BT HNB LOCAL,,2,,,,0,1,1,0,0
33351,1,33351,BT - HB LOCAL,,2,,,,0,1,1,0,0
33357,1,33357,BT-DTK LOCAL,,2,,,,0,1,1,0,0
33361,1,33361,BT-BNJ LOCAL,,2,,,,0,1,1,0,0
33362,1,33362,BNJ- BT LOCAL,,2,,,,0,1,1,0,0
33363,1,33363,BT -BNJ LOCAL,,2,,,,0,1,1,0,0
33364,1,33364,BNJ- BT LOCAL,,2,,,,0,1,1,0,0
33365,1,33365,BT-BNJ LOCAL,,2,,,,0,1,1,0,0
33366,1,33366,BNJ-BT LOCAL,,2,,,,0,1,1,0,0
33367,1,33367,BT-BNJ LOCAL,,2,,,,0,1,1,0,0
33368,1,33368,BNJ - DDC LOCAL,,2,,,,0,1,1,0,0
33369,1,33369,BT - BNJ LOCAL,,2,,,,0,1,1,0,0
33370,1,33370,BNJ - BT LOCAL,,2,,,,0,1,1,0,0
33372,1,33372,BNJ-BT LOCAL,,2,,,,0,1,1,0,0
33382,1,33382,BNJ-BT LOCAL,,2,,,,0,1,1,0,0
33401,1,33401,SDAH-BT MATRIBHOOMI LOCAL,,2,,,,0,1,1,0,0
33402,1,33402,BT-SDAH MATRIBHOOMI LOCA,,2,,,,0,1,1,0,0
33411,1,33411,SDAH-DDC LOCAL,,2,,,,0,1,1,0,0
33412,1,33412,DDC-SDAH LOCAL,,2,,,,0,1,1,0,0
33421,1,33421,SDAH-MMG LOCAL,,2,,,,0,1,1,0,0
33422,1,33422,MMG - SDAH LOCAL,,2,,,,0,1,1,0,0
33431,1,33431,SDAH - HNB LOCAL,,2,,,,0,1,1,0,0
33432,1,33432,BT-SDAH LOCAL,,2,,,,0,1,1,0,0
33433,1,33433,SDAH - BT LOCAL,,2,,,,0,1,1,0,0
33434,1,33434,BT - SDAH LOCAL,,2,,,,0,1,1,0,0
33435,1,33435,SDAH - BT LOCAL,,2,,,,0,1,1,0,0
33436,1,33436,BT -SDAH LOCAL,,2,,,,0,1,1,0,0
33437,1,33437,SDAH - BT LOCAL,,2,,,,0,1,1,0,0
33438,1,33438,BT -SDAH LOCAL,,2,,,,0,1,1,0,0
33439,1,33439,SDAH - BT LOCAL,,2,,,,0,1,1,0,0
33440,1,33440,BT -SDAH LOCAL,,2,,,,0,1,1,0,0
33442,1,33442,BNJ - SDAH AC LOCAL,,2,,,,0,1,1,0,0
33443,1,33443,SDAH - BT LOCAL,,2,,,,0,1,1,0,0
33445,1,33445,SDAH - BT LOCAL,,2,,,,0,1,1,0,0
33447,1,33447,SDAH - BT LOCAL,,2,,,,0,1,1,0,0
33449,1,33449,SDAH - BNJ AC LOCAL,,2,,,,0,1,1,0,0
33471,1,33471,DDC - BT LOCAL,,2,,,,0,1,1,0,0
33472,1,33472,BT - DDC LOCAL,,2,,,,0,1,1,0,0
33474,1,33474,BT - DDC LOCAL,,2,,,,0,1,1,0,0
33511,1,33511,SDAH-HNB LOCAL,,2,,,,0,1,1,0,0
33512,1,33512,HNB-SDAH LOCAL,,2,,,,0,1,1,0,0
33513,1,33513,SDAH - HNB LOCAL,,2,,,,0,1,1,0,0
33514,1,33514,HNB-SDAH LOCAL,,2,,,,0,1,1,0,0
33515,1,33515,SDAH - HNB LOCAL,,2,,,,0,1,1,0,0
33516,1,33516,HNB-SDAH LOCAL,,2,,,,0,1,1,0,0
33517,1,33517,SDAH - HNB LOCAL,,2,,,,0,1,1,0,0
33518,1,33518,HNB-SDAH LOCAL,,2,,,,0,1,1,0,0
33519,1,33519,SDAH - HNB LOCAL,,2,,,,0,1,1,0,0
33520,1,33520,HNB-SDAH LOCAL,,2,,,,0,1,1,0,0
33521,1,33521,SDAH - HNB LOCAL,,2,,,,0,1,1,0,0
33522,1,33522,HNB-SDAH LOCAL,,2,,,,0,1,1,0,0
33523,1,33523,SDAH - HNB LOCAL,,2,,,,0,1,1,0,0
33524,1,33524,HNB-SDAH LOCAL,,2,,,,0,1,1,0,0
33525,1,33525,SDAH - HNB LOCAL,,2,,,,0,1,1,0,0
33526,1,33526,HNB-SDAH LOCAL,,2,,,,0,1,1,0,0
33527,1,33527,SDAH-HNB  LOCAL,,2,,,,0,1,1,0,0
33528,1,33528,HNB-SDAH LOCAL,,2,,,,0,1,1,0,0
33529,1,33529,SDAH-HNB LOCAL,,2,,,,0,1,1,0,0
33530,1,33530,HNB-SDAH LOCAL,,2,,,,0,1,1,0,0
33531,1,33531,SDAH-HNB LOCAL,,2,,,,0,1,1,0,0
33532,1,33532,HNB-SDAH LOCAL,,2,,,,0,1,1,0,0
33533,1,33533,SDAH-HNB LOCAL,,2,,,,0,1,1,0,0
33534,1,33534,HNB-SDAH LOCAL,,2,,,,0,1,1,0,0
33536,1,33536,HNB-SDAH LOCAL,,2,,,,0,1,1,0,0
33538,1,33538,HNB-SDAH LOCAL,,2,,,,0,1,1,0,0
33612,1,33612,DTK-SDAH LOCAL,,2,,,,0,1,1,0,0
33613,1,33613,SDAH-DTK LOCAL,,2,,,,0,1,1,0,0
33615,1,33615,SDAH - DTK LOCAL,,2,,,,0,1,1,0,0
33616,1,33616,DTK - SDAH LOCAL,,2,,,,0,1,1,0,0
33617,1,33617,SDAH - BNJ LOCAL,,2,,,,0,1,1,0,0
33618,1,33618,DTK-SDAH LOCAL,,2,,,,0,1,1,0,0
33619,1,33619,SDAH - DTK LOCAL,,2,,,,0,1,1,0,0
33620,1,33620,DTK-SDAH LOCAL,,2,,,,0,1,1,0,0
33621,1,33621,SDAH-DTK LOCAL,,2,,,,0,1,1,0,0
33622,1,33622,BNJ-SDAH LOCAL,,2,,,,0,1,1,0,0
33623,1,33623,SDAH - DTK LOCAL,,2,,,,0,1,1,0,0
33624,1,33624,DTK-SDAH LOCAL,,2,,,,0,1,1,0,0
33626,1,33626,DTK-SDAH LOCAL,,2,,,,0,1,1,0,0
33628,1,33628,DTK-SDAH LOCAL,,2,,,,0,1,1,0,0
33630,1,33630,DTK-SDAH LOCAL,,2,,,,0,1,1,0,0
33651,1,33651,SDAH-HB LOCAL,,2,,,,0,1,1,0,0
33652,1,33652,HB - SDAH LOCAL,,2,,,,0,1,1,0,0
33653,1,33653,SDAH-HB LOCAL,,2,,,,0,1,1,0,0
33654,1,33654,HB - SDAH LOCAL,,2,,,,0,1,1,0,0
33655,1,33655,SDAH-HB LOCAL,,2,,,,0,1,1,0,0
33656,1,33656,HB - SDAH LOCAL,,2,,,,0,1,1,0,0
33657,1,33657,SDAH-HB LOCAL,,2,,,,0,1,1,0,0
33658,1,33658,HB - SDAH LOCAL,,2,,,,0,1,1,0,0
33659,1,33659,SDAH-HB LOCAL,,2,,,,0,1,1,0,0
33660,1,33660,HB - SDAH LOCAL,,2,,,,0,1,1,0,0
33662,1,33662,HB-SDAH LOCAL,,2,,,,0,1,1,0,0
33664,1,33664,HB - SDAH LOCAL,,2,,,,0,1,1,0,0
33681,1,33681,SDAH - GBG  LOCAL,,2,,,,0,1,1,0,0
33682,1,33682,GBG - SDAH LOCAL,,2,,,,0,1,1,0,0
33685,1,33685,SDAH - BNJ  LOCAL,,2,,,,0,1,1,0,0
33686,1,33686,BNJ - SDAH LOCAL,,2,,,,0,1,1,0,0
33711,1,33711,RHA - BNJ LOCAL,,2,,,,0,1,1,0,0
33712,1,33712,BNJ - RHA LOCAL,,2,,,,0,1,1,0,0
33713,1,33713,RHA - BNJ LOCAL,,2,,,,0,1,1,0,0
33714,1,33714,BNJ - RHA LOCAL,,2,,,,0,1,1,0,0
33715,1,33715,RHA - BNJ LOCAL,,2,,,,0,1,1,0,0
33716,1,33716,BNJ - RHA LOCAL,,2,,,,0,1,1,0,0
33717,1,33717,RHA - BNJ LOCAL,,2,,,,0,1,1,0,0
33718,1,33718,BNJ - RHA LOCAL,,2,,,,0,1,1,0,0
33719,1,33719,RHA - BNJ LOCAL,,2,,,,0,1,1,0,0
33720,1,33720,BNJ - RHA LOCAL,,2,,,,0,1,1,0,0
33721,1,33721,RHA - BNJ LOCAL,,2,,,,0,1,1,0,0
33722,1,33722,BNJ - RHA LOCAL,,2,,,,0,1,1,0,0
33723,1,33723,RHA - BNJ LOCAL,,2,,,,0,1,1,0,0
33724,1,33724,BNJ - RHA LOCAL,,2,,,,0,1,1,0,0
33725,1,33725,RHA - BNJ LOCAL,,2,,,,0,1,1,0,0
33726,1,33726,BNJ - RHA LOCAL,,2,,,,0,1,1,0,0
33727,1,33727,RHA - BNJ LOCAL,,2,,,,0,1,1,0,0
33728,1,33728,BNJ - RHA LOCAL,,2,,,,0,1,1,0,0
33729,1,33729,RHA - BNJ LOCAL,,2,,,,0,1,1,0,0
33730,1,33730,BNJ  RHA LOCAL,,2,,,,0,1,1,0,0
33731,1,33731,RHA - BNJ LOCAL,,2,,,,0,1,1,0,0
33732,1,33732,BNJ - RHA LOCAL,,2,,,,0,1,1,0,0
33733,1,33733,RHA - BNJ LOCAL,,2,,,,0,1,1,0,0
33734,1,33734,BNJ - RHA LOCAL,,2,,,,0,1,1,0,0
33735,1,33735,RHA - BNJ LOCAL,,2,,,,0,1,1,0,0
33736,1,33736,BNJ - RHA LOCAL,,2,,,,0,1,1,0,0
33737,1,33737,RHA-BNJ LOCAL,,2,,,,0,1,1,0,0
33738,1,33738,BNJ-RHA LOCAL,,2,,,,0,1,1,0,0
33739,1,33739,RHA-BNJ  LOCAL,,2,,,,0,1,1,0,0
33740,1,33740,BNJRHA LOCAL,,2,,,,0,1,1,0,0
33741,1,33741,RHA BNJ LOCAL,,2,,,,0,1,1,0,0
33742,1,33742,BNJ-RHA EMU LOCAL,,2,,,,0,1,1,0,0
33743,1,33743,RHA-BNJ EMU LOCAL,,2,,,,0,1,1,0,0
33751,1,33751,STB-BNJ LOCAL,,2,,,,0,1,1,0,0
33752,1,33752,BNJ-STB LOCAL,,2,,,,0,1,1,0,0
33761,1,33761,SDAH-BNJ-RHA AC LOCAL,,2,,,,0,1,1,0,0
33762,1,33762,RHA-BNJ-SDAH AC LOCAL,,2,,,,0,1,1,0,0
33801,1,33801,SDAH - BNJ LOCAL,,2,,,,0,1,1,0,0
33802,1,33802,BNJ - SDAH LOCAL,,2,,,,0,1,1,0,0
33811,1,33811,SDAH-BNJ LOCAL,,2,,,,0,1,1,0,0
33812,1,33812,BNJ-SDAH LOCAL,,2,,,,0,1,1,0,0
33813,1,33813,SDAH-BNJ LOCAL,,2,,,,0,1,1,0,0
33814,1,33814,BNJ-SDAH LOCAL,,2,,,,0,1,1,0,0
33815,1,33815,SDAH-BNJ LOCAL,,2,,,,0,1,1,0,0
33816,1,33816,BNJ - SDAH LOCAL,,2,,,,0,1,1,0,0
33817,1,33817,SDAH - BNJ LOCAL,,2,,,,0,1,1,0,0
33818,1,33818,BNJ - SDAH LOCAL,,2,,,,0,1,1,0,0
33819,1,33819,SDAH - BNJ LOCAL,,2,,,,0,1,1,0,0
33820,1,33820,BNJ - SDAH LOCAL,,2,,,,0,1,1,0,0
33821,1,33821,SDAH - BNJ LOCAL,,2,,,,0,1,1,0,0
33822,1,33822,BNJ - SDAH LOCAL,,2,,,,0,1,1,0,0
33823,1,33823,SDAH - BNJ LOCAL,,2,,,,0,1,1,0,0
33824,1,33824,BNJ - SDAH LOCAL,,2,,,,0,1,1,0,0
33825,1,33825,SDAH - BNJ LOCAL,,2,,,,0,1,1,0,0
33826,1,33826,BNJ - SDAH LOCAL,,2,,,,0,1,1,0,0
33827,1,33827,SDAH - BNJ LOCAL,,2,,,,0,1,1,0,0
33828,1,33828,BNJ - SDAH LOCAL,,2,,,,0,1,1,0,0
33830,1,33830,BNJ - SDAH LOCAL,,2,,,,0,1,1,0,0
33831,1,33831,SDAH - BNJ LOCAL,,2,,,,0,1,1,0,0
33832,1,33832,BNJ - SDAH LOCAL,,2,,,,0,1,1,0,0
33833,1,33833,SDAH - BNJ LOCAL,,2,,,,0,1,1,0,0
33834,1,33834,BNJ - SDAH LOCAL,,2,,,,0,1,1,0,0
33835,1,33835,SDAH-BNJ LOCAL,,2,,,,0,1,1,0,0
33836,1,33836,BNJ - SDAH LOCAL,,2,,,,0,1,1,0,0
33837,1,33837,SDAH-BNJ LOCAL,,2,,,,0,1,1,0,0
33839,1,33839,SDAH-BNJ LOCAL,,2,,,,0,1,1,0,0
33840,1,33840,BNJ - SDAH LOCAL,,2,,,,0,1,1,0,0
33841,1,33841,SDAH - BNJ LOCAL,,2,,,,0,1,1,0,0
33842,1,33842,BNJ - SDAH LOCAL,,2,,,,0,1,1,0,0
33843,1,33843,SDAH - BNJ LOCAL,,2,,,,0,1,1,0,0
33844,1,33844,BNJ - SDAH LOCAL,,2,,,,0,1,1,0,0
33845,1,33845,SDAH - BNJ LOCAL,,2,,,,0,1,1,0,0
33846,1,33846,BNJ - SDAH LOCAL,,2,,,,0,1,1,0,0
33847,1,33847,SDAH - BNJ LOCAL,,2,,,,0,1,1,0,0
33848,1,33848,BNJ - SDAH LOCAL,,2,,,,0,1,1,0,0
33849,1,33849,SDAH - BNJ LOCAL,,2,,,,0,1,1,0,0
33850,1,33850,BNJ - SDAH LOCAL,,2,,,,0,1,1,0,0
33851,1,33851,SDAH - BNJ LOCAL,,2,,,,0,1,1,0,0
33852,1,33852,BNJ - SDAH LOCAL,,2,,,,0,1,1,0,0
33853,1,33853,SDAH - BNJ LOCAL,,2,,,,0,1,1,0,0
33854,1,33854,BNJ - SDAH LOCAL,,2,,,,0,1,1,0,0
33855,1,33855,SDAH - BNJ LOCAL,,2,,,,0,1,1,0,0
33856,1,33856,BNJ - SDAH LOCAL,,2,,,,0,1,1,0,0
33857,1,33857,SDAH - BNJ LOCAL,,2,,,,0,1,1,0,0
33858,1,33858,BNJ-SDAH LOCAL,,2,,,,0,1,1,0,0
33859,1,33859,SDAH - BNJ LOCAL,,2,,,,0,1,1,0,0
33860,1,33860,BNJ - SDAH LOCAL,,2,,,,0,1,1,0,0
33861,1,33861,SDAH - BNJ LOCAL,,2,,,,0,1,1,0,0
33862,1,33862,BNJ - SDAH LOCAL,,2,,,,0,1,1,0,0
33863,1,33863,SDAH - BNJ  LOCAL,,2,,,,0,1,1,0,0
33865,1,33865,SDAH-BNJ LOCAL,,2,,,,0,1,1,0,0
33891,1,33891,DDC - BNJ LOCAL,,2,,,,0,1,1,0,0
33893,1,33893,DDC - BNJ LOCAL,,2,,,,0,1,1,0,0
34052,1,34052,NH - KBGB LOCAL,,2,,,,0,1,1,0,0
34054,1,34054,NH -KBGB LOCAL,,2,,,,0,1,1,0,0
34056,1,34056,KLYM - KBGB LOCAL,,2,,,,0,1,1,0,0
34062,1,34062,BNJ - CG LOCAL,,2,,,,0,1,1,0,0
34111,1,34111,KBGB - SDAH LOCAL,,2,,,,0,1,1,0,0
34112,1,34112,SDAH-KBGB LOCAL,,2,,,,0,1,1,0,0
34113,1,34113,KBGB - SDAH LOCAL,,2,,,,0,1,1,0,0
34114,1,34114,SDAH-KBGB LOCAL,,2,,,,0,1,1,0,0
34115,1,34115,KBGB - SDAH LOCAL,,2,,,,0,1,1,0,0
34116,1,34116,SDAH-KBGB LOCAL,,2,,,,0,1,1,0,0
34117,1,34117,KBGB - SDAH LOCAL,,2,,,,0,1,1,0,0
34118,1,34118,SDAH-KBGB LOCAL,,2,,,,0,1,1,0,0
34119,1,34119,KBGB - SDAH LOCAL,,2,,,,0,1,1,0,0
34120,1,34120,SDAH-KBGB LOCAL,,2,,,,0,1,1,0,0
34121,1,34121,KBGB - SDAH LOCAL,,2,,,,0,1,1,0,0
34122,1,34122,SDAH-KBGB LOCAL,,2,,,,0,1,1,0,0
34123,1,34123,KBGB - SDAH LOCAL,,2,,,,0,1,1,0,0
34124,1,34124,SDAH-KBGB LOCAL,,2,,,,0,1,1,0,0
34125,1,34125,KBGB - SDAH LOCAL,,2,,,,0,1,1,0,0
34126,1,34126,SDAH-KBGB LOCAL,,2,,,,0,1,1,0,0
34127,1,34127,KBGB - SDAH LOCAL,,2,,,,0,1,1,0,0
34128,1,34128,SDAH-KBGB LOCAL,,2,,,,0,1,1,0,0
34129,1,34129,KBGB - SDAH LOCAL,,2,,,,0,1,1,0,0
34130,1,34130,SDAH-KBGB LOCAL,,2,,,,0,1,1,0,0
34132,1,34132,SDAH-KBGB LOCAL,,2,,,,0,1,1,0,0
34133,1,34133,KBGB - SDAH LOCAL,,2,,,,0,1,1,0,0
34136,1,34136,SDAH-KBGB LOCAL,,2,,,,0,1,1,0,0
34137,1,34137,KBGB - SDAH LOCAL,,2,,,,0,1,1,0,0
34140,1,34140,SDAH-KBGB LOCAL,,2,,,,0,1,1,0,0
34141,1,34141,KBGB - SDAH LOCAL,,2,,,,0,1,1,0,0
34145,1,34145,KBGB - SDAH LOCAL,,2,,,,0,1,1,0,0
34146,1,34146,SDAH-KBGB LOCAL,,2,,,,0,1,1,0,0
34147,1,34147,KBGB - SDAH LOCAL,,2,,,,0,1,1,0,0
34148,1,34148,SDAH-KBGB LOCAL,,2,,,,0,1,1,0,0
34149,1,34149,KBGB - SDAH LOCAL,,2,,,,0,1,1,0,0
34150,1,34150,SDAH-KBGB LOCAL,,2,,,,0,1,1,0,0
34151,1,34151,KBGB - SDAH LOCAL,,2,,,,0,1,1,0,0
34152,1,34152,SDAH-KBGB LOCAL,,2,,,,0,1,1,0,0
34153,1,34153,KBGB - SDAH LOCAL,,2,,,,0,1,1,0,0
34154,1,34154,SDAH-KBGB LOCAL,,2,,,,0,1,1,0,0
34155,1,34155,KBGB - SDAH LOCAL,,2,,,,0,1,1,0,0
34156,1,34156,SDAH-KBGB LOCAL,,2,,,,0,1,1,0,0
34157,1,34157,KBGB - SDAH LOCAL,,2,,,,0,1,1,0,0
34158,1,34158,SDAH-KBGB LOCAL,,2,,,,0,1,1,0,0
34159,1,34159,KBGB - SDAH LOCAL,,2,,,,0,1,1,0,0
34160,1,34160,SDAH-KBGB LOCAL,,2,,,,0,1,1,0,0
34161,1,34161,KBGB - SDAH LOCAL,,2,,,,0,1,1,0,0
34162,1,34162,SDAH-KBGB LOCAL,,2,,,,0,1,1,0,0
34163,1,34163,KBGB - SDAH LOCAL,,2,,,,0,1,1,0,0
34164,1,34164,SDAH-KBGB LOCAL,,2,,,,0,1,1,0,0
34167,1,34167,KGBG - SDAH LOCAL,,2,,,,0,1,1,0,0
34168,1,34168,SDAH - KBGB  LOCAL,,2,,,,0,1,1,0,0
34311,1,34311,LKPR - SPR LOCAL,,2,,,,0,1,1,0,0
34312,1,34312,SPR - BRP LOCAL,,2,,,,0,1,1,0,0
34313,1,34313,BRP - SPR LOCAL,,2,,,,0,1,1,0,0
34331,1,34331,LAKHIKANTAPUR BARUIPUR LO,,2,,,,0,1,1,0,0
34332,1,34332,BRP-LKPR LOCAL,,2,,,,0,1,1,0,0
34333,1,34333,LKPR - SPR LOCAL,,2,,,,0,1,1,0,0
34334,1,34334,BRP - LKPR LOCAL,,2,,,,0,1,1,0,0
34336,1,34336,BLN- SPR LOCAL,,2,,,,0,1,1,0,0
34338,1,34338,BLN- SPR LOCAL,,2,,,,0,1,1,0,0
34352,1,34352,SPR - CG LOCAL,,2,,,,0,1,1,0,0
34353,1,34353,CG - SPR LOCAL,,2,,,,0,1,1,0,0
34354,1,34354,SPR - CG LOCAL,,2,,,,0,1,1,0,0
34355,1,34355,CG- SPR  LOCAL,,2,,,,0,1,1,0,0
34356,1,34356,SPR - CG LOCAL,,2,,,,0,1,1,0,0
34357,1,34357,CG - SPR LOCAL,,2,,,,0,1,1,0,0
34359,1,34359,CG - SPR LOCAL,,2,,,,0,1,1,0,0
34360,1,34360,SPR-CG LOCAL,,2,,,,0,1,1,0,0
34362,1,34362,SPR CG - LOCAL,,2,,,,0,1,1,0,0
34371,1,34371,CG - BLN  LOCAL,,2,,,,0,1,1,0,0
34391,1,34391,CG - SPR LOCAL,,2,,,,0,1,1,0,0
34392,1,34392,SPR CHT- LOCAL,,2,,,,0,1,1,0,0
34411,1,34411,SPR - SDAH LOCAL,,2,,,,0,1,1,0,0
34412,1,34412,SDAH- SPR LOCAL,,2,,,,0,1,1,0,0
34413,1,34413,SPR - SDAH LOCAL,,2,,,,0,1,1,0,0
34414,1,34414,SDAH- SPR LOCAL,,2,,,,0,1,1,0,0
34415,1,34415,SPR - SDAH LOCAL,,2,,,,0,1,1,0,0
34416,1,34416,SDAH- SPR LOCAL,,2,,,,0,1,1,0,0
34417,1,34417,SPR - SDAH LOCAL,,2,,,,0,1,1,0,0
34418,1,34418,SDAH- SPR LOCAL,,2,,,,0,1,1,0,0
34419,1,34419,SPR - SDAH LOCAL,,2,,,,0,1,1,0,0
34420,1,34420,SDAH- CG LOCAL,,2,,,,0,1,1,0,0
34423,1,34423,SPR - SDAH LOCAL,,2,,,,0,1,1,0,0
34424,1,34424,SDAH- SPR LOCAL,,2,,,,0,1,1,0,0
34425,1,34425,SPR - SDAH LOCAL,,2,,,,0,1,1,0,0
34426,1,34426,SDAH- SPR LOCAL,,2,,,,0,1,1,0,0
34427,1,34427,SPR - SDAH LOCAL,,2,,,,0,1,1,0,0
34428,1,34428,SDAH- SPR LOCAL,,2,,,,0,1,1,0,0
34429,1,34429,SPR - SDAH LOCAL,,2,,,,0,1,1,0,0
34431,1,34431,SPR-SDAH LOCAL,,2,,,,0,1,1,0,0
34432,1,34432,SDAH- SPR LOCAL,,2,,,,0,1,1,0,0
34434,1,34434,SDAH-SPR LOCAL,,2,,,,0,1,1,0,0
34436,1,34436,SDAH-SPR LOCAL,,2,,,,0,1,1,0,0
34438,1,34438,SDAH SPR LOCAL,,2,,,,0,1,1,0,0
34440,1,34440,SDAH-SPR LOCAL,,2,,,,0,1,1,0,0
34501,1,34501,CG - SDAH  LOCAL,,2,,,,0,1,1,0,0
34502,1,34502,SDAH - CG LOCAL,,2,,,,0,1,1,0,0
34511,1,34511,CG - SDAH  LOCAL,,2,,,,0,1,1,0,0
34512,1,34512,SDAH - CG LOCAL,,2,,,,0,1,1,0,0
34513,1,34513,CG - SDAH  LOCAL,,2,,,,0,1,1,0,0
34514,1,34514,SDAH - CG LOCAL,,2,,,,0,1,1,0,0
34515,1,34515,CG - SDAH  LOCAL,,2,,,,0,1,1,0,0
34516,1,34516,SDAH - CG LOCAL,,2,,,,0,1,1,0,0
34517,1,34517,CG - SDAH  LOCAL,,2,,,,0,1,1,0,0
34518,1,34518,SDAH - CG LOCAL,,2,,,,0,1,1,0,0
34519,1,34519,CG - SDAH  LOCAL,,2,,,,0,1,1,0,0
34520,1,34520,SDAH - CG LOCAL,,2,,,,0,1,1,0,0
34521,1,34521,CG - SDAH  LOCAL,,2,,,,0,1,1,0,0
34522,1,34522,SDAH - CG LOCAL,,2,,,,0,1,1,0,0
34523,1,34523,CG - SDAH  LOCAL,,2,,,,0,1,1,0,0
34524,1,34524,SDAH - CG LOCAL,,2,,,,0,1,1,0,0
34525,1,34525,CG - SDAH  LOCAL,,2,,,,0,1,1,0,0
34526,1,34526,SDAH - CG LOCAL,,2,,,,0,1,1,0,0
34527,1,34527,CG - SDAH  LOCAL,,2,,,,0,1,1,0,0
34528,1,34528,SDAH - CG LOCAL,,2,,,,0,1,1,0,0
34529,1,34529,CG - SDAH  LOCAL,,2,,,,0,1,1,0,0
34530,1,34530,SDAH - CG LOCAL,,2,,,,0,1,1,0,0
34531,1,34531,CG - SDAH  LOCAL,,2,,,,0,1,1,0,0
34532,1,34532,SDAH - CG LOCAL,,2,,,,0,1,1,0,0
34533,1,34533,CG - SDAH  LOCAL,,2,,,,0,1,1,0,0
34534,1,34534,SDAH - CG LOCAL,,2,,,,0,1,1,0,0
34535,1,34535,CG - SDAH  LOCAL,,2,,,,0,1,1,0,0
34536,1,34536,SDAH - CG LOCAL,,2,,,,0,1,1,0,0
34537,1,34537,CG - SDAH  LOCAL,,2,,,,0,1,1,0,0
34538,1,34538,SDAH - CG LOCAL,,2,,,,0,1,1,0,0
34539,1,34539,CG - SDAH  LOCAL,,2,,,,0,1,1,0,0
34540,1,34540,SDAH - CG LOCAL,,2,,,,0,1,1,0,0
34541,1,34541,CG - SDAH  LOCAL,,2,,,,0,1,1,0,0
34542,1,34542,SDAH - CG LOCAL,,2,,,,0,1,1,0,0
34543,1,34543,CG - SDAH  LOCAL,,2,,,,0,1,1,0,0
34544,1,34544,SDAH - CG LOCAL,,2,,,,0,1,1,0,0
34545,1,34545,CG - SDAH  LOCAL,,2,,,,0,1,1,0,0
34546,1,34546,SDAH - CG LOCAL,,2,,,,0,1,1,0,0
34547,1,34547,CG - SDAH  LOCAL,,2,,,,0,1,1,0,0
34548,1,34548,SDAH - CG LOCAL,,2,,,,0,1,1,0,0
34549,1,34549,CG - SDAH  LOCAL,,2,,,,0,1,1,0,0
34550,1,34550,SDAH - CG LOCAL,,2,,,,0,1,1,0,0
34551,1,34551,CG - SDAH  LOCAL,,2,,,,0,1,1,0,0
34552,1,34552,SDAH - CG LOCAL,,2,,,,0,1,1,0,0
34553,1,34553,CG - SDAH  LOCAL,,2,,,,0,1,1,0,0
34554,1,34554,SDAH-CG LOCAL,,2,,,,0,1,1,0,0
34555,1,34555,CG - SDAH  LOCAL,,2,,,,0,1,1,0,0
34556,1,34556,SDAH - CG LOCAL,,2,,,,0,1,1,0,0
34557,1,34557,CG-SDAH LOCAL,,2,,,,0,1,1,0,0
34601,1,34601,BRP - SDAH LOCAL,,2,,,,0,1,1,0,0
34602,1,34602,SDAH - BRP LOCAL,,2,,,,0,1,1,0,0
34611,1,34611,BRP - SDAH LOCAL,,2,,,,0,1,1,0,0
34612,1,34612,SDAH - BRP LOCAL,,2,,,,0,1,1,0,0
34613,1,34613,BRP - SDAH LOCAL,,2,,,,0,1,1,0,0
34614,1,34614,SDAH - BRP LOCAL,,2,,,,0,1,1,0,0
34615,1,34615,BRP - SDAH LOCAL,,2,,,,0,1,1,0,0
34616,1,34616,SDAH - BRP LOCAL,,2,,,,0,1,1,0,0
34617,1,34617,BRP - SDAH LOCAL,,2,,,,0,1,1,0,0
34618,1,34618,SDAH - BRP LOCAL,,2,,,,0,1,1,0,0
34619,1,34619,BRP - SDAH LOCAL,,2,,,,0,1,1,0,0
34620,1,34620,SDAH - BRP LOCAL,,2,,,,0,1,1,0,0
34621,1,34621,BRP - SDAH LOCAL,,2,,,,0,1,1,0,0
34622,1,34622,SDAH - BRP LOCAL,,2,,,,0,1,1,0,0
34623,1,34623,BRP - SDAH LOCAL,,2,,,,0,1,1,0,0
34624,1,34624,SDAH - BRP LOCAL,,2,,,,0,1,1,0,0
34625,1,34625,BRP - SDAH LOCAL,,2,,,,0,1,1,0,0
34626,1,34626,SDAH - BRP LOCAL,,2,,,,0,1,1,0,0
34627,1,34627,BRP - SDAH LOCAL,,2,,,,0,1,1,0,0
34628,1,34628,SDAH - BRP LOCAL,,2,,,,0,1,1,0,0
34629,1,34629,BRP - SDAH LOCAL,,2,,,,0,1,1,0,0
34632,1,34632,SDAH - BRP LOCAL,,2,,,,0,1,1,0,0
34633,1,34633,BRP - SDAH LOCAL,,2,,,,0,1,1,0,0
34636,1,34636,SDAH - BRP LOCAL,,2,,,,0,1,1,0,0
34637,1,34637,BRP - SDAH LOCAL,,2,,,,0,1,1,0,0
34638,1,34638,SDAH - BRP LOCAL,,2,,,,0,1,1,0,0
34639,1,34639,BRP - SDAH LOCAL,,2,,,,0,1,1,0,0
34640,1,34640,SDAH - BRP LOCAL,,2,,,,0,1,1,0,0
34641,1,34641,BRP - SDAH LOCAL,,2,,,,0,1,1,0,0
34642,1,34642,SDAH - BRP LOCAL,,2,,,,0,1,1,0,0
34643,1,34643,BRP - SDAH LOCAL,,2,,,,0,1,1,0,0
34644,1,34644,SDAH - BRP LOCAL,,2,,,,0,1,1,0,0
34645,1,34645,BRP - SDAH LOCAL,,2,,,,0,1,1,0,0
34646,1,34646,SDAH - LKPR LOCAL,,2,,,,0,1,1,0,0
34647,1,34647,BRP - SDAH LOCAL,,2,,,,0,1,1,0,0
34648,1,34648,SDAH - BRP LOCAL,,2,,,,0,1,1,0,0
34649,1,34649,BRP SDAH LOCAL,,2,,,,0,1,1,0,0
34650,1,34650,SDAH BRP LOCALL,,2,,,,0,1,1,0,0
34651,1,34651,BRP - SDAH LOCAL,,2,,,,0,1,1,0,0
34652,1,34652,SDAH BRP LOCAL,,2,,,,0,1,1,0,0
34711,1,34711,LKPR - SDAH LOCAL,,2,,,,0,1,1,0,0
34712,1,34712,SDAH-LKPR LOCAL,,2,,,,0,1,1,0,0
34713,1,34713,LKPR - SDAH LOCAL,,2,,,,0,1,1,0,0
34714,1,34714,SDAH-LKPR LOCAL,,2,,,,0,1,1,0,0
34715,1,34715,LKPR - SDAH LOCAL,,2,,,,0,1,1,0,0
34716,1,34716,SDAH-LKPR LOCAL,,2,,,,0,1,1,0,0
34717,1,34717,LKPR - SDAH LOCAL,,2,,,,0,1,1,0,0
34718,1,34718,SDAH-LKPR LOCAL,,2,,,,0,1,1,0,0
34719,1,34719,LKPR - SDAH LOCAL,,2,,,,0,1,1,0,0
34720,1,34720,SDAH-LKPR LOCAL,,2,,,,0,1,1,0,0
34721,1,34721,LKPR - SDAH LOCAL,,2,,,,0,1,1,0,0
34722,1,34722,SDAH-LKPR LOCAL,,2,,,,0,1,1,0,0
34723,1,34723,LKPR - SDAH LOCAL,,2,,,,0,1,1,0,0
34724,1,34724,SDAH-LKPR LOCAL,,2,,,,0,1,1,0,0
34725,1,34725,LKPR - SDAH LOCAL,,2,,,,0,1,1,0,0
34726,1,34726,SDAH-LKPR LOCAL,,2,,,,0,1,1,0,0
34727,1,34727,LKPR - SDAH LOCAL,,2,,,,0,1,1,0,0
34728,1,34728,SDAH-LKPR LOCAL,,2,,,,0,1,1,0,0
34729,1,34729,LKPR - SDAH LOCAL,,2,,,,0,1,1,0,0
34730,1,34730,SDAH-LKPR LOCAL,,2,,,,0,1,1,0,0
34731,1,34731,LKPR - SDAH LOCAL,,2,,,,0,1,1,0,0
34732,1,34732,SDAH-LKPR LOCAL,,2,,,,0,1,1,0,0
34733,1,34733,LKPR - SDAH LOCAL,,2,,,,0,1,1,0,0
34734,1,34734,SDAH-LKPR LOCAL,,2,,,,0,1,1,0,0
34735,1,34735,LKPR - SDAH LOCAL,,2,,,,0,1,1,0,0
34736,1,34736,SDAH-LKPR LOCAL,,2,,,,0,1,1,0,0
34737,1,34737,LKPR - SDAH LOCAL,,2,,,,0,1,1,0,0
34738,1,34738,SDAH-LKPR LOCAL,,2,,,,0,1,1,0,0
34739,1,34739,LKPR - SDAH LOCAL,,2,,,,0,1,1,0,0
34740,1,34740,SDAH-LKPR LOCAL,,2,,,,0,1,1,0,0
34741,1,34741,LKPR - SDAH LOCAL,,2,,,,0,1,1,0,0
34742,1,34742,SDAH-LKPR LOCAL,,2,,,,0,1,1,0,0
34743,1,34743,LKPR - SDAH LOCAL,,2,,,,0,1,1,0,0
34744,1,34744,SDAH-LKPR LOCAL,,2,,,,0,1,1,0,0
34745,1,34745,LKPR - SDAH LOCAL,,2,,,,0,1,1,0,0
34746,1,34746,SDAH-LKPR LOCAL,,2,,,,0,1,1,0,0
34747,1,34747,LKPR - SDAH LOCAL,,2,,,,0,1,1,0,0
34748,1,34748,SDAH-LKPR LOCAL,,2,,,,0,1,1,0,0
34749,1,34749,LKPR - SDAH LOCAL,,2,,,,0,1,1,0,0
34750,1,34750,SDAH-LKPR LOCAL,,2,,,,0,1,1,0,0
34751,1,34751,LKPR - SDAH LOCAL,,2,,,,0,1,1,0,0
34752,1,34752,SDAH-LKPR LOCAL,,2,,,,0,1,1,0,0
34753,1,34753,LKPR - SDAH LOCAL,,2,,,,0,1,1,0,0
34754,1,34754,SDAH-LKPR LOCAL,,2,,,,0,1,1,0,0
34755,1,34755,LKPR - SDAH LOCAL,,2,,,,0,1,1,0,0
34756,1,34756,SDAH - LKPR LOCAL,,2,,,,0,1,1,0,0
34757,1,34757,LKPR - SDAH LOCAL,,2,,,,0,1,1,0,0
34782,1,34782,SDAH - KAKDWIP LOCAL,,2,,,,0,1,1,0,0
34791,1,34791,NMKA - SDAH LOCAL,,2,,,,0,1,1,0,0
34792,1,34792,SDAH - NMKA LOCAL,,2,,,,0,1,1,0,0
34793,1,34793,NMKA-SDAH LOCAL,,2,,,,0,1,1,0,0
34794,1,34794,SDAH-NAMKHANA LOCAL,,2,,,,0,1,1,0,0
34795,1,34795,NMKA-SDAH LOCAL,,2,,,,0,1,1,0,0
34796,1,34796,SPR - NMKA LOCAL,,2,,,,0,1,1,0,0
34811,1,34811,DH - SDAH LOCAL,,2,,,,0,1,1,0,0
34812,1,34812,SDAH-DH LOCAL,,2,,,,0,1,1,0,0
34813,1,34813,DH - SDAH LOCAL,,2,,,,0,1,1,0,0
34814,1,34814,SDAH-DH LOCAL,,2,,,,0,1,1,0,0
34815,1,34815,DH - SDAH LOCAL,,2,,,,0,1,1,0,0
34816,1,34816,SDAH-DH LOCAL,,2,,,,0,1,1,0,0
34817,1,34817,DH - SDAH LOCAL,,2,,,,0,1,1,0,0
34818,1,34818,SDAH-DH LOCAL,,2,,,,0,1,1,0,0
34819,1,34819,DH - SDAH LOCAL,,2,,,,0,1,1,0,0
34820,1,34820,SDAH-DH LOCAL,,2,,,,0,1,1,0,0
34821,1,34821,DH - SDAH LOCAL,,2,,,,0,1,1,0,0
34822,1,34822,SDAH-DH LOCAL,,2,,,,0,1,1,0,0
34823,1,34823,DH - SDAH LOCAL,,2,,,,0,1,1,0,0
34824,1,34824,SDAH-DH LOCAL,,2,,,,0,1,1,0,0
34825,1,34825,DH - SDAH LOCAL,,2,,,,0,1,1,0,0
34826,1,34826,SDAH-DH LOCAL,,2,,,,0,1,1,0,0
34827,1,34827,DH - SDAH LOCAL,,2,,,,0,1,1,0,0
34828,1,34828,SDAH-DH LOCAL,,2,,,,0,1,1,0,0
34829,1,34829,DH - SDAH LOCAL,,2,,,,0,1,1,0,0
34830,1,34830,SDAH-DH LOCAL,,2,,,,0,1,1,0,0
34831,1,34831,DH - SDAH LOCAL,,2,,,,0,1,1,0,0
34832,1,34832,SDAH-DH LOCAL,,2,,,,0,1,1,0,0
34833,1,34833,DH - SDAH LOCAL,,2,,,,0,1,1,0,0
34834,1,34834,SDAH-DH LOCAL,,2,,,,0,1,1,0,0
34835,1,34835,DH - SDAH LOCAL,,2,,,,0,1,1,0,0
34836,1,34836,SDAH-DH LOCAL,,2,,,,0,1,1,0,0
34837,1,34837,DH - SDAH LOCAL,,2,,,,0,1,1,0,0
34838,1,34838,SDAH-DH LOCAL,,2,,,,0,1,1,0,0
34839,1,34839,DH - SDAH LOCAL,,2,,,,0,1,1,0,0
34840,1,34840,SDAH-DH LOCAL,,2,,,,0,1,1,0,0
34841,1,34841,DH - SDAH LOCAL,,2,,,,0,1,1,0,0
34842,1,34842,SDAH-DH LOCAL,,2,,,,0,1,1,0,0
34843,1,34843,DH - SDAH LOCAL,,2,,,,0,1,1,0,0
34844,1,34844,SDAH-DH LOCAL,,2,,,,0,1,1,0,0
34845,1,34845,DH - SDAH LOCAL,,2,,,,0,1,1,0,0
34846,1,34846,SDAH-DH LOCAL,,2,,,,0,1,1,0,0
34847,1,34847,DH - SDAH LOCAL,,2,,,,0,1,1,0,0
34848,1,34848,SDAH-DH LOCAL,,2,,,,0,1,1,0,0
34849,1,34849,DH - SDAH LOCAL,,2,,,,0,1,1,0,0
34850,1,34850,SDAH-DH LOCAL,,2,,,,0,1,1,0,0
34851,1,34851,DH - SDAH LOCAL,,2,,,,0,1,1,0,0
34852,1,34852,SDAH-DH LOCAL,,2,,,,0,1,1,0,0
34853,1,34853,DH - SDAH LOCAL,,2,,,,0,1,1,0,0
34854,1,34854,SDAH-DH LOCAL,,2,,,,0,1,1,0,0
34855,1,34855,DH - SDAH LOCAL,,2,,,,0,1,1,0,0
34856,1,34856,SDAH-DH LOCAL,,2,,,,0,1,1,0,0
34857,1,34857,DH-SDAH LOCAL,,2,,,,0,1,1,0,0
34858,1,34858,SDAH-DH LOCAL,,2,,,,0,1,1,0,0
34859,1,34859,DH SDAH LOCAL,,2,,,,0,1,1,0,0
34860,1,34860,SDAH DH LOCAL,,2,,,,0,1,1,0,0
34861,1,34861,DH SDAH LOCAL,,2,,,,0,1,1,0,0
34862,1,34862,SDAH-DH LOCAL,,2,,,,0,1,1,0,0
34863,1,34863,DH - SDAH LOCAL,,2,,,,0,1,1,0,0
34881,1,34881,DH SONARPUR LOCAL,,2,,,,0,1,1,0,0
34882,1,34882,SPR DH LOCAL,,2,,,,0,1,1,0,0
34883,1,34883,DH - BLN LOCAL,,2,,,,0,1,1,0,0
34884,1,34884,SPR DH LOCAL,,2,,,,0,1,1,0,0
34885,1,34885,DH SONARPUR LOCAL,,2,,,,0,1,1,0,0
34886,1,34886,SPR DH LOCAL,,2,,,,0,1,1,0,0
34888,1,34888,SPR DH LOCAL,,2,,,,0,1,1,0,0
34891,1,34891,DH BRP LOCAL,,2,,,,0,1,1,0,0
34892,1,34892,BARUIPUR DH EMU LOCAL,,2,,,,0,1,1,0,0
34898,1,34898,SDAH-DH LOCAL,,2,,,,0,1,1,0,0
34899,1,34899,DH - SDAH LOCAL,,2,,,,0,1,1,0,0
34913,1,34913,NMKA - LKPR LOCAL,,2,,,,0,1,1,0,0
34915,1,34915,NMKA - LKPR LOCAL,,2,,,,0,1,1,0,0
34916,1,34916,LKPR - NMKA LOCAL,,2,,,,0,1,1,0,0
34917,1,34917,NMKA - LKPR LOCAL,,2,,,,0,1,1,0,0
34918,1,34918,LKPR  NMKA LOCAL,,2,,,,0,1,1,0,0
34919,1,34919,NMKA - LKPR LOCAL,,2,,,,0,1,1,0,0
34920,1,34920,LKPR - NMKA LOCAL,,2,,,,0,1,1,0,0
34921,1,34921,NMKA - LKPR LOCAL,,2,,,,0,1,1,0,0
34922,1,34922,LKPR  NMKA LOCAL,,2,,,,0,1,1,0,0
34923,1,34923,NMKA - LKPR LOCAL,,2,,,,0,1,1,0,0
34924,1,34924,LKPR - NMKA LOCAL,,2,,,,0,1,1,0,0
34925,1,34925,NMKA - LKPR LOCAL,,2,,,,0,1,1,0,0
34926,1,34926,LKPR - NMKA LOCAL,,2,,,,0,1,1,0,0
34927,1,34927,NMKA - LKPR LOCAL,,2,,,,0,1,1,0,0
34928,1,34928,LKPR - NMKA LOCAL,,2,,,,0,1,1,0,0
34929,1,34929,NMKA - LKPR LOCAL,,2,,,,0,1,1,0,0
34930,1,34930,LKPR - NMKA LOCAL,,2,,,,0,1,1,0,0
34931,1,34931,NMKA - LKPR LOCAL,,2,,,,0,1,1,0,0
34932,1,34932,LKPR - NMKA LOCAL,,2,,,,0,1,1,0,0
34933,1,34933,NMKA - LKPR LOCAL,,2,,,,0,1,1,0,0
34934,1,34934,LKPR - NMKA LOCAL,,2,,,,0,1,1,0,0
34936,1,34936,LKPR - NMKA LOCAL,,2,,,,0,1,1,0,0
34937,1,34937,NMKA KWDP LOCAL,,2,,,,0,1,1,0,0
34938,1,34938,KWDP NMKA LOCAL,,2,,,,0,1,1,0,0
34981,1,34981,KWDP-LKPR LOCAL,,2,,,,0,1,1,0,0
35011,1,35011,BWN KWAE LOCAL,,2,,,,0,1,1,0,0
35012,1,35012,KWAE BWN LOCAL,,2,,,,0,1,1,0,0
35013,1,35013,BWN KWAE LOCAL,,2,,,,0,1,1,0,0
35014,1,35014,KWAE BWN LOCAL,,2,,,,0,1,1,0,0
35015,1,35015,BWN KWAE LOCAL,,2,,,,0,1,1,0,0
35016,1,35016,KWAE BWN LOCAL,,2,,,,0,1,1,0,0
35017,1,35017,BWN KWAE LOCAL,,2,,,,0,1,1,0,0
35018,1,35018,KWAE - BWN LOCAL,,2,,,,0,1,1,0,0
35019,1,35019,BWN BGNA LOCAL,,2,,,,0,1,1,0,0
35020,1,35020,KWAE BWN LOCAL,,2,,,,0,1,1,0,0
35021,1,35021,BWN KWAE LOCAL,,2,,,,0,1,1,0,0
35022,1,35022,KWAE BWN LOCAL,,2,,,,0,1,1,0,0
35023,1,35023,BWN KWAE EMU LOCAL,,2,,,,0,1,1,0,0
35024,1,35024,KWAE BWN EMU LOCAL,,2,,,,0,1,1,0,0
35041,1,35041,KWAE AMP EMU PGR,,2,,,,0,1,1,0,0
35042,1,35042,AMP KWAE EMU PGR,,2,,,,0,1,1,0,0
35061,1,35061,KWAE-AZ EMU PGR,,2,,,,0,1,1,0,0
35062,1,35062,AZ KWAE EMU PGR,,2,,,,0,1,1,0,0
36011,1,36011,HWH-BRPA LOCAL,,2,,,,0,1,1,0,0
36012,1,36012,BRPA-HWH LOCAL,,2,,,,0,1,1,0,0
36031,1,36031,HWH-CDAE LOCAL,,2,,,,0,1,1,0,0
36032,1,36032,CDAE-HWH LOCAL,,2,,,,0,1,1,0,0
36033,1,36033,HWH-CDAE LOCAL,,2,,,,0,1,1,0,0
36034,1,36034,CDAE HWH LOCAL,,2,,,,0,1,1,0,0
36035,1,36035,HWH-CDAE LOCAL,,2,,,,0,1,1,0,0
36036,1,36036,CDAE-HWH LOCAL,,2,,,,0,1,1,0,0
36037,1,36037,HWH-CDAE LOCAL,,2,,,,0,1,1,0,0
36038,1,36038,CDAE HWH LOCAL,,2,,,,0,1,1,0,0
36071,1,36071,HWH-GRAE LOCAL,,2,,,,0,1,1,0,0
36072,1,36072,HOWRAH-GURAP LOCAL,,2,,,,0,1,1,0,0
36081,1,36081,HWH-MSAE LOCAL,,2,,,,0,1,1,0,0
36082,1,36082,MSAE-HWH LOCAL,,2,,,,0,1,1,0,0
36083,1,36083,HWH-MSAE LOCAL,,2,,,,0,1,1,0,0
36084,1,36084,MSAE-HWH LOCAL,,2,,,,0,1,1,0,0
36085,1,36085,HWH-MSAE LOCAL,,2,,,,0,1,1,0,0
36086,1,36086,MSAE HWH LOCAL,,2,,,,0,1,1,0,0
36087,1,36087,HWH-MSAELOCAL,,2,,,,0,1,1,0,0
36088,1,36088,MSAE-HWH LOCAL,,2,,,,0,1,1,0,0
36811,1,36811,HWH-BWN LOCAL,,2,,,,0,1,1,0,0
36812,1,36812,BWN-HWH CHORD  LOCAL,,2,,,,0,1,1,0,0
36813,1,36813,HWH-BWN LOCAL,,2,,,,0,1,1,0,0
36814,1,36814,BWN-HWH CHORD  LOCAL,,2,,,,0,1,1,0,0
36815,1,36815,HWH-BWN LOCAL,,2,,,,0,1,1,0,0
36816,1,36816,BWN-HWH CHORD  LOCAL,,2,,,,0,1,1,0,0
36817,1,36817,HWH-BWN LOCAL,,2,,,,0,1,1,0,0
36818,1,36818,BWN-HWH CHORD  LOCAL,,2,,,,0,1,1,0,0
36819,1,36819,HWH- BWN LOCAL,,2,,,,0,1,1,0,0
36820,1,36820,BWN-HWH CHORD  LOCAL,,2,,,,0,1,1,0,0
36821,1,36821,HWH- BWN LOCAL,,2,,,,0,1,1,0,0
36822,1,36822,BWN-HWH CHORD  LOCAL,,2,,,,0,1,1,0,0
36823,1,36823,HWH- BWN LOCAL,,2,,,,0,1,1,0,0
36824,1,36824,BWN-HWH CHORD  LOCAL,,2,,,,0,1,1,0,0
36825,1,36825,HWH - BWN CHORD  LOCAL,,2,,,,0,1,1,0,0
36826,1,36826,BWN-HWH CHORD  LOCAL,,2,,,,0,1,1,0,0
36827,1,36827,HWH - BWN CHORD  LOCAL,,2,,,,0,1,1,0,0
36828,1,36828,BWN-HWH CHORD  LOCAL,,2,,,,0,1,1,0,0
36829,1,36829,HWH-BWN CHORD LOCAL,,2,,,,0,1,1,0,0
36830,1,36830,BWN-HWH CHORD  LOCAL,,2,,,,0,1,1,0,0
36831,1,36831,HWH - BWN  CHORD LOCAL,,2,,,,0,1,1,0,0
36832,1,36832,BWN-HWH CHORD  LOCAL,,2,,,,0,1,1,0,0
36833,1,36833,HWH - BWN  CHORD LOCAL,,2,,,,0,1,1,0,0
36834,1,36834,BWN-HWH CHORD  LOCAL,,2,,,,0,1,1,0,0
36835,1,36835,HWH - BWN  CHORD LOCAL,,2,,,,0,1,1,0,0
36836,1,36836,BWN-HWH CHORD  LOCAL,,2,,,,0,1,1,0,0
36837,1,36837,HWH - BWN  CHORD LOCAL,,2,,,,0,1,1,0,0
36838,1,36838,BWN-HWH CHORD  LOCAL,,2,,,,0,1,1,0,0
36839,1,36839,HWH - BWN  CHORD LOCAL,,2,,,,0,1,1,0,0
36840,1,36840,BWN-HWH CHORD  LOCAL,,2,,,,0,1,1,0,0
36841,1,36841,HWH - BWN  CHORD LOCAL,,2,,,,0,1,1,0,0
36842,1,36842,BWN-HWH CHORD  LOCAL,,2,,,,0,1,1,0,0
36843,1,36843,HWH - BWN  CHORD LOCAL,,2,,,,0,1,1,0,0
36844,1,36844,BWN-HWH CHORD  LOCAL,,2,,,,0,1,1,0,0
36845,1,36845,HWH - BWN  CHORD LOCAL,,2,,,,0,1,1,0,0
36846,1,36846,BWN-HWH CHORD  LOCAL,,2,,,,0,1,1,0,0
36847,1,36847,HWH - BWN  CHORD LOCAL,,2,,,,0,1,1,0,0
36848,1,36848,BWN-HWH CHORD  LOCAL,,2,,,,0,1,1,0,0
36849,1,36849,HWH - BWN  CHORD LOCAL,,2,,,,0,1,1,0,0
36850,1,36850,BWN HWH  CHORD  LOCAL,,2,,,,0,1,1,0,0
36851,1,36851,HWH - BWN  CHORD LOCAL,,2,,,,0,1,1,0,0
36852,1,36852,BWN-HWH CHORD  LOCAL,,2,,,,0,1,1,0,0
36853,1,36853,HWH - BWN  CHORD LOCAL,,2,,,,0,1,1,0,0
36854,1,36854,BWN HWH  CHORD  LOCAL,,2,,,,0,1,1,0,0
36855,1,36855,HWH - BWN  CHORD LOCAL,,2,,,,0,1,1,0,0
36856,1,36856,BWN-HWH CHORD  LOCAL,,2,,,,0,1,1,0,0
36858,1,36858,BWN HWH  CHORD  LOCAL,,2,,,,0,1,1,0,0
36860,1,36860,BWN-HWH CHORD  LOCAL,,2,,,,0,1,1,0,0
37011,1,37011,HWH-SRP LOCAL,,2,,,,0,1,1,0,0
37012,1,37012,SRP-HWH LOCAL,,2,,,,0,1,1,0,0
37013,1,37013,HWH-SRP LOCAL,,2,,,,0,1,1,0,0
37014,1,37014,SRP-HWH LOCAL,,2,,,,0,1,1,0,0
37041,1,37041,HWH-SHE LOCAL,,2,,,,0,1,1,0,0
37042,1,37042,SHE-HWH LOCAL,,2,,,,0,1,1,0,0
37043,1,37043,HWH-SHE LOCAL,,2,,,,0,1,1,0,0
37044,1,37044,SHE HWH LOCAL,,2,,,,0,1,1,0,0
37045,1,37045,SHE-HWH LOCAL,,2,,,,0,1,1,0,0
37046,1,37046,SHE-HWH LOCAL,,2,,,,0,1,1,0,0
37047,1,37047,HWH-SHE LOCAL,,2,,,,0,1,1,0,0
37048,1,37048,SHE-HWH LOCAL,,2,,,,0,1,1,0,0
37049,1,37049,HWH-SHE LOCAL,,2,,,,0,1,1,0,0
37050,1,37050,SHE-HWH LOCAL,,2,,,,0,1,1,0,0
37051,1,37051,HWH SHE LOCAL,,2,,,,0,1,1,0,0
37052,1,37052,SHE HWH LOCAL,,2,,,,0,1,1,0,0
37055,1,37055,HWH-SHE LOCAL,,2,,,,0,1,1,0,0
37056,1,37056,SHE-HWH LOCAL,,2,,,,0,1,1,0,0
37057,1,37057,HWH- SHE LOCAL,,2,,,,0,1,1,0,0
37058,1,37058,SHE-HWH LOCAL,,2,,,,0,1,1,0,0
37059,1,37059,HWH-SHE LOCAL,,2,,,,0,1,1,0,0
37060,1,37060,SHEORAPHULI HOWRAH LOCAL,,2,,,,0,1,1,0,0
37061,1,37061,HWH-SHE LOCAL,,2,,,,0,1,1,0,0
37062,1,37062,SHE-HWH LOCAL,,2,,,,0,1,1,0,0
37063,1,37063,HWH-SHE LOCAL,,2,,,,0,1,1,0,0
37064,1,37064,SHE-HWH LOCAL,,2,,,,0,1,1,0,0
37111,1,37111,HWH-BELURMATH LOCAL,,2,,,,0,1,1,0,0
37112,1,37112,BRMH - HWH LOCAL,,2,,,,0,1,1,0,0
37117,1,37117,HWH-BRMH LOCAL,,2,,,,0,1,1,0,0
37118,1,37118,BRMH - HWH LOCAL,,2,,,,0,1,1,0,0
37201,1,37201,MATRIBHUMI LOCAL,,2,,,,0,1,1,0,0
37202,1,37202,BDC-HWH MATRIBHUMI LOCAL,,2,,,,0,1,1,0,0
37211,1,37211,HWH-BDC LOCAL,,2,,,,0,1,1,0,0
37212,1,37212,BDC-HWH LOCAL,,2,,,,0,1,1,0,0
37213,1,37213,HWH-BDC LOCAL,,2,,,,0,1,1,0,0
37214,1,37214,BDC-HWH LOCAL,,2,,,,0,1,1,0,0
37215,1,37215,HWH-BDC LOCAL,,2,,,,0,1,1,0,0
37216,1,37216,BDC-HWH LOCAL,,2,,,,0,1,1,0,0
37217,1,37217,HWH - BDC LOCAL,,2,,,,0,1,1,0,0
37218,1,37218,BDC-HWH LOCAL,,2,,,,0,1,1,0,0
37219,1,37219,HWH-BDC LOCAL,,2,,,,0,1,1,0,0
37220,1,37220,BDC-HWH LOCAL,,2,,,,0,1,1,0,0
37221,1,37221,HWH-BDC LOCAL,,2,,,,0,1,1,0,0
37222,1,37222,BDC-HWH LOCAL,,2,,,,0,1,1,0,0
37223,1,37223,HWH-BDC LOCAL,,2,,,,0,1,1,0,0
37224,1,37224,BDC-HWH LOCAL,,2,,,,0,1,1,0,0
37225,1,37225,HWH-BDC LOCAL,,2,,,,0,1,1,0,0
37226,1,37226,BDC-HWH LOCAL,,2,,,,0,1,1,0,0
37227,1,37227,HWH-BDC LOCAL,,2,,,,0,1,1,0,0
37228,1,37228,BDC-HWH LOCAL,,2,,,,0,1,1,0,0
37229,1,37229,HWH - BDC LOCAL,,2,,,,0,1,1,0,0
37230,1,37230,BDC-HWH LOCAL,,2,,,,0,1,1,0,0
37231,1,37231,HWH-BDC LOCAL,,2,,,,0,1,1,0,0
37232,1,37232,BDC-HWH LOCAL,,2,,,,0,1,1,0,0
37233,1,37233,HWH-BDC LOCAL,,2,,,,0,1,1,0,0
37234,1,37234,BDC-HWH LOCAL,,2,,,,0,1,1,0,0
37235,1,37235,HWH-BDC LOCAL,,2,,,,0,1,1,0,0
37236,1,37236,BDC-HWHLOCAL,,2,,,,0,1,1,0,0
37237,1,37237,HWH-BDC LOCAL,,2,,,,0,1,1,0,0
37238,1,37238,BDC-HWH LOCAL,,2,,,,0,1,1,0,0
37239,1,37239,HWH-BDC LOCAL,,2,,,,0,1,1,0,0
37240,1,37240,BDC-HWH LOCAL,,2,,,,0,1,1,0,0
37241,1,37241,HWH - BDC LOCAL,,2,,,,0,1,1,0,0
37242,1,37242,BDC-HWH LOCAL,,2,,,,0,1,1,0,0
37243,1,37243,HWH-BDC LOCAL,,2,,,,0,1,1,0,0
37244,1,37244,BDC-HWH LOCAL,,2,,,,0,1,1,0,0
37245,1,37245,HWH-BDC LOCAL,,2,,,,0,1,1,0,0
37246,1,37246,BDC-HWH LOCAL,,2,,,,0,1,1,0,0
37247,1,37247,HWH-BDC LOCAL,,2,,,,0,1,1,0,0
37248,1,37248,BDC-HWH LOCAL,,2,,,,0,1,1,0,0
37249,1,37249,HWH-BDC LOCAL,,2,,,,0,1,1,0,0
37250,1,37250,BDC-HWH LOCAL,,2,,,,0,1,1,0,0
37251,1,37251,HWH-BDC LOCAL,,2,,,,0,1,1,0,0
37252,1,37252,BDC-HWH LOCAL,,2,,,,0,1,1,0,0
37253,1,37253,HWH-BDC LOCAL,,2,,,,0,1,1,0,0
37254,1,37254,BDC-HWH LOCAL,,2,,,,0,1,1,0,0
37255,1,37255,HWH-BDC LOCAL,,2,,,,0,1,1,0,0
37256,1,37256,BDC-HWH LOCAL,,2,,,,0,1,1,0,0
37257,1,37257,HWH-BDC LOCAL,,2,,,,0,1,1,0,0
37258,1,37258,BDC-HWH LOCAL,,2,,,,0,1,1,0,0
37259,1,37259,HWH-BDC LOCAL,,2,,,,0,1,1,0,0
37260,1,37260,BDC-HWH LOCAL,,2,,,,0,1,1,0,0
37261,1,37261,HWH-BDC LOCAL,,2,,,,0,1,1,0,0
37262,1,37262,BDC-HWH LOCAL,,2,,,,0,1,1,0,0
37263,1,37263,HWH-BDC LOCAL,,2,,,,0,1,1,0,0
37264,1,37264,BDC-HWH LOCAL,,2,,,,0,1,1,0,0
37265,1,37265,HWH BDC LOCAL,,2,,,,0,1,1,0,0
37266,1,37266,BDC-HWH LOCAL,,2,,,,0,1,1,0,0
37267,1,37267,HWH-BDC LOCAL,,2,,,,0,1,1,0,0
37268,1,37268,BDC-HWH LOCAL,,2,,,,0,1,1,0,0
37269,1,37269,HWH-BDC LOCAL,,2,,,,0,1,1,0,0
37270,1,37270,BDC-HWH LOCAL,,2,,,,0,1,1,0,0
37271,1,37271,HWH - BDC LOCAL,,2,,,,0,1,1,0,0
37272,1,37272,BDC-HWH LOCAL,,2,,,,0,1,1,0,0
37273,1,37273,HWH - BDC LOCAL,,2,,,,0,1,1,0,0
37274,1,37274,BDC-HWH LOCAL,,2,,,,0,1,1,0,0
37275,1,37275,HWH - BDC LOCAL,,2,,,,0,1,1,0,0
37276,1,37276,BDC-HWH LOCAL,,2,,,,0,1,1,0,0
37277,1,37277,HWH-BDC LOCAL,,2,,,,0,1,1,0,0
37278,1,37278,BDC-HWH LOCAL,,2,,,,0,1,1,0,0
37279,1,37279,HWH - BDC LOCAL,,2,,,,0,1,1,0,0
37280,1,37280,BDC-HWH LOCAL,,2,,,,0,1,1,0,0
37281,1,37281,HWH - BDC LOCAL,,2,,,,0,1,1,0,0
37282,1,37282,BDC-HWH LOCAL,,2,,,,0,1,1,0,0
37283,1,37283,HWH - BDC LOCAL,,2,,,,0,1,1,0,0
37284,1,37284,BDC-HWH LOCAL,,2,,,,0,1,1,0,0
37285,1,37285,HWH-BDC LOCAL,,2,,,,0,1,1,0,0
37286,1,37286,BDC-HWH LOCAL,,2,,,,0,1,1,0,0
37287,1,37287,HWH-BDC LOCAL,,2,,,,0,1,1,0,0
37288,1,37288,BDC-HWH LOCAL,,2,,,,0,1,1,0,0
37289,1,37289,HWH-BDC LOCAL,,2,,,,0,1,1,0,0
37290,1,37290,BDC LOCAL,,2,,,,0,1,1,0,0
37291,1,37291,HWH-BDC LOCAL,,2,,,,0,1,1,0,0
37301,1,37301,HWH - HPL LOCAL,,2,,,,0,1,1,0,0
37302,1,37302,HPL-HWH LOCAL,,2,,,,0,1,1,0,0
37303,1,37303,HWH HPL ANDOLAN LOCAL,,2,,,,0,1,1,0,0
37304,1,37304,HPL-HWH LOCAL,,2,,,,0,1,1,0,0
37311,1,37311,HWH-TAK LOCAL,,2,,,,0,1,1,0,0
37312,1,37312,TAK-HWH LOCAL,,2,,,,0,1,1,0,0
37313,1,37313,HWH-TAK LOCAL,,2,,,,0,1,1,0,0
37314,1,37314,TAK-HWH LOCAL,,2,,,,0,1,1,0,0
37315,1,37315,HWH - TAK LOCAL,,2,,,,0,1,1,0,0
37316,1,37316,TAK-HWH LOCAL,,2,,,,0,1,1,0,0
37317,1,37317,HWH-TAK LOCAL,,2,,,,0,1,1,0,0
37318,1,37318,TAK-HWH LOCAL,,2,,,,0,1,1,0,0
37319,1,37319,HWH-TAK LOCAL,,2,,,,0,1,1,0,0
37320,1,37320,TAK-HWH LOCAL,,2,,,,0,1,1,0,0
37321,1,37321,HWH-TAK LOCAL,,2,,,,0,1,1,0,0
37322,1,37322,TAK - HWH ANDOLAN LOCAL,,2,,,,0,1,1,0,0
37323,1,37323,HWH-TAK LOCAL,,2,,,,0,1,1,0,0
37324,1,37324,TAK-HWH LOCAL,,2,,,,0,1,1,0,0
37325,1,37325,HWH-TAK LOCAL,,2,,,,0,1,1,0,0
37326,1,37326,TAK - HWH LOCAL,,2,,,,0,1,1,0,0
37327,1,37327,HWH - TAK LOCAL,,2,,,,0,1,1,0,0
37328,1,37328,TAK-HWH LOCAL,,2,,,,0,1,1,0,0
37329,1,37329,HWH-TAK LOCAL,,2,,,,0,1,1,0,0
37330,1,37330,TAK-HWH LOCAL,,2,,,,0,1,1,0,0
37331,1,37331,HWH-TAK LOCAL,,2,,,,0,1,1,0,0
37332,1,37332,TAK-HWH LOCAL,,2,,,,0,1,1,0,0
37333,1,37333,HWH-TAK LOCAL,,2,,,,0,1,1,0,0
37334,1,37334,TAK-HWH LOCAL,,2,,,,0,1,1,0,0
37335,1,37335,HWH-TAK LOCAL,,2,,,,0,1,1,0,0
37336,1,37336,TAK-HWH LOCAL,,2,,,,0,1,1,0,0
37337,1,37337,HWH-TAK LOCAL,,2,,,,0,1,1,0,0
37338,1,37338,TAK-HWH LOCAL,,2,,,,0,1,1,0,0
37339,1,37339,HWH - TAK LOCAL,,2,,,,0,1,1,0,0
37340,1,37340,TAK-HWH LOCAL,,2,,,,0,1,1,0,0
37341,1,37341,HWH - TAK LOCAL,,2,,,,0,1,1,0,0
37342,1,37342,TAK-HWH LOCAL,,2,,,,0,1,1,0,0
37343,1,37343,HWH-TAK LOCAL,,2,,,,0,1,1,0,0
37344,1,37344,TAK-HWH LOCAL,,2,,,,0,1,1,0,0
37345,1,37345,HWH-TAK LOCAL,,2,,,,0,1,1,0,0
37346,1,37346,TAK-HWH LOCAL,,2,,,,0,1,1,0,0
37347,1,37347,HWH-TAK LOCAL,,2,,,,0,1,1,0,0
37348,1,37348,TAK HWH LOCAL,,2,,,,0,1,1,0,0
37349,1,37349,HWH-TAK LOCAL,,2,,,,0,1,1,0,0
37350,1,37350,TAK-HWH LOCAL,,2,,,,0,1,1,0,0
37351,1,37351,HWH-TAK LOCAL,,2,,,,0,1,1,0,0
37352,1,37352,TAK-HWH LOCAL,,2,,,,0,1,1,0,0
37354,1,37354,TAK-HWH LOCAL,,2,,,,0,1,1,0,0
37356,1,37356,TAK-HWH LOCAL,,2,,,,0,1,1,0,0
37358,1,37358,TAK-HWH LOCAL,,2,,,,0,1,1,0,0
37361,1,37361,HWH-ARAMBAGH LOCAL,,2,,,,0,1,1,0,0
37362,1,37362,ARAMBAGH-HWH LOCAL,,2,,,,0,1,1,0,0
37363,1,37363,HWH-ARAMBAGH LOCAL,,2,,,,0,1,1,0,0
37364,1,37364,ARAMBAGH-HWH LOCAL,,2,,,,0,1,1,0,0
37371,1,37371,HWH-GOGT LOCAL,,2,,,,0,1,1,0,0
37372,1,37372,GOGHAT-HWH LOCAL,,2,,,,0,1,1,0,0
37373,1,37373,HWH - GOGHAT LOCAL,,2,,,,0,1,1,0,0
37374,1,37374,GOGT HWH LOCAL,,2,,,,0,1,1,0,0
37375,1,37375,HWH-GOGT LOCAL,,2,,,,0,1,1,0,0
37376,1,37376,GOGT-HWH LOCAL,,2,,,,0,1,1,0,0
37377,1,37377,HWH-GOGT LOCAL,,2,,,,0,1,1,0,0
37378,1,37378,GOGT-HWH LOCAL,,2,,,,0,1,1,0,0
37379,1,37379,HWH-GOGT LOCAL,,2,,,,0,1,1,0,0
37380,1,37380,GOGT-HWH LOCAL,,2,,,,0,1,1,0,0
37381,1,37381,HWH GOGT LOCAL,,2,,,,0,1,1,0,0
37382,1,37382,GOGT-HWH LOCAL,,2,,,,0,1,1,0,0
37383,1,37383,HWH GOGT LOCAL,,2,,,,0,1,1,0,0
37384,1,37384,GOGT-HWH LOCAL,,2,,,,0,1,1,0,0
37385,1,37385,HWH GOGT LOCAL,,2,,,,0,1,1,0,0
37387,1,37387,HWH-GOGT LOCAL,,2,,,,0,1,1,0,0
37389,1,37389,HWH-GOGT LOCAL,,2,,,,0,1,1,0,0
37401,1,37401,TAK-GOGT LOCAL,,2,,,,0,1,1,0,0
37402,1,37402,GOGT-TAK LOCAL,,2,,,,0,1,1,0,0
37403,1,37403,TAK GOGT LOCAL,,2,,,,0,1,1,0,0
37404,1,37404,GOGHAT-TARAKESWAR LOCAL,,2,,,,0,1,1,0,0
37405,1,37405,TAK-GOGT LOCAL,,2,,,,0,1,1,0,0
37406,1,37406,GOGHAT-TAK LOCAL,,2,,,,0,1,1,0,0
37408,1,37408,GOGT- TAK LOCAL,,2,,,,0,1,1,0,0
37410,1,37410,GOGHAT-TARAKESWAR LOCAL,,2,,,,0,1,1,0,0
37412,1,37412,GOGT TAK LOCAL,,2,,,,0,1,1,0,0
37413,1,37413,SHE-TAK LOCAL,,2,,,,0,1,1,0,0
37414,1,37414,TAK-SHE LOCAL,,2,,,,0,1,1,0,0
37415,1,37415,SHE TAK LOCAL,,2,,,,0,1,1,0,0
37416,1,37416,TAK SHE LOCAL,,2,,,,0,1,1,0,0
37417,1,37417,SHE-TAK EMU SPL,,2,,,,0,1,1,0,0
37418,1,37418,TAK-SHE EMU SPL,,2,,,,0,1,1,0,0
37421,1,37421,TAK AMBG LOCAL,,2,,,,0,1,1,0,0
37422,1,37422,AMBG TAK LOCAL,,2,,,,0,1,1,0,0
37423,1,37423,TAK AMBG LOCAL,,2,,,,0,1,1,0,0
37424,1,37424,AMBG TAK LOCAL,,2,,,,0,1,1,0,0
37511,1,37511,BALLY-BDC LOCAL,,2,,,,0,1,1,0,0
37512,1,37512,BDC BLY LOCAL,,2,,,,0,1,1,0,0
37521,1,37521,NH-BDC LOCAL,,2,,,,0,1,1,0,0
37522,1,37522,BDC-NH LOCAL,,2,,,,0,1,1,0,0
37523,1,37523,NH-BDC LOCAL,,2,,,,0,1,1,0,0
37524,1,37524,BDC-NH LOCAL,,2,,,,0,1,1,0,0
37525,1,37525,NH - BDC LOCAL,,2,,,,0,1,1,0,0
37526,1,37526,BDC-NH LOCAL,,2,,,,0,1,1,0,0
37527,1,37527,NH - BDC LOCAL,,2,,,,0,1,1,0,0
37528,1,37528,BDC-NH LOCAL,,2,,,,0,1,1,0,0
37529,1,37529,NH - BDC LOCAL,,2,,,,0,1,1,0,0
37530,1,37530,BDC-NH LOCAL,,2,,,,0,1,1,0,0
37531,1,37531,NH - BDC LOCAL,,2,,,,0,1,1,0,0
37532,1,37532,BDC-NH LOCAL,,2,,,,0,1,1,0,0
37533,1,37533,NH - BDC LOCAL,,2,,,,0,1,1,0,0
37534,1,37534,BDC-NH LOCAL,,2,,,,0,1,1,0,0
37535,1,37535,NH - BDC LOCAL,,2,,,,0,1,1,0,0
37536,1,37536,BDC-NH LOCAL,,2,,,,0,1,1,0,0
37537,1,37537,NH - BDC LOCAL,,2,,,,0,1,1,0,0
37538,1,37538,BDC-NH LOCAL,,2,,,,0,1,1,0,0
37539,1,37539,NH - BDC LOCAL,,2,,,,0,1,1,0,0
37540,1,37540,BDC-NH LOCAL,,2,,,,0,1,1,0,0
37541,1,37541,NH - BDC LOCAL,,2,,,,0,1,1,0,0
37542,1,37542,BDC-NH LOCAL,,2,,,,0,1,1,0,0
37543,1,37543,NH - BDC LOCAL,,2,,,,0,1,1,0,0
37544,1,37544,BDC-NH LOCAL,,2,,,,0,1,1,0,0
37545,1,37545,NH - BDC LOCAL,,2,,,,0,1,1,0,0
37546,1,37546,BDC-NH LOCAL,,2,,,,0,1,1,0,0
37547,1,37547,NH - BDC LOCAL,,2,,,,0,1,1,0,0
37548,1,37548,BDC-NH LOCAL,,2,,,,0,1,1,0,0
37549,1,37549,NH - BDC LOCAL,,2,,,,0,1,1,0,0
37550,1,37550,BDC-NH LOCAL,,2,,,,0,1,1,0,0
37551,1,37551,NH - BDC LOCAL,,2,,,,0,1,1,0,0
37552,1,37552,BDC-NH LOCAL,,2,,,,0,1,1,0,0
37553,1,37553,NH - BDC LOCAL,,2,,,,0,1,1,0,0
37554,1,37554,BDC-NH LOCAL,,2,,,,0,1,1,0,0
37555,1,37555,NH - BDC LOCAL,,2,,,,0,1,1,0,0
37556,1,37556,BDC-NH LOCAL,,2,,,,0,1,1,0,0
37557,1,37557,NH-BDC LOCAL,,2,,,,0,1,1,0,0
37558,1,37558,BDC-NH LOCAL,,2,,,,0,1,1,0,0
37611,1,37611,HWH-PDA LOCAL,,2,,,,0,1,1,0,0
37612,1,37612,PDA-HWH LOCAL,,2,,,,0,1,1,0,0
37614,1,37614,PDA-HWH LOCAL,,2,,,,0,1,1,0,0
37651,1,37651,HWH-MYM LOCAL,,2,,,,0,1,1,0,0
37652,1,37652,MYM-HWH LOCAL,,2,,,,0,1,1,0,0
37655,1,37655,HWH - MYM LOCAL,,2,,,,0,1,1,0,0
37656,1,37656,MYM-HWH LOCAL,,2,,,,0,1,1,0,0
37657,1,37657,HWH-MYM LOCAL,,2,,,,0,1,1,0,0
37658,1,37658,MYM-HWH LOCAL,,2,,,,0,1,1,0,0
37711,1,37711,BDC-PDA LOCAL,,2,,,,0,1,1,0,0
37731,1,37731,BDC-MYM LOCAL,,2,,,,0,1,1,0,0
37732,1,37732,MYM-BDC LOCAL,,2,,,,0,1,1,0,0
37741,1,37741,BDC-KWAE LOCAL,,2,,,,0,1,1,0,0
37742,1,37742,KWAE-BDC LOCAL,,2,,,,0,1,1,0,0
37743,1,37743,BDC-KWAE LOCAL,,2,,,,0,1,1,0,0
37744,1,37744,KWAE-BDC LOCAL,,2,,,,0,1,1,0,0
37745,1,37745,BDC - KWAE LOCAL,,2,,,,0,1,1,0,0
37746,1,37746,KWAE-BDC LOCAL,,2,,,,0,1,1,0,0
37747,1,37747,BDC - KWAE LOCAL,,2,,,,0,1,1,0,0
37748,1,37748,KWAE-BDC LOCAL,,2,,,,0,1,1,0,0
37749,1,37749,BDC - KWAE LOCAL,,2,,,,0,1,1,0,0
37750,1,37750,KWAE-BDC LOCAL,,2,,,,0,1,1,0,0
37751,1,37751,BDC - KWAE LOCAL,,2,,,,0,1,1,0,0
37752,1,37752,KWAE-BDC LOCAL,,2,,,,0,1,1,0,0
37753,1,37753,BDC - KWAE LOCAL,,2,,,,0,1,1,0,0
37754,1,37754,KWAE-BDC LOCAL,,2,,,,0,1,1,0,0
37755,1,37755,BDC - KWAE LOCAL,,2,,,,0,1,1,0,0
37756,1,37756,KWAE BDC LOCAL,,2,,,,0,1,1,0,0
37757,1,37757,BDC KWAE LOCAL,,2,,,,0,1,1,0,0
37758,1,37758,KWAE-BDC LOCAL,,2,,,,0,1,1,0,0
37781,1,37781,BDC-BWN LOCAL,,2,,,,0,1,1,0,0
37782,1,37782,BWN-BDC LOCAL,,2,,,,0,1,1,0,0
37783,1,37783,BDC-BWN LOCAL,,2,,,,0,1,1,0,0
37784,1,37784,BWN-BDC LOCAL,,2,,,,0,1,1,0,0
37785,1,37785,BDC-BWN  LOCAL,,2,,,,0,1,1,0,0
37786,1,37786,BWN-BDC LOCAL,,2,,,,0,1,1,0,0
37811,1,37811,HWH- BWN M LOCAL,,2,,,,0,1,1,0,0
37812,1,37812,BWN-HWH LOCAL,,2,,,,0,1,1,0,0
37813,1,37813,HWH-BWN LOCAL,,2,,,,0,1,1,0,0
37814,1,37814,BWN-HWH LOCAL,,2,,,,0,1,1,0,0
37815,1,37815,HWH- BWN M LOCAL,,2,,,,0,1,1,0,0
37816,1,37816,BWN-HWH LOCAL,,2,,,,0,1,1,0,0
37817,1,37817,HWH-BWN LOCAL,,2,,,,0,1,1,0,0
37818,1,37818,BWN-HWH LOCAL,,2,,,,0,1,1,0,0
37819,1,37819,HWH-BWN LOCAL,,2,,,,0,1,1,0,0
37820,1,37820,BWN-HWH LOCAL,,2,,,,0,1,1,0,0
37821,1,37821,HWH - BWN LOCAL,,2,,,,0,1,1,0,0
37822,1,37822,BWN-HWH LOCAL,,2,,,,0,1,1,0,0
37823,1,37823,HWH - BWN LOCAL,,2,,,,0,1,1,0,0
37824,1,37824,BWN-HWH LOCAL,,2,,,,0,1,1,0,0
37825,1,37825,HWH-BWN LOCAL,,2,,,,0,1,1,0,0
37826,1,37826,BWN-HWH LOCAL,,2,,,,0,1,1,0,0
37827,1,37827,HWH - BWN LOCAL,,2,,,,0,1,1,0,0
37828,1,37828,BWN-HWH LOCAL,,2,,,,0,1,1,0,0
37829,1,37829,HWH - BWN LOCAL,,2,,,,0,1,1,0,0
37830,1,37830,BWN-HWH LOCAL,,2,,,,0,1,1,0,0
37831,1,37831,HWH - BWN LOCAL,,2,,,,0,1,1,0,0
37832,1,37832,BWN-HWH LOCAL,,2,,,,0,1,1,0,0
37833,1,37833,HWH - BWN LOCAL  SAO,,2,,,,0,1,1,0,0
37834,1,37834,BWN - HWH LOCAL,,2,,,,0,1,1,0,0
37835,1,37835,HWH - BWN LOCAL,,2,,,,0,1,1,0,0
37836,1,37836,BWN-HWH LOCAL,,2,,,,0,1,1,0,0
37837,1,37837,HWH-BWN LOCAL,,2,,,,0,1,1,0,0
37838,1,37838,BWN - HWH LOCAL,,2,,,,0,1,1,0,0
37839,1,37839,HWH - BWN LOCAL,,2,,,,0,1,1,0,0
37840,1,37840,BWN - HWH LOCAL,,2,,,,0,1,1,0,0
37841,1,37841,HWH-BWN LOCAL,,2,,,,0,1,1,0,0
37842,1,37842,BWN - HWH LOCAL,,2,,,,0,1,1,0,0
37843,1,37843,HWH - BWN LOCAL,,2,,,,0,1,1,0,0
37844,1,37844,BWN - HWH LOCAL,,2,,,,0,1,1,0,0
37845,1,37845,HWH - BWN LOCAL,,2,,,,0,1,1,0,0
37846,1,37846,BWN - HWH LOCAL,,2,,,,0,1,1,0,0
37847,1,37847,HWH - BWN LOCAL,,2,,,,0,1,1,0,0
37848,1,37848,BWN-HWH LOCAL,,2,,,,0,1,1,0,0
37849,1,37849,HWH - BWN LOCAL,,2,,,,0,1,1,0,0
37850,1,37850,BWN - HWH LOCAL,,2,,,,0,1,1,0,0
37851,1,37851,HWH-BWN LOCAL,,2,,,,0,1,1,0,0
37852,1,37852,BWN-HWH MAIN LOCAL,,2,,,,0,1,1,0,0
37853,1,37853,HWH-BWN LOCAL,,2,,,,0,1,1,0,0
37854,1,37854,BWN-HWH NON - STOP LOCAL,,2,,,,0,1,1,0,0
37855,1,37855,HWH-BWN MAIN LOCAL,,2,,,,0,1,1,0,0
37857,1,37857,HWH - BWN NON -STOP LOCAL,,2,,,,0,1,1,0,0
37911,1,37911,HWH-KWAE LOCAL,,2,,,,0,1,1,0,0
37912,1,37912,KWAE-HWH LOCAL,,2,,,,0,1,1,0,0
37913,1,37913,HWH - KWAE LOCAL,,2,,,,0,1,1,0,0
37914,1,37914,KWAE-HWH LOCAL,,2,,,,0,1,1,0,0
37915,1,37915,HWH - KWAE LOCAL,,2,,,,0,1,1,0,0
37916,1,37916,KWAE-HWH LOCAL,,2,,,,0,1,1,0,0
37917,1,37917,HWH - KATWA LOCAL,,2,,,,0,1,1,0,0
37918,1,37918,KWAE-HWH LOCAL,,2,,,,0,1,1,0,0
37919,1,37919,HWH - KATWA LOCAL,,2,,,,0,1,1,0,0
37920,1,37920,KWAE-HWH LOCAL,,2,,,,0,1,1,0,0
37921,1,37921,HWH - KATWA LOCAL,,2,,,,0,1,1,0,0
37922,1,37922,KWAE-HWH LOCAL,,2,,,,0,1,1,0,0
37923,1,37923,HWH - KATWA LOCAL,,2,,,,0,1,1,0,0
37924,1,37924,KWAE-HWH LOCAL,,2,,,,0,1,1,0,0
37925,1,37925,HWH - KATWA LOCAL,,2,,,,0,1,1,0,0
37926,1,37926,KWAE-HWH LOCAL,,2,,,,0,1,1,0,0
37927,1,37927,HWH - KATWA LOCAL,,2,,,,0,1,1,0,0
37928,1,37928,KWAE-HWH LOCAL,,2,,,,0,1,1,0,0
38032,1,38032,SRC SHM LOCAL,,2,,,,0,1,1,0,0
38033,1,38033,SHM SRC LOCAL,,2,,,,0,1,1,0,0
38034,1,38034,SRC SHM LOCAL,,2,,,,0,1,1,0,0
38051,1,38051,HWH HLZ LOCAL,,2,,,,0,1,1,0,0
38052,1,38052,HLZ HWH LOCAL,,2,,,,0,1,1,0,0
38053,1,38053,HWH HLZ LOCAL,,2,,,,0,1,1,0,0
38054,1,38054,HLZ PKU LOCAL,,2,,,,0,1,1,0,0
38055,1,38055,PKU HLZ LOCAL,,2,,,,0,1,1,0,0
38056,1,38056,HLZ HWH LOCAL,,2,,,,0,1,1,0,0
38057,1,38057,HWH HLZ LOCAL,,2,,,,0,1,1,0,0
38058,1,38058,HLZ HWH LOCAL,,2,,,,0,1,1,0,0
38103,1,38103,HWH ULB LOCAL,,2,,,,0,1,1,0,0
38104,1,38104,ULB HWH LOCAL,,2,,,,0,1,1,0,0
38105,1,38105,HWH ULB LOCAL,,2,,,,0,1,1,0,0
38106,1,38106,ULB HWH LOCAL,,2,,,,0,1,1,0,0
38202,1,38202,BZN - HWH LOCAL,,2,,,,0,1,1,0,0
38204,1,38204,BZN HWH LOCAL,,2,,,,0,1,1,0,0
38301,1,38301,SRC - MCA LOCAL,,2,,,,0,1,1,0,0
38302,1,38302,MCA-HWH LOCAL,,2,,,,0,1,1,0,0
38303,1,38303,HWH MCA LOCAL,,2,,,,0,1,1,0,0
38304,1,38304,MCA HWH LOCAL,,2,,,,0,1,1,0,0
38305,1,38305,SHM MCA LOCAL,,2,,,,0,1,1,0,0
38306,1,38306,MCA - HWH LOCAL,,2,,,,0,1,1,0,0
38308,1,38308,MCA-HWH LOCAL,,2,,,,0,1,1,0,0
38309,1,38309,SRC-MCA  LOCAL,,2,,,,0,1,1,0,0
38310,1,38310,MCA SHM LOCAL,,2,,,,0,1,1,0,0
38311,1,38311,HWH MCA LOCAL,,2,,,,0,1,1,0,0
38312,1,38312,MCA HWH LOCAL,,2,,,,0,1,1,0,0
38313,1,38313,HWH MCA LOCAL,,2,,,,0,1,1,0,0
38314,1,38314,MCA HWH LOCAL,,2,,,,0,1,1,0,0
38315,1,38315,HWH MCA LOCAL,,2,,,,0,1,1,0,0
38316,1,38316,MCA SRC LOCAL,,2,,,,0,1,1,0,0
38317,1,38317,HWH MCA LOCAL,,2,,,,0,1,1,0,0
38319,1,38319,HWH MCA LOCAL,,2,,,,0,1,1,0,0
38321,1,38321,HWH-MCA LOCAL,,2,,,,0,1,1,0,0
38402,1,38402,PKU HWH LOCAL,,2,,,,0,1,1,0,0
38403,1,38403,HWH PKU LOCAL,,2,,,,0,1,1,0,0
38404,1,38404,PKU HWH LOCAL,,2,,,,0,1,1,0,0
38405,1,38405,HWH PKU LOCAL,,2,,,,0,1,1,0,0
38406,1,38406,PKU HWH LOCAL,,2,,,,0,1,1,0,0
38408,1,38408,PKU HWH LOCAL,,2,,,,0,1,1,0,0
38409,1,38409,HWH PKU LOCAL,,2,,,,0,1,1,0,0
38410,1,38410,PKU SRC LOCAL,,2,,,,0,1,1,0,0
38411,1,38411,SRC PKU LOCAL,,2,,,,0,1,1,0,0
38412,1,38412,PKU HWH LOCAL,,2,,,,0,1,1,0,0
38413,1,38413,HWH-PKU LOCAL,,2,,,,0,1,1,0,0
38414,1,38414,PKU HWH LOCAL,,2,,,,0,1,1,0,0
38415,1,38415,HWH PKU LOCAL,,2,,,,0,1,1,0,0
38417,1,38417,HWH PKU LOCAL,,2,,,,0,1,1,0,0
38418,1,38418,PKU SRC LOCAL,,2,,,,0,1,1,0,0
38419,1,38419,HWH-PKU LOCAL,,2,,,,0,1,1,0,0
38420,1,38420,PKU HWH LOCAL,,2,,,,0,1,1,0,0
38421,1,38421,HWH PKU LOCAL,,2,,,,0,1,1,0,0
38422,1,38422,PKU HWH LOCAL,,2,,,,0,1,1,0,0
38423,1,38423,HWH PKU LOCAL,,2,,,,0,1,1,0,0
38425,1,38425,HWH PKU LOCAL,,2,,,,0,1,1,0,0
38426,1,38426,PKU HWH LOCAL,,2,,,,0,1,1,0,0
38428,1,38428,PKU HWH LOCAL,,2,,,,0,1,1,0,0
38429,1,38429,HWH PKU LOCAL,,2,,,,0,1,1,0,0
38430,1,38430,PKU HWH LOCAL,,2,,,,0,1,1,0,0
38431,1,38431,HWH PKU LOCAL,,2,,,,0,1,1,0,0
38432,1,38432,PKU HWH LOCAL,,2,,,,0,1,1,0,0
38433,1,38433,HWH PKU LOCAL,,2,,,,0,1,1,0,0
38434,1,38434,PKU - SRC  LOCAL,,2,,,,0,1,1,0,0
38435,1,38435,HWH PKU LOCAL,,2,,,,0,1,1,0,0
38436,1,38436,PKU HWH LOCAL,,2,,,,0,1,1,0,0
38437,1,38437,HWH PKU LOCAL,,2,,,,0,1,1,0,0
38438,1,38438,PKU HWH LOCAL,,2,,,,0,1,1,0,0
38439,1,38439,SRC PKU LOCAL,,2,,,,0,1,1,0,0
38440,1,38440,PKU HWH LOCAL,,2,,,,0,1,1,0,0
38441,1,38441,HWH PKU LOCAL,,2,,,,0,1,1,0,0
38442,1,38442,PKU HWH LOCAL,,2,,,,0,1,1,0,0
38443,1,38443,HWH PKU LOCAL,,2,,,,0,1,1,0,0
38444,1,38444,PKU HWH LOCAL,,2,,,,0,1,1,0,0
38445,1,38445,HWH PKU LOCAL,,2,,,,0,1,1,0,0
38448,1,38448,PKU HWH LOCAL,,2,,,,0,1,1,0,0
38449,1,38449,HWH PKU LOCAL,,2,,,,0,1,1,0,0
38450,1,38450,PKU HWH LOCAL,,2,,,,0,1,1,0,0
38451,1,38451,HWH PKU LOCAL,,2,,,,0,1,1,0,0
38453,1,38453,HWH PKU LOCAL,,2,,,,0,1,1,0,0
38454,1,38454,PKU HWH LOCAL,,2,,,,0,1,1,0,0
38455,1,38455,HWH-PKU LOCAL,,2,,,,0,1,1,0,0
38456,1,38456,PKU HWH LOCAL,,2,,,,0,1,1,0,0
38501,1,38501,HWH BCK LOCAL,,2,,,,0,1,1,0,0
38502,1,38502,BCK HWH LOCAL,,2,,,,0,1,1,0,0
38702,1,38702,KGP HWH MEMU,,2,,,,0,1,1,0,0
38703,1,38703,HWH-KGP LOCAL,,2,,,,0,1,1,0,0
38704,1,38704,KGP HWH LOCAL,,2,,,,0,1,1,0,0
38705,1,38705,HWH-KGP LOCAL,,2,,,,0,1,1,0,0
38706,1,38706,KGP HWH LOCAL,,2,,,,0,1,1,0,0
38707,1,38707,HWH KGP LOCAL,,2,,,,0,1,1,0,0
38708,1,38708,KGP HWH LOCAL,,2,,,,0,1,1,0,0
38711,1,38711,HWH KGP LOCAL,,2,,,,0,1,1,0,0
38713,1,38713,HWH KGP LOCAL,,2,,,,0,1,1,0,0
38714,1,38714,KGP-HWH LOCAL,,2,,,,0,1,1,0,0
38716,1,38716,KGP HWH LOCAL,,2,,,,0,1,1,0,0
38717,1,38717,HWH KGP LOCAL,,2,,,,0,1,1,0,0
38719,1,38719,HWH KGP LOCAL,,2,,,,0,1,1,0,0
38720,1,38720,KGP HWH LOCAL,,2,,,,0,1,1,0,0
38721,1,38721,HWH KGP  LOCAL,,2,,,,0,1,1,0,0
38722,1,38722,KGP - HWH EMU,,2,,,,0,1,1,0,0
38724,1,38724,KGP HWH LOCAL,,2,,,,0,1,1,0,0
38725,1,38725,HWH KGP MEMU,,2,,,,0,1,1,0,0
38727,1,38727,HWH KGP LOCAL,,2,,,,0,1,1,0,0
38728,1,38728,KGP HWH LOCAL,,2,,,,0,1,1,0,0
38730,1,38730,KGP HWH LOCAL,,2,,,,0,1,1,0,0
38801,1,38801,HWH-MDN LOCAL,,2,,,,0,1,1,0,0
38802,1,38802,MDN HWH LOCAL,,2,,,,0,1,1,0,0
38803,1,38803,HWH MDN LOCAL,,2,,,,0,1,1,0,0
38804,1,38804,MDN HWH LOCAL,,2,,,,0,1,1,0,0
38805,1,38805,HWH MDN OCAL,,2,,,,0,1,1,0,0
38806,1,38806,MDN HWH LOCAL,,2,,,,0,1,1,0,0
38807,1,38807,HWH MDN LOCAL,,2,,,,0,1,1,0,0
38808,1,38808,MDN HWH LOCAL,,2,,,,0,1,1,0,0
38809,1,38809,HWH MDN LOCAL,,2,,,,0,1,1,0,0
38810,1,38810,MDN HWH LOCAL,,2,,,,0,1,1,0,0
38811,1,38811,HWH MDN LOCAL,,2,,,,0,1,1,0,0
38812,1,38812,MDN HWH LOCAL,,2,,,,0,1,1,0,0
38813,1,38813,HWH MDN LOCAL,,2,,,,0,1,1,0,0
38814,1,38814,MDN HWH LOCAL,,2,,,,0,1,1,0,0
38815,1,38815,HWH MDN LOCAL,,2,,,,0,1,1,0,0
38816,1,38816,MDN HWH LOCAL,,2,,,,0,1,1,0,0
38817,1,38817,HWH MDN LOCAL,,2,,,,0,1,1,0,0
38818,1,38818,MDN HWH LOCAL,,2,,,,0,1,1,0,0
38819,1,38819,HWH MDN LOCAL,,2,,,,0,1,1,0,0
38820,1,38820,MDN HWH LOCAL,,2,,,,0,1,1,0,0
38821,1,38821,HWH MDN LOCAL,,2,,,,0,1,1,0,0
38822,1,38822,MDN HWH LOCAL,,2,,,,0,1,1,0,0
38823,1,38823,HWH MDN LOCAL,,2,,,,0,1,1,0,0
38824,1,38824,MDN HWH LOCAL,,2,,,,0,1,1,0,0
38825,1,38825,HWH MDN LOCAL,,2,,,,0,1,1,0,0
38826,1,38826,MDN HWH LOCAL,,2,,,,0,1,1,0,0
38827,1,38827,HWH MDN LOCAL,,2,,,,0,1,1,0,0
38828,1,38828,MDN HWH LOCAL,,2,,,,0,1,1,0,0
38829,1,38829,HWH MDN LOCAL,,2,,,,0,1,1,0,0
38830,1,38830,MDN HWH LOCAL,,2,,,,0,1,1,0,0
38831,1,38831,HWH MDN LOCAL,,2,,,,0,1,1,0,0
38832,1,38832,MDN KGP LOCAL,,2,,,,0,1,1,0,0
38903,1,38903,HWH AMZ LOCAL,,2,,,,0,1,1,0,0
38904,1,38904,AMZ HWH LOCAL,,2,,,,0,1,1,0,0
38905,1,38905,HWH - AMTA LOCAL,,2,,,,0,1,1,0,0
38906,1,38906,AMTA HWH LOCAL,,2,,,,0,1,1,0,0
38907,1,38907,HWH AMZ LOCAL,,2,,,,0,1,1,0,0
38908,1,38908,AMZ HWH LOCAL,,2,,,,0,1,1,0,0
38909,1,38909,HWH AMZ LOCAL,,2,,,,0,1,1,0,0
38910,1,38910,AMTA HWH LOCAL,,2,,,,0,1,1,0,0
38911,1,38911,SRC AMZ LOCAL,,2,,,,0,1,1,0,0
38912,1,38912,AMTA HWH LOCAL,,2,,,,0,1,1,0,0
38913,1,38913,HWH AMZ LOCAL,,2,,,,0,1,1,0,0
38914,1,38914,AMZ -HWH LOCAL,,2,,,,0,1,1,0,0
38915,1,38915,HWH AMZ LOCAL,,2,,,,0,1,1,0,0
38916,1,38916,AMZ HWH LOCAL,,2,,,,0,1,1,0,0
38917,1,38917,HWH AMTA LOCAL,,2,,,,0,1,1,0,0
38918,1,38918,AMZ HWH LOCAL,,2,,,,0,1,1,0,0
38919,1,38919,HWH AMZ LOCAL,,2,,,,0,1,1,0,0
38920,1,38920,AMZ HWH LOCAL,,2,,,,0,1,1,0,0
38921,1,38921,HWH AMZ LOCAL,,2,,,,0,1,1,0,0
38922,1,38922,AMZ HWH LOCAL,,2,,,,0,1,1,0,0
38923,1,38923,HWH-AMZ LOCAL,,2,,,,0,1,1,0,0
38924,1,38924,AMZ HWH LOCAL,,2,,,,0,1,1,0,0
40001,1,40001,MSB-TBM EMU LOCAL,,2,,,,0,1,1,0,0
40002,1,40002,TBM-MSB EMU LOCAL,,2,,,,0,1,1,0,0
40003,1,40003,MSB-TBM EMU LOCAL,,2,,,,0,1,1,0,0
40004,1,40004,TBM-MSB EMU LOCAL,,2,,,,0,1,1,0,0
40005,1,40005,MSB-TBM EMU LOCAL,,2,,,,0,1,1,0,0
40006,1,40006,TBM-MSB EMU LOCAL,,2,,,,0,1,1,0,0
40007,1,40007,MSB-TBM EMU LOCAL,,2,,,,0,1,1,0,0
40008,1,40008,TBM-MSB EMU LOCAL,,2,,,,0,1,1,0,0
40009,1,40009,MSB-TBM EMU LOCAL,,2,,,,0,1,1,0,0
40010,1,40010,TBM-MSB EMU LOCAL,,2,,,,0,1,1,0,0
40011,1,40011,MSB-TBM EMU LOCAL,,2,,,,0,1,1,0,0
40012,1,40012,TBM-MSB EMU LOCAL,,2,,,,0,1,1,0,0
40013,1,40013,MSB-TBM EMU LOCAL,,2,,,,0,1,1,0,0
40014,1,40014,TBM-MSB EMU LOCAL,,2,,,,0,1,1,0,0
40015,1,40015,MSB-TBM EMU LOCAL,,2,,,,0,1,1,0,0
40016,1,40016,TBM-MSB EMU LOCAL,,2,,,,0,1,1,0,0
40017,1,40017,MSB-TBM EMU LOCAL,,2,,,,0,1,1,0,0
40018,1,40018,TBM-MSB EMU LOCAL,,2,,,,0,1,1,0,0
40019,1,40019,MSB-TBM EMU LOCAL,,2,,,,0,1,1,0,0
40020,1,40020,TBM-MSB LS-GL EMU LOCAL,,2,,,,0,1,1,0,0
40021,1,40021,MSB-TBM EMU LOCAL,,2,,,,0,1,1,0,0
40022,1,40022,TBM-MSB EMU LOCAL,,2,,,,0,1,1,0,0
40023,1,40023,MSB-TBM EMU LOCAL,,2,,,,0,1,1,0,0
40024,1,40024,TBM-MSB LS-GL EMU LOCAL,,2,,,,0,1,1,0,0
40025,1,40025,MSB-TBM EMU LOCAL,,2,,,,0,1,1,0,0
40026,1,40026,TBM-MSB EMU LOCAL,,2,,,,0,1,1,0,0
40027,1,40027,MSB-TBM EMU LOCAL,,2,,,,0,1,1,0,0
40028,1,40028,TBM-MSB EMU LOCAL,,2,,,,0,1,1,0,0
40029,1,40029,MSB-TBM EMU LOCAL,,2,,,,0,1,1,0,0
40030,1,40030,TBM-MSB EMU LOCAL,,2,,,,0,1,1,0,0
40031,1,40031,MSB-TBM EMU LOCAL,,2,,,,0,1,1,0,0
40032,1,40032,TBM-MSB EMU LOCAL,,2,,,,0,1,1,0,0
40033,1,40033,MSB-TBM EMU LOCAL,,2,,,,0,1,1,0,0
40034,1,40034,TBM-MSB EMU LOCAL,,2,,,,0,1,1,0,0
40035,1,40035,MSB-TBM EMU LOCAL,,2,,,,0,1,1,0,0
40036,1,40036,TBM-MSB EMU LOCAL,,2,,,,0,1,1,0,0
40037,1,40037,MSB-TBM EMU LOCAL,,2,,,,0,1,1,0,0
40038,1,40038,TBM-MSB EMU LOCAL,,2,,,,0,1,1,0,0
40039,1,40039,MSB-TBM EMU LOCAL,,2,,,,0,1,1,0,0
40040,1,40040,TBM-MSB EMU LOCAL,,2,,,,0,1,1,0,0
40041,1,40041,MSB-TBM EMU LOCAL,,2,,,,0,1,1,0,0
40042,1,40042,TBM-MSB EMU LOCAL,,2,,,,0,1,1,0,0
40043,1,40043,MSB-TBM EMU LOCAL,,2,,,,0,1,1,0,0
40044,1,40044,TBM-MSB EMU LOCAL,,2,,,,0,1,1,0,0
40045,1,40045,MSB-TBM EMU LOCAL,,2,,,,0,1,1,0,0
40046,1,40046,TBM-MSB EMU LOCAL,,2,,,,0,1,1,0,0
40047,1,40047,MSB-TBM EMU LOCAL,,2,,,,0,1,1,0,0
40048,1,40048,TBM-MSB EMU LOCAL,,2,,,,0,1,1,0,0
40049,1,40049,MSB-TBM EMU LOCAL,,2,,,,0,1,1,0,0
40050,1,40050,TBM-MSB EMU LOCAL,,2,,,,0,1,1,0,0
40051,1,40051,MSB-TBM EMU LOCAL,,2,,,,0,1,1,0,0
40052,1,40052,TBM-MSB EMU LOCAL,,2,,,,0,1,1,0,0
40053,1,40053,MSB-TBM EMU LOCAL,,2,,,,0,1,1,0,0
40054,1,40054,TBM-MSB EMU LOCAL,,2,,,,0,1,1,0,0
40055,1,40055,MSB-TBM EMU LOCAL,,2,,,,0,1,1,0,0
40056,1,40056,TBM-MSB EMU LOCAL,,2,,,,0,1,1,0,0
40057,1,40057,MSB-TBM EMU LOCAL,,2,,,,0,1,1,0,0
40058,1,40058,TBM-MSB EMU LOCAL,,2,,,,0,1,1,0,0
40059,1,40059,MSB-TBM EMU LOCAL,,2,,,,0,1,1,0,0
40060,1,40060,TBM-MSB EMU LOCAL,,2,,,,0,1,1,0,0
40061,1,40061,MSB-TBM EMU LOCAL,,2,,,,0,1,1,0,0
40062,1,40062,TBM-MSB EMU LOCAL,,2,,,,0,1,1,0,0
40063,1,40063,MSB-TBM EMU LOCAL,,2,,,,0,1,1,0,0
40064,1,40064,TBM-MSB EMU LOCAL,,2,,,,0,1,1,0,0
40065,1,40065,MSB-TBM EMU LOCAL,,2,,,,0,1,1,0,0
40066,1,40066,TBM-MSB EMU LOCAL,,2,,,,0,1,1,0,0
40067,1,40067,MSB-TBM EMU LOCAL,,2,,,,0,1,1,0,0
40068,1,40068,TBM-MSB EMU LOCAL,,2,,,,0,1,1,0,0
40069,1,40069,MSB-TBM EMU LOCAL,,2,,,,0,1,1,0,0
40070,1,40070,TBM-MSB EMU LOCAL,,2,,,,0,1,1,0,0
40071,1,40071,MSB-TBM EMU LOCAL,,2,,,,0,1,1,0,0
40072,1,40072,TBM-MSB EMU LOCAL,,2,,,,0,1,1,0,0
40073,1,40073,MSB-TBM EMU LOCAL,,2,,,,0,1,1,0,0
40074,1,40074,TBM-MSB EMU LOCAL,,2,,,,0,1,1,0,0
40075,1,40075,MSB-TBM EMU LOCAL,,2,,,,0,1,1,0,0
40076,1,40076,TBM-MSB EMU LOCAL,,2,,,,0,1,1,0,0
40077,1,40077,MSB-TBM EMU LOCAL,,2,,,,0,1,1,0,0
40078,1,40078,TBM-MSB EMU LOCAL,,2,,,,0,1,1,0,0
40079,1,40079,MSB-TBM EMU LOCAL,,2,,,,0,1,1,0,0
40080,1,40080,TBM-MSB EMU LOCAL,,2,,,,0,1,1,0,0
40081,1,40081,MSB-TBM EMU LOCAL,,2,,,,0,1,1,0,0
40082,1,40082,TBM-MSB EMU LOCAL,,2,,,,0,1,1,0,0
40083,1,40083,MSB-TBM EMU LOCAL,,2,,,,0,1,1,0,0
40084,1,40084,TBM-MSB EMU LOCAL,,2,,,,0,1,1,0,0
40085,1,40085,MSB-TBM EMU LOCAL,,2,,,,0,1,1,0,0
40086,1,40086,TBM-MSB EMU LOCAL,,2,,,,0,1,1,0,0
40087,1,40087,MSB-TBM EMU LOCAL,,2,,,,0,1,1,0,0
40088,1,40088,TBM-MSB EMU LOCAL,,2,,,,0,1,1,0,0
40089,1,40089,MSB-TBM EMU LOCAL,,2,,,,0,1,1,0,0
40090,1,40090,TBM-MSB EMU LOCAL,,2,,,,0,1,1,0,0
40091,1,40091,MSB-TBM EMU LOCAL,,2,,,,0,1,1,0,0
40092,1,40092,TBM-MSB EMU LOCAL,,2,,,,0,1,1,0,0
40094,1,40094,TBM-MSB EMU LOCAL,,2,,,,0,1,1,0,0
40096,1,40096,TBM-MSB EMU LOCAL,,2,,,,0,1,1,0,0
40201,1,40201,MSB-GI EMU LOCAL,,2,,,,0,1,1,0,0
40202,1,40202,GI-MSB EMU LOCAL,,2,,,,0,1,1,0,0
40203,1,40203,MSB-GI EMU LOCAL,,2,,,,0,1,1,0,0
40204,1,40204,GI-MSB EMU LOCAL,,2,,,,0,1,1,0,0
40205,1,40205,MSB-GI EMU LOCAL,,2,,,,0,1,1,0,0
40206,1,40206,GI-MSB EMU LOCAL,,2,,,,0,1,1,0,0
40207,1,40207,MSB-GI EMU LOCAL,,2,,,,0,1,1,0,0
40208,1,40208,GI-MSB EMU LOCAL,,2,,,,0,1,1,0,0
40209,1,40209,MSB-GI EMU LOCAL,,2,,,,0,1,1,0,0
40251,1,40251,MSB-GI EMU LOCAL,,2,,,,0,1,1,0,0
40252,1,40252,GI-TBM EMU LOCAL,,2,,,,0,1,1,0,0
40253,1,40253,MSB-GI EMU LOCAL,,2,,,,0,1,1,0,0
40254,1,40254,GI-TBM EMU LOCAL,,2,,,,0,1,1,0,0
40255,1,40255,MSB-GI EMU LOCAL,,2,,,,0,1,1,0,0
40256,1,40256,GI-TBM EMU LOCAL,,2,,,,0,1,1,0,0
40257,1,40257,MSB-GI EMU LOCAL,,2,,,,0,1,1,0,0
40258,1,40258,GI-TBM EMU LOCAL,,2,,,,0,1,1,0,0
40259,1,40259,MSB-GI EMU LOCAL,,2,,,,0,1,1,0,0
40260,1,40260,GI-TBM EMU LOCAL,,2,,,,0,1,1,0,0
40301,1,40301,MSB-TBM EMU LOCAL,,2,,,,0,1,1,0,0
40302,1,40302,TBM-MSB EMU LOCAL,,2,,,,0,1,1,0,0
40303,1,40303,MSB-TBM EMU LOCAL,,2,,,,0,1,1,0,0
40304,1,40304,TBM-MSB EMU LOCAL,,2,,,,0,1,1,0,0
40305,1,40305,MSB-TBM EMU LOCAL,,2,,,,0,1,1,0,0
40306,1,40306,TBM-MSB EMU LOCAL,,2,,,,0,1,1,0,0
40307,1,40307,MSB-TBM EMU LOCAL,,2,,,,0,1,1,0,0
40308,1,40308,TBM-MSB EMU LOCAL,,2,,,,0,1,1,0,0
40309,1,40309,MSB-TBM EMU LOCAL,,2,,,,0,1,1,0,0
40310,1,40310,TBM-MSB EMU LOCAL,,2,,,,0,1,1,0,0
40311,1,40311,MSB-TBM EMU LOCAL,,2,,,,0,1,1,0,0
40312,1,40312,TBM-MSB EMU LOCAL,,2,,,,0,1,1,0,0
40313,1,40313,MSB-TBM EMU LOCAL,,2,,,,0,1,1,0,0
40314,1,40314,TBM-MSB EMU LOCAL,,2,,,,0,1,1,0,0
40315,1,40315,MSB-TBM EMU LOCAL,,2,,,,0,1,1,0,0
40316,1,40316,TBM-MSB EMU LOCAL,,2,,,,0,1,1,0,0
40317,1,40317,MSB-TBM EMU LOCAL,,2,,,,0,1,1,0,0
40318,1,40318,TBM-MSB EMU LOCAL,,2,,,,0,1,1,0,0
40319,1,40319,MSB-TBM EMU LOCAL,,2,,,,0,1,1,0,0
40320,1,40320,TBM-MSB EMU LOCAL,,2,,,,0,1,1,0,0
40321,1,40321,MSB-TBM EMU LOCAL,,2,,,,0,1,1,0,0
40322,1,40322,TBM-MSB EMU LOCAL,,2,,,,0,1,1,0,0
40323,1,40323,MSB-TBM EMU LOCAL,,2,,,,0,1,1,0,0
40324,1,40324,TBM-MSB EMU LOCAL,,2,,,,0,1,1,0,0
40325,1,40325,MSB-TBM EMU LOCAL,,2,,,,0,1,1,0,0
40326,1,40326,TBM-MSB EMU LOCAL,,2,,,,0,1,1,0,0
40327,1,40327,MSB-TBM EMU LOCAL,,2,,,,0,1,1,0,0
40328,1,40328,TBM-MSB EMU LOCAL,,2,,,,0,1,1,0,0
40329,1,40329,MSB-TBM EMU LOCAL,,2,,,,0,1,1,0,0
40330,1,40330,TBM-MSB EMU LOCAL,,2,,,,0,1,1,0,0
40331,1,40331,MSB-TBM EMU LOCAL,,2,,,,0,1,1,0,0
40332,1,40332,TBM-MSB EMU LOCAL,,2,,,,0,1,1,0,0
40333,1,40333,MSB-TBM EMU LOCAL,,2,,,,0,1,1,0,0
40334,1,40334,TBM-MSB EMU LOCAL,,2,,,,0,1,1,0,0
40335,1,40335,MSB-TBM EMU LOCAL,,2,,,,0,1,1,0,0
40336,1,40336,TBM-MSB EMU LOCAL,,2,,,,0,1,1,0,0
40337,1,40337,MSB-TBM EMU LOCAL,,2,,,,0,1,1,0,0
40338,1,40338,TBM-MSB EMU LOCAL,,2,,,,0,1,1,0,0
40339,1,40339,MSB-TBM EMU LOCAL,,2,,,,0,1,1,0,0
40340,1,40340,TBM-MSB EMU LOCAL,,2,,,,0,1,1,0,0
40341,1,40341,MSB-TBM EMU LOCAL,,2,,,,0,1,1,0,0
40342,1,40342,TBM-MSB EMU LOCAL,,2,,,,0,1,1,0,0
40343,1,40343,MSB-TBM EMU LOCAL,,2,,,,0,1,1,0,0
40344,1,40344,TBM-MSB EMU LOCAL,,2,,,,0,1,1,0,0
40345,1,40345,MSB-TBM EMU LOCAL,,2,,,,0,1,1,0,0
40346,1,40346,TBM-MSB EMU LOCAL,,2,,,,0,1,1,0,0
40347,1,40347,MSB-TBM EMU LOCAL,,2,,,,0,1,1,0,0
40348,1,40348,TBM-MSB EMU LOCAL,,2,,,,0,1,1,0,0
40349,1,40349,MSB-TBM EMU LOCAL,,2,,,,0,1,1,0,0
40350,1,40350,TBM-MSB EMU LOCAL,,2,,,,0,1,1,0,0
40351,1,40351,MSB-TBM EMU LOCAL,,2,,,,0,1,1,0,0
40352,1,40352,TBM-MSB EMU LOCAL,,2,,,,0,1,1,0,0
40353,1,40353,MSB-TBM EMU LOCAL,,2,,,,0,1,1,0,0
40354,1,40354,TBM-MSB EMU LOCAL,,2,,,,0,1,1,0,0
40355,1,40355,MSB-TBM EMU LOCAL,,2,,,,0,1,1,0,0
40356,1,40356,TBM-MSB EMU LOCAL,,2,,,,0,1,1,0,0
40357,1,40357,MSB-TBM EMU LOCAL,,2,,,,0,1,1,0,0
40358,1,40358,TBM-MSB EMU LOCAL,,2,,,,0,1,1,0,0
40359,1,40359,MSB-TBM EMU LOCAL,,2,,,,0,1,1,0,0
40360,1,40360,TBM-MSB EMU LOCAL,,2,,,,0,1,1,0,0
40361,1,40361,MSB-TBM EMU LOCAL,,2,,,,0,1,1,0,0
40362,1,40362,TBM-MSB EMU LOCAL,,2,,,,0,1,1,0,0
40363,1,40363,MSB-TBM EMU LOCAL,,2,,,,0,1,1,0,0
40364,1,40364,TBM-MSB EMU LOCAL,,2,,,,0,1,1,0,0
40365,1,40365,MSB-TBM EMU LOCAL,,2,,,,0,1,1,0,0
40366,1,40366,TBM-MSB EMU LOCAL,,2,,,,0,1,1,0,0
40367,1,40367,MSB-TBM EMU LOCAL,,2,,,,0,1,1,0,0
40368,1,40368,TBM-MSB EMU LOCAL,,2,,,,0,1,1,0,0
40369,1,40369,MSB-TBM EMU LOCAL,,2,,,,0,1,1,0,0
40370,1,40370,TBM-MSB EMU LOCAL,,2,,,,0,1,1,0,0
40371,1,40371,MSB-TBM EMU LOCAL,,2,,,,0,1,1,0,0
40372,1,40372,TBM-MSB EMU LOCAL,,2,,,,0,1,1,0,0
40373,1,40373,MSB-TBM EMU LOCAL,,2,,,,0,1,1,0,0
40374,1,40374,TBM-MSB EMU LOCAL,,2,,,,0,1,1,0,0
40375,1,40375,MSB-TBM EMU LOCAL,,2,,,,0,1,1,0,0
40376,1,40376,TBM-MSB EMU LOCAL,,2,,,,0,1,1,0,0
40377,1,40377,MSB-TBM EMU LOCAL,,2,,,,0,1,1,0,0
40378,1,40378,TBM-MSB EMU LOCAL,,2,,,,0,1,1,0,0
40379,1,40379,MSB-TBM EMU LOCAL,,2,,,,0,1,1,0,0
40380,1,40380,TBM-MSB EMU LOCAL,,2,,,,0,1,1,0,0
40381,1,40381,MSB-TBM EMU LOCAL,,2,,,,0,1,1,0,0
40382,1,40382,TBM-MSB EMU LOCAL,,2,,,,0,1,1,0,0
40383,1,40383,MSB-TBM EMU LOCAL,,2,,,,0,1,1,0,0
40384,1,40384,TBM-MSB EMU LOCAL,,2,,,,0,1,1,0,0
40385,1,40385,MSB-TBM EMU LOCAL,,2,,,,0,1,1,0,0
40386,1,40386,TBM-MSB EMU LOCAL,,2,,,,0,1,1,0,0
40388,1,40388,TBM-MSB EMU LOCAL,,2,,,,0,1,1,0,0
40390,1,40390,TBM-MSB EMU LOCAL,,2,,,,0,1,1,0,0
40392,1,40392,TBM-MSB EMU LOCAL,,2,,,,0,1,1,0,0
40393,1,40393,MSB-TBM EMU LOCAL,,2,,,,0,1,1,0,0
40394,1,40394,TBM-MSB EMU LOCAL,,2,,,,0,1,1,0,0
40396,1,40396,TBM-MSB EMU LOCAL,,2,,,,0,1,1,0,0
40397,1,40397,MSB-TBM EMU LOCAL,,2,,,,0,1,1,0,0
40399,1,40399,MSB-TBM EMU LOCAL,,2,,,,0,1,1,0,0
40501,1,40501,MSB-CGL SUB LOCAL,,2,,,,0,1,1,0,0
40502,1,40502,CGL-MSB EMU LOCAL,,2,,,,0,1,1,0,0
40503,1,40503,MSB-CGL SUB LOCAL,,2,,,,0,1,1,0,0
40504,1,40504,CGL-MSB EMU LOCAL,,2,,,,0,1,1,0,0
40505,1,40505,MSB-CGL SUB LOCAL,,2,,,,0,1,1,0,0
40506,1,40506,CGL-MSB EMU LOCAL,,2,,,,0,1,1,0,0
40507,1,40507,MSB-CGL SUB LOCAL,,2,,,,0,1,1,0,0
40508,1,40508,CGL-MSB EMU LOCAL,,2,,,,0,1,1,0,0
40509,1,40509,MSB-CGL SUB LOCAL,,2,,,,0,1,1,0,0
40510,1,40510,CGL-MSB EMU LOCAL,,2,,,,0,1,1,0,0
40511,1,40511,MSB-CGL SUB LOCAL,,2,,,,0,1,1,0,0
40512,1,40512,CGL-MSB EMU LOCAL,,2,,,,0,1,1,0,0
40513,1,40513,MSB-CGL SUB LOCAL,,2,,,,0,1,1,0,0
40514,1,40514,CGL-MSB EMU LOCAL,,2,,,,0,1,1,0,0
40515,1,40515,MSB-CGL SUB LOCAL,,2,,,,0,1,1,0,0
40516,1,40516,CGL-MSB EMU LOCAL,,2,,,,0,1,1,0,0
40517,1,40517,MSB-CGL SUB LOCAL,,2,,,,0,1,1,0,0
40518,1,40518,CGL-MSB SEMI FAST LOCAL,,2,,,,0,1,1,0,0
40519,1,40519,MSB-CGL SUB LOCAL,,2,,,,0,1,1,0,0
40520,1,40520,CGL-MSB SEMI FAST LOCAL,,2,,,,0,1,1,0,0
40521,1,40521,MSB-CGL SUB LOCAL,,2,,,,0,1,1,0,0
40522,1,40522,CGL-MSB EMU LOCAL,,2,,,,0,1,1,0,0
40523,1,40523,MSB-CGL SUB LOCAL,,2,,,,0,1,1,0,0
40524,1,40524,CGL-MSB EMU LOCAL,,2,,,,0,1,1,0,0
40525,1,40525,MSB-CGL SUB LOCAL,,2,,,,0,1,1,0,0
40526,1,40526,CGL-MSB SEMI FAST LOCAL,,2,,,,0,1,1,0,0
40527,1,40527,MSB-CGL SUB LOCAL,,2,,,,0,1,1,0,0
40528,1,40528,CGL-MSB EMU LOCAL,,2,,,,0,1,1,0,0
40529,1,40529,MSB-CGL SUB LOCAL,,2,,,,0,1,1,0,0
40530,1,40530,CGL-MSB EMU LOCAL,,2,,,,0,1,1,0,0
40531,1,40531,MSB-CGL SUB LOCAL,,2,,,,0,1,1,0,0
40532,1,40532,CGL-MSB EMU LOCAL,,2,,,,0,1,1,0,0
40533,1,40533,MSB-CGL SUB LOCAL,,2,,,,0,1,1,0,0
40534,1,40534,CGL-MSB EMU LOCAL,,2,,,,0,1,1,0,0
40535,1,40535,MSB-CGL SUB LOCAL,,2,,,,0,1,1,0,0
40536,1,40536,CGL-MSB EMU LOCAL,,2,,,,0,1,1,0,0
40537,1,40537,MSB-CGL SUB LOCAL,,2,,,,0,1,1,0,0
40538,1,40538,CGL-MSB EMU LOCAL,,2,,,,0,1,1,0,0
40539,1,40539,MSB-CGL SUB LOCAL,,2,,,,0,1,1,0,0
40540,1,40540,CGL-MSB EMU LOCAL,,2,,,,0,1,1,0,0
40541,1,40541,MSB-CGL SUB LOCAL,,2,,,,0,1,1,0,0
40542,1,40542,CGL-MSB EMU LOCAL,,2,,,,0,1,1,0,0
40543,1,40543,MSB-CGL SUB LOCAL,,2,,,,0,1,1,0,0
40544,1,40544,CGL-MSB EMU LOCAL,,2,,,,0,1,1,0,0
40545,1,40545,MSB-CGL SUB LOCAL,,2,,,,0,1,1,0,0
40546,1,40546,CGL-MSB EMU LOCAL,,2,,,,0,1,1,0,0
40547,1,40547,MSB-CGL SUB LOCAL,,2,,,,0,1,1,0,0
40548,1,40548,CGL-MSB EMU LOCAL,,2,,,,0,1,1,0,0
40549,1,40549,MSB-CGL SUB LOCAL,,2,,,,0,1,1,0,0
40550,1,40550,CGL-MSB EMU LOCAL,,2,,,,0,1,1,0,0
40551,1,40551,MSB-CGL SUB LOCAL,,2,,,,0,1,1,0,0
40552,1,40552,CGL-MSB EMU LOCAL,,2,,,,0,1,1,0,0
40553,1,40553,MSB-CGL SUB LOCAL,,2,,,,0,1,1,0,0
40554,1,40554,CGL-MSB EMU LOCAL,,2,,,,0,1,1,0,0
40555,1,40555,MSB-CGL SUB LOCAL,,2,,,,0,1,1,0,0
40556,1,40556,CGL-MSB EMU LOCAL,,2,,,,0,1,1,0,0
40557,1,40557,MSB-CGL SUB LOCAL,,2,,,,0,1,1,0,0
40558,1,40558,CGL-MSB EMU LOCAL,,2,,,,0,1,1,0,0
40559,1,40559,MSB-CGL SUB LOCAL,,2,,,,0,1,1,0,0
40560,1,40560,CGL-MSB EMU LOCAL,,2,,,,0,1,1,0,0
40561,1,40561,MSB-CGL SUB LOCAL,,2,,,,0,1,1,0,0
40562,1,40562,CGL-MSB EMU LOCAL,,2,,,,0,1,1,0,0
40563,1,40563,MSB-CGL SUB LOCAL,,2,,,,0,1,1,0,0
40564,1,40564,CGL-MSB EMU LOCAL,,2,,,,0,1,1,0,0
40565,1,40565,MSB-CGL SUB LOCAL,,2,,,,0,1,1,0,0
40566,1,40566,CGL-MSB EMU LOCAL,,2,,,,0,1,1,0,0
40567,1,40567,MSB-CGL SUB LOCAL,,2,,,,0,1,1,0,0
40568,1,40568,CGL-MSB EMU LOCAL,,2,,,,0,1,1,0,0
40569,1,40569,MSB-CGL SUB LOCAL,,2,,,,0,1,1,0,0
40570,1,40570,CGL-MSB EMU LOCAL,,2,,,,0,1,1,0,0
40571,1,40571,MSB-CGL SUB LOCAL,,2,,,,0,1,1,0,0
40572,1,40572,CGL-MSB EMU LOCAL,,2,,,,0,1,1,0,0
40581,1,40581,TAMBARAM-CHENGALPATTU EMU,,2,,,,0,1,1,0,0
40582,1,40582,CHENGALPATTU-TAMBARAM EMU,,2,,,,0,1,1,0,0
40592,1,40592,GI-TBM EMU LOCAL,,2,,,,0,1,1,0,0
40601,1,40601,MSB-CGL EMU LOCAL,,2,,,,0,1,1,0,0
40602,1,40602,CGL-MSB EMU LOCAL,,2,,,,0,1,1,0,0
40603,1,40603,MSB-CGL EMU LOCAL,,2,,,,0,1,1,0,0
40604,1,40604,CGL-MSB EMU LOCAL,,2,,,,0,1,1,0,0
40605,1,40605,MSB-CGL EMU LOCAL,,2,,,,0,1,1,0,0
40606,1,40606,CGL-MSB EMU LOCAL,,2,,,,0,1,1,0,0
40607,1,40607,MSB-CGL EMU LOCAL,,2,,,,0,1,1,0,0
40608,1,40608,CGL-MSB EMU LOCAL,,2,,,,0,1,1,0,0
40609,1,40609,MSB-CGL EMU LOCAL,,2,,,,0,1,1,0,0
40610,1,40610,CGL-MSB EMU LOCAL,,2,,,,0,1,1,0,0
40611,1,40611,MSB-CGL EMU LOCAL,,2,,,,0,1,1,0,0
40612,1,40612,CGL-MSB EMU LOCAL,,2,,,,0,1,1,0,0
40613,1,40613,MSB-CGL EMU LOCAL,,2,,,,0,1,1,0,0
40614,1,40614,CGL-MSB EMU LOCAL,,2,,,,0,1,1,0,0
40615,1,40615,MSB-CGL EMU LOCAL,,2,,,,0,1,1,0,0
40616,1,40616,CGL-MSB EMU LOCAL,,2,,,,0,1,1,0,0
40617,1,40617,MSB-CGL EMU LOCAL,,2,,,,0,1,1,0,0
40618,1,40618,CGL-MSB EMU LOCAL,,2,,,,0,1,1,0,0
40619,1,40619,MSB-CGL EMU LOCAL,,2,,,,0,1,1,0,0
40620,1,40620,CGL-MSB EMU LOCAL,,2,,,,0,1,1,0,0
40621,1,40621,MSB-CGL EMU LOCAL,,2,,,,0,1,1,0,0
40622,1,40622,CGL-MSB EMU LOCAL,,2,,,,0,1,1,0,0
40623,1,40623,MSB-CGL EMU LOCAL,,2,,,,0,1,1,0,0
40624,1,40624,CGL-MSB EMU LOCAL,,2,,,,0,1,1,0,0
40625,1,40625,MSB-CGL EMU LOCAL,,2,,,,0,1,1,0,0
40626,1,40626,CGL-MSB EMU LOCAL,,2,,,,0,1,1,0,0
40627,1,40627,MSB-CGL EMU LOCAL,,2,,,,0,1,1,0,0
40628,1,40628,CGL-MSB EMU LOCAL,,2,,,,0,1,1,0,0
40629,1,40629,MSB-CGL EMU LOCAL,,2,,,,0,1,1,0,0
40630,1,40630,CGL-MSB EMU LOCAL,,2,,,,0,1,1,0,0
40631,1,40631,MSB-CGL EMU LOCAL,,2,,,,0,1,1,0,0
40632,1,40632,CGL-MSB EMU LOCAL,,2,,,,0,1,1,0,0
40633,1,40633,MSB-CGL EMU LOCAL,,2,,,,0,1,1,0,0
40634,1,40634,CGL-MSB EMU LOCAL,,2,,,,0,1,1,0,0
40635,1,40635,MSB-CGL EMU LOCAL,,2,,,,0,1,1,0,0
40636,1,40636,CGL-MSB EMU LOCAL,,2,,,,0,1,1,0,0
40637,1,40637,MSB-CGL EMU LOCAL,,2,,,,0,1,1,0,0
40638,1,40638,CGL-MSB EMU LOCAL,,2,,,,0,1,1,0,0
40639,1,40639,MSB-CGL EMU LOCAL,,2,,,,0,1,1,0,0
40640,1,40640,CGL-MSB EMU LOCAL,,2,,,,0,1,1,0,0
40641,1,40641,MSB-CGL EMU LOCAL,,2,,,,0,1,1,0,0
40642,1,40642,CGL-MSB EMU LOCAL,,2,,,,0,1,1,0,0
40643,1,40643,MSB-CGL EMU LOCAL,,2,,,,0,1,1,0,0
40644,1,40644,CGL-MSB EMU LOCAL,,2,,,,0,1,1,0,0
40645,1,40645,MSB-CGL EMU LOCAL,,2,,,,0,1,1,0,0
40646,1,40646,CGL-MSB EMU LOCAL,,2,,,,0,1,1,0,0
40647,1,40647,MSB-CGL EMU LOCAL,,2,,,,0,1,1,0,0
40648,1,40648,CGL-MSB EMU LOCAL,,2,,,,0,1,1,0,0
40649,1,40649,MSB-CGL EMU LOCAL,,2,,,,0,1,1,0,0
40650,1,40650,CGL-MSB EMU LOCAL,,2,,,,0,1,1,0,0
40651,1,40651,MSB-CGL EMU LOCAL,,2,,,,0,1,1,0,0
40652,1,40652,CGL-MSB EMU LOCAL,,2,,,,0,1,1,0,0
40653,1,40653,MSB-CGL EMU LOCAL,,2,,,,0,1,1,0,0
40654,1,40654,CGL-MSB EMU LOCAL,,2,,,,0,1,1,0,0
40655,1,40655,MSB-CGL EMU LOCAL,,2,,,,0,1,1,0,0
40656,1,40656,CGL-MSB EMU LOCAL,,2,,,,0,1,1,0,0
40657,1,40657,MSB-CGL EMU LOCAL,,2,,,,0,1,1,0,0
40658,1,40658,CGL-MSB EMU LOCAL,,2,,,,0,1,1,0,0
40659,1,40659,MSB-CGL EMU LOCAL,,2,,,,0,1,1,0,0
40660,1,40660,CGL-MSB EMU LOCAL,,2,,,,0,1,1,0,0
40661,1,40661,MSB-CGL EMU LOCAL,,2,,,,0,1,1,0,0
40662,1,40662,CGL-MSB EMU LOCAL,,2,,,,0,1,1,0,0
40701,1,40701,MSB-CJ SEMI FAST,,2,,,,0,1,1,0,0
40702,1,40702,CJ-MSB EMU LOCAL,,2,,,,0,1,1,0,0
40703,1,40703,MSB-CJ EMU LOCAL,,2,,,,0,1,1,0,0
40704,1,40704,CJ-MSB EMU LOCAL,,2,,,,0,1,1,0,0
40751,1,40751,MSB-CJ EMU,,2,,,,0,1,1,0,0
40752,1,40752,CJ-MSB EMU LOCAL,,2,,,,0,1,1,0,0
40753,1,40753,MSB-CJ EMU LOCAL,,2,,,,0,1,1,0,0
40754,1,40754,CJ - MSB SEMI FAST,,2,,,,0,1,1,0,0
40801,1,40801,MSB-TMLP EMU LOCAL,,2,,,,0,1,1,0,0
40802,1,40802,TMLP-MSB FAST,,2,,,,0,1,1,0,0
40803,1,40803,MSB-TMLP EMU LOCAL,,2,,,,0,1,1,0,0
40804,1,40804,TMLP-MSB EMU LOCAL,,2,,,,0,1,1,0,0
40805,1,40805,MSB-TMLP SEMI FAST,,2,,,,0,1,1,0,0
40806,1,40806,TMLP-MSB EMU LOCAL,,2,,,,0,1,1,0,0
40851,1,40851,MSB-TMLP EMU LOCAL,,2,,,,0,1,1,0,0
40852,1,40852,TMLP-MSB EMU LOCAL,,2,,,,0,1,1,0,0
40853,1,40853,MSB-TMLP EMU LOCAL,,2,,,,0,1,1,0,0
40854,1,40854,TMLP-MSB EMU LOCAL,,2,,,,0,1,1,0,0
40855,1,40855,MSB-TMLP EMU,,2,,,,0,1,1,0,0
40856,1,40856,TMLP-CGL-MSB EMU LOCAL,,2,,,,0,1,1,0,0
40901,1,40901,MSB-CGL-AJJ EMU,,2,,,,0,1,1,0,0
40902,1,40902,AJJ-CGL-MSB EMU LOCAL,,2,,,,0,1,1,0,0
40903,1,40903,MSB-CGL-AJJ EMU FAST,,2,,,,0,1,1,0,0
40904,1,40904,AJJ-CGL-MSB EMU FAST,,2,,,,0,1,1,0,0
40905,1,40905,MSB-CGL-AJJ EMU LOCAL,,2,,,,0,1,1,0,0
40906,1,40906,AJJ-CGL-MSB EMU LOCAL,,2,,,,0,1,1,0,0
40951,1,40951,MSB-CGL-AJJ EMU LOCAL,,2,,,,0,1,1,0,0
40952,1,40952,AJJ-CGL-MSB-EMU LOCAL,,2,,,,0,1,1,0,0
40953,1,40953,MSB-CGL-AJJ EMU,,2,,,,0,1,1,0,0
40954,1,40954,AJJ-CGL-MSB EMU,,2,,,,0,1,1,0,0
40955,1,40955,MSB-CGL-AJJ EMU,,2,,,,0,1,1,0,0
40956,1,40956,AJJ-CGL-MSB LOCAL,,2,,,,0,1,1,0,0
41001,1,41001,MSB-STMM  MRTS  SUB,,2,,,,0,1,1,0,0
41002,1,41002,STMM  MRTS -MSB SUB,,2,,,,0,1,1,0,0
41003,1,41003,MSB-STMM  MRTS  SUB,,2,,,,0,1,1,0,0
41004,1,41004,STMM  MRTS -MSB SUB,,2,,,,0,1,1,0,0
41005,1,41005,MSB-STMM  MRTS  SUB,,2,,,,0,1,1,0,0
41006,1,41006,STMM  MRTS -MSB SUB,,2,,,,0,1,1,0,0
41007,1,41007,MSB-STMM  MRTS  SUB,,2,,,,0,1,1,0,0
41008,1,41008,STMM  MRTS -MSB SUB,,2,,,,0,1,1,0,0
41009,1,41009,MSB- STMM  MRTS  SUB,,2,,,,0,1,1,0,0
41010,1,41010,STMM  MRTS -MSB SUB,,2,,,,0,1,1,0,0
41011,1,41011,MSB-STMM  MRTS  SUB,,2,,,,0,1,1,0,0
41012,1,41012,STMM  MRTS -MSB SUB,,2,,,,0,1,1,0,0
41013,1,41013,MSB-STMM  MRTS  SUB,,2,,,,0,1,1,0,0
41014,1,41014,STMM  MRTS -MSB SUB,,2,,,,0,1,1,0,0
41015,1,41015,MSB-STMM MRTS SUB,,2,,,,0,1,1,0,0
41016,1,41016,STMM  MRTS -MSB SUB,,2,,,,0,1,1,0,0
41017,1,41017,MSB-STMM  MRTS  SUB,,2,,,,0,1,1,0,0
41018,1,41018,STMM  MRTS -MSB SUB,,2,,,,0,1,1,0,0
41019,1,41019,MSB-STMM  MRTS  SUB,,2,,,,0,1,1,0,0
41020,1,41020,STMM  MRTS -MSB SUB,,2,,,,0,1,1,0,0
41021,1,41021,MSB- STMM  MRTS  SUB,,2,,,,0,1,1,0,0
41022,1,41022,STMM  MRTS -MSB SUB,,2,,,,0,1,1,0,0
41023,1,41023,MSB-STMM  MRTS  SUB,,2,,,,0,1,1,0,0
41024,1,41024,STMM  MRTS -MSB SUB,,2,,,,0,1,1,0,0
41025,1,41025,MSB-STMM  MRTS  SUB,,2,,,,0,1,1,0,0
41026,1,41026,STMM  MRTS -MSB SUB,,2,,,,0,1,1,0,0
41027,1,41027,MSB-STMM  MRTS  SUB,,2,,,,0,1,1,0,0
41028,1,41028,STMM  MRTS -MSB SUB,,2,,,,0,1,1,0,0
41029,1,41029,MSB-STMM  MRTS  SUB,,2,,,,0,1,1,0,0
41030,1,41030,STMM  MRTS -MSB SUB,,2,,,,0,1,1,0,0
41031,1,41031,MSB-STMM  MRTS  SUB,,2,,,,0,1,1,0,0
41032,1,41032,STMM  MRTS -MSB SUB,,2,,,,0,1,1,0,0
41033,1,41033,MSB-STMM  MRTS  SUB,,2,,,,0,1,1,0,0
41034,1,41034,STMM  MRTS -MSB SUB,,2,,,,0,1,1,0,0
41035,1,41035,MSB-STMM  MRTS  SUB,,2,,,,0,1,1,0,0
41036,1,41036,STMM  MRTS -MSB SUB,,2,,,,0,1,1,0,0
41037,1,41037,MSB-STMM  MRTS  SUB,,2,,,,0,1,1,0,0
41038,1,41038,STMM  MRTS -MSB SUB,,2,,,,0,1,1,0,0
41039,1,41039,MSB-STMM  MRTS  SUB,,2,,,,0,1,1,0,0
41040,1,41040,STMM  MRTS -MSB SUB,,2,,,,0,1,1,0,0
41041,1,41041,MSB-STMM  MRTS  SUB,,2,,,,0,1,1,0,0
41042,1,41042,STMM  MRTS -MSB SUB,,2,,,,0,1,1,0,0
41043,1,41043,MSB-STMM  MRTS  SUB,,2,,,,0,1,1,0,0
41044,1,41044,STMM  MRTS -MSB SUB,,2,,,,0,1,1,0,0
41045,1,41045,MSB-STMM  MRTS  SUB,,2,,,,0,1,1,0,0
41046,1,41046,STMM  MRTS -MSB SUB,,2,,,,0,1,1,0,0
41047,1,41047,MSB-STMM  MRTS  SUB,,2,,,,0,1,1,0,0
41048,1,41048,STMM  MRTS -MSB SUB,,2,,,,0,1,1,0,0
41049,1,41049,MSB-STMM  MRTS  SUB,,2,,,,0,1,1,0,0
41050,1,41050,STMM  MRTS -MSB SUB,,2,,,,0,1,1,0,0
41051,1,41051,MSB-STMM  MRTS  SUB,,2,,,,0,1,1,0,0
41052,1,41052,STMM  MRTS -MSB SUB,,2,,,,0,1,1,0,0
41053,1,41053,MSB-STMM  MRTS  SUB,,2,,,,0,1,1,0,0
41054,1,41054,STMM  MRTS -MSB SUB,,2,,,,0,1,1,0,0
41055,1,41055,MSB-STMM  MRTS  SUB,,2,,,,0,1,1,0,0
41056,1,41056,STMM  MRTS -MSB SUB,,2,,,,0,1,1,0,0
41057,1,41057,MSB-STMM  MRTS  SUB,,2,,,,0,1,1,0,0
41058,1,41058,STMM  MRTS -MSB SUB,,2,,,,0,1,1,0,0
41059,1,41059,MSB -STMM  MRTS  SUB,,2,,,,0,1,1,0,0
41060,1,41060,STMM  MRTS -MSB SUB,,2,,,,0,1,1,0,0
41061,1,41061,MSB -STMM  MRTS  SUB,,2,,,,0,1,1,0,0
41062,1,41062,STMM  MRTS -MSB SUB,,2,,,,0,1,1,0,0
41063,1,41063,MSB -STMM  MRTS  SUB,,2,,,,0,1,1,0,0
41064,1,41064,STMM  MRTS -MSB SUB,,2,,,,0,1,1,0,0
41065,1,41065,MSB -STMM  MRTS  SUB,,2,,,,0,1,1,0,0
41066,1,41066,STMM  MRTS -MSB SUB,,2,,,,0,1,1,0,0
41067,1,41067,MSB -STMM  MRTS  SUB,,2,,,,0,1,1,0,0
41068,1,41068,STMM  MRTS -MSB SUB,,2,,,,0,1,1,0,0
41069,1,41069,MSB -STMM  MRTS  SUB,,2,,,,0,1,1,0,0
41070,1,41070,STMM  MRTS -MSB SUB,,2,,,,0,1,1,0,0
41071,1,41071,MSB -STMM  MRTS  SUB,,2,,,,0,1,1,0,0
41072,1,41072,STMM  MRTS -MSB SUB,,2,,,,0,1,1,0,0
41073,1,41073,MSB -STMM  MRTS  SUB,,2,,,,0,1,1,0,0
41074,1,41074,STMM  MRTS -MSB SUB,,2,,,,0,1,1,0,0
41075,1,41075,MSB -STMM  MRTS  SUB,,2,,,,0,1,1,0,0
41076,1,41076,STMM  MRTS -MSB SUB,,2,,,,0,1,1,0,0
41077,1,41077,MSB -STMM  MRTS  SUB,,2,,,,0,1,1,0,0
41078,1,41078,STMM  MRTS -MSB SUB,,2,,,,0,1,1,0,0
41079,1,41079,MSB-STMM  MRTS  SUB,,2,,,,0,1,1,0,0
41080,1,41080,STMM  MRTS -MSB SUB,,2,,,,0,1,1,0,0
41081,1,41081,MSB-STMM  MRTS  SUB,,2,,,,0,1,1,0,0
41082,1,41082,STMM  MRTS -MSB SUB,,2,,,,0,1,1,0,0
41083,1,41083,MSB-STMM  MRTS  SUB,,2,,,,0,1,1,0,0
41084,1,41084,STMM  MRTS -MSB SUB,,2,,,,0,1,1,0,0
41085,1,41085,MSB-STMM  MRTS  SUB,,2,,,,0,1,1,0,0
41086,1,41086,STMM  MRTS -MSB SUB,,2,,,,0,1,1,0,0
41201,1,41201,MSB-VLCY SUB,,2,,,,0,1,1,0,0
41202,1,41202,VLCY-MSB SUB,,2,,,,0,1,1,0,0
41203,1,41203,MSB-VLCY SUB,,2,,,,0,1,1,0,0
41204,1,41204,VLCY-MSB SUB,,2,,,,0,1,1,0,0
41205,1,41205,MSB-VLCY SUB,,2,,,,0,1,1,0,0
41206,1,41206,VLCY-MSB SUB,,2,,,,0,1,1,0,0
41301,1,41301,VLCY-STMM  MRTS  SUB,,2,,,,0,1,1,0,0
41302,1,41302,STMM  MRTS -VLCY SUB,,2,,,,0,1,1,0,0
41303,1,41303,VLCY-STMM  MRTS  SUB,,2,,,,0,1,1,0,0
41304,1,41304,STMM  MRTS -VLCY SUB,,2,,,,0,1,1,0,0
41305,1,41305,VLCY- STMM  MRTS  SUB,,2,,,,0,1,1,0,0
41306,1,41306,STMM  MRTS -VLCY SUB,,2,,,,0,1,1,0,0
42001,1,42001,MASS-GPD EMU LOCAL,,2,,,,0,1,1,0,0
42002,1,42002,GPD-MASS EMU LOCAL,,2,,,,0,1,1,0,0
42003,1,42003,MASS-GPD EMU LOCAL,,2,,,,0,1,1,0,0
42004,1,42004,GPD-MASS EMU LOCAL,,2,,,,0,1,1,0,0
42005,1,42005,MASS-GPD EMU LOCAL,,2,,,,0,1,1,0,0
42006,1,42006,GPD-MASS EMU LOCAL,,2,,,,0,1,1,0,0
42007,1,42007,MASS-GPD EMU LOCAL,,2,,,,0,1,1,0,0
42008,1,42008,GPD-MASS EMU LOCAL,,2,,,,0,1,1,0,0
42009,1,42009,MASS-GPD EMU LOCAL,,2,,,,0,1,1,0,0
42010,1,42010,GPD-MASS EMU LOCAL,,2,,,,0,1,1,0,0
42011,1,42011,MASS-GPD EMU LOCAL,,2,,,,0,1,1,0,0
42012,1,42012,GPD-MASS EMU LOCAL,,2,,,,0,1,1,0,0
42013,1,42013,MASS-GPD EMU LOCAL,,2,,,,0,1,1,0,0
42014,1,42014,GPD-MASS EMU LOCAL,,2,,,,0,1,1,0,0
42015,1,42015,MASS-GPD EMU LOCAL,,2,,,,0,1,1,0,0
42016,1,42016,GPD-MASS EMU LOCAL,,2,,,,0,1,1,0,0
42017,1,42017,MASS-GPD EMU LOCAL,,2,,,,0,1,1,0,0
42018,1,42018,GPD-MASS EMU LOCAL,,2,,,,0,1,1,0,0
42019,1,42019,MASS-GPD EMU LOCAL,,2,,,,0,1,1,0,0
42020,1,42020,GPD-MASS EMU LOCAL,,2,,,,0,1,1,0,0
42021,1,42021,MASS-GPD EMU LOCAL,,2,,,,0,1,1,0,0
42022,1,42022,GPD-MASS EMU LOCAL,,2,,,,0,1,1,0,0
42023,1,42023,MASS-GPD EMU LOCAL,,2,,,,0,1,1,0,0
42024,1,42024,GPD-MASS EMU LOCAL,,2,,,,0,1,1,0,0
42025,1,42025,MASS-GPD EMU LOCAL,,2,,,,0,1,1,0,0
42026,1,42026,GPD-MASS EMU LOCAL,,2,,,,0,1,1,0,0
42027,1,42027,MASS-GPD EMU LOCAL,,2,,,,0,1,1,0,0
42028,1,42028,GPD-MASS EMU LOCAL,,2,,,,0,1,1,0,0
42029,1,42029,MASS-GPD EMU LOCAL,,2,,,,0,1,1,0,0
42030,1,42030,GPD-MASS EMU LOCAL,,2,,,,0,1,1,0,0
42031,1,42031,MASS-GPD EMU LOCAL,,2,,,,0,1,1,0,0
42032,1,42032,GPD-MASS EMU LOCAL,,2,,,,0,1,1,0,0
42033,1,42033,MASS-GPD EMU LOCAL,,2,,,,0,1,1,0,0
42034,1,42034,GPD-MASS EMU LOCAL,,2,,,,0,1,1,0,0
42035,1,42035,MASS-GPD EMU LOCAL,,2,,,,0,1,1,0,0
42036,1,42036,GPD-MASS EMU LOCAL,,2,,,,0,1,1,0,0
42037,1,42037,MASS-GPD EMU LOCAL,,2,,,,0,1,1,0,0
42038,1,42038,GPD-MASS EMU LOCAL,,2,,,,0,1,1,0,0
42040,1,42040,GPD-MASS EMU LOCAL,,2,,,,0,1,1,0,0
42042,1,42042,GPD-MASS EMU LOCAL,,2,,,,0,1,1,0,0
42301,1,42301,MASS-PON EMU LOCAL,,2,,,,0,1,1,0,0
42302,1,42302,PON-MASS EMU LOCAL,,2,,,,0,1,1,0,0
42401,1,42401,MASS-SPE EMU LOCAL,,2,,,,0,1,1,0,0
42402,1,42402,SPE-MASS EMU LOCAL,,2,,,,0,1,1,0,0
42403,1,42403,MASS-SPE EMU LOCAL,,2,,,,0,1,1,0,0
42404,1,42404,SPE-MASS EMU LOCAL,,2,,,,0,1,1,0,0
42406,1,42406,SPE-MASS EMU LOCAL,,2,,,,0,1,1,0,0
42407,1,42407,MASS-SPE EMU LOCAL,,2,,,,0,1,1,0,0
42408,1,42408,SPE-MASS EMU LOCAL,,2,,,,0,1,1,0,0
42410,1,42410,SPE-MASS EMU LOCAL,,2,,,,0,1,1,0,0
42411,1,42411,MASS-SPE EMU LOCAL,,2,,,,0,1,1,0,0
42413,1,42413,MASS-SPE EMU LOCAL,,2,,,,0,1,1,0,0
42414,1,42414,SPE-MASS EMU LOCAL,,2,,,,0,1,1,0,0
42415,1,42415,MASS-SPE EMU LOCAL,,2,,,,0,1,1,0,0
42416,1,42416,SPE-MASS EMU LOCAL,,2,,,,0,1,1,0,0
42418,1,42418,SPE-MASS EMU LOCAL,,2,,,,0,1,1,0,0
42419,1,42419,MASS-SPE EMU LOCAL,,2,,,,0,1,1,0,0
42421,1,42421,MASS-SPE EMU LOCAL,,2,,,,0,1,1,0,0
42422,1,42422,SPE-MMC EMU LOCAL,,2,,,,0,1,1,0,0
42423,1,42423,MASS-SPE EMU LOCAL,,2,,,,0,1,1,0,0
42425,1,42425,MASS-SPE EMU LOCAL,,2,,,,0,1,1,0,0
42427,1,42427,MASS-SPE EMU LOCAL,,2,,,,0,1,1,0,0
42501,1,42501,CGL-GPD EMU LOCAL,,2,,,,0,1,1,0,0
42502,1,42502,GPD-CGL EMU LOCAL,,2,,,,0,1,1,0,0
42521,1,42521,TBM-GPD EMU,,2,,,,0,1,1,0,0
42522,1,42522,GPD-TBM,,2,,,,0,1,1,0,0
42601,1,42601,MSB-GDP LOCAL,,2,,,,0,1,1,0,0
42602,1,42602,GPD-MSB LOCAL,,2,,,,0,1,1,0,0
42603,1,42603,MSB-GPD LOCAL,,2,,,,0,1,1,0,0
42604,1,42604,GPD-MSB EMU,,2,,,,0,1,1,0,0
42605,1,42605,MSB-GPD LOCAL,,2,,,,0,1,1,0,0
42606,1,42606,GPD-MSB EMU LOCAL,,2,,,,0,1,1,0,0
42607,1,42607,MSB-GPD LOCAL,,2,,,,0,1,1,0,0
42608,1,42608,GPD-MSB EMU LOCAL,,2,,,,0,1,1,0,0
42609,1,42609,MSB-GPD LOCAL,,2,,,,0,1,1,0,0
42610,1,42610,GDP-MSB LOCAL,,2,,,,0,1,1,0,0
42611,1,42611,MSB-GPD EMU LOCAL,,2,,,,0,1,1,0,0
42613,1,42613,MSB - GPD EMU,,2,,,,0,1,1,0,0
42701,1,42701,MSB-PON EMU LOCAL,,2,,,,0,1,1,0,0
42702,1,42702,PON-MSB,,2,,,,0,1,1,0,0
42802,1,42802,SPE-MSB LOCAL,,2,,,,0,1,1,0,0
42804,1,42804,SPE-MSB EMU LOCAL,,2,,,,0,1,1,0,0
43001,1,43001,MASS-AVD EMU LOCAL,,2,,,,0,1,1,0,0
43002,1,43002,AVD-MASS EMU LOCAL,,2,,,,0,1,1,0,0
43003,1,43003,MASS-AVD EMU LOCAL,,2,,,,0,1,1,0,0
43005,1,43005,MASS-AVD EMU LOCAL,,2,,,,0,1,1,0,0
43006,1,43006,AVD-MASS EMU LOCAL,,2,,,,0,1,1,0,0
43007,1,43007,MASS-AVD EMU LOCAL,,2,,,,0,1,1,0,0
43009,1,43009,MASS-AVD EMU LOCAL,,2,,,,0,1,1,0,0
43010,1,43010,AVD-MASS EMU LOCAL,,2,,,,0,1,1,0,0
43011,1,43011,MASS-AVD EMU LOCAL,,2,,,,0,1,1,0,0
43012,1,43012,AVD - MASS EMU,,2,,,,0,1,1,0,0
43013,1,43013,MASS-AVD EMU LOCAL,,2,,,,0,1,1,0,0
43014,1,43014,AVD-MASS EMU LOCAL,,2,,,,0,1,1,0,0
43016,1,43016,AVD-MASS EMU LOCAL,,2,,,,0,1,1,0,0
43101,1,43101,MASS - E-DEPO EMU LOCAL,,2,,,,0,1,1,0,0
43102,1,43102,E-DEPO - MASS EMU LOCAL,,2,,,,0,1,1,0,0
43103,1,43103,MASS - E-DEPO EMU LOCAL,,2,,,,0,1,1,0,0
43104,1,43104,E-DEPO - MASS EMU LOCAL,,2,,,,0,1,1,0,0
43105,1,43105,MASS - E-DEPO EMU LOCAL,,2,,,,0,1,1,0,0
43106,1,43106,E-DEPO - MASS EMU LOCAL,,2,,,,0,1,1,0,0
43107,1,43107,MASS - E-DEPO EMU LOCAL,,2,,,,0,1,1,0,0
43108,1,43108,E-DEPO - MASS EMU LOCAL,,2,,,,0,1,1,0,0
43109,1,43109,MASS - E-DEPO EMU LOCAL,,2,,,,0,1,1,0,0
43110,1,43110,E-DEPO - MASS EMU LOCAL,,2,,,,0,1,1,0,0
43111,1,43111,MASS - E-DEPO EMU LOCAL,,2,,,,0,1,1,0,0
43112,1,43112,E-DEPO - MASS EMU LOCAL,,2,,,,0,1,1,0,0
43113,1,43113,MASS - E-DEPO EMU LOCAL,,2,,,,0,1,1,0,0
43114,1,43114,E-DEPO - MASS EMU LOCAL,,2,,,,0,1,1,0,0
43115,1,43115,MASS - E-DEPO EMU LOCAL,,2,,,,0,1,1,0,0
43116,1,43116,E-DEPO - MASS EMU LOCAL,,2,,,,0,1,1,0,0
43117,1,43117,MASS - E-DEPO EMU LOCAL,,2,,,,0,1,1,0,0
43118,1,43118,E-DEPO - MASS EMU LOCAL,,2,,,,0,1,1,0,0
43119,1,43119,MASS - E-DEPO EMU LOCAL,,2,,,,0,1,1,0,0
43120,1,43120,E-DEPO - MASS EMU LOCAL,,2,,,,0,1,1,0,0
43121,1,43121,MASS - E-DEPO EMU LOCAL,,2,,,,0,1,1,0,0
43122,1,43122,E-DEPO - MASS EMU LOCAL,,2,,,,0,1,1,0,0
43123,1,43123,MASS - E-DEPO EMU LOCAL,,2,,,,0,1,1,0,0
43124,1,43124,E-DEPO - MASS EMU LOCAL,,2,,,,0,1,1,0,0
43126,1,43126,E-DEPO - MASS EMU LOCAL,,2,,,,0,1,1,0,0
43201,1,43201,MMC-TRL EMU LOCAL,,2,,,,0,1,1,0,0
43202,1,43202,TRL-MASS EMU LOCAL,,2,,,,0,1,1,0,0
43203,1,43203,MMC-TRL EMU LOCAL,,2,,,,0,1,1,0,0
43204,1,43204,TRL-MASS EMU LOCAL,,2,,,,0,1,1,0,0
43205,1,43205,MASS-TRL EMU LOCAL,,2,,,,0,1,1,0,0
43206,1,43206,TRL-MASS EMU LOCAL,,2,,,,0,1,1,0,0
43207,1,43207,MASS-TRL EMU LOCAL,,2,,,,0,1,1,0,0
43208,1,43208,TRL-MASS EMU LOCAL,,2,,,,0,1,1,0,0
43209,1,43209,MASS-TRL EMU LOCAL,,2,,,,0,1,1,0,0
43210,1,43210,TRL-MASS EMU LOCAL,,2,,,,0,1,1,0,0
43211,1,43211,MASS-TRL EMU LOCAL,,2,,,,0,1,1,0,0
43212,1,43212,TRL-MASS EMU LOCAL,,2,,,,0,1,1,0,0
43213,1,43213,MASS-TRL EMU LOCAL,,2,,,,0,1,1,0,0
43214,1,43214,TRL-MASS EMU LOCAL,,2,,,,0,1,1,0,0
43215,1,43215,MASS-TRL EMU LOCAL,,2,,,,0,1,1,0,0
43216,1,43216,TRL-MASS EMU FAST,,2,,,,0,1,1,0,0
43217,1,43217,MASS-TRL EMU LOCAL,,2,,,,0,1,1,0,0
43218,1,43218,TRL-MASS EMU LOCAL,,2,,,,0,1,1,0,0
43219,1,43219,MASS-TRL EMU LOCAL,,2,,,,0,1,1,0,0
43220,1,43220,TRL-MASS EMU LOCAL,,2,,,,0,1,1,0,0
43221,1,43221,MASS-TRL EMU LOCAL,,2,,,,0,1,1,0,0
43222,1,43222,TRL-MASS EMU FAST,,2,,,,0,1,1,0,0
43223,1,43223,MASS-TRL EMU LOCAL,,2,,,,0,1,1,0,0
43224,1,43224,TRL-MASS EMU LOCAL,,2,,,,0,1,1,0,0
43225,1,43225,MASS-TRL EMU LOCAL,,2,,,,0,1,1,0,0
43226,1,43226,TRL-MASS EMU LOCAL,,2,,,,0,1,1,0,0
43227,1,43227,MASS-TRL EMU LOCAL,,2,,,,0,1,1,0,0
43228,1,43228,TRL-MASS EMU LOCAL,,2,,,,0,1,1,0,0
43229,1,43229,MASS-TRL EMU LOCAL,,2,,,,0,1,1,0,0
43230,1,43230,TRL-MASS EMU LOCAL,,2,,,,0,1,1,0,0
43231,1,43231,MASS-TRL EMU LOCAL,,2,,,,0,1,1,0,0
43232,1,43232,TRL-MASS EMU LOCAL,,2,,,,0,1,1,0,0
43233,1,43233,MASS-TRL EMU LOCAL,,2,,,,0,1,1,0,0
43234,1,43234,TRL-MASS EMU LOCAL,,2,,,,0,1,1,0,0
43235,1,43235,MASS-TRL EMU LOCAL,,2,,,,0,1,1,0,0
43236,1,43236,TRL-MASS EMU LOCAL,,2,,,,0,1,1,0,0
43237,1,43237,MASS-TRL EMU LOCAL,,2,,,,0,1,1,0,0
43238,1,43238,TRL-MASS EMU LOCAL,,2,,,,0,1,1,0,0
43239,1,43239,MASS-TRL EMU LOCAL,,2,,,,0,1,1,0,0
43240,1,43240,TRL-MASS EMU LOCAL,,2,,,,0,1,1,0,0
43241,1,43241,MASS-TRL EMU LOCAL,,2,,,,0,1,1,0,0
43242,1,43242,TRL-MASS EMU LOCAL,,2,,,,0,1,1,0,0
43243,1,43243,MASS-TRL EMU LOCAL,,2,,,,0,1,1,0,0
43244,1,43244,TRL-MASS EMU LOCAL,,2,,,,0,1,1,0,0
43245,1,43245,MASS-TRL EMU LOCAL,,2,,,,0,1,1,0,0
43246,1,43246,TRL-MASS EMU LOCAL,,2,,,,0,1,1,0,0
43247,1,43247,MASS-TRL EMU LOCAL,,2,,,,0,1,1,0,0
43248,1,43248,TRL-MASS EMU LOCAL,,2,,,,0,1,1,0,0
43249,1,43249,MASS-TRL EMU LOCAL,,2,,,,0,1,1,0,0
43250,1,43250,TRL-MASS EMU LOCAL,,2,,,,0,1,1,0,0
43251,1,43251,MASS-TRL EMU LOCAL,,2,,,,0,1,1,0,0
43252,1,43252,TRL-MASS EMU LOCAL,,2,,,,0,1,1,0,0
43253,1,43253,MASS-TRL EMU LOCAL,,2,,,,0,1,1,0,0
43254,1,43254,TRL-MASS EMU LOCAL,,2,,,,0,1,1,0,0
43401,1,43401,MASS-AJJ EMU FAST,,2,,,,0,1,1,0,0
43402,1,43402,AJJ-MASS EMU LOCAL,,2,,,,0,1,1,0,0
43403,1,43403,MASS-AJJ EMU LOCAL,,2,,,,0,1,1,0,0
43404,1,43404,AJJ-MASS EMU LOCAL,,2,,,,0,1,1,0,0
43407,1,43407,MASS-AJJ EMU LOCAL,,2,,,,0,1,1,0,0
43408,1,43408,AJJ-MASS EMU FAST LOCAL,,2,,,,0,1,1,0,0
43409,1,43409,MASS-AJJ EMU LOCAL,,2,,,,0,1,1,0,0
43410,1,43410,AJJ-MASS FAST LOCAL,,2,,,,0,1,1,0,0
43411,1,43411,MASS-AJJ EMU LOCAL,,2,,,,0,1,1,0,0
43412,1,43412,AJJ-MASS EMU LOCAL,,2,,,,0,1,1,0,0
43413,1,43413,MASS-AJJ EMU LOCAL,,2,,,,0,1,1,0,0
43414,1,43414,AJJ-MASS EMU LOCAL,,2,,,,0,1,1,0,0
43415,1,43415,MASS-AJJ EMU LOCAL,,2,,,,0,1,1,0,0
43417,1,43417,MASS-AJJ EMU,,2,,,,0,1,1,0,0
43418,1,43418,AJJ-MASS EMU LOCAL,,2,,,,0,1,1,0,0
43420,1,43420,AJJ-MASS EMU LOCAL,,2,,,,0,1,1,0,0
43421,1,43421,MASS-AJJ EMU LOCAL,,2,,,,0,1,1,0,0
43422,1,43422,AJJ-MASS EMU LOCAL,,2,,,,0,1,1,0,0
43423,1,43423,MASS-AJJ LOCAL,,2,,,,0,1,1,0,0
43424,1,43424,AJJ-MASS EMU LOCAL,,2,,,,0,1,1,0,0
43425,1,43425,MASS-AJJ FAST LOCAL,,2,,,,0,1,1,0,0
43426,1,43426,AJJ-MASS EMU LOCAL,,2,,,,0,1,1,0,0
43427,1,43427,MASS-AJJ EMU LOCAL,,2,,,,0,1,1,0,0
43428,1,43428,AJJ-MASS EMU LOCAL,,2,,,,0,1,1,0,0
43429,1,43429,MASS-AJJ EMU LOCAL,,2,,,,0,1,1,0,0
43432,1,43432,AJJ-MASS EMU LOCAL,,2,,,,0,1,1,0,0
43433,1,43433,MASS-AJJ EMU FAST LOCAL,,2,,,,0,1,1,0,0
43434,1,43434,AJJ-MASS EMU LOCAL,,2,,,,0,1,1,0,0
43435,1,43435,MASS-AJJ EMU,,2,,,,0,1,1,0,0
43438,1,43438,AJJ-MASS EMU,,2,,,,0,1,1,0,0
43439,1,43439,MASS-AJJ,,2,,,,0,1,1,0,0
43440,1,43440,AJJ-MASS EMU LOCAL,,2,,,,0,1,1,0,0
43441,1,43441,MASS-AJJ EMU LOCAL,,2,,,,0,1,1,0,0
43442,1,43442,AJJ-MASS EMU LOCAL,,2,,,,0,1,1,0,0
43501,1,43501,MAS-TRT EMU LOCAL,,2,,,,0,1,1,0,0
43502,1,43502,TRT-MASS EMU LOCAL,,2,,,,0,1,1,0,0
43503,1,43503,MASS-TRT EMU LOCAL,,2,,,,0,1,1,0,0
43504,1,43504,TRT-MASS EMU LOCAL,,2,,,,0,1,1,0,0
43505,1,43505,MASS-TRT EMU LOCAL,,2,,,,0,1,1,0,0
43506,1,43506,TRT-MASS EMU LOCAL,,2,,,,0,1,1,0,0
43507,1,43507,MASS-TRT EMU LOCAL,,2,,,,0,1,1,0,0
43509,1,43509,MASS-TRT EMU LOCAL,,2,,,,0,1,1,0,0
43510,1,43510,TRT-MASS EMU LOCAL,,2,,,,0,1,1,0,0
43511,1,43511,MASS-TRT EMU LOCAL,,2,,,,0,1,1,0,0
43512,1,43512,TRT-MASS EMU LOCAL,,2,,,,0,1,1,0,0
43513,1,43513,MASS-TRT EMU LOCAL,,2,,,,0,1,1,0,0
43514,1,43514,TRT-MASS EMU LOCAL,,2,,,,0,1,1,0,0
43515,1,43515,MASS-TRT EMU LOCAL,,2,,,,0,1,1,0,0
43516,1,43516,TRT-MASS EMU LOCAL,,2,,,,0,1,1,0,0
43517,1,43517,MASS-TRT EMU LOCAL,,2,,,,0,1,1,0,0
43518,1,43518,TRT-MASS EMU LOCAL,,2,,,,0,1,1,0,0
43519,1,43519,MASS-TRT EMU LOCAL,,2,,,,0,1,1,0,0
43520,1,43520,TRT-MASS EMU LOCAL,,2,,,,0,1,1,0,0
43522,1,43522,TRT-MASS EMU LOCAL,,2,,,,0,1,1,0,0
43524,1,43524,TRT-MASS EMU LOCAL,,2,,,,0,1,1,0,0
43551,1,43551,AJJ-TRT EMU LOCAL,,2,,,,0,1,1,0,0
43552,1,43552,TRT-AJJ EMU LOCAL,,2,,,,0,1,1,0,0
43553,1,43553,AJJ-TRT EMU LOCAL,,2,,,,0,1,1,0,0
43554,1,43554,TRT-AJJ EMU LOCAL,,2,,,,0,1,1,0,0
43601,1,43601,MSB-AVD EMU LOCAL,,2,,,,0,1,1,0,0
43602,1,43602,AVD-MSB LOCAL,,2,,,,0,1,1,0,0
43603,1,43603,MSB-AVD EMU LOCAL,,2,,,,0,1,1,0,0
43604,1,43604,AVD-MSB EMU LOCAL,,2,,,,0,1,1,0,0
43605,1,43605,MSB-AVD EMU LOCAL,,2,,,,0,1,1,0,0
43606,1,43606,AVD-MSB LOCAL,,2,,,,0,1,1,0,0
43607,1,43607,MSB-AVD LOCAL,,2,,,,0,1,1,0,0
43608,1,43608,AVD-MSB LOCAL,,2,,,,0,1,1,0,0
43609,1,43609,MSB-AVD LOCAL,,2,,,,0,1,1,0,0
43610,1,43610,AVD-MSB LOCAL,,2,,,,0,1,1,0,0
43611,1,43611,MSB-AVD LOCAL,,2,,,,0,1,1,0,0
43612,1,43612,AVD-MSB LOCAL,,2,,,,0,1,1,0,0
43613,1,43613,MSB-AVD EMU LOCAL,,2,,,,0,1,1,0,0
43614,1,43614,AVD-MSB LOCAL,,2,,,,0,1,1,0,0
43616,1,43616,AVD-MSB EMU LOCAL,,2,,,,0,1,1,0,0
43618,1,43618,AVD-MSB EMU LOCAL,,2,,,,0,1,1,0,0
43620,1,43620,AVD-MSB LOCAL,,2,,,,0,1,1,0,0
43622,1,43622,AVD-MSB LOCAL,,2,,,,0,1,1,0,0
43624,1,43624,AVD-MSB EMU,,2,,,,0,1,1,0,0
43701,1,43701,MSB-TRL EMU LOCAL,,2,,,,0,1,1,0,0
43702,1,43702,TRL-MSB LOCAL,,2,,,,0,1,1,0,0
43703,1,43703,MSB-TRL LOCAL,,2,,,,0,1,1,0,0
43704,1,43704,TRL-MSB EMU LOCAL,,2,,,,0,1,1,0,0
43705,1,43705,MSB -TRL EMU LOCAL,,2,,,,0,1,1,0,0
43706,1,43706,TRL-MSB LOCAL,,2,,,,0,1,1,0,0
43707,1,43707,MSB-TRL LOCAL,,2,,,,0,1,1,0,0
43708,1,43708,TRL-MSB EMU LOCAL,,2,,,,0,1,1,0,0
43709,1,43709,MSB-TRL LOCAL,,2,,,,0,1,1,0,0
43710,1,43710,TRL-MSB EMU LOCAL,,2,,,,0,1,1,0,0
43711,1,43711,MSB-TRL LOCAL,,2,,,,0,1,1,0,0
43712,1,43712,TRL-MSB EMU LOCAL,,2,,,,0,1,1,0,0
43713,1,43713,MSB-TRL EMU LOCAL,,2,,,,0,1,1,0,0
43715,1,43715,MSB-TRL EMU LOCAL,,2,,,,0,1,1,0,0
43717,1,43717,MSB-TRL LOCAL,,2,,,,0,1,1,0,0
43719,1,43719,MSB-TRL EMU LOCAL,,2,,,,0,1,1,0,0
43751,1,43751,MSB - E-DEPO EMU LOCAL,,2,,,,0,1,1,0,0
43752,1,43752,E-DEPO - MSB EMU LOCAL,,2,,,,0,1,1,0,0
43753,1,43753,MSB - E-DEPO EMU LOCAL,,2,,,,0,1,1,0,0
43754,1,43754,E-DEPO - MSB EMU LOCAL,,2,,,,0,1,1,0,0
43755,1,43755,MSB - E-DEPO EMU LOCAL,,2,,,,0,1,1,0,0
43757,1,43757,MSB - E-DEPO EMU LOCAL,,2,,,,0,1,1,0,0
43801,1,43801,MSB-AJJ EMU LOCAL,,2,,,,0,1,1,0,0
43802,1,43802,AJJ-MSB EMU LOCAL,,2,,,,0,1,1,0,0
43803,1,43803,MSB-AJJ EMU LOCAL,,2,,,,0,1,1,0,0
43804,1,43804,AJJ-MSB LS GL EMU,,2,,,,0,1,1,0,0
43805,1,43805,MSB-AJJ LS GL EMU,,2,,,,0,1,1,0,0
43806,1,43806,AJJ-MSB FAST LOCAL,,2,,,,0,1,1,0,0
43808,1,43808,AJJ-MSB  EMU LOCAL,,2,,,,0,1,1,0,0
43820,1,43820,TRT-MSB EMU LOCAL,,2,,,,0,1,1,0,0
43821,1,43821,MSB-TRT EMU,,2,,,,0,1,1,0,0
43823,1,43823,MSB-TRT FAST EMU,,2,,,,0,1,1,0,0
43832,1,43832,TRL-AVD EMU LOCAL,,2,,,,0,1,1,0,0
43834,1,43834,TRL -AVD EMU,,2,,,,0,1,1,0,0
43836,1,43836,TRL -AVD EMU,,2,,,,0,1,1,0,0
43841,1,43841,AVD-AJJ EMU LOCAL,,2,,,,0,1,1,0,0
43851,1,43851,PON-TRL EMU LOCAL,,2,,,,0,1,1,0,0
43852,1,43852,TRL-PON EMU LOCAL,,2,,,,0,1,1,0,0
43861,1,43861,ENR-TRL EMU LOCAL,,2,,,,0,1,1,0,0
43862,1,43862,AVD-ENR EMU,,2,,,,0,1,1,0,0
43871,1,43871,MASS-PAB EMU LOCAL,,2,,,,0,1,1,0,0
43872,1,43872,PAB-MASS EMU LOCAL,,2,,,,0,1,1,0,0
43882,1,43882,TI-MASS EMU LOCAL,,2,,,,0,1,1,0,0
43892,1,43892,E-DEPO - AVD EMU LOCAL,,2,,,,0,1,1,0,0
43901,1,43901,MASS-KBT EMU LOCAL,,2,,,,0,1,1,0,0
43902,1,43902,KBT-MASS EMU LOCAL,,2,,,,0,1,1,0,0
43912,1,43912,KBT-MSB LOCAL,,2,,,,0,1,1,0,0
43921,1,43921,TRL-KBT EMU LOCAL,,2,,,,0,1,1,0,0
44001,1,44001,AJJ-CGL EMU,,2,,,,0,1,1,0,0
44002,1,44002,CGL -AJJ EMU,,2,,,,0,1,1,0,0
44003,1,44003,AJJ-CGL EMU,,2,,,,0,1,1,0,0
44004,1,44004,CGL-AJJ EMU,,2,,,,0,1,1,0,0
47101,1,47101,HYB-LPI,,2,,,,0,1,1,0,0
47102,1,47102,HYB-LPI,,2,,,,0,1,1,0,0
47103,1,47103,HYB-LPI,,2,,,,0,1,1,0,0
47104,1,47104,HYB-LPI,,2,,,,0,1,1,0,0
47111,1,47111,HYB-LPI,,2,,,,0,1,1,0,0
47119,1,47119,HYB-LPI,,2,,,,0,1,1,0,0
47120,1,47120,HYB-LPI,,2,,,,0,1,1,0,0
47121,1,47121,HYB-LPI,,2,,,,0,1,1,0,0
47122,1,47122,HYB-LPI,,2,,,,0,1,1,0,0
47125,1,47125,HYB-LPI,,2,,,,0,1,1,0,0
47126,1,47126,LPI-HYB,,2,,,,0,1,1,0,0
47128,1,47128,LPI-HYB,,2,,,,0,1,1,0,0
47130,1,47130,LPI-HYB,,2,,,,0,1,1,0,0
47140,1,47140,LPI-HYB,,2,,,,0,1,1,0,0
47142,1,47142,RCPT-HYB,,2,,,,0,1,1,0,0
47143,1,47143,LPI-HYB,,2,,,,0,1,1,0,0
47145,1,47145,LPI-HYB,,2,,,,0,1,1,0,0
47146,1,47146,LPI-HYB,,2,,,,0,1,1,0,0
47150,1,47150,SC-LPI,,2,,,,0,1,1,0,0
47151,1,47151,UR-LPI,,2,,,,0,1,1,0,0
47153,1,47153,UR-LPI,,2,,,,0,1,1,0,0
47154,1,47154,UR-TLPR,,2,,,,0,1,1,0,0
47155,1,47155,FM-RCPT,,2,,,,0,1,1,0,0
47156,1,47156,FM-MED,,2,,,,0,1,1,0,0
47157,1,47157,FM-LPI,,2,,,,0,1,1,0,0
47159,1,47159,TLPR-UR,,2,,,,0,1,1,0,0
47160,1,47160,FM-LPI,,2,,,,0,1,1,0,0
47163,1,47163,UR-LPI,,2,,,,0,1,1,0,0
47164,1,47164,UR-LPI,,2,,,,0,1,1,0,0
47165,1,47165,UR-TLPR,,2,,,,0,1,1,0,0
47166,1,47166,FM-LPI,,2,,,,0,1,1,0,0
47167,1,47167,FM-LPI,,2,,,,0,1,1,0,0
47170,1,47170,FM-LPI,,2,,,,0,1,1,0,0
47173,1,47173,LPI-UR,,2,,,,0,1,1,0,0
47175,1,47175,LPI-FM,,2,,,,0,1,1,0,0
47176,1,47176,LPI-UR,,2,,,,0,1,1,0,0
47177,1,47177,RCPT-FM,,2,,,,0,1,1,0,0
47178,1,47178,TLPR-UR,,2,,,,0,1,1,0,0
47179,1,47179,LPI-FM,,2,,,,0,1,1,0,0
47184,1,47184,TLPR-FM,,2,,,,0,1,1,0,0
47185,1,47185,MED-FM,,2,,,,0,1,1,0,0
47187,1,47187,LPI-FM,,2,,,,0,1,1,0,0
47188,1,47188,LPI-FM,,2,,,,0,1,1,0,0
47190,1,47190,LPI-FM,,2,,,,0,1,1,0,0
47191,1,47191,LPI-FM,,2,,,,0,1,1,0,0
47192,1,47192,LPI-FM,,2,,,,0,1,1,0,0
47193,1,47193,LPI-SC,,2,,,,0,1,1,0,0
47194,1,47194,LPI-UR,,2,,,,0,1,1,0,0
47195,1,47195,LPI-SC,,2,,,,0,1,1,0,0
47201,1,47201,FM-HYB,,2,,,,0,1,1,0,0
47203,1,47203,UR-LPI,,2,,,,0,1,1,0,0
47206,1,47206,SC-HYB,,2,,,,0,1,1,0,0
47207,1,47207,FM-TLPR,,2,,,,0,1,1,0,0
47210,1,47210,LPI-UR,,2,,,,0,1,1,0,0
47211,1,47211,UR-TLPR,,2,,,,0,1,1,0,0
47212,1,47212,TLPR-FM,,2,,,,0,1,1,0,0
47213,1,47213,LPI-UR,,2,,,,0,1,1,0,0
47217,1,47217,LPI-FM,,2,,,,0,1,1,0,0
47218,1,47218,FM-RCPT,,2,,,,0,1,1,0,0
47220,1,47220,FM-LPI,,2,,,,0,1,1,0,0
47222,1,47222,MED-LPI,,2,,,,0,1,1,0,0
47225,1,47225,LPI-MED,,2,,,,0,1,1,0,0
47226,1,47226,MED-TLPR,,2,,,,0,1,1,0,0
47227,1,47227,TLPR-MED,,2,,,,0,1,1,0,0
47228,1,47228,MED-SC,,2,,,,0,1,1,0,0
47229,1,47229,SC-MED,,2,,,,0,1,1,0,0
47231,1,47231,MED-SC,,2,,,,0,1,1,0,0
47232,1,47232,SC-MED,,2,,,,0,1,1,0,0
47233,1,47233,MED-HYB,,2,,,,0,1,1,0,0
47234,1,47234,HYB-MED,,2,,,,0,1,1,0,0
47235,1,47235,GT-SNF,,2,,,,0,1,1,0,0
47236,1,47236,SNF-GT,,2,,,,0,1,1,0,0
47237,1,47237,MED-SC,,2,,,,0,1,1,0,0
47238,1,47238,SC-MED,,2,,,,0,1,1,0,0
47241,1,47241,MED-FM,,2,,,,0,1,1,0,0
47242,1,47242,MED-SC,,2,,,,0,1,1,0,0
47243,1,47243,SC-MED,,2,,,,0,1,1,0,0
47244,1,47244,FM-MED,,2,,,,0,1,1,0,0
47245,1,47245,SC-MED,,2,,,,0,1,1,0,0
47246,1,47246,FM-SC,,2,,,,0,1,1,0,0
47247,1,47247,SC-UR,,2,,,,0,1,1,0,0
47248,1,47248,UR-SC,,2,,,,0,1,1,0,0
47249,1,47249,SC-UR,,2,,,,0,1,1,0,0
47250,1,47250,FM-UR,,2,,,,0,1,1,0,0
47251,1,47251,MED-FM,,2,,,,0,1,1,0,0
47252,1,47252,UR-SC,,2,,,,0,1,1,0,0
47253,1,47253,GT-RCPT,,2,,,,0,1,1,0,0
47254,1,47254,RCPT-GHATKESAR,,2,,,,0,1,1,0,0
49001,1,49001,TBM-CGL AC EMU,,2,,,,0,1,1,0,0
49002,1,49002,CGL-MSB AC EMU,,2,,,,0,1,1,0,0
49003,1,49003,MSB-TBM AC EMU,,2,,,,0,1,1,0,0
49004,1,49004,TBM-MSB AC EMU,,2,,,,0,1,1,0,0
49005,1,49005,MSB-TBM AC EMU,,2,,,,0,1,1,0,0
49006,1,49006,TBM-MSB AC EMU,,2,,,,0,1,1,0,0
49007,1,49007,MSB-CGL AC EMU FAST,,2,,,,0,1,1,0,0
49008,1,49008,CGL-TBM AC EMU,,2,,,,0,1,1,0,0
49009,1,49009,MSB-TBM AC EMU,,2,,,,0,1,1,0,0
50103,1,50103,RATNAGIRI PASS,,2,,,,0,1,1,0,0
50104,1,50104,RN DIVA PASS,,2,,,,0,1,1,0,0
50107,1,50107,SWV MADGAON EXP,,2,,,,0,1,1,0,0
50108,1,50108,MADGAON SWV EXP,,2,,,,0,1,1,0,0
51101,1,51101,JM-KMN PAS,,2,,,,0,1,1,0,0
51102,1,51102,KMN-JM PASS,,2,,,,0,1,1,0,0
51103,1,51103,JM-KMN PASS,,2,,,,0,1,1,0,0
51104,1,51104,KMN-JM PASS,,2,,,,0,1,1,0,0
51105,1,51105,JM-KMN PASS,,2,,,,0,1,1,0,0
51106,1,51106,KMN-JM PASS,,2,,,,0,1,1,0,0
51107,1,51107,JM-KMN PASS,,2,,,,0,1,1,0,0
51108,1,51108,KMN-JM PASS,,2,,,,0,1,1,0,0
51119,1,51119,WR-KALM PASS,,2,,,,0,1,1,0,0
51120,1,51120,KALM-WR PASS,,2,,,,0,1,1,0,0
51301,1,51301,DD-KLBG FAST PASSENGER,,2,,,,0,1,1,0,0
51302,1,51302,KLBG-DD FAST PASSENGER,,2,,,,0,1,1,0,0
51303,1,51303,DD-KLBG FAST PASSENGER,,2,,,,0,1,1,0,0
51304,1,51304,KLBG-DD FAST PASSENGER,,2,,,,0,1,1,0,0
51401,1,51401,PUNE-BRMT PASS,,2,,,,0,1,1,0,0
51402,1,51402,BRMT-DD PASS,,2,,,,0,1,1,0,0
51683,1,51683,KNW-BIR PASSENGER,,2,,,,0,1,1,0,0
51684,1,51684,BIR-KNW PASSENGER,,2,,,,0,1,1,0,0
51685,1,51685,KNW-BIR PASSENGER,,2,,,,0,1,1,0,0
51686,1,51686,BIR-KNW PASSENGER,,2,,,,0,1,1,0,0
51687,1,51687,KNW-BIR PASSENGER,,2,,,,0,1,1,0,0
51688,1,51688,BIR-KNW PASSENGER,,2,,,,0,1,1,0,0
51703,1,51703,JBP-MFR PASSENGER,,2,,,,0,1,1,0,0
51704,1,51704,MFR-JBP PASSENGER,,2,,,,0,1,1,0,0
51705,1,51705,JBP-MFR PASSENGER,,2,,,,0,1,1,0,0
51706,1,51706,MFR-JBP PASSENGER,,2,,,,0,1,1,0,0
51707,1,51707,JBP-G PASSENGER,,2,,,,0,1,1,0,0
51708,1,51708,G-JBP PASSENGER,,2,,,,0,1,1,0,0
51755,1,51755,CHRM-APR PASSENGER,,2,,,,0,1,1,0,0
51756,1,51756,APR-CHRM PASSENGER,,2,,,,0,1,1,0,0
51861,1,51861,AIT-KNH PASSENGER,,2,,,,0,1,1,0,0
51862,1,51862,KNH-AIT PASSENGER,,2,,,,0,1,1,0,0
51863,1,51863,AIT-KNH PASSENGER,,2,,,,0,1,1,0,0
51864,1,51864,KNH-AIT PASSENGER,,2,,,,0,1,1,0,0
51865,1,51865,AIT-KNH PASSENGER,,2,,,,0,1,1,0,0
51866,1,51866,KNH-AIT PASSENGER,,2,,,,0,1,1,0,0
51867,1,51867,AIT-KNH PASSENGER,,2,,,,0,1,1,0,0
51868,1,51868,KNH-AIT PASSENGER,,2,,,,0,1,1,0,0
51869,1,51869,AIT-KONCH PASSENGER,,2,,,,0,1,1,0,0
51870,1,51870,KNH-AIT PASSENGER,,2,,,,0,1,1,0,0
51883,1,51883,BINA-GWL PASSENGER,,2,,,,0,1,1,0,0
51884,1,51884,GWL-BINA PASSENGER,,2,,,,0,1,1,0,0
51885,1,51885,BINA-DMO PASSENGER,,2,,,,0,1,1,0,0
51886,1,51886,DMO-BINA PASSENGER,,2,,,,0,1,1,0,0
51901,1,51901,AF-ETAH PASSENGER,,2,,,,0,1,1,0,0
51902,1,51902,ETAH-AF PASSENGER,,2,,,,0,1,1,0,0
51903,1,51903,TDL-ETAH PASSENGER,,2,,,,0,1,1,0,0
51904,1,51904,ETAH-TDL PASSENGER,,2,,,,0,1,1,0,0
51905,1,51905,FBD-TDL PASSENGER,,2,,,,0,1,1,0,0
51906,1,51906,TDL-FBD PASSENGER,,2,,,,0,1,1,0,0
51907,1,51907,IDH-BTE PASSENGER,,2,,,,0,1,1,0,0
51908,1,51908,BTE-IDH PASSENGER,,2,,,,0,1,1,0,0
51909,1,51909,IDH-BTE PASSENGER,,2,,,,0,1,1,0,0
51910,1,51910,BTE-IDH PASSENGER,,2,,,,0,1,1,0,0
51971,1,51971,MTJ-AWR PASSENGER,,2,,,,0,1,1,0,0
51972,1,51972,AWR-MTJ PASSENGER,,2,,,,0,1,1,0,0
51973,1,51973,MTJ-JP PASSENGER,,2,,,,0,1,1,0,0
51974,1,51974,JP-MTJ PASSENGER,,2,,,,0,1,1,0,0
52001,1,52001,BIM WGI PASS,,2,,,,0,1,1,0,0
52002,1,52002,WGI BIM PASS,,2,,,,0,1,1,0,0
52003,1,52003,BIM WGI PASS,,2,,,,0,1,1,0,0
52004,1,52004,WGI BIM PASS,,2,,,,0,1,1,0,0
52075,1,52075,MJ-KBK PASSENGER,,2,,,,0,1,1,0,0
52076,1,52076,KBK-MJ PASSENGER,,2,,,,0,1,1,0,0
52103,1,52103,NRLN-MAE PASS,,2,,,,0,1,1,0,0
52104,1,52104,MAE-NRLN PASS,,2,,,,0,1,1,0,0
52105,1,52105,NRLN-MAE PASS,,2,,,,0,1,1,0,0
52106,1,52106,MAE-NRLN PASS,,2,,,,0,1,1,0,0
52153,1,52153,ANLG-MAE PASS,,2,,,,0,1,1,0,0
52154,1,52154,MAE-ANLG PASS,,2,,,,0,1,1,0,0
52155,1,52155,ANLG-MAE PASS,,2,,,,0,1,1,0,0
52156,1,52156,MAE-ANLG PASS,,2,,,,0,1,1,0,0
52157,1,52157,ANLG-MAE PASS,,2,,,,0,1,1,0,0
52158,1,52158,MAE-ANLG PASS,,2,,,,0,1,1,0,0
52159,1,52159,ANLG-MAE PASS,,2,,,,0,1,1,0,0
52160,1,52160,MAE-ANLG PASS,,2,,,,0,1,1,0,0
52161,1,52161,ANLG-MAE PASS,,2,,,,0,1,1,0,0
52162,1,52162,MAE-ANLG PASS,,2,,,,0,1,1,0,0
52163,1,52163,ANLG-MAE PASS,,2,,,,0,1,1,0,0
52164,1,52164,MAE-ANLG PASS,,2,,,,0,1,1,0,0
52259,1,52259,BIC MLN,,2,,,,0,1,1,0,0
52260,1,52260,MLN BIC,,2,,,,0,1,1,0,0
52261,1,52261,NNP-MLN PASSENGER,,2,,,,0,1,1,0,0
52262,1,52262,MLN-NNP PASSENGER,,2,,,,0,1,1,0,0
52263,1,52263,NNP-MLN PASSENGER,,2,,,,0,1,1,0,0
52264,1,52264,MLN-NNP PASSENGER,,2,,,,0,1,1,0,0
52451,1,52451,SHIVALK DLX EXP,,2,,,,0,1,1,0,0
52452,1,52452,SHIVALK DLX EXP,,2,,,,0,1,1,0,0
52453,1,52453,KLK SML EXP,,2,,,,0,1,1,0,0
52454,1,52454,SML KLK EXP,,2,,,,0,1,1,0,0
52455,1,52455,HIMALYAN QUEEN,,2,,,,0,1,1,0,0
52456,1,52456,HIMALYAN QUEEN,,2,,,,0,1,1,0,0
52457,1,52457,KLK SML EXP,,2,,,,0,1,1,0,0
52458,1,52458,SML KLK EXP,,2,,,,0,1,1,0,0
52459,1,52459,KLK SML EXPRESS,,2,,,,0,1,1,0,0
52460,1,52460,SML KLK EXPRESS,,2,,,,0,1,1,0,0
52461,1,52461,PTK-JMKR PASSENGER,,2,,,,0,1,1,0,0
52462,1,52462,BJPL-NUPR PASSENGER,,2,,,,0,1,1,0,0
52464,1,52464,BJPL-JMKR PASSENGER,,2,,,,0,1,1,0,0
52465,1,52465,PTK-BJPL PASSENGER,,2,,,,0,1,1,0,0
52466,1,52466,BJPL-NUPR PASSENGER,,2,,,,0,1,1,0,0
52467,1,52467,PTK-BJPL PASSENGER,,2,,,,0,1,1,0,0
52469,1,52469,JMKR-BJPL,,2,,,,0,1,1,0,0
52470,1,52470,BJPL-NUPR PASSENGER,,2,,,,0,1,1,0,0
52471,1,52471,NUPR-BJPL PASSENGER,,2,,,,0,1,1,0,0
52472,1,52472,JDNX-BJPL PASSENGER,,2,,,,0,1,1,0,0
52473,1,52473,BJPL-JDNX PASSENGER,,2,,,,0,1,1,0,0
52474,1,52474,BJPL-PTK PASSENGER,,2,,,,0,1,1,0,0
52475,1,52475,NUPR-BJPL PASSENGER,,2,,,,0,1,1,0,0
52476,1,52476,BJPL-NUPR PASSENGER,,2,,,,0,1,1,0,0
52538,1,52538,DJ NJP AC PASS,,2,,,,0,1,1,0,0
52539,1,52539,NJP DJ AC PASS,,2,,,,0,1,1,0,0
52540,1,52540,DJ NJP PASSENGER,,2,,,,0,1,1,0,0
52541,1,52541,NJP DJ PASSENGER,,2,,,,0,1,1,0,0
52544,1,52544,STMJOYRIDEVISTA,,2,,,,0,1,1,0,0
52545,1,52545,JUNGLE SAFARI,,2,,,,0,1,1,0,0
52546,1,52546,JUNGLE SAFARI,,2,,,,0,1,1,0,0
52590,1,52590,DIESEL JOYRIDE,,2,,,,0,1,1,0,0
52591,1,52591,DIESEL JOYRIDE,,2,,,,0,1,1,0,0
52592,1,52592,DIESEL JOYRIDE,,2,,,,0,1,1,0,0
52594,1,52594,STEAM JOYRIDE,,2,,,,0,1,1,0,0
52596,1,52596,STEAM JOYRIDE,,2,,,,0,1,1,0,0
52597,1,52597,DIESEL JOYRIDE,,2,,,,0,1,1,0,0
52598,1,52598,STMJOYRIDEVISTA,,2,,,,0,1,1,0,0
52599,1,52599,DIESEL JOYRIDE,,2,,,,0,1,1,0,0
52929,1,52929,VRL - JND PASSENGER,,2,,,,0,1,1,0,0
52930,1,52930,JND-VRL PASSENGER,,2,,,,0,1,1,0,0
52933,1,52933,VRL - JND PASSENGER,,2,,,,0,1,1,0,0
52946,1,52946,JND-VRL PASSENGER,,2,,,,0,1,1,0,0
52949,1,52949,VRL-DVA PASSENGER,,2,,,,0,1,1,0,0
52950,1,52950,DVA-VRL PASSENGER,,2,,,,0,1,1,0,0
52951,1,52951,DVA-JND PASSENGER,,2,,,,0,1,1,0,0
52952,1,52952,JND-DVA PASSENGER,,2,,,,0,1,1,0,0
52955,1,52955,VRL-JND PASSENGER,,2,,,,0,1,1,0,0
52956,1,52956,JND - VRL PASSENGER,,2,,,,0,1,1,0,0
52965,1,52965,PTP KKD PASS,,2,,,,0,1,1,0,0
52966,1,52966,KKD PTP PASS,,2,,,,0,1,1,0,0
53001,1,53001,HWH-AZ PASSENGER,,2,,,,0,1,1,0,0
53002,1,53002,AZ-HWH PASSENGER,,2,,,,0,1,1,0,0
53005,1,53005,KWAE-AZ PASSENGER,,2,,,,0,1,1,0,0
53006,1,53006,AZ-KWAE PASSENGER,,2,,,,0,1,1,0,0
53009,1,53009,KWAE-AZ PASSENGER,,2,,,,0,1,1,0,0
53011,1,53011,KWAE-AZ PASSENGER,,2,,,,0,1,1,0,0
53012,1,53012,AZ-KWAE PASSENGER,,2,,,,0,1,1,0,0
53014,1,53014,AZ-KWAE PASSENGER,,2,,,,0,1,1,0,0
53015,1,53015,KWAE-AZ PASSENGER,,2,,,,0,1,1,0,0
53016,1,53016,AZ-KWAE PASSENGER,,2,,,,0,1,1,0,0
53017,1,53017,KWAE-AZ PASSENGER,,2,,,,0,1,1,0,0
53018,1,53018,AZ-KWAE PASSENGER,,2,,,,0,1,1,0,0
53027,1,53027,AZ-MLDT PASSENGER,,2,,,,0,1,1,0,0
53028,1,53028,MLDT-AZ PASSENGER,,2,,,,0,1,1,0,0
53029,1,53029,AZ-BGP PASSENGER,,2,,,,0,1,1,0,0
53030,1,53030,BGP-AZ PASSENGER,,2,,,,0,1,1,0,0
53047,1,53047,VISWABHARTI PSG,,2,,,,0,1,1,0,0
53048,1,53048,VISWABHARTI PSG,,2,,,,0,1,1,0,0
53051,1,53051,AZ-NILE PASSENGER,,2,,,,0,1,1,0,0
53052,1,53052,NILE-AZ PASSENGER,,2,,,,0,1,1,0,0
53053,1,53053,KWAE-NILE PASSENGER,,2,,,,0,1,1,0,0
53054,1,53054,NILE-KWAE PASSENGER,,2,,,,0,1,1,0,0
53055,1,53055,KWAE-AMP PASSENGER,,2,,,,0,1,1,0,0
53056,1,53056,AMP-KWAE PASSENGER,,2,,,,0,1,1,0,0
53091,1,53091,KNJ-AZ CONV  PGR,,2,,,,0,1,1,0,0
53092,1,53092,AZ-KNJ CONV PGR,,2,,,,0,1,1,0,0
53171,1,53171,SDAH-LGL PASSENGER,,2,,,,0,1,1,0,0
53172,1,53172,LGL SDAH PASS,,2,,,,0,1,1,0,0
53175,1,53175,SDAH LGL PGR,,2,,,,0,1,1,0,0
53178,1,53178,LGL SDAH PSGN,,2,,,,0,1,1,0,0
53180,1,53180,LGL-SDAH PASSENGER,,2,,,,0,1,1,0,0
53181,1,53181,SDAH LGL PSGN,,2,,,,0,1,1,0,0
53201,1,53201,PNBE-BXR FAST PASSENGER,,2,,,,0,1,1,0,0
53202,1,53202,BXR-PNBE FAST PASSENGER,,2,,,,0,1,1,0,0
53203,1,53203,JAJ -DNR FAST PASSENGER,,2,,,,0,1,1,0,0
53204,1,53204,DNR -JAJ FAST PASSENGER,,2,,,,0,1,1,0,0
53211,1,53211,PNBE-SSM PASSENGER,,2,,,,0,1,1,0,0
53212,1,53212,SSM-PNBE PASSENGER,,2,,,,0,1,1,0,0
53213,1,53213,PNBE-GAYA PASSENGER,,2,,,,0,1,1,0,0
53214,1,53214,GAYA-PNBE PASSENGER,,2,,,,0,1,1,0,0
53229,1,53229,RGD-FUT PASSENGER,,2,,,,0,1,1,0,0
53230,1,53230,FUT-RGD PASSENGER,,2,,,,0,1,1,0,0
53231,1,53231,TIA-DNR PASSENGER,,2,,,,0,1,1,0,0
53232,1,53232,DNR-TIA PASSENGER,,2,,,,0,1,1,0,0
53233,1,53233,NES-FUT PASSENGER,,2,,,,0,1,1,0,0
53234,1,53234,FUT-NES PASSENGER,,2,,,,0,1,1,0,0
53235,1,53235,HIL-FUT PASSENGER,,2,,,,0,1,1,0,0
53236,1,53236,FUT-HIL PASSENGER,,2,,,,0,1,1,0,0
53241,1,53241,GAH-NKE PASSENGER,,2,,,,0,1,1,0,0
53242,1,53242,NKE-GAH PASSENGER,,2,,,,0,1,1,0,0
53261,1,53261,FUT-BXR PASSENGER,,2,,,,0,1,1,0,0
53262,1,53262,BXR-FUT PASSENGER,,2,,,,0,1,1,0,0
53323,1,53323,SNDT-DHN PASSENGER,,2,,,,0,1,1,0,0
53324,1,53324,DHN-SNDT PASSENGER,,2,,,,0,1,1,0,0
53327,1,53327,SNDT-GMO PASSENGER,,2,,,,0,1,1,0,0
53328,1,53328,GMO-SNDT PASSENGER,,2,,,,0,1,1,0,0
53333,1,53333,SNDT-DHN PASSENGER,,2,,,,0,1,1,0,0
53334,1,53334,DHN-SNDT PASSENGER,,2,,,,0,1,1,0,0
53339,1,53339,CRP-DHN PASSENGER,,2,,,,0,1,1,0,0
53340,1,53340,DHN-CRP PASSENGER,,2,,,,0,1,1,0,0
53343,1,53343,GMO-CPU PASSENGER,,2,,,,0,1,1,0,0
53344,1,53344,CPU-GMO PASSENGER,,2,,,,0,1,1,0,0
53347,1,53347,GMO-BRWD PASSENGER,,2,,,,0,1,1,0,0
53348,1,53348,BRWD-GMO PASSENGER,,2,,,,0,1,1,0,0
53349,1,53349,BRWD-DOS PASSENGER,,2,,,,0,1,1,0,0
53350,1,53350,DOS-BRWD PASSENGER,,2,,,,0,1,1,0,0
53351,1,53351,BRWD-CAR PASSENGER,,2,,,,0,1,1,0,0
53352,1,53352,CAR-BRWD PASSENGER,,2,,,,0,1,1,0,0
53357,1,53357,BRKA-DOS PASSENGER,,2,,,,0,1,1,0,0
53358,1,53358,DOS-BRKA PASSENGER,,2,,,,0,1,1,0,0
53365,1,53365,MMD-KQR PASSENGER,,2,,,,0,1,1,0,0
53366,1,53366,KQR-MMD PASSENGER,,2,,,,0,1,1,0,0
53369,1,53369,MDP-KQR PASSENGER,,2,,,,0,1,1,0,0
53370,1,53370,KQR-MDP PASSENGER,,2,,,,0,1,1,0,0
53371,1,53371,KQR-BRKA PASSENGER,,2,,,,0,1,1,0,0
53372,1,53372,BRKA-KQR PASSENGER,,2,,,,0,1,1,0,0
53373,1,53373,KQR-BRKA PASSENGER,,2,,,,0,1,1,0,0
53374,1,53374,BRKA-KQR PASSENGER,,2,,,,0,1,1,0,0
53375,1,53375,BRKA-SDWR PASSENGER,,2,,,,0,1,1,0,0
53376,1,53376,SDWR-BRKA PASSENGER,,2,,,,0,1,1,0,0
53403,1,53403,RPH-GAYA PASSENGER,,2,,,,0,1,1,0,0
53404,1,53404,GAYA-JMP PASSENGER,,2,,,,0,1,1,0,0
53408,1,53408,JMP-RPH PASSENGER,,2,,,,0,1,1,0,0
53411,1,53411,BHW-SBG PASSENGER,,2,,,,0,1,1,0,0
53412,1,53412,SBG-BHW PASSENGER,,2,,,,0,1,1,0,0
53415,1,53415,SBG-JMP PASSENGER,,2,,,,0,1,1,0,0
53416,1,53416,JMP-SBG PASSENGER,,2,,,,0,1,1,0,0
53433,1,53433,AZ-BHW PASSENGER,,2,,,,0,1,1,0,0
53434,1,53434,BHW-AZ PASSENGER,,2,,,,0,1,1,0,0
53435,1,53435,KWAE-AZ PASSENGER,,2,,,,0,1,1,0,0
53436,1,53436,AZ-KWAE PASSENGER,,2,,,,0,1,1,0,0
53441,1,53441,DGHR-JMP PGR,,2,,,,0,1,1,0,0
53442,1,53442,JMP-DGHR PGR,,2,,,,0,1,1,0,0
53443,1,53443,GODA-DGHR PGR,,2,,,,0,1,1,0,0
53444,1,53444,DGHR-GODA PGR,,2,,,,0,1,1,0,0
53479,1,53479,JMP-KIUL PASSENGER,,2,,,,0,1,1,0,0
53480,1,53480,KIUL-JMP PASSENGER,,2,,,,0,1,1,0,0
53481,1,53481,TPH-RJL PASSENGER,,2,,,,0,1,1,0,0
53482,1,53482,RJL-TPH PASSENGER,,2,,,,0,1,1,0,0
53483,1,53483,TPH-RJL PASSENGER,,2,,,,0,1,1,0,0
53484,1,53484,RJL-TPH PASSENGER,,2,,,,0,1,1,0,0
53485,1,53485,TPH-RJL PASSENGER,,2,,,,0,1,1,0,0
53486,1,53486,RJL-TPH PASSENGER,,2,,,,0,1,1,0,0
53487,1,53487,TPH-RJL PASSENGER,,2,,,,0,1,1,0,0
53488,1,53488,RJL-TPH PASSENGER,,2,,,,0,1,1,0,0
53489,1,53489,TPH-RJL PASSENGER,,2,,,,0,1,1,0,0
53490,1,53490,RJL-TPH PASSENGER,,2,,,,0,1,1,0,0
53491,1,53491,TPH-RJL PASSENGER,,2,,,,0,1,1,0,0
53492,1,53492,RJL-TPH PASSENGER,,2,,,,0,1,1,0,0
53493,1,53493,TPH-RJL PASSENGER,,2,,,,0,1,1,0,0
53494,1,53494,RJL-TPH PASSENGER,,2,,,,0,1,1,0,0
53495,1,53495,TPH-RJL PASSENGER,,2,,,,0,1,1,0,0
53496,1,53496,RJL-TPH PASSENGER,,2,,,,0,1,1,0,0
53511,1,53511,MDP-GRD PGR,,2,,,,0,1,1,0,0
53512,1,53512,GRD-MDP PGR,,2,,,,0,1,1,0,0
53513,1,53513,MDP-GRD PASSENGER,,2,,,,0,1,1,0,0
53514,1,53514,GRD-MDP PASSENGER,,2,,,,0,1,1,0,0
53515,1,53515,MDP-GRD PASSENGER,,2,,,,0,1,1,0,0
53516,1,53516,GRD-MDP PASSENGER,,2,,,,0,1,1,0,0
53517,1,53517,MDP-GRD PASSENGER,,2,,,,0,1,1,0,0
53518,1,53518,GRD-MDP PASSENGER,,2,,,,0,1,1,0,0
53519,1,53519,MDP-GRD PASSENGER,,2,,,,0,1,1,0,0
53520,1,53520,GRD-MDP PASSENGER,,2,,,,0,1,1,0,0
53611,1,53611,BRWD-DOS PASSENGER,,2,,,,0,1,1,0,0
53612,1,53612,DOS-BRWD PASSENGER,,2,,,,0,1,1,0,0
53641,1,53641,DLN-DDU PASSENGER,,2,,,,0,1,1,0,0
53642,1,53642,DDU-DLN PASSENGER,,2,,,,0,1,1,0,0
53643,1,53643,DLN-TRG PASSENGER,,2,,,,0,1,1,0,0
53644,1,53644,TRG-DLN PASSENGER,,2,,,,0,1,1,0,0
53645,1,53645,DLN-GCT PASSENGER,,2,,,,0,1,1,0,0
53646,1,53646,GCT-DLN PASSENGER,,2,,,,0,1,1,0,0
53647,1,53647,DLN-TRG PASSENGER,,2,,,,0,1,1,0,0
53648,1,53648,TRG-DLN PASSENGER,,2,,,,0,1,1,0,0
54005,1,54005,DLI-BNW PASSENGER,,2,,,,0,1,1,0,0
54006,1,54006,JIND-ROK PASSENGER,,2,,,,0,1,1,0,0
54007,1,54007,ROK-JIND PASSENGER,,2,,,,0,1,1,0,0
54008,1,54008,JIND-ROK PASSENGER,,2,,,,0,1,1,0,0
54009,1,54009,ROK-JIND PASSENGER,,2,,,,0,1,1,0,0
54010,1,54010,NRW-JIND PASSENGER,,2,,,,0,1,1,0,0
54011,1,54011,ROK-HNS PASSENGER,,2,,,,0,1,1,0,0
54012,1,54012,HNS-ROK PASSENGER,,2,,,,0,1,1,0,0
54013,1,54013,ROK-BNW PASSENGER,,2,,,,0,1,1,0,0
54014,1,54014,BNW-ROK PASSENGER,,2,,,,0,1,1,0,0
54015,1,54015,ROK-BNW PASSENGER,,2,,,,0,1,1,0,0
54016,1,54016,BNW-ROK PASSENGER,,2,,,,0,1,1,0,0
54018,1,54018,BNW-ROK PASSENGER,,2,,,,0,1,1,0,0
54019,1,54019,RE-ROK PASSENGER,,2,,,,0,1,1,0,0
54020,1,54020,ROK-RE PASSENGER,,2,,,,0,1,1,0,0
54023,1,54023,ROK-JIND PASSENGER,,2,,,,0,1,1,0,0
54024,1,54024,JIND-DLI PASSENGER,,2,,,,0,1,1,0,0
54025,1,54025,ROK-PNP PASSENGER,,2,,,,0,1,1,0,0
54026,1,54026,PNP-ROK PASSENGER,,2,,,,0,1,1,0,0
54031,1,54031,DLI-JIND PASSENGER,,2,,,,0,1,1,0,0
54032,1,54032,JIND-DLI PASSENGER,,2,,,,0,1,1,0,0
54033,1,54033,SSB-NRW PASSENGER,,2,,,,0,1,1,0,0
54034,1,54034,JIND-DLI PASSENGER,,2,,,,0,1,1,0,0
54035,1,54035,DLI-JHL PASSENGER,,2,,,,0,1,1,0,0
54036,1,54036,JHL-SSB PASSENGER,,2,,,,0,1,1,0,0
54037,1,54037,KKDE-JIND PASSENGER,,2,,,,0,1,1,0,0
54038,1,54038,JIND-KKDE PASSENGER,,2,,,,0,1,1,0,0
54040,1,54040,JIND-KKDE PASSENGER,,2,,,,0,1,1,0,0
54041,1,54041,KKDE-JIND PASSENGER,,2,,,,0,1,1,0,0
54043,1,54043,JIND-HSR PASSENGER,,2,,,,0,1,1,0,0
54044,1,54044,HSR-JIND PASSENGER,,2,,,,0,1,1,0,0
54047,1,54047,KKDE-JIND PASSENGER,,2,,,,0,1,1,0,0
54048,1,54048,JIND-KKDE PASSENGER,,2,,,,0,1,1,0,0
54049,1,54049,ROK-JIND PASSENGER,,2,,,,0,1,1,0,0
54050,1,54050,JIND-ROK PASSENGER,,2,,,,0,1,1,0,0
54051,1,54051,LDH-FZR PASSENGER,,2,,,,0,1,1,0,0
54052,1,54052,FZR-LDH PASSENGER,,2,,,,0,1,1,0,0
54053,1,54053,JHL-LDH PASSENGER,,2,,,,0,1,1,0,0
54054,1,54054,LDH-JHL PASSENGER,,2,,,,0,1,1,0,0
54057,1,54057,DLI-SMQL PASSENGER,,2,,,,0,1,1,0,0
54058,1,54058,SMQL-DLI PASSENGER,,2,,,,0,1,1,0,0
54075,1,54075,BE-DLI PASSENGER,,2,,,,0,1,1,0,0
54076,1,54076,DLI-BE PASSENGER,,2,,,,0,1,1,0,0
54085,1,54085,DLI-STD PASSENGER,,2,,,,0,1,1,0,0
54086,1,54086,STD-DLI PASSENGER,,2,,,,0,1,1,0,0
54101,1,54101,PYGS-CPA PASSENGER,,2,,,,0,1,1,0,0
54102,1,54102,CPA-PYGS PASSENGER,,2,,,,0,1,1,0,0
54153,1,54153,RBL-CNB PASSENGER,,2,,,,0,1,1,0,0
54154,1,54154,CNB-RBL PASSENGER,,2,,,,0,1,1,0,0
54155,1,54155,CNB-FBD PASSENGER,,2,,,,0,1,1,0,0
54156,1,54156,FBD-CNB PASSENGER,,2,,,,0,1,1,0,0
54157,1,54157,CPA-FBD PASSENGER,,2,,,,0,1,1,0,0
54158,1,54158,FBD-CPA PASSENGER,,2,,,,0,1,1,0,0
54213,1,54213,PYGS-JNU PASSENGER,,2,,,,0,1,1,0,0
54214,1,54214,JNU-PYGS PASSENGER,,2,,,,0,1,1,0,0
54221,1,54221,RBL-RRS PASSENGER,,2,,,,0,1,1,0,0
54222,1,54222,RRS-RBL PASSENGER,,2,,,,0,1,1,0,0
54223,1,54223,RBL-RRS PASSENGER,,2,,,,0,1,1,0,0
54224,1,54224,RRS-RBL PASSENGER,,2,,,,0,1,1,0,0
54225,1,54225,UCR-RBL PASSENGER,,2,,,,0,1,1,0,0
54226,1,54226,RBL-UCR PASSENGER,,2,,,,0,1,1,0,0
54253,1,54253,PYGS-LKO PASSENGER,,2,,,,0,1,1,0,0
54254,1,54254,LKO-PYGS PASSENGER,,2,,,,0,1,1,0,0
54263,1,54263,BSB-SLN PASSENGER,,2,,,,0,1,1,0,0
54264,1,54264,SLN-BSB PASSENGER,,2,,,,0,1,1,0,0
54291,1,54291,BSB-MBDP PASSENGER,,2,,,,0,1,1,0,0
54292,1,54292,MBDP-BSB PASSENGER,,2,,,,0,1,1,0,0
54307,1,54307,MB-DLI PASSENGER,,2,,,,0,1,1,0,0
54308,1,54308,DLI-MB PASSENGER,,2,,,,0,1,1,0,0
54309,1,54309,DLI-HSR PASSENGER,,2,,,,0,1,1,0,0
54310,1,54310,HSR-DLI PASSENGER,,2,,,,0,1,1,0,0
54315,1,54315,RE-HSR PASSENGER,,2,,,,0,1,1,0,0
54316,1,54316,HSR-RE PASSENGER,,2,,,,0,1,1,0,0
54321,1,54321,BLM-STP PASSENGER,,2,,,,0,1,1,0,0
54322,1,54322,STP-BLM PASSENGER,,2,,,,0,1,1,0,0
54325,1,54325,SPC-CNB PASSENGER,,2,,,,0,1,1,0,0
54326,1,54326,CNB-SPC PASSENGER,,2,,,,0,1,1,0,0
54327,1,54327,SPC-SPN PASSENGER,,2,,,,0,1,1,0,0
54328,1,54328,SPN-SPC PASSENGER,,2,,,,0,1,1,0,0
54329,1,54329,BLM-SPN PASSENGER,,2,,,,0,1,1,0,0
54330,1,54330,SPN-BLM PASSENGER,,2,,,,0,1,1,0,0
54331,1,54331,LKO-BLM PASSENGER,,2,,,,0,1,1,0,0
54332,1,54332,BLM-LKO PASSENGER,,2,,,,0,1,1,0,0
54335,1,54335,BLM-CNB PASSENGER,,2,,,,0,1,1,0,0
54336,1,54336,CNB-BLM PASSENGER,,2,,,,0,1,1,0,0
54337,1,54337,LKO-SPN PASSENGER,,2,,,,0,1,1,0,0
54338,1,54338,SPN-LKO PASSENGER,,2,,,,0,1,1,0,0
54341,1,54341,SRE-DDN PASSENGER,,2,,,,0,1,1,0,0
54342,1,54342,DDN-SRE PASSENGER,,2,,,,0,1,1,0,0
54351,1,54351,ALJN-BE PASSENGER,,2,,,,0,1,1,0,0
54352,1,54352,BE-ALJN PASSENGER,,2,,,,0,1,1,0,0
54353,1,54353,ALJN-BE PASSENGER,,2,,,,0,1,1,0,0
54354,1,54354,BE-ALJN PASSENGER,,2,,,,0,1,1,0,0
54355,1,54355,BKI-BE PASS,,2,,,,0,1,1,0,0
54356,1,54356,BE-BKI PASS,,2,,,,0,1,1,0,0
54375,1,54375,PYGS-JNU PASSENGER,,2,,,,0,1,1,0,0
54376,1,54376,JNU-PYGS PASSENGER,,2,,,,0,1,1,0,0
54381,1,54381,GJL-NBD PASSENGER,,2,,,,0,1,1,0,0
54382,1,54382,NBD-GJL PASSENGER,,2,,,,0,1,1,0,0
54383,1,54383,GJL-NBD PASSENGER,,2,,,,0,1,1,0,0
54384,1,54384,NBD-GJL PASSENGER,,2,,,,0,1,1,0,0
54385,1,54385,NBD-KTW PASSENGER,,2,,,,0,1,1,0,0
54386,1,54386,KTW-NBD PASSENGER,,2,,,,0,1,1,0,0
54387,1,54387,NBD-KTW PASSENGER,,2,,,,0,1,1,0,0
54388,1,54388,KTW-NBD PASSENGER,,2,,,,0,1,1,0,0
54389,1,54389,NBD-KTW PASSENGER,,2,,,,0,1,1,0,0
54390,1,54390,KTW-NBD PASSENGER,,2,,,,0,1,1,0,0
54391,1,54391,ALJN-GJL PASSENGER,,2,,,,0,1,1,0,0
54392,1,54392,GJL-ALJN PASSENGER,,2,,,,0,1,1,0,0
54395,1,54395,MB-NBD PASSENGER,,2,,,,0,1,1,0,0
54396,1,54396,NBD-MB PASSENGER,,2,,,,0,1,1,0,0
54401,1,54401,KRJ-MTC PASSENGER,,2,,,,0,1,1,0,0
54402,1,54402,MTC-KRJ PASSENGER,,2,,,,0,1,1,0,0
54405,1,54405,KRJ-MTC PASSENGER,,2,,,,0,1,1,0,0
54406,1,54406,MTC-KRJ PASSENGER,,2,,,,0,1,1,0,0
54411,1,54411,RE-MUT PASSENGER,,2,,,,0,1,1,0,0
54413,1,54413,DLI-RE PASSENGER,,2,,,,0,1,1,0,0
54414,1,54414,RE-DLI PASSENGER,,2,,,,0,1,1,0,0
54417,1,54417,DLI-RE PASSENGER,,2,,,,0,1,1,0,0
54420,1,54420,RE-DLI PASSENGER,,2,,,,0,1,1,0,0
54421,1,54421,DLI-RE PASSENGER,,2,,,,0,1,1,0,0
54423,1,54423,NDLS-HSR PASSENGER,,2,,,,0,1,1,0,0
54424,1,54424,HSR-NDLS PASSENGER,,2,,,,0,1,1,0,0
54463,1,54463,CH-RKSH PASSENGER,,2,,,,0,1,1,0,0
54464,1,54464,RKSH-CH PASSENGER,,2,,,,0,1,1,0,0
54473,1,54473,DLI-SRE PASSENGER,,2,,,,0,1,1,0,0
54474,1,54474,SRE-DLI PASSENGER,,2,,,,0,1,1,0,0
54481,1,54481,HW-RKSH PASSENGER,,2,,,,0,1,1,0,0
54482,1,54482,RKSH-HW PASSENGER,,2,,,,0,1,1,0,0
54483,1,54483,HW-RKSH PASSENGER,,2,,,,0,1,1,0,0
54484,1,54484,RKSH-HW PASSENGER,,2,,,,0,1,1,0,0
54531,1,54531,UMB-KLK PASSENGER,,2,,,,0,1,1,0,0
54532,1,54532,KLK-UMB PASSENGER,,2,,,,0,1,1,0,0
54551,1,54551,UMB-BTI PASSENGER,,2,,,,0,1,1,0,0
54552,1,54552,BTI-UMB PASSENGER,,2,,,,0,1,1,0,0
54553,1,54553,UMB-DUI PASSENGER,,2,,,,0,1,1,0,0
54557,1,54557,UMB-PTA PASSENGER,,2,,,,0,1,1,0,0
54558,1,54558,PTA-UMB PASSENGER,,2,,,,0,1,1,0,0
54559,1,54559,BTI-FKA PASSENGER,,2,,,,0,1,1,0,0
54560,1,54560,FKA-BTI PASSENGER,,2,,,,0,1,1,0,0
54561,1,54561,BTI-FZR PASSENGER,,2,,,,0,1,1,0,0
54562,1,54562,FZR-BTI PASSENGER,,2,,,,0,1,1,0,0
54563,1,54563,BTI-FZR PASSENGER,,2,,,,0,1,1,0,0
54564,1,54564,FZR-BTI PASSENGER,,2,,,,0,1,1,0,0
54571,1,54571,LDH-FZR PASSENGER,,2,,,,0,1,1,0,0
54572,1,54572,FZR-LDH PASSENGER,,2,,,,0,1,1,0,0
54575,1,54575,LDH-LNK PASSENGER,,2,,,,0,1,1,0,0
54576,1,54576,LNK-LDH PASSENGER,,2,,,,0,1,1,0,0
54603,1,54603,HSR-LDH PASSENGER,,2,,,,0,1,1,0,0
54604,1,54604,LDH-CUR PASSENGER,,2,,,,0,1,1,0,0
54605,1,54605,CUR-LDH PASSENGER,,2,,,,0,1,1,0,0
54606,1,54606,LDH-HSR PASSENGER,,2,,,,0,1,1,0,0
54611,1,54611,ASR-PTK PASSENGER,,2,,,,0,1,1,0,0
54612,1,54612,PTK-ASR PASSENGER,,2,,,,0,1,1,0,0
54613,1,54613,ASR-PTK PASSENGER,,2,,,,0,1,1,0,0
54614,1,54614,PTK-ASR PASSENGER,,2,,,,0,1,1,0,0
54615,1,54615,ASR-PTK PASSENGER,,2,,,,0,1,1,0,0
54616,1,54616,PTK-ASR PASSENGER,,2,,,,0,1,1,0,0
54621,1,54621,JUC-PTK PASSENGER,,2,,,,0,1,1,0,0
54622,1,54622,PTK-JUC PASSENGER,,2,,,,0,1,1,0,0
54625,1,54625,NSS-JUC PASSENGER,,2,,,,0,1,1,0,0
54626,1,54626,JUC-NSS PASSENGER,,2,,,,0,1,1,0,0
54631,1,54631,BNW-DUI PASSENGER,,2,,,,0,1,1,0,0
54632,1,54632,DUI-SSA PASSENGER,,2,,,,0,1,1,0,0
54633,1,54633,SSA-LDH PASSENGER,,2,,,,0,1,1,0,0
54634,1,54634,LDH-BNW PASSENGER,,2,,,,0,1,1,0,0
54635,1,54635,HSR-LDH PASSENGER,,2,,,,0,1,1,0,0
54636,1,54636,LDH-HSR PASSENGER,,2,,,,0,1,1,0,0
54637,1,54637,HSX-JUC PASSENGER,,2,,,,0,1,1,0,0
54638,1,54638,JUC-HSX PASSENGER,,2,,,,0,1,1,0,0
54641,1,54641,BTI-FZR PASSENGER,,2,,,,0,1,1,0,0
54642,1,54642,FZR-BTI PASSENGER,,2,,,,0,1,1,0,0
54643,1,54643,JUC-FZR PASSENGER,,2,,,,0,1,1,0,0
54644,1,54644,FZR-JUC PASSENGER,,2,,,,0,1,1,0,0
54645,1,54645,LDH-FZR PASSENGER,,2,,,,0,1,1,0,0
54646,1,54646,FZR-LDH PASSENGER,,2,,,,0,1,1,0,0
54701,1,54701,BTI-LGH PASSENGER,,2,,,,0,1,1,0,0
54702,1,54702,LGH-ABS PASSENGER,,2,,,,0,1,1,0,0
54703,1,54703,BTI-JP PASSENGER,,2,,,,0,1,1,0,0
54704,1,54704,JP-BTI PASSENGER,,2,,,,0,1,1,0,0
54751,1,54751,HMH-SGNR PASS,,2,,,,0,1,1,0,0
54752,1,54752,SGNR-HMH PASS,,2,,,,0,1,1,0,0
54753,1,54753,BTI-SGNR PASSENGER,,2,,,,0,1,1,0,0
54754,1,54754,SGNR-BTI PASSENGER,,2,,,,0,1,1,0,0
54755,1,54755,BTI-SGNR PASSENGER,,2,,,,0,1,1,0,0
54756,1,54756,SGNR-BTI PASSENGER,,2,,,,0,1,1,0,0
54757,1,54757,HMH-SDLP PASS,,2,,,,0,1,1,0,0
54758,1,54758,SDLP-HMH PASS,,2,,,,0,1,1,0,0
54759,1,54759,HMH-SOG PASSENGER,,2,,,,0,1,1,0,0
54760,1,54760,SOG-HMH PASSENGER,,2,,,,0,1,1,0,0
54761,1,54761,HMH-SOG PASSENGER,,2,,,,0,1,1,0,0
54762,1,54762,SOG-HMH PASSENGER,,2,,,,0,1,1,0,0
54763,1,54763,SDLP-SGNR PASSENGER,,2,,,,0,1,1,0,0
54764,1,54764,SGNR-SDLP PASSENGER,,2,,,,0,1,1,0,0
54765,1,54765,DUI-BTI PASSENGER,,2,,,,0,1,1,0,0
54766,1,54766,BTI-DUI PASSENGER,,2,,,,0,1,1,0,0
54767,1,54767,HMH-SDLP-HMH PASS,,2,,,,0,1,1,0,0
54768,1,54768,SDLP-HMH PASS,,2,,,,0,1,1,0,0
54769,1,54769,SGNR-SOG PASS,,2,,,,0,1,1,0,0
54770,1,54770,SOG-SGNR PASS,,2,,,,0,1,1,0,0
54781,1,54781,BTI-RE PASSENGER,,2,,,,0,1,1,0,0
54782,1,54782,RE-BTI PASSENGER,,2,,,,0,1,1,0,0
54785,1,54785,FZR-FKA PASSENGER,,2,,,,0,1,1,0,0
54786,1,54786,FKA-FZR PASSENGER,,2,,,,0,1,1,0,0
54787,1,54787,BNW-RE PASSENGER,,2,,,,0,1,1,0,0
54788,1,54788,RE-BNW PASSENGER,,2,,,,0,1,1,0,0
54789,1,54789,RE-BKN PASSENGER,,2,,,,0,1,1,0,0
54790,1,54790,BKN-RE PASSENGER,,2,,,,0,1,1,0,0
54793,1,54793,SWM-MTJ PASSENGER,,2,,,,0,1,1,0,0
54794,1,54794,MTJ-SWM PASSENGER,,2,,,,0,1,1,0,0
54803,1,54803,SIKR-RE PASSENGER,,2,,,,0,1,1,0,0
54804,1,54804,RE-SIKR PASSENGER,,2,,,,0,1,1,0,0
54813,1,54813,JU-BME PASSENGER,,2,,,,0,1,1,0,0
54814,1,54814,BME-JU PASSENGER,,2,,,,0,1,1,0,0
54825,1,54825,JODHPUR-BILARA PASSENGER,,2,,,,0,1,1,0,0
54826,1,54826,BILARA-JODHPUR PASSENGER,,2,,,,0,1,1,0,0
54879,1,54879,BARMER-MUNABAO PASSENGER,,2,,,,0,1,1,0,0
54880,1,54880,MUNABAO-BARMER PASSENGER,,2,,,,0,1,1,0,0
54881,1,54881,BME-MBF PASSENGER,,2,,,,0,1,1,0,0
54882,1,54882,MBF-BME PASSENGER,,2,,,,0,1,1,0,0
55031,1,55031,GKP-GD PASSENGER,,2,,,,0,1,1,0,0
55032,1,55032,GD-GKP PASSENGER,,2,,,,0,1,1,0,0
55033,1,55033,GD-STP PASSENGER,,2,,,,0,1,1,0,0
55034,1,55034,STP-GD PASSENGER,,2,,,,0,1,1,0,0
55035,1,55035,SV-GKC PASSENGER,,2,,,,0,1,1,0,0
55036,1,55036,GKC-SV PASSENGER,,2,,,,0,1,1,0,0
55037,1,55037,SV-THE PASSENGER,,2,,,,0,1,1,0,0
55038,1,55038,THE-SV PASSENGER,,2,,,,0,1,1,0,0
55039,1,55039,NKE-BNY PASSENGER,,2,,,,0,1,1,0,0
55040,1,55040,BNY-NKE PASSENGER,,2,,,,0,1,1,0,0
55041,1,55041,SV-GKC PASSENGER,,2,,,,0,1,1,0,0
55042,1,55042,GKC-SV PASSENGER,,2,,,,0,1,1,0,0
55047,1,55047,NKE-GKC PASSENGER,,2,,,,0,1,1,0,0
55048,1,55048,GKC-NKE PASSENGER,,2,,,,0,1,1,0,0
55055,1,55055,CPR-JEA PASSENGER,,2,,,,0,1,1,0,0
55056,1,55056,GKP-CPR PASSENGER,,2,,,,0,1,1,0,0
55059,1,55059,STP-SPN PASSENGER,,2,,,,0,1,1,0,0
55060,1,55060,SPN-STP PASSENGER,,2,,,,0,1,1,0,0
55061,1,55061,JEA-ASH PASSENGER,,2,,,,0,1,1,0,0
55062,1,55062,ASH-GKP PASSENGER,,2,,,,0,1,1,0,0
55069,1,55069,JEA-NTV PASSENGER,,2,,,,0,1,1,0,0
55070,1,55070,NTV-GKP PASSENGER,,2,,,,0,1,1,0,0
55071,1,55071,JEA-NTV PASSENGER,,2,,,,0,1,1,0,0
55072,1,55072,NTV-JEA PASSENGER,,2,,,,0,1,1,0,0
55073,1,55073,GKP-BNY PASSENGER,,2,,,,0,1,1,0,0
55074,1,55074,BNY-GKP,,2,,,,0,1,1,0,0
55075,1,55075,GKP-BNY PASSENGER,,2,,,,0,1,1,0,0
55076,1,55076,BNY-JEA PASSENGER,,2,,,,0,1,1,0,0
55081,1,55081,MLN-STP PASSENGER,,2,,,,0,1,1,0,0
55082,1,55082,STP-MLN PASSENGER,,2,,,,0,1,1,0,0
55083,1,55083,MLN-DAL PASSENGER,,2,,,,0,1,1,0,0
55084,1,55084,DAL-MLN PASSENGER,,2,,,,0,1,1,0,0
55085,1,55085,PBE-DAL PASSENGER,,2,,,,0,1,1,0,0
55086,1,55086,GTNR-PBE PASSENGER,,2,,,,0,1,1,0,0
55087,1,55087,MLN-DAL PASSENGER,,2,,,,0,1,1,0,0
55088,1,55088,DAL-MLN PASSENGER,,2,,,,0,1,1,0,0
55089,1,55089,STP-GTNR PASSENGER,,2,,,,0,1,1,0,0
55090,1,55090,DAL-STP PASSENGER,,2,,,,0,1,1,0,0
55091,1,55091,GD-SPC PASSENGER,,2,,,,0,1,1,0,0
55092,1,55092,SPC-GD PASSENGER,,2,,,,0,1,1,0,0
55093,1,55093,GKP-GD PASSENGER,,2,,,,0,1,1,0,0
55094,1,55094,GD-GKP PASS,,2,,,,0,1,1,0,0
55095,1,55095,NKE-GKC PASSENGER,,2,,,,0,1,1,0,0
55096,1,55096,GKC-NKE PASSENGER,,2,,,,0,1,1,0,0
55097,1,55097,NKE-GKC PASSENGER,,2,,,,0,1,1,0,0
55098,1,55098,GKC-NKE PASSENGER,,2,,,,0,1,1,0,0
55101,1,55101,CI-MAU UNRESERVED,,2,,,,0,1,1,0,0
55102,1,55102,MAU-CI UNRESERVED,,2,,,,0,1,1,0,0
55103,1,55103,THE-CI PASSENGER,,2,,,,0,1,1,0,0
55104,1,55104,CI-THE PASSENGER,,2,,,,0,1,1,0,0
55105,1,55105,CI-THE PASSENGER,,2,,,,0,1,1,0,0
55106,1,55106,THE-CI PASSENGER,,2,,,,0,1,1,0,0
55107,1,55107,THE-CPJ PASSENGER,,2,,,,0,1,1,0,0
55108,1,55108,CPJ-THE PASSENGER,,2,,,,0,1,1,0,0
55109,1,55109,THE-CI PASSENGER,,2,,,,0,1,1,0,0
55110,1,55110,CI-THE PASSENGER,,2,,,,0,1,1,0,0
55111,1,55111,MHC-THE PASSENGER,,2,,,,0,1,1,0,0
55112,1,55112,THE-MHC PASSENGER,,2,,,,0,1,1,0,0
55113,1,55113,SV-THE PASSENGER,,2,,,,0,1,1,0,0
55114,1,55114,THE-SV PASSENGER,,2,,,,0,1,1,0,0
55115,1,55115,THE-CPJ PASSENGER,,2,,,,0,1,1,0,0
55116,1,55116,CPJ-THE PASSENGER,,2,,,,0,1,1,0,0
55121,1,55121,SPJ-SV PASSENGER,,2,,,,0,1,1,0,0
55122,1,55122,SV-SPJ PASSENGER,,2,,,,0,1,1,0,0
55123,1,55123,BTT-BHJ PASSENGER,,2,,,,0,1,1,0,0
55124,1,55124,BHJ-BTT PASSENGER,,2,,,,0,1,1,0,0
55125,1,55125,SRU-BHJ PASSENGER,,2,,,,0,1,1,0,0
55126,1,55126,BHJ-SRU PASSENGER,,2,,,,0,1,1,0,0
55127,1,55127,SRU-BHJ PASSENGER,,2,,,,0,1,1,0,0
55128,1,55128,BHJ-SRU PASSENGER,,2,,,,0,1,1,0,0
55129,1,55129,BTT-BHJ PASSENGER,,2,,,,0,1,1,0,0
55130,1,55130,BHJ-BTT PASSENGER,,2,,,,0,1,1,0,0
55131,1,55131,BUI-PRRB PASSENGER,,2,,,,0,1,1,0,0
55132,1,55132,PRRB-BUI PASSENGER,,2,,,,0,1,1,0,0
55133,1,55133,BUI-SHG PASSENGER,,2,,,,0,1,1,0,0
55134,1,55134,SHG-BUI PASSENGER,,2,,,,0,1,1,0,0
55135,1,55135,BUI-SHG PASSENGER,,2,,,,0,1,1,0,0
55136,1,55136,SHG-BUI PASSENGER,,2,,,,0,1,1,0,0
55137,1,55137,BTT-BCY PASSENGER,,2,,,,0,1,1,0,0
55138,1,55138,BSBS-BTT PASSENGER,,2,,,,0,1,1,0,0
55139,1,55139,CPR-BCY PASSENGER,,2,,,,0,1,1,0,0
55140,1,55140,BCY-CPR PASSENGER,,2,,,,0,1,1,0,0
55141,1,55141,BNRS-MBDP PASSENGER,,2,,,,0,1,1,0,0
55142,1,55142,MBDP-BNRS PASSENGER,,2,,,,0,1,1,0,0
55301,1,55301,MB-LKU PASSENGER,,2,,,,0,1,1,0,0
55302,1,55302,LKU-MB PASSENGER,,2,,,,0,1,1,0,0
55303,1,55303,MB-LKU PASSENGER,,2,,,,0,1,1,0,0
55304,1,55304,LKU-MB PASSENGER,,2,,,,0,1,1,0,0
55305,1,55305,KPV-RMR PASSENGER,,2,,,,0,1,1,0,0
55306,1,55306,RMR-KPV PASSENGER,,2,,,,0,1,1,0,0
55307,1,55307,KSJ-RMR PASSENGER,,2,,,,0,1,1,0,0
55308,1,55308,RMR-KSJ PASSENGER,,2,,,,0,1,1,0,0
55309,1,55309,LKU-KPV PASSENGER,,2,,,,0,1,1,0,0
55310,1,55310,KPV-LKU PASSENGER,,2,,,,0,1,1,0,0
55311,1,55311,KSJ-LKU PASSENGER,,2,,,,0,1,1,0,0
55312,1,55312,LKU-KSJ PASSENGER,,2,,,,0,1,1,0,0
55313,1,55313,BC-LKU PASSENGER,,2,,,,0,1,1,0,0
55314,1,55314,LKU-BC PASSENGER,,2,,,,0,1,1,0,0
55315,1,55315,BC-PBE PASSENGER,,2,,,,0,1,1,0,0
55316,1,55316,PBE-BC PASSENGER,,2,,,,0,1,1,0,0
55317,1,55317,BC-PBE PASSENGER,,2,,,,0,1,1,0,0
55318,1,55318,PBE-BC PASSENGER,,2,,,,0,1,1,0,0
55319,1,55319,BC-PBE PASSENGER,,2,,,,0,1,1,0,0
55320,1,55320,PBE-BC PASSENGER,,2,,,,0,1,1,0,0
55321,1,55321,PBE-TPU PASSENGER,,2,,,,0,1,1,0,0
55322,1,55322,TPU-SPN PASSENGER,,2,,,,0,1,1,0,0
55323,1,55323,SPN-TPU PASSENGER,,2,,,,0,1,1,0,0
55324,1,55324,TPU-PBE PASSENGER,,2,,,,0,1,1,0,0
55325,1,55325,PBE-TPU PASSENGER,,2,,,,0,1,1,0,0
55326,1,55326,TPU-PBE PASSENGER,,2,,,,0,1,1,0,0
55327,1,55327,KSJ-BC PASSENGER,,2,,,,0,1,1,0,0
55328,1,55328,BC-KSJ PASSENGER,,2,,,,0,1,1,0,0
55329,1,55329,KSJ-BC FAST PASSANGER,,2,,,,0,1,1,0,0
55330,1,55330,BC-KSJ PASSENGER,,2,,,,0,1,1,0,0
55331,1,55331,KSJ-AH PASSENGER,,2,,,,0,1,1,0,0
55332,1,55332,AH-KSJ PASSENGER,,2,,,,0,1,1,0,0
55333,1,55333,KSJ-AF PASSENGER,,2,,,,0,1,1,0,0
55334,1,55334,AF-KSJ PASSENGER,,2,,,,0,1,1,0,0
55335,1,55335,KSJ-MTJ PASSENGER,,2,,,,0,1,1,0,0
55336,1,55336,MTJ-KSJ PASSENGER,,2,,,,0,1,1,0,0
55337,1,55337,KSJ-BTE PASSENGER,,2,,,,0,1,1,0,0
55338,1,55338,BTE-KSJ PASSENGER,,2,,,,0,1,1,0,0
55339,1,55339,KSJ-MTJ PASSENGER,,2,,,,0,1,1,0,0
55340,1,55340,MTJ-KSJ PASSENGER,,2,,,,0,1,1,0,0
55341,1,55341,SKB-KSJ PASSENGER,,2,,,,0,1,1,0,0
55342,1,55342,KSJ-SKB PASSENGER,,2,,,,0,1,1,0,0
55343,1,55343,FBD-KSJ PASSENGER,,2,,,,0,1,1,0,0
55344,1,55344,KSJ-FBD PASSENGER,,2,,,,0,1,1,0,0
55345,1,55345,LJN-KSJ PASSENGER,,2,,,,0,1,1,0,0
55346,1,55346,KSJ-LJN PASSENGER,,2,,,,0,1,1,0,0
55347,1,55347,CPA-FBD PASSENGER,,2,,,,0,1,1,0,0
55348,1,55348,FBD-CPA PASSENGER,,2,,,,0,1,1,0,0
55349,1,55349,PBE-SPN PASSENGER,,2,,,,0,1,1,0,0
55350,1,55350,SPN-PBE PASSENGER,,2,,,,0,1,1,0,0
55351,1,55351,PBE-SPN PASSENGER,,2,,,,0,1,1,0,0
55352,1,55352,SPN-PBE PASSENGER,,2,,,,0,1,1,0,0
55353,1,55353,PBE-SPN PASSENGER,,2,,,,0,1,1,0,0
55354,1,55354,SPN-PBE PASSENGER,,2,,,,0,1,1,0,0
55357,1,55357,PBE-MLN PASSENGER,,2,,,,0,1,1,0,0
55358,1,55358,MLN-PBE PASSENGER,,2,,,,0,1,1,0,0
55359,1,55359,PBE-MLN PASSENGER,,2,,,,0,1,1,0,0
55360,1,55360,MLN-PBE PASSENGER,,2,,,,0,1,1,0,0
55361,1,55361,PBE-MLN PASSENGER,,2,,,,0,1,1,0,0
55362,1,55362,MLN-PBE PASSENGER,,2,,,,0,1,1,0,0
55363,1,55363,PBE-SPN PASSENGER,,2,,,,0,1,1,0,0
55364,1,55364,SPN-PBE PASSENGER,,2,,,,0,1,1,0,0
55421,1,55421,MLDT-BLGT PASSENGER,,2,,,,0,1,1,0,0
55422,1,55422,BLGT-MLDT PASSENGER,,2,,,,0,1,1,0,0
55465,1,55465,APDJ-BXT PASSENGER,,2,,,,0,1,1,0,0
55466,1,55466,BXT-APDJ PASSENGER,,2,,,,0,1,1,0,0
55501,1,55501,JJP-LKQ PASSENGER,,2,,,,0,1,1,0,0
55502,1,55502,LKQ-JJP PASSENGER,,2,,,,0,1,1,0,0
55503,1,55503,JJP-LKQ PASSENGER,,2,,,,0,1,1,0,0
55504,1,55504,LKQ-JJP PASSENGER,,2,,,,0,1,1,0,0
55513,1,55513,SPJ-JYG PASSENGER,,2,,,,0,1,1,0,0
55514,1,55514,JYG-SPJ PASSENGER,,2,,,,0,1,1,0,0
55515,1,55515,PNBE-THE FAST PASSENGER,,2,,,,0,1,1,0,0
55516,1,55516,THE-PNBE FAST PASSENGER,,2,,,,0,1,1,0,0
55517,1,55517,DBG-JYG PASSENGER,,2,,,,0,1,1,0,0
55518,1,55518,JYG-DBG PASSENGER,,2,,,,0,1,1,0,0
55519,1,55519,SPJ-JYG PASSENGER,,2,,,,0,1,1,0,0
55520,1,55520,JYG-SPJ PASSENGER,,2,,,,0,1,1,0,0
55521,1,55521,TIGJ-SHC PASSENGER,,2,,,,0,1,1,0,0
55522,1,55522,SHC-TIGJ PASSENGER,,2,,,,0,1,1,0,0
55523,1,55523,SHC-ALUH-BTHN-SPJ PASS,,2,,,,0,1,1,0,0
55524,1,55524,SPJ-BTHN-ALUH-SHC PASS,,2,,,,0,1,1,0,0
55565,1,55565,SHC- SPJ PASSENGER,,2,,,,0,1,1,0,0
55566,1,55566,SPJ - SHC PASSENGER,,2,,,,0,1,1,0,0
55569,1,55569,PRNC-SHC PASSENGER,,2,,,,0,1,1,0,0
55570,1,55570,SHC-PRNC PASSENGER,,2,,,,0,1,1,0,0
55577,1,55577,SPJ-RXL PASSENGER,,2,,,,0,1,1,0,0
55578,1,55578,RXL-SPJ PASSENGER,,2,,,,0,1,1,0,0
55581,1,55581,RXL-SMI PASENGER,,2,,,,0,1,1,0,0
55582,1,55582,SMI-RXL PASSENGER,,2,,,,0,1,1,0,0
55583,1,55583,RXL-NKE PASSENGER,,2,,,,0,1,1,0,0
55584,1,55584,NKE-RXL PASSENGER,,2,,,,0,1,1,0,0
55585,1,55585,RXL-NKE PASSENGER,,2,,,,0,1,1,0,0
55586,1,55586,NKE-RXL PASSENGER,,2,,,,0,1,1,0,0
55587,1,55587,RXL-NKE PASSENGER,,2,,,,0,1,1,0,0
55588,1,55588,NKE-RXL PASSENGER,,2,,,,0,1,1,0,0
55601,1,55601,GHY-LMG PASSENGER,,2,,,,0,1,1,0,0
55602,1,55602,LMG-GHY PASSENGER,,2,,,,0,1,1,0,0
55603,1,55603,GHY-MBO PASSENGER,,2,,,,0,1,1,0,0
55604,1,55604,MBO-GHY PASSENGER,,2,,,,0,1,1,0,0
55605,1,55605,GHY-SKHV PASSENGER,,2,,,,0,1,1,0,0
55606,1,55606,SKHV-GHY PASSENGER,,2,,,,0,1,1,0,0
55607,1,55607,MNDP-GHY PASSENGER,,2,,,,0,1,1,0,0
55608,1,55608,GHY-MNDP PASSENGER,,2,,,,0,1,1,0,0
55619,1,55619,MNDP-GHY PASSENGER,,2,,,,0,1,1,0,0
55620,1,55620,GHY-MNDP PASSENGER,,2,,,,0,1,1,0,0
55661,1,55661,MSSN-SCL PASSENGER,,2,,,,0,1,1,0,0
55662,1,55662,SCL-MSSN PASSENGER,,2,,,,0,1,1,0,0
55665,1,55665,SCL-VNGP PASSENGER,,2,,,,0,1,1,0,0
55666,1,55666,VNGP-SCL PASSENGER,,2,,,,0,1,1,0,0
55667,1,55667,SCL-BHRB PASSENGER,,2,,,,0,1,1,0,0
55668,1,55668,BHRB-SCL PASSENGER,,2,,,,0,1,1,0,0
55669,1,55669,SCL-SANG PASSENGER,,2,,,,0,1,1,0,0
55670,1,55670,SANG-SCL PASSENGER,,2,,,,0,1,1,0,0
55675,1,55675,AGTL DMR PASS,,2,,,,0,1,1,0,0
55676,1,55676,DMR AGTL PASS,,2,,,,0,1,1,0,0
55677,1,55677,SCL-DMR PASSENGER,,2,,,,0,1,1,0,0
55678,1,55678,DMR-SCL PASSENGER,,2,,,,0,1,1,0,0
55685,1,55685,MSSN-SCL PASSENGER,,2,,,,0,1,1,0,0
55686,1,55686,SCL-MSSN PASSENGER,,2,,,,0,1,1,0,0
55687,1,55687,DLCR-SCL PASSENGER,,2,,,,0,1,1,0,0
55688,1,55688,SCL-DLCR PASSENGER,,2,,,,0,1,1,0,0
55689,1,55689,DLCR-BPB PASSENGER,,2,,,,0,1,1,0,0
55690,1,55690,BPB-DLCR PASSENGER,,2,,,,0,1,1,0,0
55701,1,55701,MLDT-KIR PASSENGER,,2,,,,0,1,1,0,0
55702,1,55702,KIR-MLDT PASSENGER,,2,,,,0,1,1,0,0
55703,1,55703,MLFC-KIR PASSENGER,,2,,,,0,1,1,0,0
55704,1,55704,KIR-MLFC PASSENGER,,2,,,,0,1,1,0,0
55707,1,55707,RDP-KIR PASSENGER,,2,,,,0,1,1,0,0
55708,1,55708,KIR-RDP PASSENGER,,2,,,,0,1,1,0,0
55727,1,55727,KIR-RDP PASSENGER,,2,,,,0,1,1,0,0
55728,1,55728,RDP-KIR PASSENGER,,2,,,,0,1,1,0,0
55729,1,55729,KIR-RDP PASSENGER,,2,,,,0,1,1,0,0
55730,1,55730,RDP-KIR PASSENGER,,2,,,,0,1,1,0,0
55769,1,55769,MLFC-KIR PASSENGER,,2,,,,0,1,1,0,0
55770,1,55770,KIR-MLFC PASSENGER,,2,,,,0,1,1,0,0
55801,1,55801,MANAS RHINO PASSENGER,,2,,,,0,1,1,0,0
55802,1,55802,MANAS RHINO PASSENGER,,2,,,,0,1,1,0,0
55803,1,55803,NBQ-GHY PASSENGER,,2,,,,0,1,1,0,0
55804,1,55804,GHY-NBQ PASSENGER,,2,,,,0,1,1,0,0
55809,1,55809,NBQ-GHY PASSENGER,,2,,,,0,1,1,0,0
55810,1,55810,GHY-NBQ PASSENGER,,2,,,,0,1,1,0,0
55817,1,55817,NBQ-GHY PASSENGER,,2,,,,0,1,1,0,0
55818,1,55818,GHY-NBQ PASSENGER,,2,,,,0,1,1,0,0
55819,1,55819,DKGN-BHNG PASSENGER,,2,,,,0,1,1,0,0
55820,1,55820,BHNG-DKGN PASSENGER,,2,,,,0,1,1,0,0
55821,1,55821,RNY-DKGN PASSENGER,,2,,,,0,1,1,0,0
55822,1,55822,DKGN-RNY PASSENGER,,2,,,,0,1,1,0,0
55823,1,55823,RPAN-DKGN PASSENGER,,2,,,,0,1,1,0,0
55824,1,55824,DKGN-RPAN PASSENGER,,2,,,,0,1,1,0,0
55861,1,55861,RNY-DKGN PASSENGER,,2,,,,0,1,1,0,0
55862,1,55862,DKGN-RNY PASSENGER,,2,,,,0,1,1,0,0
55893,1,55893,RNY-RPAN PASSENGER,,2,,,,0,1,1,0,0
55894,1,55894,RPAN-RNY PASSENGER,,2,,,,0,1,1,0,0
55909,1,55909,SLGR-DBRG PASSENGER,,2,,,,0,1,1,0,0
55910,1,55910,DBRG-SLGR PASSENGER,,2,,,,0,1,1,0,0
55913,1,55913,JTTN-TSK PASSENGER,,2,,,,0,1,1,0,0
55914,1,55914,TSK-JTTN PASSENGER,,2,,,,0,1,1,0,0
56001,1,56001,TVR-MQ PASS,,2,,,,0,1,1,0,0
56002,1,56002,MQ-TVR PASS,,2,,,,0,1,1,0,0
56003,1,56003,TEN-TCN PASSENGER,,2,,,,0,1,1,0,0
56004,1,56004,TCN-TEN PASSENGER,,2,,,,0,1,1,0,0
56005,1,56005,ERS-KTYM PASSENGER,,2,,,,0,1,1,0,0
56006,1,56006,KTYM-ERS PASSENGER,,2,,,,0,1,1,0,0
56007,1,56007,MV-VLNK PASS,,2,,,,0,1,1,0,0
56008,1,56008,VLNK-MV PASS,,2,,,,0,1,1,0,0
56009,1,56009,MV-KIK PASS,,2,,,,0,1,1,0,0
56010,1,56010,KIK-MV PASS,,2,,,,0,1,1,0,0
56101,1,56101,QLN-NCJ PASSENGER,,2,,,,0,1,1,0,0
56102,1,56102,NCJ-QLN PASSENGER,,2,,,,0,1,1,0,0
56103,1,56103,ED-MTDM PASSENGER,,2,,,,0,1,1,0,0
56104,1,56104,MTDM-ED PASSENGER,,2,,,,0,1,1,0,0
56105,1,56105,TPJ-ED PASSENGER,,2,,,,0,1,1,0,0
56106,1,56106,ED-TPJ PASSENGER,,2,,,,0,1,1,0,0
56107,1,56107,JTJ-ED PASSENGER,,2,,,,0,1,1,0,0
56108,1,56108,ED-JTJ PASSENGER,,2,,,,0,1,1,0,0
56109,1,56109,CBE-POY PASSENGER,,2,,,,0,1,1,0,0
56110,1,56110,POY-CBE PASSENGER,,2,,,,0,1,1,0,0
56111,1,56111,VM-TPJ MEMU,,2,,,,0,1,1,0,0
56112,1,56112,TPJ-VM  MEMU,,2,,,,0,1,1,0,0
56113,1,56113,CBE-POY PASSENGER,,2,,,,0,1,1,0,0
56114,1,56114,POY-CBE PASSENGER,,2,,,,0,1,1,0,0
56115,1,56115,TCR-GUV PASS,,2,,,,0,1,1,0,0
56116,1,56116,GUV-TCR PASS,,2,,,,0,1,1,0,0
56136,1,56136,MTP UAM PASS,,2,,,,0,1,1,0,0
56137,1,56137,UAM MTP PASS,,2,,,,0,1,1,0,0
56138,1,56138,ONR UAM PASS,,2,,,,0,1,1,0,0
56139,1,56139,UAM ONR PASS,,2,,,,0,1,1,0,0
56140,1,56140,UAM ONR PASS,,2,,,,0,1,1,0,0
56141,1,56141,ONR UAM PASS,,2,,,,0,1,1,0,0
56142,1,56142,UAM ONR PASS,,2,,,,0,1,1,0,0
56143,1,56143,ONR UAM PASS,,2,,,,0,1,1,0,0
56201,1,56201,CMNR-MYS PASSENGER,,2,,,,0,1,1,0,0
56202,1,56202,MYS-CMNR PASSENGER,,2,,,,0,1,1,0,0
56203,1,56203,CMNR-MYS PASSENGER,,2,,,,0,1,1,0,0
56204,1,56204,MYS-CMNR PASSENGER,,2,,,,0,1,1,0,0
56205,1,56205,NTW-MYS PASSENGER,,2,,,,0,1,1,0,0
56206,1,56206,MYS-NTW PASSENGER,,2,,,,0,1,1,0,0
56207,1,56207,CMNR-MYS PASSENGER,,2,,,,0,1,1,0,0
56208,1,56208,MYS-CMNR PASSENGER,,2,,,,0,1,1,0,0
56209,1,56209,CMNR-MYS PASSENGER,,2,,,,0,1,1,0,0
56210,1,56210,MYS-CMNR PASSENGER,,2,,,,0,1,1,0,0
56217,1,56217,TLGP-SMET PASSENGER,,2,,,,0,1,1,0,0
56218,1,56218,SMET-TLGP PASSENGER,,2,,,,0,1,1,0,0
56223,1,56223,SBC-ASK PASSENGER,,2,,,,0,1,1,0,0
56224,1,56224,ASK-SBC PASSENGER,,2,,,,0,1,1,0,0
56229,1,56229,SBC-CPT PASSENGER,,2,,,,0,1,1,0,0
56230,1,56230,CPT-SBC PASSENGER,,2,,,,0,1,1,0,0
56231,1,56231,MYS-SMVB PASSENGER,,2,,,,0,1,1,0,0
56232,1,56232,SMVB-MYS PASSENGER,,2,,,,0,1,1,0,0
56265,1,56265,ASK-MYS PASSENGER,,2,,,,0,1,1,0,0
56266,1,56266,MYS-ASK PASSENGER,,2,,,,0,1,1,0,0
56267,1,56267,ASK-MYS PASSENGER,,2,,,,0,1,1,0,0
56268,1,56268,MYS-ASK PASSENGER,,2,,,,0,1,1,0,0
56271,1,56271,SMET-CMGR PASSENGER,,2,,,,0,1,1,0,0
56272,1,56272,CMGR-SMET PASSENGER,,2,,,,0,1,1,0,0
56281,1,56281,CMNR-TK PASSENGER,,2,,,,0,1,1,0,0
56282,1,56282,TK-CMNR PASSENGER,,2,,,,0,1,1,0,0
56301,1,56301,ALLP-QLN PASSENGER,,2,,,,0,1,1,0,0
56302,1,56302,QLN-ALLP PASSENGER,,2,,,,0,1,1,0,0
56303,1,56303,QLN-TVC PASSENGER,,2,,,,0,1,1,0,0
56304,1,56304,TVC-QLN PASSENGER,,2,,,,0,1,1,0,0
56305,1,56305,NCJ-TVCN PASSENGER,,2,,,,0,1,1,0,0
56306,1,56306,TVCN-NCJ PASSENGER,,2,,,,0,1,1,0,0
56307,1,56307,QLN-TVC PASSENGER,,2,,,,0,1,1,0,0
56308,1,56308,TVC-NCJ PASSENGER,,2,,,,0,1,1,0,0
56309,1,56309,NCJ-TVCN PASSENGER,,2,,,,0,1,1,0,0
56310,1,56310,TVCN-NCJ PASSENGER,,2,,,,0,1,1,0,0
56311,1,56311,KTYM-QLN PASSENGER,,2,,,,0,1,1,0,0
56312,1,56312,ALLP-ERS PASSENGER,,2,,,,0,1,1,0,0
56313,1,56313,GUV-ERS PASSENGER,,2,,,,0,1,1,0,0
56314,1,56314,ERS-GUV PASSENGER,,2,,,,0,1,1,0,0
56315,1,56315,GUV-TCR PASSENGER,,2,,,,0,1,1,0,0
56316,1,56316,TCR-GUV PASSENGER,,2,,,,0,1,1,0,0
56317,1,56317,GUV-ERS PASSENGER,,2,,,,0,1,1,0,0
56318,1,56318,ERS-GUV PASSENGER,,2,,,,0,1,1,0,0
56319,1,56319,ERS-KYJ PASSENGER,,2,,,,0,1,1,0,0
56320,1,56320,KYJ-ERS PASSENGER,,2,,,,0,1,1,0,0
56322,1,56322,NIL-SRR PASSENGER,,2,,,,0,1,1,0,0
56323,1,56323,SRR-NIL PASSENGER,,2,,,,0,1,1,0,0
56519,1,56519,SBC HPT PAS,,2,,,,0,1,1,0,0
56520,1,56520,HPT SBC PAS,,2,,,,0,1,1,0,0
56529,1,56529,HRR-HPT PASSENGER,,2,,,,0,1,1,0,0
56530,1,56530,HPT-HRR PASSENGER,,2,,,,0,1,1,0,0
56531,1,56531,YPR-HUP PASSENGER,,2,,,,0,1,1,0,0
56532,1,56532,HUP-YPR PASSENGER,,2,,,,0,1,1,0,0
56600,1,56600,CAN-SRR PASSENGER,,2,,,,0,1,1,0,0
56601,1,56601,CLT-SRR PASSENGER,,2,,,,0,1,1,0,0
56602,1,56602,SRR-CLT PASSENGER,,2,,,,0,1,1,0,0
56603,1,56603,CBE-SRR PASSENGER,,2,,,,0,1,1,0,0
56604,1,56604,SRR-CBE PASSENGER,,2,,,,0,1,1,0,0
56605,1,56605,SRR-TCR PASSENGER,,2,,,,0,1,1,0,0
56607,1,56607,PGT-NIL PASSENGER,,2,,,,0,1,1,0,0
56608,1,56608,NIL-PGT PASSENGER,,2,,,,0,1,1,0,0
56609,1,56609,SRR-NIL PASSENGER,,2,,,,0,1,1,0,0
56610,1,56610,NIL-SRR PASSENGER,,2,,,,0,1,1,0,0
56611,1,56611,SRR-NIL PASSENGER,,2,,,,0,1,1,0,0
56612,1,56612,NIL-SRR PASSENGER,,2,,,,0,1,1,0,0
56613,1,56613,SRR-NIL PASSENGER,,2,,,,0,1,1,0,0
56614,1,56614,NIL-SRR PASSENGER,,2,,,,0,1,1,0,0
56615,1,56615,MAO-MAQ PASSENGER,,2,,,,0,1,1,0,0
56616,1,56616,MAQ-MAO PASSENGER,,2,,,,0,1,1,0,0
56617,1,56617,CLT-CAN PASSENGER,,2,,,,0,1,1,0,0
56619,1,56619,CAN-CHV PASSENGER,,2,,,,0,1,1,0,0
56621,1,56621,CHV-MAQ PASSENGER,,2,,,,0,1,1,0,0
56623,1,56623,TCR-SRR PASSENGER,,2,,,,0,1,1,0,0
56624,1,56624,SRR-TCR PASSENGER,,2,,,,0,1,1,0,0
56625,1,56625,MAQ-SBHR PASSENGER,,2,,,,0,1,1,0,0
56626,1,56626,SBHR-MAQ PASSENGER,,2,,,,0,1,1,0,0
56627,1,56627,MAQ-SBHR PASSENGER,,2,,,,0,1,1,0,0
56628,1,56628,SBHR- MAQ PASSENGER,,2,,,,0,1,1,0,0
56629,1,56629,MAQ-SBHR PASSENGER,,2,,,,0,1,1,0,0
56630,1,56630,SBHR-MAQ PASSENGER,,2,,,,0,1,1,0,0
56632,1,56632,CAN-CLT PASS,,2,,,,0,1,1,0,0
56700,1,56700,TPJ-MV PASS,,2,,,,0,1,1,0,0
56701,1,56701,MDU-BDNK PASS,,2,,,,0,1,1,0,0
56702,1,56702,BDNK-MDU PASS,,2,,,,0,1,1,0,0
56703,1,56703,CAN-MAQ PASS,,2,,,,0,1,1,0,0
56704,1,56704,MAQ-CAN PASS,,2,,,,0,1,1,0,0
56705,1,56705,PUU-CAPE PASSENGER,,2,,,,0,1,1,0,0
56706,1,56706,CAPE-PUU PASSENGER,,2,,,,0,1,1,0,0
56707,1,56707,CAPE-TEN PASSENGER,,2,,,,0,1,1,0,0
56708,1,56708,TEN-CAPE PASSENGER,,2,,,,0,1,1,0,0
56709,1,56709,NCJ-CAPE PASSENGER,,2,,,,0,1,1,0,0
56711,1,56711,MDU-RMM PASSENGER,,2,,,,0,1,1,0,0
56712,1,56712,RMM-MDU PASSENGER,,2,,,,0,1,1,0,0
56713,1,56713,MDU-RMM PASSENGER,,2,,,,0,1,1,0,0
56714,1,56714,RMM-MDU PASSENGER,,2,,,,0,1,1,0,0
56715,1,56715,MDU-RMM PASSENGER,,2,,,,0,1,1,0,0
56716,1,56716,RMM-MDU PASSENGER,,2,,,,0,1,1,0,0
56717,1,56717,DG-MDU PASS,,2,,,,0,1,1,0,0
56718,1,56718,MDU-DG PASSENGER,,2,,,,0,1,1,0,0
56721,1,56721,TN-TEN PASS,,2,,,,0,1,1,0,0
56722,1,56722,TEN-TN PASS,,2,,,,0,1,1,0,0
56739,1,56739,MV-TJ PASS,,2,,,,0,1,1,0,0
56741,1,56741,TEN-SCT PASS,,2,,,,0,1,1,0,0
56742,1,56742,SCT-TEN PASS,,2,,,,0,1,1,0,0
56743,1,56743,TEN-SCT PASS,,2,,,,0,1,1,0,0
56744,1,56744,SCT-TEN PASS,,2,,,,0,1,1,0,0
56745,1,56745,TJ-TPJ PASS,,2,,,,0,1,1,0,0
56751,1,56751,TEN-TCN PASSENGER,,2,,,,0,1,1,0,0
56752,1,56752,TCN-TEN PASSENGER,,2,,,,0,1,1,0,0
56753,1,56753,TEN-TCN PASSENGER,,2,,,,0,1,1,0,0
56754,1,56754,TCN-TEN PASSENGER,,2,,,,0,1,1,0,0
56755,1,56755,MEJ-TCN PASSENGER,,2,,,,0,1,1,0,0
56756,1,56756,TCN-MEJ PASSENGER,,2,,,,0,1,1,0,0
56757,1,56757,TEN-TCN PASSENGER,,2,,,,0,1,1,0,0
56758,1,56758,TCN-TEN PASSENGER,,2,,,,0,1,1,0,0
56759,1,56759,MEJ-TN PASSENGER,,2,,,,0,1,1,0,0
56760,1,56760,TN-MEJ PASS,,2,,,,0,1,1,0,0
56761,1,56761,MEJ-TN PASSENGER,,2,,,,0,1,1,0,0
56762,1,56762,TN-MEJ PASSENGER,,2,,,,0,1,1,0,0
56771,1,56771,MDU-SCT PASSENGER,,2,,,,0,1,1,0,0
56772,1,56772,SCT-MDU PASSENGER,,2,,,,0,1,1,0,0
56773,1,56773,TEN-SCT PASSENGER,,2,,,,0,1,1,0,0
56774,1,56774,SCT-TEN PASSENGER,,2,,,,0,1,1,0,0
56775,1,56775,TEN-SCT PASSENGER,,2,,,,0,1,1,0,0
56776,1,56776,SCT-TEN PASSENGER,,2,,,,0,1,1,0,0
56801,1,56801,MV-TJ PASS,,2,,,,0,1,1,0,0
56802,1,56802,TJ-MV PASS,,2,,,,0,1,1,0,0
56803,1,56803,TPJ-KKDI PASS,,2,,,,0,1,1,0,0
56804,1,56804,KKDI-TPJ PASS,,2,,,,0,1,1,0,0
56805,1,56805,TVR-TPJ DMU PASS,,2,,,,0,1,1,0,0
56806,1,56806,TPJ-TVR DMU PASS,,2,,,,0,1,1,0,0
56807,1,56807,VM-TVR PASS,,2,,,,0,1,1,0,0
56808,1,56808,TVR-VM PASS,,2,,,,0,1,1,0,0
56809,1,56809,TPJ-ED PASSENGER,,2,,,,0,1,1,0,0
56810,1,56810,ED-TPJ PASS,,2,,,,0,1,1,0,0
56811,1,56811,JTJ-ED PASSENGER,,2,,,,0,1,1,0,0
56812,1,56812,ED-JTJ PASSENGER,,2,,,,0,1,1,0,0
56813,1,56813,VM-MV PASS,,2,,,,0,1,1,0,0
56814,1,56814,MV-VM PASS,,2,,,,0,1,1,0,0
56815,1,56815,TPJ-KKDI DMU PASS,,2,,,,0,1,1,0,0
56816,1,56816,KKDI-TPJ DMU PASS,,2,,,,0,1,1,0,0
56817,1,56817,KIK-TJ PASS,,2,,,,0,1,1,0,0
56818,1,56818,TPJ-KIK PASS,,2,,,,0,1,1,0,0
56819,1,56819,TJ-TPJ PASS,,2,,,,0,1,1,0,0
56821,1,56821,MV-TPJ PASS,,2,,,,0,1,1,0,0
56823,1,56823,TJ-TPJ PASS,,2,,,,0,1,1,0,0
56824,1,56824,TPJ-TJ PASS,,2,,,,0,1,1,0,0
56826,1,56826,TJ-MV PASS,,2,,,,0,1,1,0,0
56827,1,56827,TVR-KKDI DMU,,2,,,,0,1,1,0,0
56828,1,56828,KKDI-TVR DMU,,2,,,,0,1,1,0,0
56831,1,56831,TPJ-KKDI PASS,,2,,,,0,1,1,0,0
56832,1,56832,KKDI-TPJ PASS,,2,,,,0,1,1,0,0
56833,1,56833,KKDI-VPT PASS,,2,,,,0,1,1,0,0
56834,1,56834,VPT-KKDI PASS,,2,,,,0,1,1,0,0
56835,1,56835,MV-KKDI PASS,,2,,,,0,1,1,0,0
56836,1,56836,KKDI-MV PASS,,2,,,,0,1,1,0,0
56903,1,56903,SUR DHARWAR PASS,,2,,,,0,1,1,0,0
56904,1,56904,DWR SUR PASSENGE,,2,,,,0,1,1,0,0
56905,1,56905,SUR-UBL PASSENGER,,2,,,,0,1,1,0,0
56906,1,56906,UBL-SUR PASSENGER,,2,,,,0,1,1,0,0
56911,1,56911,UBL-GTL PASSENGER,,2,,,,0,1,1,0,0
56912,1,56912,GTL-UBL PASSENGER,,2,,,,0,1,1,0,0
56919,1,56919,UBL-BJP PASSENGER,,2,,,,0,1,1,0,0
56920,1,56920,BJP-UBL PASSENGER,,2,,,,0,1,1,0,0
56927,1,56927,UBL-SNNR PASSENGER,,2,,,,0,1,1,0,0
56928,1,56928,SNNR-UBL PASSENGER,,2,,,,0,1,1,0,0
56931,1,56931,MRJ-LD PASSENGER,,2,,,,0,1,1,0,0
56932,1,56932,LD-MRJ PASSENGER,,2,,,,0,1,1,0,0
56937,1,56937,BGM-MRJ PASSENGER,,2,,,,0,1,1,0,0
56938,1,56938,MRJ-BGM PASSENGER,,2,,,,0,1,1,0,0
56939,1,56939,BGM-MRJ PASSENGER,,2,,,,0,1,1,0,0
56940,1,56940,MRJ-BGM PASSENGER,,2,,,,0,1,1,0,0
56961,1,56961,QLM-VSG DEMU,,2,,,,0,1,1,0,0
56962,1,56962,VSG-QLM DEMU,,2,,,,0,1,1,0,0
56963,1,56963,QLM-VSG DMU,,2,,,,0,1,1,0,0
56964,1,56964,VSG-QLM DMU,,2,,,,0,1,1,0,0
56965,1,56965,QLM-VSG DEMU,,2,,,,0,1,1,0,0
56966,1,56966,VSG-QLM DEMU,,2,,,,0,1,1,0,0
57201,1,57201,BZA-GNT,,2,,,,0,1,1,0,0
57202,1,57202,GNT-BZA,,2,,,,0,1,1,0,0
57203,1,57203,GNT-MCLA,,2,,,,0,1,1,0,0
57204,1,57204,MCLA-GNT,,2,,,,0,1,1,0,0
57205,1,57205,NDKD-MCLA,,2,,,,0,1,1,0,0
57206,1,57206,MCLA-NDKD,,2,,,,0,1,1,0,0
57301,1,57301,KCG-MDAK PASSENGER,,2,,,,0,1,1,0,0
57302,1,57302,MDAK-KCG PASSENGER,,2,,,,0,1,1,0,0
57401,1,57401,TPTY UBL PASS,,2,,,,0,1,1,0,0
57402,1,57402,UBL TPTY PAS,,2,,,,0,1,1,0,0
57403,1,57403,TPTY-GTL PASSENGER,,2,,,,0,1,1,0,0
57404,1,57404,GTL-TPTY PASSENGER,,2,,,,0,1,1,0,0
57405,1,57405,TPTY KRYP PASS,,2,,,,0,1,1,0,0
57406,1,57406,KRYP TPTY PAS,,2,,,,0,1,1,0,0
57407,1,57407,GTL-MRK,,2,,,,0,1,1,0,0
57408,1,57408,MRK-GTL,,2,,,,0,1,1,0,0
57412,1,57412,KCG-GTL PASSENGER,,2,,,,0,1,1,0,0
57415,1,57415,GTL-JRU PASSENGER,,2,,,,0,1,1,0,0
57416,1,57416,JRU-GTL PASSENGER,,2,,,,0,1,1,0,0
57606,1,57606,VKB-KCG PASSENGER,,2,,,,0,1,1,0,0
57651,1,57651,NED-MMR,,2,,,,0,1,1,0,0
57652,1,57652,MMR-NED,,2,,,,0,1,1,0,0
57653,1,57653,PAU-ADB PASSENGER,,2,,,,0,1,1,0,0
57654,1,57654,ADB-PRLI PASSENGER,,2,,,,0,1,1,0,0
57655,1,57655,PRLI-AK,,2,,,,0,1,1,0,0
57656,1,57656,AK-PAU PASSENGER,,2,,,,0,1,1,0,0
57657,1,57657,PAU-PRLI PASSENGER,,2,,,,0,1,1,0,0
57658,1,57658,PRLI-PAU PASSENGER,,2,,,,0,1,1,0,0
57661,1,57661,RC-BJP PASSENGER,,2,,,,0,1,1,0,0
57662,1,57662,BJP-RC PASSENGER,,2,,,,0,1,1,0,0
58025,1,58025,SRC DGHA PASS,,2,,,,0,1,1,0,0
58026,1,58026,DGHA SRC PASS,,2,,,,0,1,1,0,0
58027,1,58027,KGP-TATA PASS,,2,,,,0,1,1,0,0
58028,1,58028,TATA-KGP PASS,,2,,,,0,1,1,0,0
58029,1,58029,SRC DGHA PSS,,2,,,,0,1,1,0,0
58030,1,58030,DGHA SRC PASS,,2,,,,0,1,1,0,0
58033,1,58033,BKSC-RNC PASSENGER,,2,,,,0,1,1,0,0
58034,1,58034,RNC-BKSC PASSENGER,,2,,,,0,1,1,0,0
58151,1,58151,BRMP-BXF PASSENGER,,2,,,,0,1,1,0,0
58152,1,58152,BXF-BRMP PASSENGER,,2,,,,0,1,1,0,0
58201,1,58201,BSP-R PASS,,2,,,,0,1,1,0,0
58202,1,58202,R-BSP PASS,,2,,,,0,1,1,0,0
58203,1,58203,KRBA-R PASS,,2,,,,0,1,1,0,0
58204,1,58204,R-KRBA PASS,,2,,,,0,1,1,0,0
58205,1,58205,R-NITR PAS,,2,,,,0,1,1,0,0
58206,1,58206,NITR-R PASS,,2,,,,0,1,1,0,0
58207,1,58207,R-JNRD PASS,,2,,,,0,1,1,0,0
58208,1,58208,JNRD-R PASS,,2,,,,0,1,1,0,0
58210,1,58210,BSP-GAD PASS,,2,,,,0,1,1,0,0
58213,1,58213,TIG-BSP PASS,,2,,,,0,1,1,0,0
58214,1,58214,BSP-TIG PASS,,2,,,,0,1,1,0,0
58217,1,58217,TIG-R PASS,,2,,,,0,1,1,0,0
58218,1,58218,R-TIG,,2,,,,0,1,1,0,0
58221,1,58221,CHRM-CHD PASS,,2,,,,0,1,1,0,0
58222,1,58222,CHD-CHRM PASS,,2,,,,0,1,1,0,0
58303,1,58303,SBP-JNRD PASSENGER,,2,,,,0,1,1,0,0
58304,1,58304,JNRD-SBP PASSENGER,,2,,,,0,1,1,0,0
58305,1,58305,BLGR-PUKK PASSENGER,,2,,,,0,1,1,0,0
58306,1,58306,PUKK-BLGR PASSENGER,,2,,,,0,1,1,0,0
58307,1,58307,BLGR-PUKK PASSENGER,,2,,,,0,1,1,0,0
58308,1,58308,PUKK-BLGR PASSENGER,,2,,,,0,1,1,0,0
58309,1,58309,BLGR-SNPU PASSENGER,,2,,,,0,1,1,0,0
58310,1,58310,SNPU-BLGR PASSENGER,,2,,,,0,1,1,0,0
58405,1,58405,CTC-PRDP PASSENGER,,2,,,,0,1,1,0,0
58406,1,58406,PRDP-CTC PASSENGER,,2,,,,0,1,1,0,0
58501,1,58501,VSKP KRDL PGRSP,,2,,,,0,1,1,0,0
58502,1,58502,KRDL VSKP PGRSP,,2,,,,0,1,1,0,0
58503,1,58503,BWIP-VSKP PASSENGER,,2,,,,0,1,1,0,0
58504,1,58504,VSKP-BWIP PASSENGER,,2,,,,0,1,1,0,0
58505,1,58505,GNPR VSKP PASS,,2,,,,0,1,1,0,0
58506,1,58506,VSKP GNPR PASS,,2,,,,0,1,1,0,0
58527,1,58527,R-VSKP PASSENGER,,2,,,,0,1,1,0,0
58528,1,58528,VSKP-R PASSENGER,,2,,,,0,1,1,0,0
58531,1,58531,BAM-VSKP PASSENGER,,2,,,,0,1,1,0,0
58532,1,58532,VSKP-BAM PASSENGER,,2,,,,0,1,1,0,0
58537,1,58537,KRPU-VSKP PASSENGER,,2,,,,0,1,1,0,0
58538,1,58538,VSKP-KRPU PASSENGER,,2,,,,0,1,1,0,0
58659,1,58659,HTE-ROU PASS,,2,,,,0,1,1,0,0
58660,1,58660,ROU-HTE PASS,,2,,,,0,1,1,0,0
58663,1,58663,HTE-SANI PASSENGER,,2,,,,0,1,1,0,0
58664,1,58664,SANI-HTE PASSENGER,,2,,,,0,1,1,0,0
58665,1,58665,HTE-SANI PASSENGER,,2,,,,0,1,1,0,0
58666,1,58666,SANI-HTE PASSENGER,,2,,,,0,1,1,0,0
58815,1,58815,NITR-TRDI PASS,,2,,,,0,1,1,0,0
58816,1,58816,TRDI-NITR PASS,,2,,,,0,1,1,0,0
58817,1,58817,TMR-TRDI PASS,,2,,,,0,1,1,0,0
58818,1,58818,TRDI-TMR PASS,,2,,,,0,1,1,0,0
58819,1,58819,NITR-CWA PASS,,2,,,,0,1,1,0,0
58820,1,58820,CWA-NITR PASS,,2,,,,0,1,1,0,0
58821,1,58821,NITR-CWA PASS,,2,,,,0,1,1,0,0
58822,1,58822,CWA-NITR PASS,,2,,,,0,1,1,0,0
58823,1,58823,CWA-MFR PASS,,2,,,,0,1,1,0,0
58824,1,58824,MFR-CWA PASS,,2,,,,0,1,1,0,0
58825,1,58825,CWA-NIR PASS,,2,,,,0,1,1,0,0
58826,1,58826,NIR-CWA PASS,,2,,,,0,1,1,0,0
58829,1,58829,SEY-BZU PASS,,2,,,,0,1,1,0,0
58830,1,58830,BZU-SEY PASS,,2,,,,0,1,1,0,0
59023,1,59023,MMCT-BL PASSENGER,,2,,,,0,1,1,0,0
59024,1,59024,BL-MMCT PASSENGER,,2,,,,0,1,1,0,0
59039,1,59039,VR-BL PASSENGER,,2,,,,0,1,1,0,0
59040,1,59040,VAPI-MMCT PASSENGER,,2,,,,0,1,1,0,0
59045,1,59045,MMCT-VAPI PASSENGER,,2,,,,0,1,1,0,0
59046,1,59046,BL-VR PASSENGER,,2,,,,0,1,1,0,0
59049,1,59049,BL-BRC PASSENGER,,2,,,,0,1,1,0,0
59050,1,59050,BRC-BL PASSENGER,,2,,,,0,1,1,0,0
59075,1,59075,NDB-BSL PASSENGER,,2,,,,0,1,1,0,0
59076,1,59076,NDB PASS SPL,,2,,,,0,1,1,0,0
59117,1,59117,PRTN-CTD PASSENGER,,2,,,,0,1,1,0,0
59118,1,59118,ARPR-PRTN PASSENGER,,2,,,,0,1,1,0,0
59119,1,59119,PRTN-ARPR PASSENGER,,2,,,,0,1,1,0,0
59120,1,59120,ARPR-PRTN PASSENGER,,2,,,,0,1,1,0,0
59121,1,59121,PRTN-ARPR PASSENGER,,2,,,,0,1,1,0,0
59122,1,59122,CTD-PRTN PASSENGER,,2,,,,0,1,1,0,0
59123,1,59123,PRTN-JOBT PASSENGER,,2,,,,0,1,1,0,0
59124,1,59124,JOBT-PRTN PASSENGER,,2,,,,0,1,1,0,0
59125,1,59125,PRTN-CTD PASS,,2,,,,0,1,1,0,0
59126,1,59126,CTD-PRTN PASS,,2,,,,0,1,1,0,0
59203,1,59203,SUNR-BVC PASSENGER,,2,,,,0,1,1,0,0
59204,1,59204,BVC-BTD PASSENGER,,2,,,,0,1,1,0,0
59205,1,59205,KNLS-PBR PASSENGER,,2,,,,0,1,1,0,0
59206,1,59206,PBR-KNLS PASSENGER,,2,,,,0,1,1,0,0
59213,1,59213,BNVD-PBR PASSENGER,,2,,,,0,1,1,0,0
59214,1,59214,PBR-BNVD PASSENGER,,2,,,,0,1,1,0,0
59215,1,59215,BNVD-PBR PASSENGER,,2,,,,0,1,1,0,0
59216,1,59216,PBR-BNVD PASSENGER,,2,,,,0,1,1,0,0
59227,1,59227,SUNR-BVC PASSENGER,,2,,,,0,1,1,0,0
59228,1,59228,BVC-SUNR PASSENGER,,2,,,,0,1,1,0,0
59229,1,59229,BTD-BVC PASSENGER,,2,,,,0,1,1,0,0
59230,1,59230,BVC-BTD PASSENGER,,2,,,,0,1,1,0,0
59231,1,59231,GANDHIGRAM-BHAVNAGAR PASS,,2,,,,0,1,1,0,0
59232,1,59232,BHAVNAGAR-GANDHIGRAM PASS,,2,,,,0,1,1,0,0
59233,1,59233,SUNR-BVC PASSENGER,,2,,,,0,1,1,0,0
59234,1,59234,BVC-SUNR PASSENGER,,2,,,,0,1,1,0,0
59235,1,59235,DLJ-MHV PASSENGER,,2,,,,0,1,1,0,0
59236,1,59236,MHV-DLJ PASSENGER,,2,,,,0,1,1,0,0
59237,1,59237,GANDHIGRAM - BOTAD PASS,,2,,,,0,1,1,0,0
59238,1,59238,BOTAD - GANDHIGRAM PASS,,2,,,,0,1,1,0,0
59239,1,59239,DHOLA-BHAVNAGAR PASSENGER,,2,,,,0,1,1,0,0
59240,1,59240,BHAVNAGAR-DHOLA PASSENGER,,2,,,,0,1,1,0,0
59267,1,59267,PIT-BVC PASSENGER,,2,,,,0,1,1,0,0
59268,1,59268,BVC-PIT PASSENGER,,2,,,,0,1,1,0,0
59269,1,59269,PIT-BVC PASSENGER,,2,,,,0,1,1,0,0
59270,1,59270,BVC-PIT PASSENGER,,2,,,,0,1,1,0,0
59271,1,59271,BTD-BVC PASSENGER,,2,,,,0,1,1,0,0
59272,1,59272,BVC-SUNR PASSENGER,,2,,,,0,1,1,0,0
59301,1,59301,INDB-DADN PASSENGER,,2,,,,0,1,1,0,0
59302,1,59302,DADN-INDB PASSENGER,,2,,,,0,1,1,0,0
59306,1,59306,UJN-INDB PASSENGER,,2,,,,0,1,1,0,0
59307,1,59307,INDB-UJN PASSENGER,,2,,,,0,1,1,0,0
59317,1,59317,NAD-UJN PASSENGER,,2,,,,0,1,1,0,0
59318,1,59318,UJN-NAD PASSENGER,,2,,,,0,1,1,0,0
59319,1,59319,UJN-BPL PASSENGER,,2,,,,0,1,1,0,0
59320,1,59320,BPL-UJN PASSENGER,,2,,,,0,1,1,0,0
59345,1,59345,RTM-NAD PASSENGER,,2,,,,0,1,1,0,0
59346,1,59346,NAD-RTM PASSENGER,,2,,,,0,1,1,0,0
59353,1,59353,NAD-UJN PASSENGER,,2,,,,0,1,1,0,0
59354,1,59354,UJN-NAD PASSENGER,,2,,,,0,1,1,0,0
59387,1,59387,NAD-INDB PASSENGER,,2,,,,0,1,1,0,0
59388,1,59388,INDB-NAD PASSENGER,,2,,,,0,1,1,0,0
59421,1,59421,RJT-VRL PASSENGER,,2,,,,0,1,1,0,0
59422,1,59422,VRL-RJT PASSENGER,,2,,,,0,1,1,0,0
59423,1,59423,RJT-VRL PASSENGER,,2,,,,0,1,1,0,0
59424,1,59424,VRL-RJT PASSENGER,,2,,,,0,1,1,0,0
59475,1,59475,MSH-PTN PASSENGER,,2,,,,0,1,1,0,0
59476,1,59476,PTN-MSH PASSENGER,,2,,,,0,1,1,0,0
59481,1,59481,MSH-BLDI PASSENGER,,2,,,,0,1,1,0,0
59482,1,59482,BLDI-MSH PASSENGER,,2,,,,0,1,1,0,0
59483,1,59483,MSH-PTN PASSENGER,,2,,,,0,1,1,0,0
59484,1,59484,PTN-MSH PASSENGER,,2,,,,0,1,1,0,0
59509,1,59509,MSH-VG PASSENGER,,2,,,,0,1,1,0,0
59510,1,59510,VG-MSH PASSENGER,,2,,,,0,1,1,0,0
59511,1,59511,MSH-VG PASSENGER,,2,,,,0,1,1,0,0
59512,1,59512,VG-MSH PASSENGER,,2,,,,0,1,1,0,0
59549,1,59549,PASSENGER,,2,,,,0,1,1,0,0
59550,1,59550,VTA-BRC PASSENGER,,2,,,,0,1,1,0,0
59551,1,59551,RJT-OKHA PASSENGER,,2,,,,0,1,1,0,0
59552,1,59552,OKHA-RJT PASSENGER,,2,,,,0,1,1,0,0
59553,1,59553,GG-BTD PASSENGER,,2,,,,0,1,1,0,0
59554,1,59554,BTD-GG PASSENGER,,2,,,,0,1,1,0,0
59555,1,59555,GG-BTD PASSENGER,,2,,,,0,1,1,0,0
59556,1,59556,BTD-GG PASSENGER,,2,,,,0,1,1,0,0
59557,1,59557,PBR-BVC PASSENGER,,2,,,,0,1,1,0,0
59558,1,59558,BVC-VRL PASSENGER,,2,,,,0,1,1,0,0
59559,1,59559,VRL-BVC PASSENGER,,2,,,,0,1,1,0,0
59560,1,59560,BVC-PBR PASSENGER,,2,,,,0,1,1,0,0
59561,1,59561,RJT-PBR PASSENGER,,2,,,,0,1,1,0,0
59562,1,59562,PBR-RJT PASSENGER,,2,,,,0,1,1,0,0
59563,1,59563,RJT-PBR PASSENGER,,2,,,,0,1,1,0,0
59564,1,59564,PBR-RJT PASSENGER,,2,,,,0,1,1,0,0
59601,1,59601,AII-MJ PASSENGER,,2,,,,0,1,1,0,0
59602,1,59602,MJ-AII PASSENGER,,2,,,,0,1,1,0,0
59603,1,59603,AII-PUHT PASSENGER,,2,,,,0,1,1,0,0
59604,1,59604,PUHT-AII PASSENGER,,2,,,,0,1,1,0,0
59605,1,59605,UDZ-BI PASSENGER,,2,,,,0,1,1,0,0
59606,1,59606,BI-UDZ PASSENGER,,2,,,,0,1,1,0,0
59607,1,59607,UDZ-BI PASSENGER,,2,,,,0,1,1,0,0
59608,1,59608,BI-UDZ PASSENGER,,2,,,,0,1,1,0,0
59609,1,59609,UDZ-COR PASSENGER,,2,,,,0,1,1,0,0
59610,1,59610,COR-UDZ PASSENGER,,2,,,,0,1,1,0,0
59629,1,59629,RE-FL PASSENGER,,2,,,,0,1,1,0,0
59630,1,59630,FL-RE PASSENGER,,2,,,,0,1,1,0,0
59631,1,59631,HSR-RE PASSENGER,,2,,,,0,1,1,0,0
59632,1,59632,RE-HSR PASSENGER,,2,,,,0,1,1,0,0
59633,1,59633,RE-RGS PASSENGER,,2,,,,0,1,1,0,0
59634,1,59634,RGS-RE PASSENGER,,2,,,,0,1,1,0,0
59709,1,59709,JP-BNW FAST PASSENGER,,2,,,,0,1,1,0,0
59710,1,59710,BNW-JP FAST PASSENGER,,2,,,,0,1,1,0,0
59711,1,59711,SOG-APH PASSENGER,,2,,,,0,1,1,0,0
59712,1,59712,APH-SOG PASSENGER,,2,,,,0,1,1,0,0
59713,1,59713,SOG-APH PASS,,2,,,,0,1,1,0,0
59714,1,59714,APH-SOG PASS,,2,,,,0,1,1,0,0
59715,1,59715,SOG-APH PASS,,2,,,,0,1,1,0,0
59716,1,59716,APH-SOG PASSENGER,,2,,,,0,1,1,0,0
59717,1,59717,SOG-APH PASSENGER,,2,,,,0,1,1,0,0
59718,1,59718,APH-SOG PASSENGER,,2,,,,0,1,1,0,0
59719,1,59719,SOG-BTI PASSENGER,,2,,,,0,1,1,0,0
59720,1,59720,BTI-SOG PASSENGER,,2,,,,0,1,1,0,0
59813,1,59813,KOTA-JAB PASSENGER,,2,,,,0,1,1,0,0
59814,1,59814,AF-KOTA PASSENGER,,2,,,,0,1,1,0,0
59833,1,59833,KOTA-MDS PASSENGER,,2,,,,0,1,1,0,0
59834,1,59834,MDS-KOTA PASSENGER,,2,,,,0,1,1,0,0
59835,1,59835,MDS-UDZ PASSENGER,,2,,,,0,1,1,0,0
59836,1,59836,UDZ-MDS PASSENGER,,2,,,,0,1,1,0,0
59837,1,59837,AKLA-KOTA PASSENGER,,2,,,,0,1,1,0,0
59838,1,59838,KOTA-AKLA PASSENGER,,2,,,,0,1,1,0,0
59839,1,59839,AKLA-KOTA PASSENGER,,2,,,,0,1,1,0,0
59840,1,59840,KOTA-AKLA PASSENGER,,2,,,,0,1,1,0,0
61001,1,61001,BOR-BSR MEMU,,2,,,,0,1,1,0,0
61002,1,61002,DI-BOR MEMU,,2,,,,0,1,1,0,0
61003,1,61003,BSR-DIVA MEMU,,2,,,,0,1,1,0,0
61004,1,61004,DIVA-BSR MEMU,,2,,,,0,1,1,0,0
61005,1,61005,BSR-DIVA MEMU,,2,,,,0,1,1,0,0
61006,1,61006,DIVA-BSR MEMU,,2,,,,0,1,1,0,0
61007,1,61007,BSR-DIVA MEMU,,2,,,,0,1,1,0,0
61008,1,61008,DIVA-BSR MEMU,,2,,,,0,1,1,0,0
61009,1,61009,BSR-DIVA MEMU,,2,,,,0,1,1,0,0
61010,1,61010,ROHA-DIVA MEMU,,2,,,,0,1,1,0,0
61011,1,61011,DIVA-ROHA MEMU,,2,,,,0,1,1,0,0
61012,1,61012,ROHA-DIVA MEMU,,2,,,,0,1,1,0,0
61013,1,61013,DIVA-ROHA MEMU,,2,,,,0,1,1,0,0
61015,1,61015,DIVA-ROHA MEMU,,2,,,,0,1,1,0,0
61016,1,61016,ROHA-DIVA MEMU,,2,,,,0,1,1,0,0
61017,1,61017,DIVA-PNVL MEMU,,2,,,,0,1,1,0,0
61018,1,61018,PNVL-DIVA MEMU,,2,,,,0,1,1,0,0
61019,1,61019,DIVA-PEN MEMU,,2,,,,0,1,1,0,0
61020,1,61020,PEN-DIVA MEMU,,2,,,,0,1,1,0,0
61021,1,61021,BSR-DIVA MEMU,,2,,,,0,1,1,0,0
61022,1,61022,DIVA-BSR MEMU,,2,,,,0,1,1,0,0
61023,1,61023,DIVA-PEN MEMU,,2,,,,0,1,1,0,0
61024,1,61024,PEN-DIVA MEMU,,2,,,,0,1,1,0,0
61025,1,61025,DIVA-PEN MEMU,,2,,,,0,1,1,0,0
61026,1,61026,PEN-DIVA MEMU,,2,,,,0,1,1,0,0
61101,1,61101,BSL-BD MEMU,,2,,,,0,1,1,0,0
61102,1,61102,BD-BSL MEMU,,2,,,,0,1,1,0,0
61103,1,61103,BD-NRKR MEMU,,2,,,,0,1,1,0,0
61104,1,61104,NRKR-BD MEMU,,2,,,,0,1,1,0,0
61105,1,61105,BD-NRKR MEMU,,2,,,,0,1,1,0,0
61106,1,61106,NRKR-BD MEMU,,2,,,,0,1,1,0,0
61107,1,61107,AMI-WR MEMU,,2,,,,0,1,1,0,0
61108,1,61108,WR-AMI MEMU,,2,,,,0,1,1,0,0
61109,1,61109,WR-NGP MEMU,,2,,,,0,1,1,0,0
61110,1,61110,NGP-WR MEMU,,2,,,,0,1,1,0,0
61111,1,61111,BD-AMI MEMU,,2,,,,0,1,1,0,0
61112,1,61112,AMI-BD MEMU,,2,,,,0,1,1,0,0
61113,1,61113,BD-AMI MEMU,,2,,,,0,1,1,0,0
61114,1,61114,AMI-BD MEMU,,2,,,,0,1,1,0,0
61115,1,61115,BD-AMI MEMU,,2,,,,0,1,1,0,0
61116,1,61116,AMI-BD MEMU,,2,,,,0,1,1,0,0
61117,1,61117,NGP-AMLA MEMU,,2,,,,0,1,1,0,0
61118,1,61118,AMLA-NGP MEMU,,2,,,,0,1,1,0,0
61119,1,61119,NGP-AMLA MEMU,,2,,,,0,1,1,0,0
61120,1,61120,AMLA-NGP MEMU,,2,,,,0,1,1,0,0
61121,1,61121,AMLA-ET MEMU,,2,,,,0,1,1,0,0
61122,1,61122,ET-AMLA MEMU,,2,,,,0,1,1,0,0
61123,1,61123,AMLA-CWA  MEMU,,2,,,,0,1,1,0,0
61124,1,61124,CWA-AMLA MEMU,,2,,,,0,1,1,0,0
61125,1,61125,AMLA-CWA MEMU,,2,,,,0,1,1,0,0
61126,1,61126,CWA-AMLA MEMU,,2,,,,0,1,1,0,0
61127,1,61127,WR-BPQ MEMU,,2,,,,0,1,1,0,0
61128,1,61128,BPQ-WR MEMU,,2,,,,0,1,1,0,0
61129,1,61129,NK-BD MEMU,,2,,,,0,1,1,0,0
61130,1,61130,BD-NK MEMU,,2,,,,0,1,1,0,0
61131,1,61131,CSN-DHI MEMU,,2,,,,0,1,1,0,0
61132,1,61132,DHI-CSN MEMU,,2,,,,0,1,1,0,0
61133,1,61133,CSN-DHI MEMU,,2,,,,0,1,1,0,0
61134,1,61134,DHI-CSN MEMU,,2,,,,0,1,1,0,0
61135,1,61135,CSN-DHI MEMU,,2,,,,0,1,1,0,0
61136,1,61136,DHI-CSN MEMU,,2,,,,0,1,1,0,0
61137,1,61137,CSN-DHI MEMU,,2,,,,0,1,1,0,0
61138,1,61138,DHI-CSN MEMU,,2,,,,0,1,1,0,0
61139,1,61139,KNW-SWD MEMU,,2,,,,0,1,1,0,0
61140,1,61140,SWD-KNW MEMU,,2,,,,0,1,1,0,0
61141,1,61141,KNW-SWD MEMU,,2,,,,0,1,1,0,0
61142,1,61142,SWD-KNW MEMU,,2,,,,0,1,1,0,0
61601,1,61601,KTE-CHRM MEMU,,2,,,,0,1,1,0,0
61602,1,61602,CHRM-KTE MEMU,,2,,,,0,1,1,0,0
61603,1,61603,KTE-BRGW MEMU,,2,,,,0,1,1,0,0
61604,1,61604,BRGW-KTE MEMU,,2,,,,0,1,1,0,0
61605,1,61605,KTE-STA MEMU,,2,,,,0,1,1,0,0
61606,1,61606,STA-KTE MEMU,,2,,,,0,1,1,0,0
61607,1,61607,STA-MKP MEMU,,2,,,,0,1,1,0,0
61608,1,61608,MKP-STA MEMU,,2,,,,0,1,1,0,0
61609,1,61609,STA-MKP MEMU,,2,,,,0,1,1,0,0
61610,1,61610,MKP-STA MEMU,,2,,,,0,1,1,0,0
61611,1,61611,BINA-RTA MEMU,,2,,,,0,1,1,0,0
61612,1,61612,RTA-BINA MEMU,,2,,,,0,1,1,0,0
61613,1,61613,GATL-KOTA MEMU,,2,,,,0,1,1,0,0
61614,1,61614,KOTA-GATL MEMU,,2,,,,0,1,1,0,0
61615,1,61615,CMU-KOTA MEMU,,2,,,,0,1,1,0,0
61616,1,61616,KOTA-CMU MEMU,,2,,,,0,1,1,0,0
61617,1,61617,ET-KTE MEMU,,2,,,,0,1,1,0,0
61618,1,61618,KTE-ET MEMU,,2,,,,0,1,1,0,0
61619,1,61619,BINA-KMZ MEMU,,2,,,,0,1,1,0,0
61620,1,61620,KMZ-BINA MEMU,,2,,,,0,1,1,0,0
61621,1,61621,KOTA-SWM MEMU,,2,,,,0,1,1,0,0
61622,1,61622,SWM-KOTA MEMU,,2,,,,0,1,1,0,0
61623,1,61623,UJN -KOTA MEMU,,2,,,,0,1,1,0,0
61624,1,61624,KOTA-UJN MEMU,,2,,,,0,1,1,0,0
61625,1,61625,BINA-RTA MEMU,,2,,,,0,1,1,0,0
61626,1,61626,RTA-BINA MEMU,,2,,,,0,1,1,0,0
61631,1,61631,BPL-BINA MEMU,,2,,,,0,1,1,0,0
61632,1,61632,BINA-BPL MEMU,,2,,,,0,1,1,0,0
61633,1,61633,KOTA-BINA MEMU,,2,,,,0,1,1,0,0
61634,1,61634,BINA-KOTA MEMU,,2,,,,0,1,1,0,0
63007,1,63007,KWAE-RPH MEMU,,2,,,,0,1,1,0,0
63008,1,63008,RPH-KWAE MEMU PASSENGER,,2,,,,0,1,1,0,0
63010,1,63010,AZ-KWAE MEMU,,2,,,,0,1,1,0,0
63011,1,63011,BWN-RPH MEMU,,2,,,,0,1,1,0,0
63012,1,63012,RPH-BWN MEMU,,2,,,,0,1,1,0,0
63013,1,63013,KWAE-AZ MEMU PASSENGER,,2,,,,0,1,1,0,0
63019,1,63019,KWAE-AZ MEMU,,2,,,,0,1,1,0,0
63020,1,63020,AZ-KWAE MEMU,,2,,,,0,1,1,0,0
63021,1,63021,AZ-RPH MEMU,,2,,,,0,1,1,0,0
63022,1,63022,RPH-AZ MEMU,,2,,,,0,1,1,0,0
63023,1,63023,AZ-RPH MEMU PASSENGER,,2,,,,0,1,1,0,0
63024,1,63024,RPH-AZ MEMU PASSENGER,,2,,,,0,1,1,0,0
63025,1,63025,AZ-RPH MEMU PASSENGER,,2,,,,0,1,1,0,0
63026,1,63026,RPH-AZ MEMU,,2,,,,0,1,1,0,0
63031,1,63031,KWAE-AZ MEMU,,2,,,,0,1,1,0,0
63032,1,63032,AZ-KWAE MEMU PASSENGER,,2,,,,0,1,1,0,0
63033,1,63033,AZ-NHT MEMU,,2,,,,0,1,1,0,0
63034,1,63034,NHT-AZ MEMU PGR,,2,,,,0,1,1,0,0
63039,1,63039,KWAE-AMP MEMU,,2,,,,0,1,1,0,0
63040,1,63040,AMP-KWAE MEMU,,2,,,,0,1,1,0,0
63041,1,63041,BPC-AZ MEMU PGR,,2,,,,0,1,1,0,0
63042,1,63042,AZ-BPC  MEMU PGR,,2,,,,0,1,1,0,0
63043,1,63043,KWAE-AMP MEMU PGR,,2,,,,0,1,1,0,0
63044,1,63044,AMP-KWAE MEMU PGR,,2,,,,0,1,1,0,0
63045,1,63045,BPC-AZ MEMU PGR,,2,,,,0,1,1,0,0
63046,1,63046,AZ-BPC MEMU PGR,,2,,,,0,1,1,0,0
63051,1,63051,AZ-RPH MEMU,,2,,,,0,1,1,0,0
63052,1,63052,RPH-AZ MEMU,,2,,,,0,1,1,0,0
63057,1,63057,BPC-AZ MEMU PGR,,2,,,,0,1,1,0,0
63058,1,63058,AZ-BPC MEMU PGR,,2,,,,0,1,1,0,0
63063,1,63063,BWN-SBG MEMU PGR,,2,,,,0,1,1,0,0
63064,1,63064,SBG-BWN MEMU PGR,,2,,,,0,1,1,0,0
63068,1,63068,RPH-BWN MEMU  PASSENGER,,2,,,,0,1,1,0,0
63069,1,63069,BWN-RPH PASSENGER,,2,,,,0,1,1,0,0
63073,1,63073,RPH-SBG MEMU PGR,,2,,,,0,1,1,0,0
63074,1,63074,SBG-RPH MEMU PGR,,2,,,,0,1,1,0,0
63075,1,63075,RPH-BHW MEMU PGR,,2,,,,0,1,1,0,0
63076,1,63076,BHW-RPH MEMU PGR,,2,,,,0,1,1,0,0
63081,1,63081,RPH-JSME PASSENGER,,2,,,,0,1,1,0,0
63082,1,63082,JSME-RPH PASSENGER,,2,,,,0,1,1,0,0
63101,1,63101,KOAA-LGL MEMU,,2,,,,0,1,1,0,0
63102,1,63102,LGL-KOAA MEMU,,2,,,,0,1,1,0,0
63103,1,63103,SDAH-LGL MEMU,,2,,,,0,1,1,0,0
63104,1,63104,LGL-SDAH MEMU,,2,,,,0,1,1,0,0
63105,1,63105,SDAH-LGL MEMU,,2,,,,0,1,1,0,0
63106,1,63106,LGL-SDAH MEMU,,2,,,,0,1,1,0,0
63107,1,63107,SDAH-LGL MEMU,,2,,,,0,1,1,0,0
63108,1,63108,LGL-SDAH MEMU,,2,,,,0,1,1,0,0
63111,1,63111,SDAH-RHA MEMU,,2,,,,0,1,1,0,0
63112,1,63112,RHA-SDAH MEMU,,2,,,,0,1,1,0,0
63133,1,63133,RHA-LGL MEMU,,2,,,,0,1,1,0,0
63134,1,63134,LGL-RHA MEMU,,2,,,,0,1,1,0,0
63141,1,63141,SDAH-GODA MEMU PGR,,2,,,,0,1,1,0,0
63142,1,63142,GODA-SDAH MEMU PGR,,2,,,,0,1,1,0,0
63151,1,63151,JSME-BDME MEMU,,2,,,,0,1,1,0,0
63153,1,63153,JSME-BDME MEMU,,2,,,,0,1,1,0,0
63154,1,63154,BDME-JSME MEMU,,2,,,,0,1,1,0,0
63155,1,63155,JSME-BDME MEMU,,2,,,,0,1,1,0,0
63156,1,63156,BDME-JSME MEMU,,2,,,,0,1,1,0,0
63157,1,63157,JSME-BDME MEMU,,2,,,,0,1,1,0,0
63158,1,63158,BDME-JSME MEMU,,2,,,,0,1,1,0,0
63159,1,63159,JSME-BDME MEMU,,2,,,,0,1,1,0,0
63160,1,63160,BDME-JSME MEMU,,2,,,,0,1,1,0,0
63161,1,63161,JSME-BDME MEMU,,2,,,,0,1,1,0,0
63162,1,63162,BDME-JSME MEMU,,2,,,,0,1,1,0,0
63163,1,63163,JSME-BDME MEMU,,2,,,,0,1,1,0,0
63164,1,63164,BDME-JSME MEMU,,2,,,,0,1,1,0,0
63165,1,63165,JSME-BDME MEMU,,2,,,,0,1,1,0,0
63166,1,63166,BDME-JSME MEMU,,2,,,,0,1,1,0,0
63167,1,63167,JSME-BDME MEMU,,2,,,,0,1,1,0,0
63168,1,63168,BDME-JSME MEMU,,2,,,,0,1,1,0,0
63169,1,63169,JSME-BDME MEMU,,2,,,,0,1,1,0,0
63176,1,63176,LGL-SDAH MEMU PASSENGER,,2,,,,0,1,1,0,0
63177,1,63177,SDAH-LGL MEMU PASSENGER,,2,,,,0,1,1,0,0
63201,1,63201,BJU-SPJ MEMU,,2,,,,0,1,1,0,0
63202,1,63202,SPJ-BJU MEMU,,2,,,,0,1,1,0,0
63203,1,63203,KIUL-MKA MEMU,,2,,,,0,1,1,0,0
63204,1,63204,MKA-KIUL MEMU,,2,,,,0,1,1,0,0
63205,1,63205,KIUL-PNBE MEMU,,2,,,,0,1,1,0,0
63206,1,63206,PNBE-KIUL MEMU,,2,,,,0,1,1,0,0
63207,1,63207,JAJ-PNBE MEMU,,2,,,,0,1,1,0,0
63209,1,63209,DGHR-PNBE MEMU,,2,,,,0,1,1,0,0
63210,1,63210,PNBE-DGHR MEMU,,2,,,,0,1,1,0,0
63212,1,63212,PNBE-JAJ MEMU,,2,,,,0,1,1,0,0
63213,1,63213,PNBE-ARA MEMU,,2,,,,0,1,1,0,0
63214,1,63214,ARA-PNBE MEMU,,2,,,,0,1,1,0,0
63215,1,63215,SPJ-MFP MEMU,,2,,,,0,1,1,0,0
63216,1,63216,MFP-SPJ MEMU,,2,,,,0,1,1,0,0
63217,1,63217,BJU-DNR MEMU,,2,,,,0,1,1,0,0
63218,1,63218,DNR-BJU MEMU,,2,,,,0,1,1,0,0
63219,1,63219,DNR-BXR MEMU,,2,,,,0,1,1,0,0
63220,1,63220,BXR-PNBE MEMU,,2,,,,0,1,1,0,0
63221,1,63221,MKA-PNBE MEMU,,2,,,,0,1,1,0,0
63222,1,63222,PNBE-MKA MEMU,,2,,,,0,1,1,0,0
63223,1,63223,PNBE-ARA MEMU,,2,,,,0,1,1,0,0
63224,1,63224,ARA-PNBE MEMU,,2,,,,0,1,1,0,0
63225,1,63225,PNBE-DDU MEMU,,2,,,,0,1,1,0,0
63226,1,63226,BSB-PNBE MEMU,,2,,,,0,1,1,0,0
63229,1,63229,ARA-BNRS MEMU,,2,,,,0,1,1,0,0
63230,1,63230,BNRS-ARA MEMU,,2,,,,0,1,1,0,0
63231,1,63231,PNBE-DDU MEMU,,2,,,,0,1,1,0,0
63232,1,63232,BXR-PNBE MEMU,,2,,,,0,1,1,0,0
63233,1,63233,PNBE-BSB MEMU,,2,,,,0,1,1,0,0
63234,1,63234,DDU-PNBE MEMU,,2,,,,0,1,1,0,0
63235,1,63235,BXR-DDU MEMU,,2,,,,0,1,1,0,0
63237,1,63237,DDU-SFG MEMU,,2,,,,0,1,1,0,0
63238,1,63238,SFG-DDU MEMU,,2,,,,0,1,1,0,0
63240,1,63240,DDU-BXR MEMU,,2,,,,0,1,1,0,0
63241,1,63241,PNBE-GAYA MEMU,,2,,,,0,1,1,0,0
63242,1,63242,GAYA-PNBE MEMU,,2,,,,0,1,1,0,0
63243,1,63243,PNBE-GAYA MEMU,,2,,,,0,1,1,0,0
63244,1,63244,GAYA-PNBE MEMU,,2,,,,0,1,1,0,0
63245,1,63245,PNBE-GAYA MEMU,,2,,,,0,1,1,0,0
63246,1,63246,GAYA-PNBE MEMU,,2,,,,0,1,1,0,0
63247,1,63247,PNBE-GAYA MEMU,,2,,,,0,1,1,0,0
63248,1,63248,GAYA-PNBE MEMU,,2,,,,0,1,1,0,0
63249,1,63249,PNBE-GAYA MEMU,,2,,,,0,1,1,0,0
63250,1,63250,GAYA-PNBE MEMU,,2,,,,0,1,1,0,0
63251,1,63251,PNBE-GAYA MEMU,,2,,,,0,1,1,0,0
63252,1,63252,GAYA-PNBE MEMU,,2,,,,0,1,1,0,0
63253,1,63253,PNBE-GAYA MEMU,,2,,,,0,1,1,0,0
63254,1,63254,GAYA-PNBE MEMU,,2,,,,0,1,1,0,0
63255,1,63255,PNBE-GAYA MEMU,,2,,,,0,1,1,0,0
63256,1,63256,GAYA-PNBE MEMU,,2,,,,0,1,1,0,0
63258,1,63258,GAYA-PNBE MEMU,,2,,,,0,1,1,0,0
63259,1,63259,PNBE-GAYA MEMU,,2,,,,0,1,1,0,0
63263,1,63263,PNBE-BXR MEMU,,2,,,,0,1,1,0,0
63264,1,63264,DDU-PNBE MEMU,,2,,,,0,1,1,0,0
63265,1,63265,DBG-PPTA MEMU,,2,,,,0,1,1,0,0
63266,1,63266,PPTA-DBG MEMU,,2,,,,0,1,1,0,0
63267,1,63267,MFP-PPTA MEMU,,2,,,,0,1,1,0,0
63268,1,63268,PPTA-MFP MEMU,,2,,,,0,1,1,0,0
63269,1,63269,SPJ-MFP MEMU,,2,,,,0,1,1,0,0
63270,1,63270,MFP-SPJ MEMU,,2,,,,0,1,1,0,0
63271,1,63271,MKA-PNBE MEMU,,2,,,,0,1,1,0,0
63272,1,63272,PNBE-MKA MEMU,,2,,,,0,1,1,0,0
63273,1,63273,RGD-PNBE MEMU FAST PASS,,2,,,,0,1,1,0,0
63274,1,63274,PNBE-RGD MEMU FAST PASS,,2,,,,0,1,1,0,0
63275,1,63275,KIUL-PNBE MEMU FAST PASS,,2,,,,0,1,1,0,0
63276,1,63276,PNBE-KIUL MEMU FAST PASS,,2,,,,0,1,1,0,0
63280,1,63280,PNBE-BJU MEMU,,2,,,,0,1,1,0,0
63281,1,63281,PPTA-PNBE MEMU,,2,,,,0,1,1,0,0
63282,1,63282,PNBE-PPTA MEMU,,2,,,,0,1,1,0,0
63283,1,63283,BJU-PNBE MEMU,,2,,,,0,1,1,0,0
63284,1,63284,PNBE-BJU MEMU,,2,,,,0,1,1,0,0
63285,1,63285,BJU-PNBE MEMU,,2,,,,0,1,1,0,0
63287,1,63287,BJU-PPTA MEMU,,2,,,,0,1,1,0,0
63288,1,63288,PPTA-BJU MEMU,,2,,,,0,1,1,0,0
63289,1,63289,GAYA-DOS MEMU,,2,,,,0,1,1,0,0
63290,1,63290,DOS-GAYA MEMU,,2,,,,0,1,1,0,0
63291,1,63291,GAYA-DOS MEMU,,2,,,,0,1,1,0,0
63292,1,63292,DOS-GAYA MEMU,,2,,,,0,1,1,0,0
63293,1,63293,DOS-DDU MEMU,,2,,,,0,1,1,0,0
63294,1,63294,DDU-DOS MEMU,,2,,,,0,1,1,0,0
63295,1,63295,GAYA-DDU MEMU,,2,,,,0,1,1,0,0
63296,1,63296,DDU-GAYA MEMU,,2,,,,0,1,1,0,0
63297,1,63297,DGHR-JAJ MEMU,,2,,,,0,1,1,0,0
63298,1,63298,JAJ-DGHR MEMU,,2,,,,0,1,1,0,0
63301,1,63301,KIR-BJU MEMU,,2,,,,0,1,1,0,0
63302,1,63302,BJU-KIR MEMU,,2,,,,0,1,1,0,0
63303,1,63303,KIR-SPJ MEMU,,2,,,,0,1,1,0,0
63304,1,63304,SPJ- KIR MEMU,,2,,,,0,1,1,0,0
63305,1,63305,KIR-SEE MEMU,,2,,,,0,1,1,0,0
63306,1,63306,SEE-KIR MEMU,,2,,,,0,1,1,0,0
63307,1,63307,KIR-SPJ MEMU,,2,,,,0,1,1,0,0
63308,1,63308,SPJ-KIR MEMU,,2,,,,0,1,1,0,0
63309,1,63309,MFP-NKE MEMU,,2,,,,0,1,1,0,0
63311,1,63311,MFP-RXL MEMU,,2,,,,0,1,1,0,0
63312,1,63312,RXL-MFP MEMU,,2,,,,0,1,1,0,0
63313,1,63313,MFP-RXL-STF MEMU,,2,,,,0,1,1,0,0
63314,1,63314,STF-RXL-MFP MEMU,,2,,,,0,1,1,0,0
63315,1,63315,JAJ-GAYA MEMU,,2,,,,0,1,1,0,0
63316,1,63316,GAYA-JAJ MEMU,,2,,,,0,1,1,0,0
63317,1,63317,ARA-BBU MEMU,,2,,,,0,1,1,0,0
63318,1,63318,BBU-ARA MEMU,,2,,,,0,1,1,0,0
63319,1,63319,ARA-SSM MEMU,,2,,,,0,1,1,0,0
63320,1,63320,SSM-ARA MEMU,,2,,,,0,1,1,0,0
63321,1,63321,KIUL-GAYA MEMU,,2,,,,0,1,1,0,0
63322,1,63322,GAYA-KIUL MEMU,,2,,,,0,1,1,0,0
63323,1,63323,KIUL-GAYA MEMU,,2,,,,0,1,1,0,0
63324,1,63324,GAYA-KIUL MEMU,,2,,,,0,1,1,0,0
63325,1,63325,IPR-PNBE MEMU,,2,,,,0,1,1,0,0
63326,1,63326,PNBE-IPR MEMU,,2,,,,0,1,1,0,0
63327,1,63327,IPR-PNBE MEMU,,2,,,,0,1,1,0,0
63328,1,63328,PNBE-IPR MEMU,,2,,,,0,1,1,0,0
63329,1,63329,PPTA-GAYA MEMU,,2,,,,0,1,1,0,0
63330,1,63330,GAYA-PPTA MEMU,,2,,,,0,1,1,0,0
63331,1,63331,KIUL-MKA MEMU,,2,,,,0,1,1,0,0
63332,1,63332,MKA-KIUL MEMU,,2,,,,0,1,1,0,0
63333,1,63333,PPTA-BUI MEMU,,2,,,,0,1,1,0,0
63334,1,63334,BUI-PPTA MEMU,,2,,,,0,1,1,0,0
63338,1,63338,NKE-MFP MEMU,,2,,,,0,1,1,0,0
63339,1,63339,RGD-DNR MEMU,,2,,,,0,1,1,0,0
63340,1,63340,DNR-RGD MEMU,,2,,,,0,1,1,0,0
63341,1,63341,MFP-NKE MEMU,,2,,,,0,1,1,0,0
63342,1,63342,NKE-MFP MEMU,,2,,,,0,1,1,0,0
63343,1,63343,SHC-SPJ MEMU,,2,,,,0,1,1,0,0
63344,1,63344,SPJ-SHC MEMU,,2,,,,0,1,1,0,0
63345,1,63345,SHC - SPJ MEMU,,2,,,,0,1,1,0,0
63346,1,63346,SPJ - SHC MEMU,,2,,,,0,1,1,0,0
63347,1,63347,SHC-SPJ MEMU,,2,,,,0,1,1,0,0
63348,1,63348,SPJ-SHC MEMU,,2,,,,0,1,1,0,0
63349,1,63349,SHC-SPJ MEMU,,2,,,,0,1,1,0,0
63350,1,63350,SPJ-SHC MEMU,,2,,,,0,1,1,0,0
63355,1,63355,KIUL-GAYA MEMU,,2,,,,0,1,1,0,0
63356,1,63356,GAYA-KIUL MEMU,,2,,,,0,1,1,0,0
63359,1,63359,SHC-DMH MEMU,,2,,,,0,1,1,0,0
63360,1,63360,DMH-SHC MEMU,,2,,,,0,1,1,0,0
63361,1,63361,GAH-NKE MEMU,,2,,,,0,1,1,0,0
63362,1,63362,NKE-GAH MEMU,,2,,,,0,1,1,0,0
63363,1,63363,RGD-BKP MEMU,,2,,,,0,1,1,0,0
63364,1,63364,BKP-RGD MEMU,,2,,,,0,1,1,0,0
63365,1,63365,RGD-BKP MEMU,,2,,,,0,1,1,0,0
63366,1,63366,BKP-RGD MEMU,,2,,,,0,1,1,0,0
63367,1,63367,BKP-GAYA MEMU,,2,,,,0,1,1,0,0
63368,1,63368,GAYA-BKP MEMU,,2,,,,0,1,1,0,0
63369,1,63369,ARA-SSM MEMU,,2,,,,0,1,1,0,0
63370,1,63370,SSM-ARA MEMU,,2,,,,0,1,1,0,0
63371,1,63371,ARA-SSM MEMU,,2,,,,0,1,1,0,0
63372,1,63372,SSM-ARA MEMU,,2,,,,0,1,1,0,0
63373,1,63373,DBG-RXL-NKE MEMU,,2,,,,0,1,1,0,0
63374,1,63374,NKE-RXL-DBG MEMU,,2,,,,0,1,1,0,0
63375,1,63375,SHC-SOU MEMU,,2,,,,0,1,1,0,0
63376,1,63376,SOU-SHC MEMU,,2,,,,0,1,1,0,0
63377,1,63377,LSI-SHC MEMU,,2,,,,0,1,1,0,0
63378,1,63378,SHC-LSI MEMU,,2,,,,0,1,1,0,0
63379,1,63379,LSI-SHC MEMU,,2,,,,0,1,1,0,0
63380,1,63380,SHC-LSI MEMU,,2,,,,0,1,1,0,0
63381,1,63381,LSI-SHC MEMU,,2,,,,0,1,1,0,0
63382,1,63382,SHC-LSI MEMU,,2,,,,0,1,1,0,0
63383,1,63383,VSHI-KQR MEMU FAST PASS,,2,,,,0,1,1,0,0
63384,1,63384,KQR-VSHI MEMU FAST PASS,,2,,,,0,1,1,0,0
63385,1,63385,KIUL-GAYA MEMU PASSENGER,,2,,,,0,1,1,0,0
63386,1,63386,GAYA-KIUL MEMU PASSENGER,,2,,,,0,1,1,0,0
63387,1,63387,JMP-GAYA MEMU PASSENGER,,2,,,,0,1,1,0,0
63388,1,63388,GAYA-JMP MEMU PASSENGER,,2,,,,0,1,1,0,0
63389,1,63389,PNBE-NWD MEMU,,2,,,,0,1,1,0,0
63390,1,63390,NWD-PNBE MEMU,,2,,,,0,1,1,0,0
63391,1,63391,IPR-PNBE MEMU,,2,,,,0,1,1,0,0
63392,1,63392,PNBE-IPR MEMU,,2,,,,0,1,1,0,0
63393,1,63393,PNBE-GAYA MEMU,,2,,,,0,1,1,0,0
63394,1,63394,GAYA-PNBE MEMU,,2,,,,0,1,1,0,0
63395,1,63395,PNBE-GAYA MEMU,,2,,,,0,1,1,0,0
63396,1,63396,GAYA-PNBE MEMU,,2,,,,0,1,1,0,0
63397,1,63397,JMP-SHC MEMU,,2,,,,0,1,1,0,0
63398,1,63398,SHC-JMP MEMU,,2,,,,0,1,1,0,0
63401,1,63401,SBG-MLDT MEMU PGR,,2,,,,0,1,1,0,0
63402,1,63402,MLDT-SBG MEMU PGR,,2,,,,0,1,1,0,0
63405,1,63405,RPH-SBG MEMU PASSENGER,,2,,,,0,1,1,0,0
63406,1,63406,SBG-RPH MEMU PASSENGER,,2,,,,0,1,1,0,0
63411,1,63411,SBG-BGP MEMU PGR,,2,,,,0,1,1,0,0
63412,1,63412,BGP-SBG MEMU PGR,,2,,,,0,1,1,0,0
63421,1,63421,AZ-SBG MEMU PASSENGER,,2,,,,0,1,1,0,0
63422,1,63422,SBG-AZ MEMU PASSENGER,,2,,,,0,1,1,0,0
63423,1,63423,JMP-KIUL MEMU PGR,,2,,,,0,1,1,0,0
63424,1,63424,KIUL-JMP MEMU PGR,,2,,,,0,1,1,0,0
63431,1,63431,SBG-JMP MEMU PGR,,2,,,,0,1,1,0,0
63432,1,63432,JMP-SBG MEMU PGR,,2,,,,0,1,1,0,0
63433,1,63433,AZ-RPH MEMU PASSENGER,,2,,,,0,1,1,0,0
63434,1,63434,RPH-AZ MEMU PASSENGER,,2,,,,0,1,1,0,0
63501,1,63501,HWH-BWN MEMU,,2,,,,0,1,1,0,0
63502,1,63502,BWN-HWH MEMU,,2,,,,0,1,1,0,0
63505,1,63505,BWN-ASN MEMU,,2,,,,0,1,1,0,0
63506,1,63506,ASN-BWN MEMU,,2,,,,0,1,1,0,0
63507,1,63507,BWN-ASN MEMU,,2,,,,0,1,1,0,0
63508,1,63508,ASN-BWN MEMU,,2,,,,0,1,1,0,0
63509,1,63509,BWN-JAJ MEMU,,2,,,,0,1,1,0,0
63510,1,63510,JAJ-ASN-BWN MEMU PGR,,2,,,,0,1,1,0,0
63511,1,63511,BWN-ASN MEMU,,2,,,,0,1,1,0,0
63512,1,63512,ASN-BWN MEMU,,2,,,,0,1,1,0,0
63513,1,63513,BWN-ASN MEMU,,2,,,,0,1,1,0,0
63514,1,63514,ASN-BWN MEMU,,2,,,,0,1,1,0,0
63515,1,63515,BWN-ASN MEMU,,2,,,,0,1,1,0,0
63516,1,63516,ASN-BWN MEMU,,2,,,,0,1,1,0,0
63517,1,63517,BWN-ASN MEMU,,2,,,,0,1,1,0,0
63518,1,63518,ASN-BWN MEMU,,2,,,,0,1,1,0,0
63519,1,63519,BWN-ASN-BKSC MEMU PGR,,2,,,,0,1,1,0,0
63520,1,63520,BKSC-ASN-BWN MEMU PGR,,2,,,,0,1,1,0,0
63521,1,63521,BWN-ASN MEMU,,2,,,,0,1,1,0,0
63522,1,63522,ASN-BWN MEMU,,2,,,,0,1,1,0,0
63523,1,63523,BWN-ASN MEMU,,2,,,,0,1,1,0,0
63524,1,63524,ASN-BWN MEMU,,2,,,,0,1,1,0,0
63525,1,63525,BWN-ASN MEMU,,2,,,,0,1,1,0,0
63526,1,63526,ASN-BWN MEMU,,2,,,,0,1,1,0,0
63527,1,63527,DGR-ASN MEMU,,2,,,,0,1,1,0,0
63528,1,63528,ASN-DGR MEMU,,2,,,,0,1,1,0,0
63529,1,63529,UDL-RPH MEMU,,2,,,,0,1,1,0,0
63530,1,63530,RPH-UDL MEMU,,2,,,,0,1,1,0,0
63531,1,63531,UDL-SNT MEMU,,2,,,,0,1,1,0,0
63532,1,63532,SNT-UDL MEMU,,2,,,,0,1,1,0,0
63533,1,63533,UDL-SNT MEMU,,2,,,,0,1,1,0,0
63534,1,63534,SNT-UDL MEMU,,2,,,,0,1,1,0,0
63535,1,63535,UDL-SNT MEMU,,2,,,,0,1,1,0,0
63536,1,63536,SNT-UDL MEMU,,2,,,,0,1,1,0,0
63537,1,63537,UDL-SNT MEMU,,2,,,,0,1,1,0,0
63538,1,63538,SNT-UDL MEMU,,2,,,,0,1,1,0,0
63541,1,63541,ASN-GMO MEMU,,2,,,,0,1,1,0,0
63542,1,63542,GMO-ASN MEMU,,2,,,,0,1,1,0,0
63543,1,63543,ASN-GMO MEMU,,2,,,,0,1,1,0,0
63544,1,63544,GMO-ASN MEMU,,2,,,,0,1,1,0,0
63545,1,63545,UDL-JSME MEMU PGR,,2,,,,0,1,1,0,0
63546,1,63546,JSME-UDL MEMU PGR,,2,,,,0,1,1,0,0
63547,1,63547,JSME-BAKA MEMU PASS,,2,,,,0,1,1,0,0
63548,1,63548,BAKA-JSME MEMU PASS,,2,,,,0,1,1,0,0
63549,1,63549,BWN-ASN MEMU PGR,,2,,,,0,1,1,0,0
63550,1,63550,UDL-BWN MEMU PGR,,2,,,,0,1,1,0,0
63552,1,63552,ASN UDL MEMU,,2,,,,0,1,1,0,0
63555,1,63555,ASN-BRKA MEMU,,2,,,,0,1,1,0,0
63556,1,63556,BRKA-ASN MEMU,,2,,,,0,1,1,0,0
63557,1,63557,BRKA-BSB MEMU PGR,,2,,,,0,1,1,0,0
63558,1,63558,BSB-BRKA MEMU,,2,,,,0,1,1,0,0
63561,1,63561,ASN-JSME MEMU,,2,,,,0,1,1,0,0
63562,1,63562,BDME-ASN MEMU,,2,,,,0,1,1,0,0
63563,1,63563,ASN-JSME MEMU,,2,,,,0,1,1,0,0
63564,1,63564,JSME-ASN MEMU,,2,,,,0,1,1,0,0
63565,1,63565,JSME-JAJ MEMU,,2,,,,0,1,1,0,0
63566,1,63566,JAJ-JSME MEMU,,2,,,,0,1,1,0,0
63569,1,63569,ASN-JSME MEMU PGR,,2,,,,0,1,1,0,0
63570,1,63570,BDME-ASN MEMU,,2,,,,0,1,1,0,0
63571,1,63571,JSME-MKA MEMU PGR,,2,,,,0,1,1,0,0
63572,1,63572,MKA-JSME MEMU,,2,,,,0,1,1,0,0
63573,1,63573,JSME-KIUL MEMU,,2,,,,0,1,1,0,0
63574,1,63574,KIUL-JSME MEMU,,2,,,,0,1,1,0,0
63581,1,63581,BWN-RPH MEMU,,2,,,,0,1,1,0,0
63582,1,63582,RPH-BWN MEMU,,2,,,,0,1,1,0,0
63583,1,63583,BWN-RPH MEMU,,2,,,,0,1,1,0,0
63584,1,63584,RPH-BWN MEMU,,2,,,,0,1,1,0,0
63591,1,63591,BKSC-ASN MEMU PGR,,2,,,,0,1,1,0,0
63592,1,63592,ASN-BKSC MEMU PGR,,2,,,,0,1,1,0,0
63593,1,63593,PRR-ASN MEMU,,2,,,,0,1,1,0,0
63594,1,63594,ASN-PRR MEMU,,2,,,,0,1,1,0,0
63597,1,63597,RNC-ASN MEMU,,2,,,,0,1,1,0,0
63598,1,63598,ASN-RNC MEMU,,2,,,,0,1,1,0,0
64001,1,64001,DLI-PNP EMU,,2,,,,0,1,1,0,0
64002,1,64002,PNP-DLI EMU,,2,,,,0,1,1,0,0
64012,1,64012,SSB-PWL EMU,,2,,,,0,1,1,0,0
64013,1,64013,PWL-SSB EMU,,2,,,,0,1,1,0,0
64015,1,64015,PWL-SSB EMU,,2,,,,0,1,1,0,0
64016,1,64016,SSB-MTJ EMU,,2,,,,0,1,1,0,0
64018,1,64018,SSB-NDLS EMU,,2,,,,0,1,1,0,0
64019,1,64019,MTJ-SSB EMU,,2,,,,0,1,1,0,0
64020,1,64020,SMQL-DLI MEMU,,2,,,,0,1,1,0,0
64021,1,64021,DLI-SMQL MEMU,,2,,,,0,1,1,0,0
64022,1,64022,SRE-DLI MEMU,,2,,,,0,1,1,0,0
64023,1,64023,DLI-SRE MEMU,,2,,,,0,1,1,0,0
64024,1,64024,SMQL-DLI MEMU,,2,,,,0,1,1,0,0
64025,1,64025,DLI-SMQL MEMU,,2,,,,0,1,1,0,0
64026,1,64026,SRE-DLI MEMU,,2,,,,0,1,1,0,0
64027,1,64027,DLI-SRE MEMU,,2,,,,0,1,1,0,0
64028,1,64028,SRE-DLI MEMU,,2,,,,0,1,1,0,0
64029,1,64029,DLI-SRE MEMU,,2,,,,0,1,1,0,0
64031,1,64031,GZB-SSB EMU,,2,,,,0,1,1,0,0
64033,1,64033,DLI-SMQL MEMU,,2,,,,0,1,1,0,0
64034,1,64034,SMQL-DLI MEMU,,2,,,,0,1,1,0,0
64035,1,64035,DSA-SMQL MEMU,,2,,,,0,1,1,0,0
64036,1,64036,SMQL-DSA MEMU,,2,,,,0,1,1,0,0
64051,1,64051,KSV-GZB EMU,,2,,,,0,1,1,0,0
64052,1,64052,GZB-PWL EMU,,2,,,,0,1,1,0,0
64053,1,64053,PWL-GZB EMU,,2,,,,0,1,1,0,0
64055,1,64055,PWL-GZB EMU,,2,,,,0,1,1,0,0
64057,1,64057,PWL-GZB EMU,,2,,,,0,1,1,0,0
64062,1,64062,DLI-PWL EMU,,2,,,,0,1,1,0,0
64071,1,64071,BVH-SSB EMU,,2,,,,0,1,1,0,0
64073,1,64073,DHO-NDLS EMU,,2,,,,0,1,1,0,0
64074,1,64074,NDLS-DHO EMU,,2,,,,0,1,1,0,0
64076,1,64076,NDLS-PWL EMU,,2,,,,0,1,1,0,0
64077,1,64077,PWL-NDLS EMU,,2,,,,0,1,1,0,0
64078,1,64078,NDLS-PWL EMU,,2,,,,0,1,1,0,0
64082,1,64082,NDLS-KSV EMU,,2,,,,0,1,1,0,0
64090,1,64090,SMQL-DLI MEMU,,2,,,,0,1,1,0,0
64091,1,64091,DLI-SMQL MEMU,,2,,,,0,1,1,0,0
64092,1,64092,KPKI-DLI MEMU,,2,,,,0,1,1,0,0
64093,1,64093,DLI-KPKI MEMU,,2,,,,0,1,1,0,0
64095,1,64095,NDLS-SSB EMU,,2,,,,0,1,1,0,0
64101,1,64101,ALJN-DLI EMU,,2,,,,0,1,1,0,0
64102,1,64102,DLI-ALJN EMU,,2,,,,0,1,1,0,0
64103,1,64103,ALJN-DLI EMU,,2,,,,0,1,1,0,0
64104,1,64104,DLI-DKDE EMU,,2,,,,0,1,1,0,0
64105,1,64105,ALJN-NDLS EMU,,2,,,,0,1,1,0,0
64106,1,64106,DLI-KRJ EMU,,2,,,,0,1,1,0,0
64107,1,64107,DKDE-DLI EMU,,2,,,,0,1,1,0,0
64108,1,64108,DLI-KRJ EMU,,2,,,,0,1,1,0,0
64109,1,64109,DKDE-SSB EMU,,2,,,,0,1,1,0,0
64110,1,64110,NDLS-ALJN EMU,,2,,,,0,1,1,0,0
64111,1,64111,KRJ-SSB EMU,,2,,,,0,1,1,0,0
64112,1,64112,SSB-DKDE EMU,,2,,,,0,1,1,0,0
64113,1,64113,KRJ-GZB EMU,,2,,,,0,1,1,0,0
64114,1,64114,NDLS-ALJN EMU,,2,,,,0,1,1,0,0
64151,1,64151,ALJN-DLI MEMU,,2,,,,0,1,1,0,0
64152,1,64152,DLI-ALJN MEMU,,2,,,,0,1,1,0,0
64154,1,64154,ALJN-TDL MEMU,,2,,,,0,1,1,0,0
64165,1,64165,TDL-ALJN MEMU,,2,,,,0,1,1,0,0
64167,1,64167,GZB-AGA EMU,,2,,,,0,1,1,0,0
64168,1,64168,AGA-GZB EMU,,2,,,,0,1,1,0,0
64169,1,64169,PHD-ETW MEMU,,2,,,,0,1,1,0,0
64170,1,64170,ETW-PHD MEMU,,2,,,,0,1,1,0,0
64171,1,64171,CNB-BRT MEMU,,2,,,,0,1,1,0,0
64172,1,64172,BRT-CNB MEMU,,2,,,,0,1,1,0,0
64173,1,64173,CNB-BRT MEMU,,2,,,,0,1,1,0,0
64174,1,64174,BRT-CNB MEMU,,2,,,,0,1,1,0,0
64175,1,64175,ROZA-BE PASSENGER,,2,,,,0,1,1,0,0
64176,1,64176,BE-ROZA PASSENGER,,2,,,,0,1,1,0,0
64177,1,64177,BE-MB PASSENGER,,2,,,,0,1,1,0,0
64178,1,64178,MB-BE PASSENGER,,2,,,,0,1,1,0,0
64203,1,64203,LKO-CNB MEMU,,2,,,,0,1,1,0,0
64204,1,64204,CNB-LKO MEMU,,2,,,,0,1,1,0,0
64211,1,64211,LKO-CNB MEMU,,2,,,,0,1,1,0,0
64212,1,64212,CNB-LKO MEMU,,2,,,,0,1,1,0,0
64214,1,64214,CNB-LKO MEMU,,2,,,,0,1,1,0,0
64215,1,64215,AYC-LKO MEMU,,2,,,,0,1,1,0,0
64216,1,64216,LKO-AYC MEMU,,2,,,,0,1,1,0,0
64217,1,64217,MUR-AYC MEMU,,2,,,,0,1,1,0,0
64218,1,64218,AYC-MUR MEMU,,2,,,,0,1,1,0,0
64219,1,64219,MUR-AYC MEMU,,2,,,,0,1,1,0,0
64220,1,64220,AYC-MUR MEMU,,2,,,,0,1,1,0,0
64221,1,64221,PYGS-AYC MEMU,,2,,,,0,1,1,0,0
64222,1,64222,AYC-PYGS MEMU,,2,,,,0,1,1,0,0
64223,1,64223,MUR-AY MEMU,,2,,,,0,1,1,0,0
64224,1,64224,AY-MUR MEMU,,2,,,,0,1,1,0,0
64255,1,64255,UTR-CNB MEMU,,2,,,,0,1,1,0,0
64281,1,64281,SOP-UTR MEMU,,2,,,,0,1,1,0,0
64282,1,64282,UTR-SOP MEMU,,2,,,,0,1,1,0,0
64401,1,64401,GZB-DLI EMU,,2,,,,0,1,1,0,0
64402,1,64402,DLI-SBB EMU,,2,,,,0,1,1,0,0
64404,1,64404,DLI-GZB EMU,,2,,,,0,1,1,0,0
64406,1,64406,DLI-GZB EMU,,2,,,,0,1,1,0,0
64407,1,64407,GZB-DLI EMU,,2,,,,0,1,1,0,0
64408,1,64408,DLI-GZB EMU,,2,,,,0,1,1,0,0
64409,1,64409,GZB-NDLS EMU,,2,,,,0,1,1,0,0
64410,1,64410,NDLS-GZB EMU,,2,,,,0,1,1,0,0
64411,1,64411,SBB-DLI EMU,,2,,,,0,1,1,0,0
64412,1,64412,DLI-GZB EMU,,2,,,,0,1,1,0,0
64414,1,64414,DLI-GZB EMU,,2,,,,0,1,1,0,0
64415,1,64415,GZB-NDLS EMU,,2,,,,0,1,1,0,0
64417,1,64417,GZB-DLI MEMU,,2,,,,0,1,1,0,0
64418,1,64418,DLI-GZB MEMU,,2,,,,0,1,1,0,0
64419,1,64419,NZM-GZB EMU,,2,,,,0,1,1,0,0
64422,1,64422,NDLS-GZB EMU,,2,,,,0,1,1,0,0
64423,1,64423,GZB-NDLS EMU,,2,,,,0,1,1,0,0
64425,1,64425,GZB-NDLS EMU,,2,,,,0,1,1,0,0
64426,1,64426,NDLS-GZB EMU,,2,,,,0,1,1,0,0
64428,1,64428,NDLS-GZB EMU,,2,,,,0,1,1,0,0
64429,1,64429,GZB-NDLS EMU,,2,,,,0,1,1,0,0
64430,1,64430,NDLS-GZB EMU,,2,,,,0,1,1,0,0
64431,1,64431,GZB-NDLS EMU,,2,,,,0,1,1,0,0
64432,1,64432,NDLS-GZB EMU,,2,,,,0,1,1,0,0
64433,1,64433,GZB-NDLS EMU,,2,,,,0,1,1,0,0
64434,1,64434,DLI-GZB EMU,,2,,,,0,1,1,0,0
64437,1,64437,GZB-DLI EMU,,2,,,,0,1,1,0,0
64439,1,64439,GZB-DLI EMU,,2,,,,0,1,1,0,0
64441,1,64441,GZB-NDLS EMU,,2,,,,0,1,1,0,0
64443,1,64443,GZB-DLI EMU,,2,,,,0,1,1,0,0
64445,1,64445,GZB-DLI EMU,,2,,,,0,1,1,0,0
64449,1,64449,GZB-NDLS LADIES EMU,,2,,,,0,1,1,0,0
64450,1,64450,NDLS-GZB LADIES EMU,,2,,,,0,1,1,0,0
64451,1,64451,DLI-PNP MEMU,,2,,,,0,1,1,0,0
64452,1,64452,KKDE-DLI EMU,,2,,,,0,1,1,0,0
64453,1,64453,DLI-PNP EMU,,2,,,,0,1,1,0,0
64454,1,64454,KKDE-DLI MEMU,,2,,,,0,1,1,0,0
64461,1,64461,NZM-KKDE MEMU,,2,,,,0,1,1,0,0
64462,1,64462,KKDE-NZM MEMU,,2,,,,0,1,1,0,0
64464,1,64464,PNP-NDLS MEMU,,2,,,,0,1,1,0,0
64465,1,64465,NDLS-KKDE MEMU,,2,,,,0,1,1,0,0
64469,1,64469,NDLS-PNP LADIES EMU,,2,,,,0,1,1,0,0
64470,1,64470,PNP-NDLS LADIES EMU,,2,,,,0,1,1,0,0
64471,1,64471,GZB-PNP MEMU,,2,,,,0,1,1,0,0
64472,1,64472,PNP-GZB MEMU,,2,,,,0,1,1,0,0
64481,1,64481,PNP-UMB MEMU,,2,,,,0,1,1,0,0
64482,1,64482,UMB-KKDE MEMU,,2,,,,0,1,1,0,0
64483,1,64483,KKDE-UMB MEMU,,2,,,,0,1,1,0,0
64491,1,64491,PWL-NDLS LADIES EMU,,2,,,,0,1,1,0,0
64492,1,64492,NDLS-PWL LADIES EMU,,2,,,,0,1,1,0,0
64501,1,64501,SRE-UMB MEMU,,2,,,,0,1,1,0,0
64502,1,64502,UMB-SRE MEMU,,2,,,,0,1,1,0,0
64504,1,64504,UMB-SRE MEMU,,2,,,,0,1,1,0,0
64511,1,64511,HW-AADR MEMU,,2,,,,0,1,1,0,0
64512,1,64512,AADR-HW MEMU,,2,,,,0,1,1,0,0
64513,1,64513,SRE-NLDM MEMU,,2,,,,0,1,1,0,0
64514,1,64514,NLDM-UMB MEMU,,2,,,,0,1,1,0,0
64515,1,64515,UMB-NLDM MEMU,,2,,,,0,1,1,0,0
64516,1,64516,NLDM-UMB MEMU,,2,,,,0,1,1,0,0
64517,1,64517,UMB-NLDM MEMU,,2,,,,0,1,1,0,0
64518,1,64518,NLDM-UMB MEMU,,2,,,,0,1,1,0,0
64521,1,64521,UMB-LDH MEMU,,2,,,,0,1,1,0,0
64522,1,64522,LDH-UMB MEMU,,2,,,,0,1,1,0,0
64523,1,64523,UMB-LDH MEMU,,2,,,,0,1,1,0,0
64524,1,64524,LDH-UMB MEMU,,2,,,,0,1,1,0,0
64531,1,64531,DLI-PNP MEMU,,2,,,,0,1,1,0,0
64532,1,64532,UMB-PNP MEMU,,2,,,,0,1,1,0,0
64533,1,64533,DLI-PNP MEMU,,2,,,,0,1,1,0,0
64534,1,64534,PNP-GZB MEMU,,2,,,,0,1,1,0,0
64536,1,64536,PNP-DLI MEMU,,2,,,,0,1,1,0,0
64541,1,64541,PNP-UMB MEMU,,2,,,,0,1,1,0,0
64545,1,64545,KKDE-UMB MEMU,,2,,,,0,1,1,0,0
64546,1,64546,UMB-KKDE MEMU,,2,,,,0,1,1,0,0
64547,1,64547,KKDE-UMB MEMU,,2,,,,0,1,1,0,0
64548,1,64548,UMB-KKDE MEMU,,2,,,,0,1,1,0,0
64551,1,64551,LDH-CIA MEMU,,2,,,,0,1,1,0,0
64552,1,64552,CIA-LDH MEMU,,2,,,,0,1,1,0,0
64553,1,64553,MB-GZB MEMU,,2,,,,0,1,1,0,0
64554,1,64554,GZB-MB MEMU,,2,,,,0,1,1,0,0
64555,1,64555,GZB-MTC MEMU,,2,,,,0,1,1,0,0
64556,1,64556,MTC-GZB MEMU,,2,,,,0,1,1,0,0
64557,1,64557,DLI-SRE MEMU,,2,,,,0,1,1,0,0
64558,1,64558,SRE-DLI MEMU,,2,,,,0,1,1,0,0
64559,1,64559,DLI-SRE MEMU,,2,,,,0,1,1,0,0
64560,1,64560,SRE-DLI MEMU,,2,,,,0,1,1,0,0
64563,1,64563,RPHR-AADR MEMU,,2,,,,0,1,1,0,0
64564,1,64564,AADR-RPHR,,2,,,,0,1,1,0,0
64565,1,64565,MB-SRE MEMU,,2,,,,0,1,1,0,0
64566,1,64566,SRE-MB MEMU,,2,,,,0,1,1,0,0
64567,1,64567,BSC-TKJ MEMU,,2,,,,0,1,1,0,0
64568,1,64568,TKJ-BSC MEMU,,2,,,,0,1,1,0,0
64581,1,64581,HRF-DLI MEMU,,2,,,,0,1,1,0,0
64582,1,64582,DLI-HRF MEMU,,2,,,,0,1,1,0,0
64583,1,64583,TDL-DLI MEMU,,2,,,,0,1,1,0,0
64584,1,64584,DLI-TDL MEMU,,2,,,,0,1,1,0,0
64585,1,64585,HRF-HRS MEMU,,2,,,,0,1,1,0,0
64586,1,64586,HRS-HRF MEMU,,2,,,,0,1,1,0,0
64587,1,64587,CNB-TDL MEMU,,2,,,,0,1,1,0,0
64588,1,64588,TDL-CNB MEMU,,2,,,,0,1,1,0,0
64589,1,64589,CNB-PHD MEMU,,2,,,,0,1,1,0,0
64590,1,64590,PHD-CNB MEMU,,2,,,,0,1,1,0,0
64591,1,64591,SFG-CNB MEMU,,2,,,,0,1,1,0,0
64592,1,64592,CNB-SFG MEMU,,2,,,,0,1,1,0,0
64593,1,64593,FTP-CNB MEMU,,2,,,,0,1,1,0,0
64594,1,64594,CNB-FTP MEMU,,2,,,,0,1,1,0,0
64595,1,64595,DDU-SFG MEMU,,2,,,,0,1,1,0,0
64596,1,64596,SFG-DDU MEMU,,2,,,,0,1,1,0,0
64601,1,64601,MKP-CNB MEMU,,2,,,,0,1,1,0,0
64602,1,64602,CNB-MKP MEMU,,2,,,,0,1,1,0,0
64603,1,64603,CNB-ETW MEMU,,2,,,,0,1,1,0,0
64604,1,64604,ETW-CNB MEMU,,2,,,,0,1,1,0,0
64605,1,64605,ETW-TDL MEMU,,2,,,,0,1,1,0,0
64606,1,64606,TDL-ETW MEMU,,2,,,,0,1,1,0,0
64607,1,64607,VGLJ-CNB MEMU,,2,,,,0,1,1,0,0
64608,1,64608,CNB-VGLJ MEMU,,2,,,,0,1,1,0,0
64609,1,64609,KURJ-VGLJ MEMU,,2,,,,0,1,1,0,0
64610,1,64610,VGLJ-KURJ MEMU,,2,,,,0,1,1,0,0
64611,1,64611,VGLJ-MKP MEMU,,2,,,,0,1,1,0,0
64612,1,64612,MKP-VGLJ MEMU,,2,,,,0,1,1,0,0
64613,1,64613,VGLJ-BNDA MEMU,,2,,,,0,1,1,0,0
64614,1,64614,BNDA-VGLJ MEMU,,2,,,,0,1,1,0,0
64615,1,64615,LAR-VGLJ MEMU,,2,,,,0,1,1,0,0
64616,1,64616,VGLJ-LAR MEMU,,2,,,,0,1,1,0,0
64617,1,64617,BINA-LAR MEMU,,2,,,,0,1,1,0,0
64618,1,64618,LAR-BINA MEMU,,2,,,,0,1,1,0,0
64619,1,64619,IDH-BKI MEMU,,2,,,,0,1,1,0,0
64620,1,64620,BKI-IDH MEMU,,2,,,,0,1,1,0,0
64621,1,64621,IDH-BKI MEMU,,2,,,,0,1,1,0,0
64622,1,64622,BKI-IDH MEMU,,2,,,,0,1,1,0,0
64623,1,64623,AGC-MNQ MEMU,,2,,,,0,1,1,0,0
64624,1,64624,MNQ-AGC MEMU,,2,,,,0,1,1,0,0
64625,1,64625,ETW-MTJ MEMU,,2,,,,0,1,1,0,0
64626,1,64626,AGC-ETW MEMU,,2,,,,0,1,1,0,0
64627,1,64627,PHD-ETW MEMU,,2,,,,0,1,1,0,0
64628,1,64628,ETW-PHD MEMU,,2,,,,0,1,1,0,0
64629,1,64629,CNB-PHD MEMU,,2,,,,0,1,1,0,0
64630,1,64630,PHD-CNB MEMU,,2,,,,0,1,1,0,0
64631,1,64631,PHD-SKB MEMU,,2,,,,0,1,1,0,0
64632,1,64632,SKB-PHD MEMU,,2,,,,0,1,1,0,0
64633,1,64633,GWL-ETW MEMU,,2,,,,0,1,1,0,0
64634,1,64634,ETW-GWL MEMU,,2,,,,0,1,1,0,0
64641,1,64641,GWL-ETW MEMU,,2,,,,0,1,1,0,0
64642,1,64642,ETW-GWL MEMU,,2,,,,0,1,1,0,0
64643,1,64643,GWL-BIX MEMU,,2,,,,0,1,1,0,0
64644,1,64644,BIX-GWL MEMU,,2,,,,0,1,1,0,0
64645,1,64645,KURJ CNB MEMU,,2,,,,0,1,1,0,0
64646,1,64646,CNB-KURJ MEMU,,2,,,,0,1,1,0,0
64647,1,64647,KURJ-LAR MEMU,,2,,,,0,1,1,0,0
64648,1,64648,LAR-KURJ MEMU,,2,,,,0,1,1,0,0
64649,1,64649,MBA-KURJ MEMU,,2,,,,0,1,1,0,0
64650,1,64650,KURJ-MBA MEMU,,2,,,,0,1,1,0,0
64651,1,64651,SGDN-BRML MEMU,,2,,,,0,1,1,0,0
64652,1,64652,BRML-SGDN MEMU,,2,,,,0,1,1,0,0
64701,1,64701,VGLJ-LKO MEMU,,2,,,,0,1,1,0,0
64702,1,64702,LKO-VGLJ MEMU,,2,,,,0,1,1,0,0
64703,1,64703,GOY-ALJN MEMU,,2,,,,0,1,1,0,0
64704,1,64704,ALJN-GOY MEMU,,2,,,,0,1,1,0,0
64903,1,64903,MTJ-GZB EMU,,2,,,,0,1,1,0,0
64904,1,64904,GZB-MTJ EMU,,2,,,,0,1,1,0,0
64905,1,64905,MTJ-NDLS EMU,,2,,,,0,1,1,0,0
64906,1,64906,GZB-PWL EMU,,2,,,,0,1,1,0,0
64908,1,64908,SSB-BVH EMU,,2,,,,0,1,1,0,0
64910,1,64910,SSB-MTJ EMU,,2,,,,0,1,1,0,0
64912,1,64912,JIND-NDLS MEMU,,2,,,,0,1,1,0,0
64915,1,64915,NDLS-JIND MEMU,,2,,,,0,1,1,0,0
64931,1,64931,DLI-JIND MEMU,,2,,,,0,1,1,0,0
64932,1,64932,JIND-DLI MEMU,,2,,,,0,1,1,0,0
64955,1,64955,AGC-TDL MEMU,,2,,,,0,1,1,0,0
64956,1,64956,TDL-AGC MEMU,,2,,,,0,1,1,0,0
64957,1,64957,AGC-PWL MEMU,,2,,,,0,1,1,0,0
64958,1,64958,PWL-AGC MEMU,,2,,,,0,1,1,0,0
65101,1,65101,GCT-JNU MEMU,,2,,,,0,1,1,0,0
65102,1,65102,JNU-GCT MEMU,,2,,,,0,1,1,0,0
65103,1,65103,GCT-DLN PSPC,,2,,,,0,1,1,0,0
65104,1,65104,DLN-GCT PSPS,,2,,,,0,1,1,0,0
65105,1,65105,GCT BCY UNRESERVED,,2,,,,0,1,1,0,0
65106,1,65106,BCY GCT MEMU,,2,,,,0,1,1,0,0
65107,1,65107,BTT-BCY MEMU,,2,,,,0,1,1,0,0
65108,1,65108,BCY-BTT MEMU,,2,,,,0,1,1,0,0
65109,1,65109,AMH-BCY MEMU,,2,,,,0,1,1,0,0
65110,1,65110,BCY-AMH MEMU,,2,,,,0,1,1,0,0
65111,1,65111,BNRS-PRRB MEMU,,2,,,,0,1,1,0,0
65112,1,65112,PRRB-BNRS MEMU,,2,,,,0,1,1,0,0
65113,1,65113,BNRS-PRRB MEMU,,2,,,,0,1,1,0,0
65114,1,65114,PRRB-BNRS MEMU,,2,,,,0,1,1,0,0
65115,1,65115,BTT-AY MEMU,,2,,,,0,1,1,0,0
65116,1,65116,AY-BTT MEMU,,2,,,,0,1,1,0,0
65117,1,65117,GCT-PYGS MEMU,,2,,,,0,1,1,0,0
65118,1,65118,PYGS-GCT MEMU,,2,,,,0,1,1,0,0
65119,1,65119,GCT-JNU MEMU,,2,,,,0,1,1,0,0
65120,1,65120,JNU-GCT MEMU,,2,,,,0,1,1,0,0
65121,1,65121,DIT-BCY MEMU,,2,,,,0,1,1,0,0
65122,1,65122,BCY- DIT MEMU,,2,,,,0,1,1,0,0
65129,1,65129,BNRS JI SPL,,2,,,,0,1,1,0,0
65130,1,65130,JI BNRS SPL,,2,,,,0,1,1,0,0
65131,1,65131,MAU-PRRB MEMU,,2,,,,0,1,1,0,0
65132,1,65132,PRRB-MAU MEMU,,2,,,,0,1,1,0,0
65133,1,65133,DIT-MAU MEMU,,2,,,,0,1,1,0,0
65134,1,65134,MAU-DIT MEMU,,2,,,,0,1,1,0,0
65301,1,65301,BC-RMR MEMU,,2,,,,0,1,1,0,0
65302,1,65302,KPV-BC MEMU,,2,,,,0,1,1,0,0
65303,1,65303,MB-RMR MEMU,,2,,,,0,1,1,0,0
65304,1,65304,RMR-MB MEMU,,2,,,,0,1,1,0,0
65305,1,65305,MB-KPV MEMU,,2,,,,0,1,1,0,0
65306,1,65306,RMR-MB MEMU,,2,,,,0,1,1,0,0
65307,1,65307,MB-KPV MEMU,,2,,,,0,1,1,0,0
65308,1,65308,KPV-MB MEMU,,2,,,,0,1,1,0,0
65309,1,65309,MB-RMR MEMU,,2,,,,0,1,1,0,0
65310,1,65310,RMR-MB MEMU,,2,,,,0,1,1,0,0
66000,1,66000,AVD-MASS PASS,,2,,,,0,1,1,0,0
66001,1,66001,AJJ-HX MEMU,,2,,,,0,1,1,0,0
66002,1,66002,AVD-MASS MEMU LOCAL,,2,,,,0,1,1,0,0
66003,1,66003,MASS-AVD MEMU SUBURBAN,,2,,,,0,1,1,0,0
66005,1,66005,MASS-AVD PASSR,,2,,,,0,1,1,0,0
66006,1,66006,HX-AJJ MEMU,,2,,,,0,1,1,0,0
66007,1,66007,MASS-AVD EMU LOCAL,,2,,,,0,1,1,0,0
66008,1,66008,AJJ-MASS PASSR,,2,,,,0,1,1,0,0
66009,1,66009,MASS-AJJ PASSR,,2,,,,0,1,1,0,0
66010,1,66010,AJJ-MASS PASS,,2,,,,0,1,1,0,0
66011,1,66011,MASS-AJJ PASS,,2,,,,0,1,1,0,0
66013,1,66013,MASS-AJJ MEMU FAST,,2,,,,0,1,1,0,0
66014,1,66014,AJJ-MASS MEMU,,2,,,,0,1,1,0,0
66015,1,66015,MASS-AJJ MEMU,,2,,,,0,1,1,0,0
66016,1,66016,AJJ-MASS PASSR,,2,,,,0,1,1,0,0
66017,1,66017,KPD-JTJ MEMU PASS,,2,,,,0,1,1,0,0
66018,1,66018,JTJ-KPD MEMU PASS,,2,,,,0,1,1,0,0
66019,1,66019,VM-MV MEMU,,2,,,,0,1,1,0,0
66020,1,66020,MV-VM MEMU,,2,,,,0,1,1,0,0
66021,1,66021,MASS-AJJ FAST MEMU,,2,,,,0,1,1,0,0
66022,1,66022,TRT-MASS MEMU,,2,,,,0,1,1,0,0
66023,1,66023,MV-TVR MEMU,,2,,,,0,1,1,0,0
66024,1,66024,TVR-MV MEMU,,2,,,,0,1,1,0,0
66025,1,66025,KPD-VM MEMU PASS,,2,,,,0,1,1,0,0
66026,1,66026,VM-KPD MEMU PASS,,2,,,,0,1,1,0,0
66027,1,66027,KPD-VM MEMU PASS,,2,,,,0,1,1,0,0
66028,1,66028,TPTY-KPD MEMU PASS,,2,,,,0,1,1,0,0
66029,1,66029,MASS-SPE MEMU PASS,,2,,,,0,1,1,0,0
66030,1,66030,SPE-MASS MEMU PASS,,2,,,,0,1,1,0,0
66031,1,66031,MASS-SPE MEMU PASS,,2,,,,0,1,1,0,0
66032,1,66032,SPE-MASS MEMU PASS,,2,,,,0,1,1,0,0
66033,1,66033,MSB-TNM FAST MEMU,,2,,,,0,1,1,0,0
66034,1,66034,TNM-TBM FAST MEMU,,2,,,,0,1,1,0,0
66035,1,66035,SPE-NLR MEMU,,2,,,,0,1,1,0,0
66036,1,66036,NLR-SPE MEMU,,2,,,,0,1,1,0,0
66037,1,66037,SPE-NLR MEMU,,2,,,,0,1,1,0,0
66038,1,66038,NLR-SPE MEMU PASS,,2,,,,0,1,1,0,0
66039,1,66039,MASS-SPE MEMU PASS,,2,,,,0,1,1,0,0
66040,1,66040,NLR-SPE MEMU,,2,,,,0,1,1,0,0
66041,1,66041,SPE-NLR MEMU PASS,,2,,,,0,1,1,0,0
66042,1,66042,SPE-MASS EMU PASS,,2,,,,0,1,1,0,0
66043,1,66043,AJJ-TPTY MEMU PASS,,2,,,,0,1,1,0,0
66044,1,66044,TPTY-AJJ MEMU PASS,,2,,,,0,1,1,0,0
66045,1,66045,TBM-VM MEMU PASS,,2,,,,0,1,1,0,0
66046,1,66046,VM-MSB MEMU,,2,,,,0,1,1,0,0
66049,1,66049,AJJ-TRT MEMU PASS,,2,,,,0,1,1,0,0
66050,1,66050,AVD-MASS MEMU LOCAL,,2,,,,0,1,1,0,0
66051,1,66051,MS-PDY MEMU,,2,,,,0,1,1,0,0
66052,1,66052,PDY-MS MEMU PASS,,2,,,,0,1,1,0,0
66055,1,66055,TBM-VM MEMU PASS,,2,,,,0,1,1,0,0
66056,1,66056,VM-TBM MEMU,,2,,,,0,1,1,0,0
66057,1,66057,AJJ-KPD EMU PASS,,2,,,,0,1,1,0,0
66058,1,66058,KPD-AJJ EMU PASS,,2,,,,0,1,1,0,0
66059,1,66059,AJJ-VLR EMU PASS,,2,,,,0,1,1,0,0
66060,1,66060,VLR-AJJ EMU PASS,,2,,,,0,1,1,0,0
66061,1,66061,AJJ-VLR MEMU PASS,,2,,,,0,1,1,0,0
66062,1,66062,VLR-AJJ MEMU PASS,,2,,,,0,1,1,0,0
66063,1,66063,VM-PDY MEMU,,2,,,,0,1,1,0,0
66064,1,66064,PDY-VM MEMU,,2,,,,0,1,1,0,0
66065,1,66065,VM-PDY EMU,,2,,,,0,1,1,0,0
66066,1,66066,PDY-VM MEMU,,2,,,,0,1,1,0,0
66067,1,66067,MV-TVR PASSENGER,,2,,,,0,1,1,0,0
66068,1,66068,TVR-MV PASSENGER,,2,,,,0,1,1,0,0
66069,1,66069,MASS-TPTY FAST MEMU,,2,,,,0,1,1,0,0
66070,1,66070,TPTY-MASS FAST MEMU,,2,,,,0,1,1,0,0
66300,1,66300,ERS-ALLP MEMU,,2,,,,0,1,1,0,0
66301,1,66301,PUU-QLN MEMU,,2,,,,0,1,1,0,0
66302,1,66302,QLN-PUU MEMU,,2,,,,0,1,1,0,0
66303,1,66303,QLN-ERS EMU,,2,,,,0,1,1,0,0
66304,1,66304,ERS-QLN EMU,,2,,,,0,1,1,0,0
66305,1,66305,CAPE-QLN MEMU,,2,,,,0,1,1,0,0
66306,1,66306,QLN-CAPE MEMU,,2,,,,0,1,1,0,0
66307,1,66307,ERS-QLN MEMU,,2,,,,0,1,1,0,0
66308,1,66308,QLN-ERS  MEMU,,2,,,,0,1,1,0,0
66309,1,66309,ERS-QLN MEMU,,2,,,,0,1,1,0,0
66310,1,66310,QLN-ERS MEMU,,2,,,,0,1,1,0,0
66311,1,66311,ALLP-QLN MEMU,,2,,,,0,1,1,0,0
66312,1,66312,QLN-ALLP MEMU,,2,,,,0,1,1,0,0
66313,1,66313,ERS-ALLP PASS,,2,,,,0,1,1,0,0
66314,1,66314,ALLP-ERS MEMU,,2,,,,0,1,1,0,0
66315,1,66315,KTYM-QLN MEMU,,2,,,,0,1,1,0,0
66316,1,66316,QLN-KTYM MEMU,,2,,,,0,1,1,0,0
66317,1,66317,PUU-QLN  MEMU,,2,,,,0,1,1,0,0
66318,1,66318,QLN-PUU MEMU,,2,,,,0,1,1,0,0
66319,1,66319,SRR-ERS MEMU,,2,,,,0,1,1,0,0
66320,1,66320,ERS-SRR MEMU,,2,,,,0,1,1,0,0
66321,1,66321,ERS-QLN MEMU,,2,,,,0,1,1,0,0
66322,1,66322,QLN-ERS MEMU,,2,,,,0,1,1,0,0
66323,1,66323,CAN-SRR MEMU,,2,,,,0,1,1,0,0
66324,1,66324,SRR-CAN MEMU,,2,,,,0,1,1,0,0
66325,1,66325,NIL-SRR MEMU,,2,,,,0,1,1,0,0
66326,1,66326,SRR-NIL MEMU,,2,,,,0,1,1,0,0
66327,1,66327,ERS-QLN MEMU,,2,,,,0,1,1,0,0
66328,1,66328,QLN-ERS MEMU,,2,,,,0,1,1,0,0
66501,1,66501,UBL-BJP MEMU,,2,,,,0,1,1,0,0
66502,1,66502,BJP-UBL MEMU,,2,,,,0,1,1,0,0
66505,1,66505,YNK-ASK MEMU,,2,,,,0,1,1,0,0
66506,1,66506,ASK-YNK MEMU,,2,,,,0,1,1,0,0
66511,1,66511,SBC-MKM MEMU,,2,,,,0,1,1,0,0
66512,1,66512,MKM-SBC MEMU,,2,,,,0,1,1,0,0
66513,1,66513,BWT-MKM MEMU,,2,,,,0,1,1,0,0
66514,1,66514,MKM-KJM MEMU,,2,,,,0,1,1,0,0
66515,1,66515,KJM-MKM MEMU,,2,,,,0,1,1,0,0
66516,1,66516,MKM-BWT MEMU,,2,,,,0,1,1,0,0
66517,1,66517,MKM-BWT MEMU,,2,,,,0,1,1,0,0
66518,1,66518,BWT-MKM MEMU,,2,,,,0,1,1,0,0
66519,1,66519,MKM-SBC MEMU,,2,,,,0,1,1,0,0
66520,1,66520,SBC-MKM MEMU,,2,,,,0,1,1,0,0
66523,1,66523,SBC-HUP MEMU,,2,,,,0,1,1,0,0
66524,1,66524,HUP-SBC MEMU,,2,,,,0,1,1,0,0
66525,1,66525,SBC-HAS MEMU,,2,,,,0,1,1,0,0
66526,1,66526,HAS-SBC MEMU,,2,,,,0,1,1,0,0
66527,1,66527,KPN-BWT MEMU,,2,,,,0,1,1,0,0
66528,1,66528,BWT-KPN MEMU,,2,,,,0,1,1,0,0
66529,1,66529,KPN-SBC MEMU,,2,,,,0,1,1,0,0
66530,1,66530,SBC-BWT MEMU,,2,,,,0,1,1,0,0
66531,1,66531,BWT-WFD MEMU,,2,,,,0,1,1,0,0
66532,1,66532,WFD-MKM MEMU,,2,,,,0,1,1,0,0
66533,1,66533,MKM-KJM MEMU,,2,,,,0,1,1,0,0
66534,1,66534,KJM-KPN MEMU,,2,,,,0,1,1,0,0
66535,1,66535,SBC-CPT MEMU,,2,,,,0,1,1,0,0
66536,1,66536,CPT-SBC MEMU,,2,,,,0,1,1,0,0
66537,1,66537,BWT-SMVB MEMU,,2,,,,0,1,1,0,0
66538,1,66538,SMVB-BWT MEMU,,2,,,,0,1,1,0,0
66539,1,66539,SBC-AP MEMU,,2,,,,0,1,1,0,0
66540,1,66540,AP-SBC MEMU,,2,,,,0,1,1,0,0
66541,1,66541,WFD-SBC MEMU,,2,,,,0,1,1,0,0
66542,1,66542,SBC-WFD MEMU,,2,,,,0,1,1,0,0
66543,1,66543,KPN-SBC MEMU,,2,,,,0,1,1,0,0
66544,1,66544,BAND-KPN MEMU,,2,,,,0,1,1,0,0
66545,1,66545,MKM-SBC MEMU,,2,,,,0,1,1,0,0
66546,1,66546,SBC-MKM MEMU,,2,,,,0,1,1,0,0
66547,1,66547,KJM-MKM MEMU,,2,,,,0,1,1,0,0
66548,1,66548,MKM-KJM MEMU,,2,,,,0,1,1,0,0
66549,1,66549,JTJ-SBC MEMU,,2,,,,0,1,1,0,0
66550,1,66550,SBC-JTJ MEMU,,2,,,,0,1,1,0,0
66551,1,66551,SBC-MYS MEMU,,2,,,,0,1,1,0,0
66552,1,66552,MYS-SBC MEMU,,2,,,,0,1,1,0,0
66553,1,66553,SBC-AP MEMU,,2,,,,0,1,1,0,0
66554,1,66554,AP-SBC MEMU,,2,,,,0,1,1,0,0
66555,1,66555,MKM-SBC MEMU,,2,,,,0,1,1,0,0
66556,1,66556,SBC-MKM MEMU,,2,,,,0,1,1,0,0
66557,1,66557,BWT-MKM MEMU,,2,,,,0,1,1,0,0
66558,1,66558,MKM-BWT MEMU,,2,,,,0,1,1,0,0
66559,1,66559,SBC-ATP MEMU,,2,,,,0,1,1,0,0
66560,1,66560,ATP-SBC MEMU,,2,,,,0,1,1,0,0
66561,1,66561,TK-YPR MEMU,,2,,,,0,1,1,0,0
66562,1,66562,YPR-TK MEMU,,2,,,,0,1,1,0,0
66563,1,66563,YPR-HSRA MEMU,,2,,,,0,1,1,0,0
66564,1,66564,HSRA-YPR MEMU,,2,,,,0,1,1,0,0
66565,1,66565,BAND-TK MEMU,,2,,,,0,1,1,0,0
66566,1,66566,TK-BAND MEMU,,2,,,,0,1,1,0,0
66567,1,66567,SBC-TK MEMU,,2,,,,0,1,1,0,0
66568,1,66568,TK-SBC MEMU,,2,,,,0,1,1,0,0
66569,1,66569,YPR-TK MEMU,,2,,,,0,1,1,0,0
66570,1,66570,TK-YPR MEMU,,2,,,,0,1,1,0,0
66571,1,66571,SBC-TK MEMU,,2,,,,0,1,1,0,0
66572,1,66572,TK-SBC MEMU,,2,,,,0,1,1,0,0
66573,1,66573,YPR-TK MEMU,,2,,,,0,1,1,0,0
66574,1,66574,TK-YPR MEMU,,2,,,,0,1,1,0,0
66575,1,66575,BAND-TK MEMU,,2,,,,0,1,1,0,0
66576,1,66576,TK-BAND MEMU,,2,,,,0,1,1,0,0
66577,1,66577,TK-SMET MEMU,,2,,,,0,1,1,0,0
66578,1,66578,SMET-TK MEMU,,2,,,,0,1,1,0,0
66579,1,66579,SBC-AP MEMU,,2,,,,0,1,1,0,0
66580,1,66580,AP-SBC MEMU,,2,,,,0,1,1,0,0
66581,1,66581,SBC-BWT MEMU,,2,,,,0,1,1,0,0
66582,1,66582,BWT-SBC MEMU,,2,,,,0,1,1,0,0
66583,1,66583,SBC-DPJ MEMU,,2,,,,0,1,1,0,0
66584,1,66584,DPJ-SBC MEMU,,2,,,,0,1,1,0,0
66585,1,66585,YPR-HSRA MEMU,,2,,,,0,1,1,0,0
66586,1,66586,HSRA-YPR MEMU,,2,,,,0,1,1,0,0
66587,1,66587,BNC-KQZ MEMU,,2,,,,0,1,1,0,0
66588,1,66588,KQZ-BNC MEMU,,2,,,,0,1,1,0,0
66589,1,66589,BWT-KQZ MEMU,,2,,,,0,1,1,0,0
66590,1,66590,KQZ-BWT MEMU,,2,,,,0,1,1,0,0
66591,1,66591,SBC-KQZ MEMU,,2,,,,0,1,1,0,0
66592,1,66592,KQZ-BNC MEMU,,2,,,,0,1,1,0,0
66593,1,66593,KQZ-BWT MEMU,,2,,,,0,1,1,0,0
66594,1,66594,BWT-KQZ MEMU,,2,,,,0,1,1,0,0
66595,1,66595,YPR-HSRA MEMU,,2,,,,0,1,1,0,0
66596,1,66596,HSRA-YPR MEMU,,2,,,,0,1,1,0,0
66597,1,66597,SBC-AP MEMU,,2,,,,0,1,1,0,0
66598,1,66598,AP-SBC MEMU,,2,,,,0,1,1,0,0
66601,1,66601,ED-CBE MEMU,,2,,,,0,1,1,0,0
66602,1,66602,CBE-ED MEMU,,2,,,,0,1,1,0,0
66603,1,66603,CBE-SRR EMU,,2,,,,0,1,1,0,0
66604,1,66604,SRR-CBE EMU,,2,,,,0,1,1,0,0
66605,1,66605,CBE-PGTN MEMU,,2,,,,0,1,1,0,0
66606,1,66606,PGTN-CBE MEMU,,2,,,,0,1,1,0,0
66607,1,66607,ED-PGTN MEMU,,2,,,,0,1,1,0,0
66608,1,66608,PGTN-ED MEMU,,2,,,,0,1,1,0,0
66609,1,66609,PGT-ERS MEMU,,2,,,,0,1,1,0,0
66610,1,66610,ERS-PGT MEMU,,2,,,,0,1,1,0,0
66611,1,66611,MTP-PTJ MEMU,,2,,,,0,1,1,0,0
66612,1,66612,PTJ-MTP MEMU,,2,,,,0,1,1,0,0
66613,1,66613,MTP-CBE MEMU,,2,,,,0,1,1,0,0
66614,1,66614,CBE-MTP MEMU,,2,,,,0,1,1,0,0
66615,1,66615,MTP-PTJ MEMU,,2,,,,0,1,1,0,0
66616,1,66616,PTJ-MTP MEMU,,2,,,,0,1,1,0,0
66617,1,66617,MTP-CBE MEMU,,2,,,,0,1,1,0,0
66618,1,66618,CBE-MTP MEMU,,2,,,,0,1,1,0,0
66619,1,66619,MTP-PTJ MEMU,,2,,,,0,1,1,0,0
66620,1,66620,PTJ-MTP MEMU,,2,,,,0,1,1,0,0
66621,1,66621,SA-ED MEMU,,2,,,,0,1,1,0,0
66622,1,66622,ED-SA MEMU,,2,,,,0,1,1,0,0
66623,1,66623,PGT-POY MEMU,,2,,,,0,1,1,0,0
66624,1,66624,POY-PGT MEMU,,2,,,,0,1,1,0,0
67201,1,67201,RJY-BZA MEMU,,2,,,,0,1,1,0,0
67202,1,67202,BZA-RJY MEMU,,2,,,,0,1,1,0,0
67203,1,67203,GDR-RU MEMU,,2,,,,0,1,1,0,0
67204,1,67204,RU-NLR MEMU,,2,,,,0,1,1,0,0
67205,1,67205,TPTY-KPD PASSENGER MEMU,,2,,,,0,1,1,0,0
67206,1,67206,KPD-TPTY PASSENGER MEMU,,2,,,,0,1,1,0,0
67207,1,67207,TPTY-KPD PASSENGER MEMU,,2,,,,0,1,1,0,0
67208,1,67208,KPD-TPTY PASSENGER MEMU,,2,,,,0,1,1,0,0
67209,1,67209,TPTY-KPD PASSENGER MEMU,,2,,,,0,1,1,0,0
67210,1,67210,KPD-TPTY PASSENGER MEMU,,2,,,,0,1,1,0,0
67213,1,67213,BZA-TEL MEMU,,2,,,,0,1,1,0,0
67214,1,67214,TEL-BZA MEMU,,2,,,,0,1,1,0,0
67215,1,67215,BZA-BDCR MEMU,,2,,,,0,1,1,0,0
67216,1,67216,BDCR-BZA MEMU,,2,,,,0,1,1,0,0
67221,1,67221,BZA-TEL MEMU,,2,,,,0,1,1,0,0
67222,1,67222,TEL-BZA MEMU,,2,,,,0,1,1,0,0
67223,1,67223,GNT-RAL,,2,,,,0,1,1,0,0
67224,1,67224,RAL-TEL MEMU,,2,,,,0,1,1,0,0
67225,1,67225,BZA-GDR PASSENGER MEMU,,2,,,,0,1,1,0,0
67226,1,67226,GDR-BZA PASSENGER MEMU,,2,,,,0,1,1,0,0
67227,1,67227,BZA-MCLA PASSENGER,,2,,,,0,1,1,0,0
67228,1,67228,MCLA-BZA PASSENGER,,2,,,,0,1,1,0,0
67229,1,67229,BZA-GNT MEMU,,2,,,,0,1,1,0,0
67230,1,67230,GNT-BZA MEMU,,2,,,,0,1,1,0,0
67231,1,67231,TEL-RAL MEMU,,2,,,,0,1,1,0,0
67232,1,67232,RAL-TEL,,2,,,,0,1,1,0,0
67233,1,67233,TEL-RAL MEMU,,2,,,,0,1,1,0,0
67234,1,67234,RAL-GNT,,2,,,,0,1,1,0,0
67235,1,67235,GNT-TEL MEMU,,2,,,,0,1,1,0,0
67236,1,67236,TEL-GNT MEMU,,2,,,,0,1,1,0,0
67237,1,67237,TEL-RAL MEMU,,2,,,,0,1,1,0,0
67238,1,67238,RAL-MRK,,2,,,,0,1,1,0,0
67239,1,67239,MRK-TEL MEMU,,2,,,,0,1,1,0,0
67241,1,67241,RJY-BVRM,,2,,,,0,1,1,0,0
67242,1,67242,BVRM-NDD DMU,,2,,,,0,1,1,0,0
67243,1,67243,NDD-NS,,2,,,,0,1,1,0,0
67244,1,67244,NS-NDD,,2,,,,0,1,1,0,0
67245,1,67245,NDD-NS,,2,,,,0,1,1,0,0
67246,1,67246,NS-RJY DMU,,2,,,,0,1,1,0,0
67247,1,67247,NS-GNT,,2,,,,0,1,1,0,0
67248,1,67248,GNT-BZA MEMU,,2,,,,0,1,1,0,0
67249,1,67249,GNT-RAL,,2,,,,0,1,1,0,0
67250,1,67250,RAL-GNT DMU,,2,,,,0,1,1,0,0
67251,1,67251,BVRM-MTM DMU,,2,,,,0,1,1,0,0
67252,1,67252,MTM-GDV,,2,,,,0,1,1,0,0
67253,1,67253,GDV-MTM,,2,,,,0,1,1,0,0
67254,1,67254,MTM-GDV MEMU,,2,,,,0,1,1,0,0
67255,1,67255,GDV-MTM MEMU,,2,,,,0,1,1,0,0
67256,1,67256,MTM-BZA MEMU,,2,,,,0,1,1,0,0
67257,1,67257,BZA-NS,,2,,,,0,1,1,0,0
67258,1,67258,BZA-NS,,2,,,,0,1,1,0,0
67259,1,67259,BZA-BTTR MEMU,,2,,,,0,1,1,0,0
67260,1,67260,BTTR-BZA MEMU,,2,,,,0,1,1,0,0
67261,1,67261,RJY-BZA MEMU,,2,,,,0,1,1,0,0
67262,1,67262,BZA-RJY MEMU,,2,,,,0,1,1,0,0
67263,1,67263,BZA-MTM MEMU,,2,,,,0,1,1,0,0
67264,1,67264,MTM-BZA,,2,,,,0,1,1,0,0
67265,1,67265,BZA-MTM,,2,,,,0,1,1,0,0
67266,1,67266,MTM-BZA,,2,,,,0,1,1,0,0
67267,1,67267,BZA-MTM MEMU,,2,,,,0,1,1,0,0
67268,1,67268,MTM-BZA DMU,,2,,,,0,1,1,0,0
67269,1,67269,BZA-MTM,,2,,,,0,1,1,0,0
67270,1,67270,MTM-BZA,,2,,,,0,1,1,0,0
67271,1,67271,MTM-GDV,,2,,,,0,1,1,0,0
67272,1,67272,GDV-MTM MEMU,,2,,,,0,1,1,0,0
67273,1,67273,BZA-OGL MEMU,,2,,,,0,1,1,0,0
67274,1,67274,OGL-BZA MEMU,,2,,,,0,1,1,0,0
67275,1,67275,BZA-BVRM,,2,,,,0,1,1,0,0
67276,1,67276,NS-BZA,,2,,,,0,1,1,0,0
67277,1,67277,BVRM-NDD DMU,,2,,,,0,1,1,0,0
67278,1,67278,NDD-BVRM,,2,,,,0,1,1,0,0
67279,1,67279,NS-NDD,,2,,,,0,1,1,0,0
67280,1,67280,NDD-NS PASSENGER,,2,,,,0,1,1,0,0
67281,1,67281,BZA-BVRM,,2,,,,0,1,1,0,0
67282,1,67282,BVRM-BZA DMU,,2,,,,0,1,1,0,0
67283,1,67283,BVRM-NDD DMU,,2,,,,0,1,1,0,0
67284,1,67284,NDD-BVRM,,2,,,,0,1,1,0,0
67285,1,67285,RJY-VSKP PASSENGER MEMU,,2,,,,0,1,1,0,0
67286,1,67286,VSKP-RJY PASSENGER MEMU,,2,,,,0,1,1,0,0
67287,1,67287,VSKP-VZM PASSENGER,,2,,,,0,1,1,0,0
67288,1,67288,VZM-VSKP PSG,,2,,,,0,1,1,0,0
67289,1,67289,VSKP-PSA PSG,,2,,,,0,1,1,0,0
67290,1,67290,PSA-VSKP PASS,,2,,,,0,1,1,0,0
67301,1,67301,RJY-COA,,2,,,,0,1,1,0,0
67302,1,67302,COA-RJY,,2,,,,0,1,1,0,0
67759,1,67759,SC-CT MEMU,,2,,,,0,1,1,0,0
67760,1,67760,CT-SC MEMU,,2,,,,0,1,1,0,0
67761,1,67761,SC-WL MEMU,,2,,,,0,1,1,0,0
67762,1,67762,WL-SC MEMU,,2,,,,0,1,1,0,0
67763,1,67763,SC-KZJ MEMU,,2,,,,0,1,1,0,0
67764,1,67764,KZJ-SC MEMU,,2,,,,0,1,1,0,0
67765,1,67765,KZJ-DKJ MEMU,,2,,,,0,1,1,0,0
67766,1,67766,DKJ-KZJ MEMU,,2,,,,0,1,1,0,0
67767,1,67767,DKJ-BZA MEMU,,2,,,,0,1,1,0,0
67768,1,67768,BZA-DKJ MEMU,,2,,,,0,1,1,0,0
67769,1,67769,BZA-GNT MEMU,,2,,,,0,1,1,0,0
67770,1,67770,GNT-BZA MEMU,,2,,,,0,1,1,0,0
67771,1,67771,SRUR-KRMR MEMU,,2,,,,0,1,1,0,0
67772,1,67772,KRMR-SRUR MEMU,,2,,,,0,1,1,0,0
67775,1,67775,KCG-MRGA MEMU,,2,,,,0,1,1,0,0
67776,1,67776,MRGA-KCG MEMU,,2,,,,0,1,1,0,0
67777,1,67777,MRGA-NDKD MEMU,,2,,,,0,1,1,0,0
67778,1,67778,NDKD-MRGA MEMU,,2,,,,0,1,1,0,0
67779,1,67779,KCG-NDKD,,2,,,,0,1,1,0,0
67780,1,67780,NDKD-KCG DMU,,2,,,,0,1,1,0,0
67781,1,67781,KCG-MBNR MEMU,,2,,,,0,1,1,0,0
67782,1,67782,MBNR-KCG PASSENGER MEMU,,2,,,,0,1,1,0,0
67783,1,67783,RC-GWD,,2,,,,0,1,1,0,0
67784,1,67784,GWD-RC,,2,,,,0,1,1,0,0
67785,1,67785,FM-WADI,,2,,,,0,1,1,0,0
67786,1,67786,WADI-KCG,,2,,,,0,1,1,0,0
67787,1,67787,KCG-RC,,2,,,,0,1,1,0,0
67788,1,67788,RC-KCG,,2,,,,0,1,1,0,0
67789,1,67789,MAS-AJJ MEMU,,2,,,,0,1,1,0,0
67790,1,67790,AJJ-MASS MEMU,,2,,,,0,1,1,0,0
68001,1,68001,SRC-JGM MEMU,,2,,,,0,1,1,0,0
68002,1,68002,JER-HWH MEMU,,2,,,,0,1,1,0,0
68003,1,68003,TATA-GUA MEMU,,2,,,,0,1,1,0,0
68004,1,68004,GUA-TATA MEMU,,2,,,,0,1,1,0,0
68006,1,68006,TATA KGP MEMU PASS,,2,,,,0,1,1,0,0
68007,1,68007,HWH-JER MEMU,,2,,,,0,1,1,0,0
68008,1,68008,JGM-SRC MEMU,,2,,,,0,1,1,0,0
68009,1,68009,TATA-CKP MEMU,,2,,,,0,1,1,0,0
68010,1,68010,CKP-TATA MEMU PASS,,2,,,,0,1,1,0,0
68011,1,68011,KGP-TATA MEMU,,2,,,,0,1,1,0,0
68013,1,68013,KGP-TATA MEMU,,2,,,,0,1,1,0,0
68014,1,68014,TATA-KGP MEMU,,2,,,,0,1,1,0,0
68015,1,68015,KGP-TATA MEMU,,2,,,,0,1,1,0,0
68016,1,68016,TATA-KGP MEMU,,2,,,,0,1,1,0,0
68017,1,68017,RNC-LAD MEMU,,2,,,,0,1,1,0,0
68018,1,68018,LAD-RNC MEMU,,2,,,,0,1,1,0,0
68019,1,68019,TATA-GUA MEMU PAS,,2,,,,0,1,1,0,0
68020,1,68020,GUA-TATA MEMU PASS,,2,,,,0,1,1,0,0
68021,1,68021,KGP-BLS MEMU,,2,,,,0,1,1,0,0
68022,1,68022,BLS-KGP MEMU,,2,,,,0,1,1,0,0
68023,1,68023,JGM-PRR MEMU,,2,,,,0,1,1,0,0
68024,1,68024,PRR-JGM MEMU,,2,,,,0,1,1,0,0
68025,1,68025,CKP-ROU MEMU,,2,,,,0,1,1,0,0
68026,1,68026,ROU-CKP MEMU,,2,,,,0,1,1,0,0
68027,1,68027,RNC-TORI MEMU,,2,,,,0,1,1,0,0
68028,1,68028,TORI-RNC MEMU,,2,,,,0,1,1,0,0
68029,1,68029,ROU-JSG MEMU,,2,,,,0,1,1,0,0
68030,1,68030,JSG-ROU MEMU,,2,,,,0,1,1,0,0
68031,1,68031,JSG-SBP MEMU,,2,,,,0,1,1,0,0
68032,1,68032,SBP-JSG MEMU,,2,,,,0,1,1,0,0
68033,1,68033,JSG-SBP MEMU,,2,,,,0,1,1,0,0
68034,1,68034,SBP-JSG MEMU,,2,,,,0,1,1,0,0
68035,1,68035,ADTP - HTE MEMU,,2,,,,0,1,1,0,0
68036,1,68036,HTE-ADTP MEMU,,2,,,,0,1,1,0,0
68037,1,68037,RNC-LAD MEMU,,2,,,,0,1,1,0,0
68038,1,68038,LAD-RNC MEMU,,2,,,,0,1,1,0,0
68039,1,68039,RNC-LAD MEMU,,2,,,,0,1,1,0,0
68040,1,68040,LAD-RNC MEMU,,2,,,,0,1,1,0,0
68041,1,68041,ADRA-BRKA MEMU,,2,,,,0,1,1,0,0
68042,1,68042,BRKA-ADRA MEMU,,2,,,,0,1,1,0,0
68043,1,68043,TATA-ROU MEMU,,2,,,,0,1,1,0,0
68044,1,68044,ROU-TATA MEMU,,2,,,,0,1,1,0,0
68045,1,68045,ADRA-ASN MEMU,,2,,,,0,1,1,0,0
68046,1,68046,ASN-ADRA MEMU,,2,,,,0,1,1,0,0
68047,1,68047,KGP-BLDA MEMU,,2,,,,0,1,1,0,0
68048,1,68048,BLDA-KGP MEMU,,2,,,,0,1,1,0,0
68049,1,68049,KGP-BHC MEMU,,2,,,,0,1,1,0,0
68050,1,68050,BHC-KGP MEMU,,2,,,,0,1,1,0,0
68051,1,68051,BLS-BHC MEMU,,2,,,,0,1,1,0,0
68052,1,68052,BHC-BLS MEMU,,2,,,,0,1,1,0,0
68053,1,68053,ADRA-BBM MEMU,,2,,,,0,1,1,0,0
68054,1,68054,BBM-ADRA MEMU,,2,,,,0,1,1,0,0
68055,1,68055,ASN-TATA MEMU,,2,,,,0,1,1,0,0
68056,1,68056,TATA-ASN MEMU,,2,,,,0,1,1,0,0
68057,1,68057,ADRA PRR MEMU SPL,,2,,,,0,1,1,0,0
68058,1,68058,PRR-ADRA MEMU,,2,,,,0,1,1,0,0
68059,1,68059,BBM-ASN MEMU,,2,,,,0,1,1,0,0
68060,1,68060,ASN-BBM MEMU,,2,,,,0,1,1,0,0
68061,1,68061,ADRA-ASN MEMU,,2,,,,0,1,1,0,0
68062,1,68062,ASN-ADRA MEMU,,2,,,,0,1,1,0,0
68063,1,68063,ADRA-ASN MEMU,,2,,,,0,1,1,0,0
68064,1,68064,ASN-ADRA MEMU,,2,,,,0,1,1,0,0
68065,1,68065,ADRA-ASN MEMU,,2,,,,0,1,1,0,0
68066,1,68066,ASN-ADRA MEMU,,2,,,,0,1,1,0,0
68067,1,68067,ADRA-ASN MEMU,,2,,,,0,1,1,0,0
68068,1,68068,ASN-ADRA MEMU,,2,,,,0,1,1,0,0
68069,1,68069,ADRA-ASN MEMU,,2,,,,0,1,1,0,0
68070,1,68070,ASN-ADRA MEMU,,2,,,,0,1,1,0,0
68071,1,68071,ADRA-KNF MEMU,,2,,,,0,1,1,0,0
68072,1,68072,VAA ADRA MEMU,,2,,,,0,1,1,0,0
68073,1,68073,BJE-VAA MEMU,,2,,,,0,1,1,0,0
68074,1,68074,KNF-BJE MEMU,,2,,,,0,1,1,0,0
68075,1,68075,ADRA-BJE MEMU,,2,,,,0,1,1,0,0
68076,1,68076,BJE-ADRA MEMU,,2,,,,0,1,1,0,0
68077,1,68077,ADRA-VAA MEMU,,2,,,,0,1,1,0,0
68078,1,68078,VAA-ADRA MEMU,,2,,,,0,1,1,0,0
68079,1,68079,BJE-CRP MEMU,,2,,,,0,1,1,0,0
68080,1,68080,CRP-BJE MEMU,,2,,,,0,1,1,0,0
68081,1,68081,BQA-ADRA MEMU,,2,,,,0,1,1,0,0
68082,1,68082,ADRA VSU PASS SPL,,2,,,,0,1,1,0,0
68083,1,68083,VSU-ADRA MEMU,,2,,,,0,1,1,0,0
68084,1,68084,ADRA-VSU MEMU,,2,,,,0,1,1,0,0
68085,1,68085,TATA-BRKA MEMU PASS,,2,,,,0,1,1,0,0
68086,1,68086,BRKA-TATA MEMU PASS,,2,,,,0,1,1,0,0
68087,1,68087,VSU-DHN MEMU,,2,,,,0,1,1,0,0
68088,1,68088,DHN-BQA MEMU,,2,,,,0,1,1,0,0
68089,1,68089,MDN-ADRA MEMU,,2,,,,0,1,1,0,0
68090,1,68090,ADRA-MDN MEMU,,2,,,,0,1,1,0,0
68091,1,68091,KGP JGM MEMU,,2,,,,0,1,1,0,0
68092,1,68092,JGM-KGP MEMU,,2,,,,0,1,1,0,0
68093,1,68093,KGP-JGM MEMU,,2,,,,0,1,1,0,0
68094,1,68094,JGM-KGP MEMU,,2,,,,0,1,1,0,0
68095,1,68095,JRBI-BQA MEMU,,2,,,,0,1,1,0,0
68096,1,68096,BQA-JRBI MEMU,,2,,,,0,1,1,0,0
68097,1,68097,GBA-ADRA MEMU,,2,,,,0,1,1,0,0
68098,1,68098,ADRA-GBA MEMU,,2,,,,0,1,1,0,0
68101,1,68101,KGP-ADRA MEMU,,2,,,,0,1,1,0,0
68102,1,68102,ADRA-KGP MEMU,,2,,,,0,1,1,0,0
68103,1,68103,MSAE-BQA MEMU,,2,,,,0,1,1,0,0
68104,1,68104,BQA-MSAE MEMU,,2,,,,0,1,1,0,0
68105,1,68105,MSAE-BQA MEMU,,2,,,,0,1,1,0,0
68106,1,68106,BQA-MSAE MEMU,,2,,,,0,1,1,0,0
68107,1,68107,MSAE-BQA MEMU,,2,,,,0,1,1,0,0
68108,1,68108,BQA-MSAE MEMU,,2,,,,0,1,1,0,0
68109,1,68109,SONA-BQA MEMU,,2,,,,0,1,1,0,0
68110,1,68110,BQA-SONA MEMU,,2,,,,0,1,1,0,0
68111,1,68111,MSAE-BQA MEMU,,2,,,,0,1,1,0,0
68112,1,68112,BQA-MSAE MEMU,,2,,,,0,1,1,0,0
68113,1,68113,MCA-DGHA EMU,,2,,,,0,1,1,0,0
68114,1,68114,DGHA-PKU EMU,,2,,,,0,1,1,0,0
68115,1,68115,PKU-DGHA MEMU,,2,,,,0,1,1,0,0
68116,1,68116,DGHA-PKU MEMU,,2,,,,0,1,1,0,0
68117,1,68117,PKU-DGHA EMU,,2,,,,0,1,1,0,0
68118,1,68118,DGHA-MCA EMU,,2,,,,0,1,1,0,0
68119,1,68119,PKU-DGHA EMU,,2,,,,0,1,1,0,0
68120,1,68120,DGHA-PKU EMU,,2,,,,0,1,1,0,0
68121,1,68121,HWH-PRR MEMU,,2,,,,0,1,1,0,0
68122,1,68122,PRR-HWH MEMU,,2,,,,0,1,1,0,0
68123,1,68123,KGP-TATA MEMU PASS,,2,,,,0,1,1,0,0
68124,1,68124,TATA-KGP MEMU PASS,,2,,,,0,1,1,0,0
68125,1,68125,TATA-BBN MEMU PASS,,2,,,,0,1,1,0,0
68126,1,68126,BBN-TATA MEMU PASS,,2,,,,0,1,1,0,0
68127,1,68127,CKU-TATA MEMU,,2,,,,0,1,1,0,0
68128,1,68128,TATA-CKU MEMU,,2,,,,0,1,1,0,0
68129,1,68129,TATA-BMPR MEMU,,2,,,,0,1,1,0,0
68130,1,68130,BMPR-TATA MEMU,,2,,,,0,1,1,0,0
68131,1,68131,TATA-BMPR MEMU,,2,,,,0,1,1,0,0
68132,1,68132,BMPR-TATA MEMU,,2,,,,0,1,1,0,0
68133,1,68133,TATA-BMPR MEMU,,2,,,,0,1,1,0,0
68134,1,68134,BMPR-TATA MEMU,,2,,,,0,1,1,0,0
68135,1,68135,TATA-BMPR MEMU,,2,,,,0,1,1,0,0
68136,1,68136,BMPR-TATA MEMU,,2,,,,0,1,1,0,0
68137,1,68137,TATA-CBSA MEMU,,2,,,,0,1,1,0,0
68138,1,68138,CBSA-TATA MEMU,,2,,,,0,1,1,0,0
68173,1,68173,ROP-VZR MEMU,,2,,,,0,1,1,0,0
68174,1,68174,VZR-ROP MEMU,,2,,,,0,1,1,0,0
68175,1,68175,ROP-VZR MEMU,,2,,,,0,1,1,0,0
68176,1,68176,VZR-ROP MEMU,,2,,,,0,1,1,0,0
68177,1,68177,ROP-BPO MEMU,,2,,,,0,1,1,0,0
68178,1,68178,BGY-BPO MEMU,,2,,,,0,1,1,0,0
68179,1,68179,BPO-BGY MEMU,,2,,,,0,1,1,0,0
68180,1,68180,BPO-BLS MEMU,,2,,,,0,1,1,0,0
68181,1,68181,BLS-BPO MEMU,,2,,,,0,1,1,0,0
68182,1,68182,BGY-BPO MEMU,,2,,,,0,1,1,0,0
68183,1,68183,BPO-BGY MEMU,,2,,,,0,1,1,0,0
68184,1,68184,BPO-ROP MEMU,,2,,,,0,1,1,0,0
68185,1,68185,BLS-GPNB MEMU,,2,,,,0,1,1,0,0
68186,1,68186,GPNB-BLS MEMU,,2,,,,0,1,1,0,0
68187,1,68187,BLS-GPNB MEMU,,2,,,,0,1,1,0,0
68188,1,68188,GPNB-BLS MEMU,,2,,,,0,1,1,0,0
68189,1,68189,BLS-GPNB MEMU,,2,,,,0,1,1,0,0
68190,1,68190,GPNB-BLS MEMU,,2,,,,0,1,1,0,0
68199,1,68199,MSAE-BQA MEMU,,2,,,,0,1,1,0,0
68401,1,68401,CTC-PRDP MEMU,,2,,,,0,1,1,0,0
68402,1,68402,PRDP-CTC MEMU,,2,,,,0,1,1,0,0
68403,1,68403,KUR-PURI MEMU,,2,,,,0,1,1,0,0
68404,1,68404,PURI-KUR MEMU,,2,,,,0,1,1,0,0
68407,1,68407,BLS-BBS MEMU,,2,,,,0,1,1,0,0
68408,1,68408,BBS-BLS MEMU,,2,,,,0,1,1,0,0
68409,1,68409,KUR-PURI MEMU,,2,,,,0,1,1,0,0
68410,1,68410,PURI-KUR MEMU,,2,,,,0,1,1,0,0
68411,1,68411,BBS-BAM MEMU,,2,,,,0,1,1,0,0
68412,1,68412,BAM-BBS MEMU,,2,,,,0,1,1,0,0
68413,1,68413,TLHR-PURI MEMU,,2,,,,0,1,1,0,0
68414,1,68414,PURI-TLHR MEMU,,2,,,,0,1,1,0,0
68415,1,68415,CTC-PURI MEMU,,2,,,,0,1,1,0,0
68416,1,68416,PURI-CTC MEMU,,2,,,,0,1,1,0,0
68419,1,68419,BBS-PSA MEMU,,2,,,,0,1,1,0,0
68420,1,68420,PSA-BBS MEMU,,2,,,,0,1,1,0,0
68421,1,68421,ANGL-PURI MEMU,,2,,,,0,1,1,0,0
68422,1,68422,PURI-ANGL MEMU,,2,,,,0,1,1,0,0
68423,1,68423,BHC-CTC MEMU,,2,,,,0,1,1,0,0
68424,1,68424,CTC-BHC MEMU,,2,,,,0,1,1,0,0
68425,1,68425,KDJR-KUR MEMU,,2,,,,0,1,1,0,0
68426,1,68426,KUR-KDJR MEMU,,2,,,,0,1,1,0,0
68429,1,68429,BBS-DSPL MEMU,,2,,,,0,1,1,0,0
68430,1,68430,DSPL-BBS MEMU,,2,,,,0,1,1,0,0
68433,1,68433,CTC-GNPR MEMU,,2,,,,0,1,1,0,0
68434,1,68434,GNPR-CTC MEMU,,2,,,,0,1,1,0,0
68435,1,68435,CTC-PRDP MEMU,,2,,,,0,1,1,0,0
68436,1,68436,PRDP-CTC MEMU,,2,,,,0,1,1,0,0
68437,1,68437,BHC-CTC MEMU,,2,,,,0,1,1,0,0
68438,1,68438,CTC-BHC MEMU,,2,,,,0,1,1,0,0
68441,1,68441,JER-PURI MEMU,,2,,,,0,1,1,0,0
68442,1,68442,PURI-JER MEMU,,2,,,,0,1,1,0,0
68443,1,68443,BHC-DSPL MEMU,,2,,,,0,1,1,0,0
68444,1,68444,DSPL-BHC MEMU,,2,,,,0,1,1,0,0
68445,1,68445,CTC-PSA PASSENGER,,2,,,,0,1,1,0,0
68446,1,68446,PSA-CTC PASSENGER,,2,,,,0,1,1,0,0
68447,1,68447,KDJR PRDP PASS,,2,,,,0,1,1,0,0
68448,1,68448,PRDP-KDJR MEMU SPLECIAL,,2,,,,0,1,1,0,0
68449,1,68449,PURI-DSPL MEMU,,2,,,,0,1,1,0,0
68450,1,68450,DSPL-PURI MEMU,,2,,,,0,1,1,0,0
68701,1,68701,R-DURG MEMU,,2,,,,0,1,1,0,0
68702,1,68702,DURG-R MEMU,,2,,,,0,1,1,0,0
68703,1,68703,R-DURG MEMU,,2,,,,0,1,1,0,0
68704,1,68704,DURG-R MEMU,,2,,,,0,1,1,0,0
68705,1,68705,R-DGG MEMU,,2,,,,0,1,1,0,0
68706,1,68706,DGG-BSP MEMU,,2,,,,0,1,1,0,0
68707,1,68707,R-DURG MEMU,,2,,,,0,1,1,0,0
68708,1,68708,DURG-R MEMU,,2,,,,0,1,1,0,0
68709,1,68709,R-DGG MEMU,,2,,,,0,1,1,0,0
68710,1,68710,DGG-R MEMU,,2,,,,0,1,1,0,0
68711,1,68711,DGG-G MEMU,,2,,,,0,1,1,0,0
68712,1,68712,G-DGG MEMU,,2,,,,0,1,1,0,0
68713,1,68713,G-NITR MEMU,,2,,,,0,1,1,0,0
68714,1,68714,NITR BTC MEMU,,2,,,,0,1,1,0,0
68715,1,68715,BTC-NITR MEMU,,2,,,,0,1,1,0,0
68716,1,68716,NITR-G MEMU,,2,,,,0,1,1,0,0
68717,1,68717,R-DURG MEMU,,2,,,,0,1,1,0,0
68718,1,68718,DURG-R MEMU,,2,,,,0,1,1,0,0
68719,1,68719,BSP-R MEMU,,2,,,,0,1,1,0,0
68723,1,68723,R-G MEMU,,2,,,,0,1,1,0,0
68724,1,68724,G-R MEMU,,2,,,,0,1,1,0,0
68725,1,68725,R-DURG MEMU,,2,,,,0,1,1,0,0
68726,1,68726,DURG-R MEMU,,2,,,,0,1,1,0,0
68727,1,68727,BSP-R MEMU,,2,,,,0,1,1,0,0
68728,1,68728,R-BSP MEMU,,2,,,,0,1,1,0,0
68729,1,68729,R-DGG MEMU,,2,,,,0,1,1,0,0
68730,1,68730,DGG-R MEMU,,2,,,,0,1,1,0,0
68731,1,68731,KRBA-BSP MEMU,,2,,,,0,1,1,0,0
68732,1,68732,BSP-KRBA MEMU,,2,,,,0,1,1,0,0
68733,1,68733,GAD-BSP MEMU,,2,,,,0,1,1,0,0
68734,1,68734,BSP-GAD MEMU,,2,,,,0,1,1,0,0
68735,1,68735,RIG-BSP MEMU,,2,,,,0,1,1,0,0
68736,1,68736,BSP-RIG MEMU,,2,,,,0,1,1,0,0
68737,1,68737,RIG-BSP MEMU,,2,,,,0,1,1,0,0
68738,1,68738,BSP-RIG MEMU,,2,,,,0,1,1,0,0
68739,1,68739,SDL-BSP MEMU,,2,,,,0,1,1,0,0
68740,1,68740,BSP-SDL MEMU,,2,,,,0,1,1,0,0
68741,1,68741,DURG-G MEMU,,2,,,,0,1,1,0,0
68742,1,68742,G-DURG MEMU,,2,,,,0,1,1,0,0
68743,1,68743,G-NITR MEMU,,2,,,,0,1,1,0,0
68744,1,68744,NITR-G MEMU,,2,,,,0,1,1,0,0
68745,1,68745,GAD-R MEMU,,2,,,,0,1,1,0,0
68746,1,68746,R-GAD MEMU,,2,,,,0,1,1,0,0
68747,1,68747,BSP-KTE MEMU,,2,,,,0,1,1,0,0
68748,1,68748,KTE-BSP MEMU,,2,,,,0,1,1,0,0
68749,1,68749,SDL-ABKP MEMU,,2,,,,0,1,1,0,0
68750,1,68750,ABKP-SDL MEMU,,2,,,,0,1,1,0,0
68751,1,68751,RTK-NITR MEMU,,2,,,,0,1,1,0,0
68754,1,68754,NITR-RTK MEMU,,2,,,,0,1,1,0,0
68755,1,68755,RTK-NITR MEMU,,2,,,,0,1,1,0,0
68756,1,68756,NITR-RTK MEMU,,2,,,,0,1,1,0,0
68757,1,68757,MDGR-ABKP MEMU,,2,,,,0,1,1,0,0
68758,1,68758,ABKP-APR MEMU,,2,,,,0,1,1,0,0
68759,1,68759,APR-MDGR MEMU,,2,,,,0,1,1,0,0
68760,1,68760,R-RIM MEMU,,2,,,,0,1,1,0,0
68761,1,68761,RIM-R MEMU,,2,,,,0,1,1,0,0
68762,1,68762,R-RIM MEMU,,2,,,,0,1,1,0,0
68763,1,68763,RIM-R MEMU,,2,,,,0,1,1,0,0
68764,1,68764,R-TDOK MEMU,,2,,,,0,1,1,0,0
68765,1,68765,TDOK-R MEMU,,2,,,,0,1,1,0,0
68766,1,68766,R-RIM MEMU,,2,,,,0,1,1,0,0
68767,1,68767,RIM-R MEMU,,2,,,,0,1,1,0,0
68801,1,68801,BPQ-G,,2,,,,0,1,1,0,0
68802,1,68802,G-BPQ,,2,,,,0,1,1,0,0
68803,1,68803,BPQ-G,,2,,,,0,1,1,0,0
68804,1,68804,G-BPQ,,2,,,,0,1,1,0,0
68805,1,68805,CAF-G MEMU,,2,,,,0,1,1,0,0
68806,1,68806,G-WSA MEMU,,2,,,,0,1,1,0,0
68808,1,68808,WSA-CAF MEMU,,2,,,,0,1,1,0,0
68809,1,68809,G-TRDI MEMU,,2,,,,0,1,1,0,0
68810,1,68810,TRDI-G MEMU,,2,,,,0,1,1,0,0
68811,1,68811,G-KGE MEMU,,2,,,,0,1,1,0,0
68812,1,68812,KGE-G MEMU,,2,,,,0,1,1,0,0
68813,1,68813,G-TRDI MEMU,,2,,,,0,1,1,0,0
68814,1,68814,TRDI-G MEMU,,2,,,,0,1,1,0,0
68815,1,68815,BPQ-G MEMU,,2,,,,0,1,1,0,0
68816,1,68816,G-BPQ,,2,,,,0,1,1,0,0
68817,1,68817,G-GGGS MEMU,,2,,,,0,1,1,0,0
68818,1,68818,GGGS-G MEMU,,2,,,,0,1,1,0,0
68861,1,68861,G-JSG,,2,,,,0,1,1,0,0
68862,1,68862,JSG-G,,2,,,,0,1,1,0,0
69101,1,69101,BRC-VTA MEMU,,2,,,,0,1,1,0,0
69102,1,69102,VTA-BRC MEMU,,2,,,,0,1,1,0,0
69104,1,69104,ANND-BRC MEMU,,2,,,,0,1,1,0,0
69107,1,69107,BRC-VTA MEMU,,2,,,,0,1,1,0,0
69108,1,69108,VTA-BRC MEMU,,2,,,,0,1,1,0,0
69109,1,69109,ST-BRC MEMU,,2,,,,0,1,1,0,0
69110,1,69110,BRC-BH MEMU,,2,,,,0,1,1,0,0
69111,1,69111,ST-BRC MEMU,,2,,,,0,1,1,0,0
69112,1,69112,BRC-ST MEMU,,2,,,,0,1,1,0,0
69113,1,69113,BRC-VTA MEMU,,2,,,,0,1,1,0,0
69114,1,69114,VTA-BRC MEMU,,2,,,,0,1,1,0,0
69115,1,69115,BRC- VTA MEMU,,2,,,,0,1,1,0,0
69116,1,69116,VTA - ANND MEMU,,2,,,,0,1,1,0,0
69117,1,69117,BRC-DHD MEMU,,2,,,,0,1,1,0,0
69118,1,69118,GDA-BRC MEMU,,2,,,,0,1,1,0,0
69119,1,69119,BRC-DHD MEMU,,2,,,,0,1,1,0,0
69120,1,69120,DHD-BRC MEMU,,2,,,,0,1,1,0,0
69121,1,69121,BRC-GDA MEMU,,2,,,,0,1,1,0,0
69122,1,69122,GDA-BRC MEMU,,2,,,,0,1,1,0,0
69123,1,69123,ANND-GDA MEMU,,2,,,,0,1,1,0,0
69124,1,69124,GDA-ANND MEMU,,2,,,,0,1,1,0,0
69125,1,69125,ANND-GDA MEMU,,2,,,,0,1,1,0,0
69126,1,69126,GDA-ANND MEMU,,2,,,,0,1,1,0,0
69129,1,69129,ANND-VTA MEMU,,2,,,,0,1,1,0,0
69130,1,69130,VTA-ANND MEMU,,2,,,,0,1,1,0,0
69133,1,69133,ANND-DK MEMU,,2,,,,0,1,1,0,0
69134,1,69134,DK-ANND MEMU,,2,,,,0,1,1,0,0
69135,1,69135,ANND-DK MEMU,,2,,,,0,1,1,0,0
69136,1,69136,DK-ANND MEMU,,2,,,,0,1,1,0,0
69139,1,69139,BVI-BL MEMU,,2,,,,0,1,1,0,0
69140,1,69140,ST-VR MEMU,,2,,,,0,1,1,0,0
69141,1,69141,VR-ST MEMU,,2,,,,0,1,1,0,0
69142,1,69142,ST-VR MEMU,,2,,,,0,1,1,0,0
69145,1,69145,ANND-GDA MEMU,,2,,,,0,1,1,0,0
69146,1,69146,GDA-ANND MEMU,,2,,,,0,1,1,0,0
69147,1,69147,ANND-GDA MEMU,,2,,,,0,1,1,0,0
69148,1,69148,GDA-ANND MEMU,,2,,,,0,1,1,0,0
69150,1,69150,BH-ST MEMU,,2,,,,0,1,1,0,0
69151,1,69151,BL-ST MEMU,,2,,,,0,1,1,0,0
69152,1,69152,ST-BL MEMU,,2,,,,0,1,1,0,0
69153,1,69153,UBR-BL MEMU,,2,,,,0,1,1,0,0
69154,1,69154,BL-UBR MEMU,,2,,,,0,1,1,0,0
69157,1,69157,BXN-JAB MEMU,,2,,,,0,1,1,0,0
69158,1,69158,JAB-BXN MEMU,,2,,,,0,1,1,0,0
69159,1,69159,BAYANA - ALWAR JN MEMU,,2,,,,0,1,1,0,0
69160,1,69160,DEEG - BAYANA MEMU,,2,,,,0,1,1,0,0
69161,1,69161,PNVL-DRD MEMU,,2,,,,0,1,1,0,0
69164,1,69164,DRD-PNVL MEMU,,2,,,,0,1,1,0,0
69165,1,69165,PNVL-BSR MEMU,,2,,,,0,1,1,0,0
69166,1,69166,BSR-PNVL MEMU,,2,,,,0,1,1,0,0
69167,1,69167,PNVL-BSR MEMU,,2,,,,0,1,1,0,0
69168,1,69168,BSR-PNVL MEMU,,2,,,,0,1,1,0,0
69169,1,69169,ST-NDB MEMU,,2,,,,0,1,1,0,0
69170,1,69170,NDB-ST MEMU,,2,,,,0,1,1,0,0
69171,1,69171,ST-BH MEMU,,2,,,,0,1,1,0,0
69172,1,69172,BH-ST MEMU,,2,,,,0,1,1,0,0
69173,1,69173,VR-DRD MEMU,,2,,,,0,1,1,0,0
69174,1,69174,DRD-BVI MEMU,,2,,,,0,1,1,0,0
69175,1,69175,BH-ANND MEMU,,2,,,,0,1,1,0,0
69176,1,69176,ANND-BH MEMU,,2,,,,0,1,1,0,0
69177,1,69177,UDN-NDB MEMU,,2,,,,0,1,1,0,0
69178,1,69178,NDB-UDN MEMU,,2,,,,0,1,1,0,0
69181,1,69181,DHD-RTM MEMU,,2,,,,0,1,1,0,0
69182,1,69182,RTM-DHD MEMU,,2,,,,0,1,1,0,0
69183,1,69183,RTM-UJN MEMU,,2,,,,0,1,1,0,0
69184,1,69184,UJN-RTM MEMU,,2,,,,0,1,1,0,0
69185,1,69185,ADI-VG MEMU,,2,,,,0,1,1,0,0
69186,1,69186,VG-ADI MEMU,,2,,,,0,1,1,0,0
69187,1,69187,DHD-RTM MEMU,,2,,,,0,1,1,0,0
69188,1,69188,RTM-DHD MEMU,,2,,,,0,1,1,0,0
69189,1,69189,ANND-GDA MEMU,,2,,,,0,1,1,0,0
69190,1,69190,DHD-ANND MEMU,,2,,,,0,1,1,0,0
69191,1,69191,ANND-GNC MEMU,,2,,,,0,1,1,0,0
69192,1,69192,GNC-ANND MEMU,,2,,,,0,1,1,0,0
69198,1,69198,BH-ST MEMU,,2,,,,0,1,1,0,0
69201,1,69201,PRTN-EKNR MEMU,,2,,,,0,1,1,0,0
69202,1,69202,EKNR-PRTN MEMU,,2,,,,0,1,1,0,0
69203,1,69203,PRTN-EKNR MEMU,,2,,,,0,1,1,0,0
69204,1,69204,EKNR-PRTN MEMU,,2,,,,0,1,1,0,0
69205,1,69205,PRTN-EKNR MEMU,,2,,,,0,1,1,0,0
69206,1,69206,EKNR-PRTN MEMU,,2,,,,0,1,1,0,0
69207,1,69207,GNC-VTDI MEMU,,2,,,,0,1,1,0,0
69208,1,69208,VTDI-GNC MEMU,,2,,,,0,1,1,0,0
69211,1,69211,UJN-INDB MEMU,,2,,,,0,1,1,0,0
69212,1,69212,INDB-UJN MEMU,,2,,,,0,1,1,0,0
69213,1,69213,UJN-INDB MEMU,,2,,,,0,1,1,0,0
69214,1,69214,INDB-UJN MEMU,,2,,,,0,1,1,0,0
69215,1,69215,ANND-CBY MEMU,,2,,,,0,1,1,0,0
69216,1,69216,CBY-ANND MEMU,,2,,,,0,1,1,0,0
69217,1,69217,ANND-CBY MEMU,,2,,,,0,1,1,0,0
69218,1,69218,CBY-ANND MEMU,,2,,,,0,1,1,0,0
69219,1,69219,ANND-CBY MEMU,,2,,,,0,1,1,0,0
69220,1,69220,CBY-ANND MEMU,,2,,,,0,1,1,0,0
69221,1,69221,ANND-CBY MEMU,,2,,,,0,1,1,0,0
69222,1,69222,CBY-ANND MEMU,,2,,,,0,1,1,0,0
69223,1,69223,ANND-CBY MEMU,,2,,,,0,1,1,0,0
69224,1,69224,CBY-ANND MEMU,,2,,,,0,1,1,0,0
69225,1,69225,ANND-CBY MEMU,,2,,,,0,1,1,0,0
69226,1,69226,CBY-ANND MEMU,,2,,,,0,1,1,0,0
69227,1,69227,ANND-CBY MEMU,,2,,,,0,1,1,0,0
69228,1,69228,CBY-ANND MEMU,,2,,,,0,1,1,0,0
69229,1,69229,ANND-CBY MEMU,,2,,,,0,1,1,0,0
69230,1,69230,CBY-ANND MEMU,,2,,,,0,1,1,0,0
69231,1,69231,UJN-COR MEMU,,2,,,,0,1,1,0,0
69232,1,69232,COR-UJN MEMU,,2,,,,0,1,1,0,0
69233,1,69233,BRC-DHD MEMU,,2,,,,0,1,1,0,0
69234,1,69234,DHD-BRC MEMU,,2,,,,0,1,1,0,0
69243,1,69243,ASV-COR MEMU,,2,,,,0,1,1,0,0
69244,1,69244,COR-ASV MEMU,,2,,,,0,1,1,0,0
69245,1,69245,ASV-HMT MEMU,,2,,,,0,1,1,0,0
69246,1,69246,HMT-ASV MEMU,,2,,,,0,1,1,0,0
69249,1,69249,SBIB-KTRD MEMU,,2,,,,0,1,1,0,0
69250,1,69250,KTRD-SBIB MEMU,,2,,,,0,1,1,0,0
70101,1,70101,MAO-KAWR MEMU,,2,,,,0,1,1,0,0
70102,1,70102,KAWR-MAO MEMU,,2,,,,0,1,1,0,0
71401,1,71401,PUNE-DD DMU,,2,,,,0,1,1,0,0
71402,1,71402,DD-PUNE DMU,,2,,,,0,1,1,0,0
71403,1,71403,DD-BRMT MEMU,,2,,,,0,1,1,0,0
71404,1,71404,DD-PUNE DEMU,,2,,,,0,1,1,0,0
71405,1,71405,PUNE-DD DEMU,,2,,,,0,1,1,0,0
71406,1,71406,BRMT-PUNE DEMU,,2,,,,0,1,1,0,0
71407,1,71407,PUNE-DD DEMU,,2,,,,0,1,1,0,0
71408,1,71408,DD-PUNE DEMU,,2,,,,0,1,1,0,0
71409,1,71409,DD-BRMT DMU,,2,,,,0,1,1,0,0
71410,1,71410,BRMT-PUNE DEMU,,2,,,,0,1,1,0,0
71411,1,71411,PUNE-BRMT DEMU,,2,,,,0,1,1,0,0
71412,1,71412,BRMT-DD DEMU,,2,,,,0,1,1,0,0
71413,1,71413,PUNE-DD DEMU,,2,,,,0,1,1,0,0
71415,1,71415,PUNE-PLLD DMU,,2,,,,0,1,1,0,0
71416,1,71416,PLLD-PUNE DMU,,2,,,,0,1,1,0,0
71417,1,71417,LNN-PLLD DMU,,2,,,,0,1,1,0,0
71418,1,71418,PLLD-LNN DMU,,2,,,,0,1,1,0,0
71419,1,71419,PUNE-STR DMU,,2,,,,0,1,1,0,0
71420,1,71420,STR-PUNE DMU,,2,,,,0,1,1,0,0
71421,1,71421,KWV-MRJ DMU,,2,,,,0,1,1,0,0
71422,1,71422,MRJ-KWV DMU,,2,,,,0,1,1,0,0
71423,1,71423,STR-KOP DMU,,2,,,,0,1,1,0,0
71424,1,71424,KOP-STR DMU,,2,,,,0,1,1,0,0
71425,1,71425,MRJ-KOP DMU,,2,,,,0,1,1,0,0
71426,1,71426,KOP-MRJ DMU,,2,,,,0,1,1,0,0
71427,1,71427,MRJ-KOP DMU,,2,,,,0,1,1,0,0
71428,1,71428,KOP-MRJ DMU,,2,,,,0,1,1,0,0
71429,1,71429,MRJ-KOP DMU,,2,,,,0,1,1,0,0
71430,1,71430,KOP-SLI DMU,,2,,,,0,1,1,0,0
71431,1,71431,SLI - MRJ DMU,,2,,,,0,1,1,0,0
71433,1,71433,DD-SUR DEMU,,2,,,,0,1,1,0,0
71434,1,71434,SUR-DD DMU,,2,,,,0,1,1,0,0
71435,1,71435,SUR-KLBG DEMU,,2,,,,0,1,1,0,0
71436,1,71436,KLBG-SUR DEMU,,2,,,,0,1,1,0,0
71441,1,71441,ANG-BEED DMU,,2,,,,0,1,1,0,0
71442,1,71442,BEED-ANG DMU,,2,,,,0,1,1,0,0
71451,1,71451,SUR-WADI DEMU,,2,,,,0,1,1,0,0
71452,1,71452,WADI-SUR DMU,,2,,,,0,1,1,0,0
73401,1,73401,GODA-BGP DEMU PGR,,2,,,,0,1,1,0,0
73402,1,73402,BGP-GODA DEMU PGR,,2,,,,0,1,1,0,0
73411,1,73411,GODA-HSDA DEMU PGR,,2,,,,0,1,1,0,0
73412,1,73412,HSDA-GODA DEMU PGR,,2,,,,0,1,1,0,0
73419,1,73419,SBG-BGP DEMU PGR,,2,,,,0,1,1,0,0
73420,1,73420,BGP-SBG DEMU PGR,,2,,,,0,1,1,0,0
73421,1,73421,JMP-KIUL DEMU PGR,,2,,,,0,1,1,0,0
73422,1,73422,KIUL-JMP DEMU PGR,,2,,,,0,1,1,0,0
73425,1,73425,JMP-KIUL DEMU PGR,,2,,,,0,1,1,0,0
73426,1,73426,KIUL-JMP DEMU PGR,,2,,,,0,1,1,0,0
73427,1,73427,JMP-KIUL DEMU PGR,,2,,,,0,1,1,0,0
73428,1,73428,KIUL-JMP DEMU PGR,,2,,,,0,1,1,0,0
73429,1,73429,BGP-JMP DEMU PGR,,2,,,,0,1,1,0,0
73430,1,73430,JMP-BGP DEMU PGR,,2,,,,0,1,1,0,0
73435,1,73435,BGP-JMP DEMU PGR,,2,,,,0,1,1,0,0
73436,1,73436,JMP-BGP DEMU PGR,,2,,,,0,1,1,0,0
73441,1,73441,HSDA-BGP DEMU PGR,,2,,,,0,1,1,0,0
73442,1,73442,BGP-HSDA DEMU PGR,,2,,,,0,1,1,0,0
73443,1,73443,HSDA-BGP DEMU PGR,,2,,,,0,1,1,0,0
73444,1,73444,BGP-HSDA DEMU PGR,,2,,,,0,1,1,0,0
73445,1,73445,HSDA-BGP DEMU PGR,,2,,,,0,1,1,0,0
73446,1,73446,BGP-HSDA DEMU PGR,,2,,,,0,1,1,0,0
73447,1,73447,BAKA-BGP DEMU PGR,,2,,,,0,1,1,0,0
73448,1,73448,BGP-BAKA DEMU PGR,,2,,,,0,1,1,0,0
73449,1,73449,BAKA-BGP DEMU PGR,,2,,,,0,1,1,0,0
73450,1,73450,BGP-BAKA DEMU PGR,,2,,,,0,1,1,0,0
73451,1,73451,TIL-JMP DMU PGR,,2,,,,0,1,1,0,0
73452,1,73452,JMP-TIL DMU,,2,,,,0,1,1,0,0
73453,1,73453,TIL-JMP DMU PGR,,2,,,,0,1,1,0,0
73454,1,73454,JMP-TIL DMU PGR,,2,,,,0,1,1,0,0
73461,1,73461,MSK-JMP DMU PGR,,2,,,,0,1,1,0,0
73462,1,73462,JMP-MSK DMU,,2,,,,0,1,1,0,0
73463,1,73463,KGG-JMP DMU PGR,,2,,,,0,1,1,0,0
73464,1,73464,JMP-KGG DMU PGR,,2,,,,0,1,1,0,0
73471,1,73471,DUMK-HSDA DEMU PGR,,2,,,,0,1,1,0,0
73472,1,73472,HSDA-DUMK DEMU PGR,,2,,,,0,1,1,0,0
73481,1,73481,DUMK-JSME DMU,,2,,,,0,1,1,0,0
73482,1,73482,JSME-DUMK DMU,,2,,,,0,1,1,0,0
73483,1,73483,DUMK-JSME DMU,,2,,,,0,1,1,0,0
73484,1,73484,JSME-DUMK DMU,,2,,,,0,1,1,0,0
73491,1,73491,DUMK-GODA DEMU PGR,,2,,,,0,1,1,0,0
73492,1,73492,GODA-DUMK DEMU PGR,,2,,,,0,1,1,0,0
73493,1,73493,DUMK-GODA DEMU PGR,,2,,,,0,1,1,0,0
73494,1,73494,GODA-DUMK DEMU PGR,,2,,,,0,1,1,0,0
74001,1,74001,DLI-RE DMU,,2,,,,0,1,1,0,0
74002,1,74002,RE-DLI DMU,,2,,,,0,1,1,0,0
74003,1,74003,DLI-RE DMU,,2,,,,0,1,1,0,0
74004,1,74004,RE-DLI DMU,,2,,,,0,1,1,0,0
74009,1,74009,SNP-JIND,,2,,,,0,1,1,0,0
74010,1,74010,JIND-SNP,,2,,,,0,1,1,0,0
74011,1,74011,DLI-ROK DMU,,2,,,,0,1,1,0,0
74012,1,74012,ROK-DLI DMU,,2,,,,0,1,1,0,0
74013,1,74013,ROK-HNS DMU,,2,,,,0,1,1,0,0
74014,1,74014,HNS-ROK DMU,,2,,,,0,1,1,0,0
74015,1,74015,RE-JIND DMU,,2,,,,0,1,1,0,0
74016,1,74016,JIND-RE DMU,,2,,,,0,1,1,0,0
74017,1,74017,RE-ROK DMU,,2,,,,0,1,1,0,0
74018,1,74018,ROK-RE DMU,,2,,,,0,1,1,0,0
74019,1,74019,SNP-JIND DMU,,2,,,,0,1,1,0,0
74020,1,74020,JIND-SNP DMU,,2,,,,0,1,1,0,0
74021,1,74021,DLI-SRE DMU,,2,,,,0,1,1,0,0
74022,1,74022,SMQL-DLI DMU,,2,,,,0,1,1,0,0
74023,1,74023,DLI-SMQL DMU,,2,,,,0,1,1,0,0
74024,1,74024,SRE-DLI DMU,,2,,,,0,1,1,0,0
74029,1,74029,SNP-JIND DMU,,2,,,,0,1,1,0,0
74030,1,74030,JIND-SNP DMU,,2,,,,0,1,1,0,0
74031,1,74031,GHH-FN DMU,,2,,,,0,1,1,0,0
74032,1,74032,FN-DEE DMU,,2,,,,0,1,1,0,0
74033,1,74033,DEE-FN DMU,,2,,,,0,1,1,0,0
74036,1,74036,FN-DEE DMU,,2,,,,0,1,1,0,0
74037,1,74037,DEE-FN DMU,,2,,,,0,1,1,0,0
74038,1,74038,FN-GHH DMU,,2,,,,0,1,1,0,0
74039,1,74039,SNP-JIND DMU,,2,,,,0,1,1,0,0
74040,1,74040,JIND-SNP DMU,,2,,,,0,1,1,0,0
74041,1,74041,DLI-RGS DMU,,2,,,,0,1,1,0,0
74042,1,74042,RGS-DLI DMU,,2,,,,0,1,1,0,0
74301,1,74301,SHTS-MB DMU,,2,,,,0,1,1,0,0
74302,1,74302,MB-SHTS DMU,,2,,,,0,1,1,0,0
74303,1,74303,SHTS-MB DMU,,2,,,,0,1,1,0,0
74304,1,74304,MB-SHTS DMU,,2,,,,0,1,1,0,0
74601,1,74601,BEAS-TTO DMU,,2,,,,0,1,1,0,0
74602,1,74602,TTO-BEAS DMU,,2,,,,0,1,1,0,0
74603,1,74603,BEAS-TTO DMU,,2,,,,0,1,1,0,0
74604,1,74604,TTO-BEAS DMU,,2,,,,0,1,1,0,0
74605,1,74605,BEAS-TTO DMU,,2,,,,0,1,1,0,0
74606,1,74606,TTO-BEAS DMU,,2,,,,0,1,1,0,0
74607,1,74607,BEAS-TTO DMU,,2,,,,0,1,1,0,0
74608,1,74608,TTO-BEAS MEMU,,2,,,,0,1,1,0,0
74613,1,74613,BDGM-BRML DMU,,2,,,,0,1,1,0,0
74614,1,74614,BRML-BAHL DMU,,2,,,,0,1,1,0,0
74615,1,74615,BAHL-BRML DMU,,2,,,,0,1,1,0,0
74617,1,74617,BAHL-BDGM DMU,,2,,,,0,1,1,0,0
74618,1,74618,BRML-BDGM DMU,,2,,,,0,1,1,0,0
74619,1,74619,BAHL-BDGM DMU,,2,,,,0,1,1,0,0
74620,1,74620,BRML-BAHL DMU,,2,,,,0,1,1,0,0
74621,1,74621,BDGM-BRML DMU,,2,,,,0,1,1,0,0
74622,1,74622,BRML-BAHL DMU,,2,,,,0,1,1,0,0
74623,1,74623,BAHL-BRML,,2,,,,0,1,1,0,0
74624,1,74624,BRML-BDGM DMU,,2,,,,0,1,1,0,0
74625,1,74625,BAHL-BRML DMU,,2,,,,0,1,1,0,0
74626,1,74626,BRML-SGDN DMU,,2,,,,0,1,1,0,0
74628,1,74628,BDGM-BAHL DMU,,2,,,,0,1,1,0,0
74630,1,74630,BRML-BAHL DMU,,2,,,,0,1,1,0,0
74631,1,74631,SGDN-BRML-DMU,,2,,,,0,1,1,0,0
74632,1,74632,BRML-BDGM DMU,,2,,,,0,1,1,0,0
74641,1,74641,JUC-ASR DMU,,2,,,,0,1,1,0,0
74644,1,74644,ASR-JUC DMU,,2,,,,0,1,1,0,0
74645,1,74645,UMB-JUC DMU,,2,,,,0,1,1,0,0
74646,1,74646,JUC-UMB DMU,,2,,,,0,1,1,0,0
74651,1,74651,ASR-DBNK DMU,,2,,,,0,1,1,0,0
74652,1,74652,DBNK-VKA DMU,,2,,,,0,1,1,0,0
74653,1,74653,VKA-DBNK DMU,,2,,,,0,1,1,0,0
74654,1,74654,DBNK-ASR DMU,,2,,,,0,1,1,0,0
74655,1,74655,ASR-DBNK DMU,,2,,,,0,1,1,0,0
74656,1,74656,DBNK-VKA DMU,,2,,,,0,1,1,0,0
74657,1,74657,VKA-DBNK DMU,,2,,,,0,1,1,0,0
74658,1,74658,DBNK-ASR DMU,,2,,,,0,1,1,0,0
74661,1,74661,ASR-ATT DMU,,2,,,,0,1,1,0,0
74662,1,74662,ATT-ASR DMU,,2,,,,0,1,1,0,0
74663,1,74663,ASR-ATT DMU,,2,,,,0,1,1,0,0
74664,1,74664,ATT-ASR DMU,,2,,,,0,1,1,0,0
74671,1,74671,ASR-PTK DMU,,2,,,,0,1,1,0,0
74672,1,74672,PTK-ASR DMU,,2,,,,0,1,1,0,0
74673,1,74673,VKA-PTK DMU,,2,,,,0,1,1,0,0
74674,1,74674,PTK-VKA DMU,,2,,,,0,1,1,0,0
74675,1,74675,ASR-PTK DMU,,2,,,,0,1,1,0,0
74676,1,74676,PTK-ASR DMU,,2,,,,0,1,1,0,0
74681,1,74681,KEMK-ASR DMU,,2,,,,0,1,1,0,0
74682,1,74682,ASR-KEMK DMU,,2,,,,0,1,1,0,0
74683,1,74683,KEMK-BGTN DMU,,2,,,,0,1,1,0,0
74684,1,74684,ASR-KEMK DMU,,2,,,,0,1,1,0,0
74685,1,74685,KEMK-BGTN DMU,,2,,,,0,1,1,0,0
74686,1,74686,BGTN-KEMK DMU,,2,,,,0,1,1,0,0
74687,1,74687,KEMK-ASR DMU,,2,,,,0,1,1,0,0
74688,1,74688,BGTN-KEMK DMU,,2,,,,0,1,1,0,0
74691,1,74691,ASR-QDN DMU,,2,,,,0,1,1,0,0
74692,1,74692,QDN-ASR DMU,,2,,,,0,1,1,0,0
74801,1,74801,MEC-MTD DMU,,2,,,,0,1,1,0,0
74802,1,74802,MTD-MEC DMU,,2,,,,0,1,1,0,0
74811,1,74811,MEC-MTD DMU,,2,,,,0,1,1,0,0
74812,1,74812,MTD-MEC DMU,,2,,,,0,1,1,0,0
74827,1,74827,MERTA ROAD - RATANGARH DE,,2,,,,0,1,1,0,0
74828,1,74828,RATANGARH MERTA ROAD DMU,,2,,,,0,1,1,0,0
74829,1,74829,RTGH-CUR DMU,,2,,,,0,1,1,0,0
74830,1,74830,CUR-RTGH DMU,,2,,,,0,1,1,0,0
74831,1,74831,BKN-CUR DMU,,2,,,,0,1,1,0,0
74832,1,74832,CUR-BKN DMU,,2,,,,0,1,1,0,0
74833,1,74833,SIKR-LHU PASSENGER,,2,,,,0,1,1,0,0
74834,1,74834,LHU-SIKR PASSENGER,,2,,,,0,1,1,0,0
74835,1,74835,SIKR-JP DMU,,2,,,,0,1,1,0,0
74836,1,74836,JP-SIKR DMU PE,,2,,,,0,1,1,0,0
74839,1,74839,BGKT-BME DMU,,2,,,,0,1,1,0,0
74840,1,74840,BME-BGKT DMU,,2,,,,0,1,1,0,0
74841,1,74841,BGKT-BLDI DMU,,2,,,,0,1,1,0,0
74842,1,74842,BLDI-BGKT DMU,,2,,,,0,1,1,0,0
74843,1,74843,JSM-BGKT DMU,,2,,,,0,1,1,0,0
74844,1,74844,BGKT-JSM DMU,,2,,,,0,1,1,0,0
74845,1,74845,PBC-MKN DMU,,2,,,,0,1,1,0,0
74846,1,74846,MKN-PBC DMU,,2,,,,0,1,1,0,0
74849,1,74849,RTGH-SRDR DMU,,2,,,,0,1,1,0,0
74850,1,74850,SRDR-RTGH DMU,,2,,,,0,1,1,0,0
74851,1,74851,RTGH-SRDR DMU,,2,,,,0,1,1,0,0
74852,1,74852,SRDR-RTGH DMU,,2,,,,0,1,1,0,0
74853,1,74853,RTGH-SRDR DMU,,2,,,,0,1,1,0,0
74854,1,74854,SRDR-RTGH DMU,,2,,,,0,1,1,0,0
74855,1,74855,BKN-RTGH DMU,,2,,,,0,1,1,0,0
74856,1,74856,RTGH-BKN DMU,,2,,,,0,1,1,0,0
74857,1,74857,SIKR-CUR DMU,,2,,,,0,1,1,0,0
74858,1,74858,CUR-SIKR DMU,,2,,,,0,1,1,0,0
74859,1,74859,SIKR-CUR DMU,,2,,,,0,1,1,0,0
74860,1,74860,CUR-SIKR DMU,,2,,,,0,1,1,0,0
74861,1,74861,JP-CUR DMU,,2,,,,0,1,1,0,0
74862,1,74862,CUR-JP DMU,,2,,,,0,1,1,0,0
74901,1,74901,JUC-PTK DMU,,2,,,,0,1,1,0,0
74902,1,74902,PTK-JUC DMU,,2,,,,0,1,1,0,0
74903,1,74903,JUC-PTK DMU,,2,,,,0,1,1,0,0
74904,1,74904,PTK-JUC DMU,,2,,,,0,1,1,0,0
74906,1,74906,MCTM-PTK DMU,,2,,,,0,1,1,0,0
74907,1,74907,PTK-MCTM DMU,,2,,,,0,1,1,0,0
74909,1,74909,PTK-MCTM DMU,,2,,,,0,1,1,0,0
74910,1,74910,MCTM-PTK DMU,,2,,,,0,1,1,0,0
74913,1,74913,HSX-JUC DMU,,2,,,,0,1,1,0,0
74914,1,74914,JUC-HSX DMU,,2,,,,0,1,1,0,0
74915,1,74915,HSX-JUC DMU,,2,,,,0,1,1,0,0
74916,1,74916,JUC-HSX DMU,,2,,,,0,1,1,0,0
74917,1,74917,HSX-JUC DMU,,2,,,,0,1,1,0,0
74918,1,74918,JUC-HSX DMU,,2,,,,0,1,1,0,0
74919,1,74919,HSX-JUC DMU,,2,,,,0,1,1,0,0
74920,1,74920,JUC-HSX DMU,,2,,,,0,1,1,0,0
74923,1,74923,HSX-JUC DMU,,2,,,,0,1,1,0,0
74924,1,74924,JUC-HSX DMU,,2,,,,0,1,1,0,0
74931,1,74931,JUC-FZR DMU,,2,,,,0,1,1,0,0
74932,1,74932,FZR-JUC DMU,,2,,,,0,1,1,0,0
74933,1,74933,JUC-FZR DMU,,2,,,,0,1,1,0,0
74934,1,74934,FZR-JUC DMU,,2,,,,0,1,1,0,0
74935,1,74935,JUC-FZR DMU,,2,,,,0,1,1,0,0
74936,1,74936,FZR-JUC DMU,,2,,,,0,1,1,0,0
74937,1,74937,JUC-FZR DMU,,2,,,,0,1,1,0,0
74938,1,74938,FZR-JUC DMU,,2,,,,0,1,1,0,0
74939,1,74939,JUC-FZR DMU,,2,,,,0,1,1,0,0
74940,1,74940,FZR-JUC DMU,,2,,,,0,1,1,0,0
74941,1,74941,NRO-JUC DMU,,2,,,,0,1,1,0,0
74942,1,74942,JUC-NRO DMU,,2,,,,0,1,1,0,0
74943,1,74943,NRO-JUC DMU,,2,,,,0,1,1,0,0
74944,1,74944,JUC-NRO DMU,,2,,,,0,1,1,0,0
74945,1,74945,NRO-JUC DMU,,2,,,,0,1,1,0,0
74946,1,74946,JUC-NRO DMU,,2,,,,0,1,1,0,0
74947,1,74947,NRO-JUC DMU,,2,,,,0,1,1,0,0
74948,1,74948,JUC-NRO DMU,,2,,,,0,1,1,0,0
74951,1,74951,JJJ-PGW DMU,,2,,,,0,1,1,0,0
74952,1,74952,JUC-NSS DMU,,2,,,,0,1,1,0,0
74953,1,74953,NSS-JUC DMU,,2,,,,0,1,1,0,0
74954,1,74954,PGW-JJJ DMU,,2,,,,0,1,1,0,0
74961,1,74961,LDH-FZR DMU,,2,,,,0,1,1,0,0
74962,1,74962,FZR-LDH DMU,,2,,,,0,1,1,0,0
74963,1,74963,LDH-FZR DMU,,2,,,,0,1,1,0,0
74964,1,74964,FZR-LDH DMU,,2,,,,0,1,1,0,0
74965,1,74965,LDH-LNK DMU,,2,,,,0,1,1,0,0
74966,1,74966,LNK-LDH DMU,,2,,,,0,1,1,0,0
74967,1,74967,LDH-LNK DMU,,2,,,,0,1,1,0,0
74968,1,74968,LNK-PHR DMU,,2,,,,0,1,1,0,0
74969,1,74969,PHR-LNK DMU,,2,,,,0,1,1,0,0
74970,1,74970,LNK-LDH DMU,,2,,,,0,1,1,0,0
74971,1,74971,FZR-FKA DMU,,2,,,,0,1,1,0,0
74972,1,74972,FKA-FZR DMU,,2,,,,0,1,1,0,0
74973,1,74973,FZR-FKA DMU,,2,,,,0,1,1,0,0
74974,1,74974,FKA-FZR DMU,,2,,,,0,1,1,0,0
74975,1,74975,FZR-FKA DMU,,2,,,,0,1,1,0,0
74976,1,74976,FKA-FZR DMU,,2,,,,0,1,1,0,0
74977,1,74977,FZR-FKA DMU,,2,,,,0,1,1,0,0
74978,1,74978,FKA-FZR DMU,,2,,,,0,1,1,0,0
74981,1,74981,KKP-FKA DMU,,2,,,,0,1,1,0,0
74982,1,74982,FKA-KKP DMU,,2,,,,0,1,1,0,0
74983,1,74983,KKP-FKA DMU,,2,,,,0,1,1,0,0
74984,1,74984,FKA-KKP DMU,,2,,,,0,1,1,0,0
74985,1,74985,BTI-FKA DMU,,2,,,,0,1,1,0,0
74986,1,74986,FKA-BTI DMU,,2,,,,0,1,1,0,0
74987,1,74987,BTI-FKA DMU,,2,,,,0,1,1,0,0
74988,1,74988,FKA-BTI DMU,,2,,,,0,1,1,0,0
74991,1,74991,UMB- DLPC DMU,,2,,,,0,1,1,0,0
74992,1,74992,DLPC-UMB DMU,,2,,,,0,1,1,0,0
75101,1,75101,CPR-ARJ DMU,,2,,,,0,1,1,0,0
75102,1,75102,ARJ-CPR DMU,,2,,,,0,1,1,0,0
75103,1,75103,CPR-THE DMU,,2,,,,0,1,1,0,0
75104,1,75104,THE-CPR DMU,,2,,,,0,1,1,0,0
75105,1,75105,THE-JEA DMU,,2,,,,0,1,1,0,0
75106,1,75106,GKP-THE DMU,,2,,,,0,1,1,0,0
75107,1,75107,JEA-GD DMU,,2,,,,0,1,1,0,0
75108,1,75108,GD-JEA DMU,,2,,,,0,1,1,0,0
75109,1,75109,GD-BRK DMU,,2,,,,0,1,1,0,0
75110,1,75110,BRK-GD DMU,,2,,,,0,1,1,0,0
75111,1,75111,GD-BRK DMU,,2,,,,0,1,1,0,0
75112,1,75112,BRK-GD DMU,,2,,,,0,1,1,0,0
75113,1,75113,GD-BRK DMU,,2,,,,0,1,1,0,0
75114,1,75114,BRK-GD DMU,,2,,,,0,1,1,0,0
75115,1,75115,JEA-NTV DMU,,2,,,,0,1,1,0,0
75116,1,75116,NTV-GKP DMU,,2,,,,0,1,1,0,0
75117,1,75117,GKP-BNY DMU,,2,,,,0,1,1,0,0
75118,1,75118,BNY-GKP DMU,,2,,,,0,1,1,0,0
75201,1,75201,FBG-SHC DMU,,2,,,,0,1,1,0,0
75202,1,75202,SHC-FBG DMU,,2,,,,0,1,1,0,0
75203,1,75203,SEE-PCDR DMU,,2,,,,0,1,1,0,0
75204,1,75204,PCDR-SEE DMU,,2,,,,0,1,1,0,0
75205,1,75205,LLP-SRGR-SHC DMU,,2,,,,0,1,1,0,0
75206,1,75206,SHC-SRGR-LLP  DMU,,2,,,,0,1,1,0,0
75207,1,75207,SPJ-MFP DMU,,2,,,,0,1,1,0,0
75208,1,75208,MFP-SPJ DMU,,2,,,,0,1,1,0,0
75209,1,75209,SPJ-JYG DMU,,2,,,,0,1,1,0,0
75210,1,75210,JYG-SPJ DMU,,2,,,,0,1,1,0,0
75211,1,75211,SPJ-SEE DMU,,2,,,,0,1,1,0,0
75212,1,75212,SEE-SPJ DMU,,2,,,,0,1,1,0,0
75213,1,75213,RXL-MAI DMU,,2,,,,0,1,1,0,0
75214,1,75214,MAI-RXL DMU,,2,,,,0,1,1,0,0
75215,1,75215,JYG-RXL DMU,,2,,,,0,1,1,0,0
75216,1,75216,RXL-JYG DEMU,,2,,,,0,1,1,0,0
75217,1,75217,DBG-FBG DMU,,2,,,,0,1,1,0,0
75218,1,75218,FBG-DBG DMU,,2,,,,0,1,1,0,0
75219,1,75219,DEIA-VSHI-SEE DMU,,2,,,,0,1,1,0,0
75220,1,75220,SEE-VSHI-DEIA DMU,,2,,,,0,1,1,0,0
75221,1,75221,DEIA-VSHI-SEE DMU,,2,,,,0,1,1,0,0
75222,1,75222,SEE-VSHI-DEIA DMU,,2,,,,0,1,1,0,0
75223,1,75223,BHGJ-PRNC DMU,,2,,,,0,1,1,0,0
75224,1,75224,PRNC-BHGJ DMU,,2,,,,0,1,1,0,0
75225,1,75225,PRNC-SHC DMU,,2,,,,0,1,1,0,0
75226,1,75226,SHC-PRNC DMU,,2,,,,0,1,1,0,0
75229,1,75229,DBG-RXL DMU,,2,,,,0,1,1,0,0
75230,1,75230,RXL-DBG DMU,,2,,,,0,1,1,0,0
75235,1,75235,RXL-NKE DMU,,2,,,,0,1,1,0,0
75236,1,75236,NKE-RXL DMU,,2,,,,0,1,1,0,0
75239,1,75239,BJU-SPJ DMU,,2,,,,0,1,1,0,0
75240,1,75240,SPJ-BJU DMU,,2,,,,0,1,1,0,0
75245,1,75245,BJU-SEE DMU,,2,,,,0,1,1,0,0
75246,1,75246,SEE-BJU DMU,,2,,,,0,1,1,0,0
75253,1,75253,SPJ-DBG DMU,,2,,,,0,1,1,0,0
75254,1,75254,DBG-SPJ DMU,,2,,,,0,1,1,0,0
75257,1,75257,PRNA-SHC DMU,,2,,,,0,1,1,0,0
75258,1,75258,SHC-PRNA DMU,,2,,,,0,1,1,0,0
75259,1,75259,PRNA-SHC DMU,,2,,,,0,1,1,0,0
75260,1,75260,SHC-PRNA DMU,,2,,,,0,1,1,0,0
75261,1,75261,PRNA-SHC DMU,,2,,,,0,1,1,0,0
75262,1,75262,SHC-PRNA DMU,,2,,,,0,1,1,0,0
75263,1,75263,BHGJ-SHC DMU,,2,,,,0,1,1,0,0
75264,1,75264,SHC-BHGJ DMU,,2,,,,0,1,1,0,0
75265,1,75265,BHGJ-PRNC DMU,,2,,,,0,1,1,0,0
75266,1,75266,PRNC-BHGJ DMU,,2,,,,0,1,1,0,0
75267,1,75267,SEE-CPR DMU,,2,,,,0,1,1,0,0
75268,1,75268,CPR-SEE DMU,,2,,,,0,1,1,0,0
75269,1,75269,SEE-CPR DMU,,2,,,,0,1,1,0,0
75270,1,75270,CPR-SEE DMU,,2,,,,0,1,1,0,0
75280,1,75280,HRGR-DBG DMU,,2,,,,0,1,1,0,0
75287,1,75287,SHC-SPJ DMU,,2,,,,0,1,1,0,0
75288,1,75288,SPJ-SHC DMU,,2,,,,0,1,1,0,0
75291,1,75291,DBG-HRGR DMU,,2,,,,0,1,1,0,0
75293,1,75293,DBG-HRGR DMU,,2,,,,0,1,1,0,0
75294,1,75294,HRGR-DBG DMU,,2,,,,0,1,1,0,0
75301,1,75301,IZN-TPU DMU,,2,,,,0,1,1,0,0
75302,1,75302,TPU-BC DMU,,2,,,,0,1,1,0,0
75303,1,75303,BC-PBE DMU,,2,,,,0,1,1,0,0
75304,1,75304,PBE-IZN DMU,,2,,,,0,1,1,0,0
75601,1,75601,LMG-TSK EXPRESS,,2,,,,0,1,1,0,0
75602,1,75602,TSK-LMG EXPRESS,,2,,,,0,1,1,0,0
75679,1,75679,AGTL-KXJ MEMU,,2,,,,0,1,1,0,0
75680,1,75680,KXJ-AGTL MEMU,,2,,,,0,1,1,0,0
75681,1,75681,SBRM-AGTL DMU,,2,,,,0,1,1,0,0
75682,1,75682,AGTL-SBRM DMU,,2,,,,0,1,1,0,0
75683,1,75683,SBRM-AGTL DMU,,2,,,,0,1,1,0,0
75684,1,75684,AGTL-SBRM DMU,,2,,,,0,1,1,0,0
75687,1,75687,SBRM-AGTL DMU,,2,,,,0,1,1,0,0
75688,1,75688,AGTL-SBRM DMU,,2,,,,0,1,1,0,0
75689,1,75689,SBRM-AGTL DMU,,2,,,,0,1,1,0,0
75690,1,75690,AGTL-SBRM DMU,,2,,,,0,1,1,0,0
75705,1,75705,RDP-SGUJ IC EXPRESS,,2,,,,0,1,1,0,0
75706,1,75706,SGUJ-RDP IC EXPRESS,,2,,,,0,1,1,0,0
75707,1,75707,RDP-SGUJ DMU,,2,,,,0,1,1,0,0
75708,1,75708,SGUJ-RDP DMU,,2,,,,0,1,1,0,0
75709,1,75709,NJP-HDB DMU,,2,,,,0,1,1,0,0
75710,1,75710,HDB-NJP DMU,,2,,,,0,1,1,0,0
75711,1,75711,NJP-HDB DMU,,2,,,,0,1,1,0,0
75712,1,75712,HDB-NJP DMU,,2,,,,0,1,1,0,0
75713,1,75713,SGUJ-BXT DMU,,2,,,,0,1,1,0,0
75714,1,75714,BXT-SGUJ DMU,,2,,,,0,1,1,0,0
75719,1,75719,MLFC-SGUJ DMU,,2,,,,0,1,1,0,0
75720,1,75720,SGUJ-MLFC DMU,,2,,,,0,1,1,0,0
75721,1,75721,SGUJ-HDB DMU,,2,,,,0,1,1,0,0
75722,1,75722,HDB-SGUJ DMU,,2,,,,0,1,1,0,0
75723,1,75723,NBQ-GHY DMU,,2,,,,0,1,1,0,0
75724,1,75724,GHY-NBQ DMU,,2,,,,0,1,1,0,0
75725,1,75725,SGUJ-NBQ DMU,,2,,,,0,1,1,0,0
75726,1,75726,NBQ-SGUJ DMU,,2,,,,0,1,1,0,0
75727,1,75727,GHY-HBN DMU,,2,,,,0,1,1,0,0
75728,1,75728,HBN-GHY DMU,,2,,,,0,1,1,0,0
75729,1,75729,GHY-SHTT DMU,,2,,,,0,1,1,0,0
75730,1,75730,SHTT-GHY DMU,,2,,,,0,1,1,0,0
75733,1,75733,TNPR-KIR DMU,,2,,,,0,1,1,0,0
75734,1,75734,KIR-TNPR DMU,,2,,,,0,1,1,0,0
75735,1,75735,TNPR-KIR DMU,,2,,,,0,1,1,0,0
75736,1,75736,KIR-TNPR DMU,,2,,,,0,1,1,0,0
75737,1,75737,TNPR-KIR DMU,,2,,,,0,1,1,0,0
75738,1,75738,KIR-TNPR DMU,,2,,,,0,1,1,0,0
75741,1,75741,SGUJ-DBB IC EXPRESS,,2,,,,0,1,1,0,0
75742,1,75742,DBB-SGUJ IC EXPRESS,,2,,,,0,1,1,0,0
75743,1,75743,KIR-SGUJ DMU,,2,,,,0,1,1,0,0
75744,1,75744,SGUJ-KIR DMU,,2,,,,0,1,1,0,0
75745,1,75745,KIR-JBN DMU,,2,,,,0,1,1,0,0
75746,1,75746,JBN-KIR DMU,,2,,,,0,1,1,0,0
75749,1,75749,KIR-TETA DMU,,2,,,,0,1,1,0,0
75750,1,75750,TETA-KIR DMU,,2,,,,0,1,1,0,0
75751,1,75751,TETA-RDP DMU,,2,,,,0,1,1,0,0
75752,1,75752,RDP-TETA DMU,,2,,,,0,1,1,0,0
75753,1,75753,KIR-JBN DMU,,2,,,,0,1,1,0,0
75754,1,75754,JBN-KIR DMU,,2,,,,0,1,1,0,0
75755,1,75755,KIR-JBN DMU,,2,,,,0,1,1,0,0
75756,1,75756,JBN-KIR DMU,,2,,,,0,1,1,0,0
75757,1,75757,KIR-JBN DMU,,2,,,,0,1,1,0,0
75758,1,75758,JBN-KIR DMU,,2,,,,0,1,1,0,0
75759,1,75759,KIR-JBN DMU,,2,,,,0,1,1,0,0
75760,1,75760,JBN-KIR DMU,,2,,,,0,1,1,0,0
75761,1,75761,KIR-JBN DMU,,2,,,,0,1,1,0,0
75762,1,75762,JBN-KIR DMU,,2,,,,0,1,1,0,0
75902,1,75902,LEDO-MZS DMU,,2,,,,0,1,1,0,0
75903,1,75903,MZS-LEDO DMU,,2,,,,0,1,1,0,0
75904,1,75904,MJN-DNGI DMU,,2,,,,0,1,1,0,0
75905,1,75905,DNGI-MJN DMU,,2,,,,0,1,1,0,0
76501,1,76501,LWR-DED DEMU,,2,,,,0,1,1,0,0
76502,1,76502,DED-LWR DEMU,,2,,,,0,1,1,0,0
76503,1,76503,LWR-DED DEMU,,2,,,,0,1,1,0,0
76504,1,76504,DED-LWR DEMU,,2,,,,0,1,1,0,0
76505,1,76505,LWR-DED DEMU,,2,,,,0,1,1,0,0
76506,1,76506,DED-LWR DEMU,,2,,,,0,1,1,0,0
76507,1,76507,HPT-UBL DMU,,2,,,,0,1,1,0,0
76508,1,76508,UBL-HPT DMU,,2,,,,0,1,1,0,0
76509,1,76509,BAY-DVG DMU,,2,,,,0,1,1,0,0
76510,1,76510,DVG-BAY DMU,,2,,,,0,1,1,0,0
76511,1,76511,HPT-BAY DMU,,2,,,,0,1,1,0,0
76512,1,76512,BAY-HPT DMU,,2,,,,0,1,1,0,0
76801,1,76801,MQ-TPJ DMU,,2,,,,0,1,1,0,0
76802,1,76802,TPJ-MQ DMU,,2,,,,0,1,1,0,0
76803,1,76803,KIK-TJ DMU,,2,,,,0,1,1,0,0
76804,1,76804,TJ-KIK DMU,,2,,,,0,1,1,0,0
76805,1,76805,KIK-VLNK DMU,,2,,,,0,1,1,0,0
76806,1,76806,VLNK-KIK DMU,,2,,,,0,1,1,0,0
76807,1,76807,NGT-VLNK DMU,,2,,,,0,1,1,0,0
76808,1,76808,VLNK-NGT DMU,,2,,,,0,1,1,0,0
76809,1,76809,TPJ-KRR PASS,,2,,,,0,1,1,0,0
76810,1,76810,KRR-TPJ PASS,,2,,,,0,1,1,0,0
76811,1,76811,TDPR-TPJ DMU,,2,,,,0,1,1,0,0
76812,1,76812,TPJ-TDPR DMU,,2,,,,0,1,1,0,0
76813,1,76813,CUPJ-SA DMU,,2,,,,0,1,1,0,0
76814,1,76814,SA-CUPJ DMU,,2,,,,0,1,1,0,0
76815,1,76815,VRI-SA DMU,,2,,,,0,1,1,0,0
76816,1,76816,SA-VRI DMU,,2,,,,0,1,1,0,0
76819,1,76819,KIK-TPJ DMU,,2,,,,0,1,1,0,0
76820,1,76820,TPJ-KIK DMU,,2,,,,0,1,1,0,0
76821,1,76821,SA-KRR PASS,,2,,,,0,1,1,0,0
76822,1,76822,KRR-SA PASS,,2,,,,0,1,1,0,0
76823,1,76823,SA-KRR PASS,,2,,,,0,1,1,0,0
76824,1,76824,KRR-SA PASS,,2,,,,0,1,1,0,0
76825,1,76825,KIK-TPJ DMU,,2,,,,0,1,1,0,0
76826,1,76826,TPJ-KIK DMU,,2,,,,0,1,1,0,0
76827,1,76827,AGX-TVR  DMU,,2,,,,0,1,1,0,0
76828,1,76828,TTP-AGX DMU,,2,,,,0,1,1,0,0
76829,1,76829,AGX-TTP DMU,,2,,,,0,1,1,0,0
76830,1,76830,TVR-AGX  DMU,,2,,,,0,1,1,0,0
76831,1,76831,TVR-PKT DEMU,,2,,,,0,1,1,0,0
76832,1,76832,PKT-TVR DEMU,,2,,,,0,1,1,0,0
76835,1,76835,TPJ-DG PASS,,2,,,,0,1,1,0,0
76836,1,76836,DG-TPJ DMU PASS,,2,,,,0,1,1,0,0
77201,1,77201,GTL-RC DMU,,2,,,,0,1,1,0,0
77202,1,77202,RC-GTL DMU,,2,,,,0,1,1,0,0
77203,1,77203,GTL-DHNE DMU,,2,,,,0,1,1,0,0
77204,1,77204,KRNT-GTL DMU,,2,,,,0,1,1,0,0
77205,1,77205,DHNE-GY DMU,,2,,,,0,1,1,0,0
77206,1,77206,GY-DHNE DMU,,2,,,,0,1,1,0,0
77207,1,77207,DHNE-KRNT DMU,,2,,,,0,1,1,0,0
77209,1,77209,KRNT-NDL DMU,,2,,,,0,1,1,0,0
77210,1,77210,NDL-KRNT DMU,,2,,,,0,1,1,0,0
77211,1,77211,NDL-RU DMU,,2,,,,0,1,1,0,0
77212,1,77212,RU-NDL DMU,,2,,,,0,1,1,0,0
77213,1,77213,GTL-HUP PASSENGER DMU,,2,,,,0,1,1,0,0
77214,1,77214,HUP-GTL PASSENGER DMU,,2,,,,0,1,1,0,0
77601,1,77601,KCG-NZB PASSENGER DMU,,2,,,,0,1,1,0,0
77602,1,77602,NZB-KCG PASSENGER DMU,,2,,,,0,1,1,0,0
77603,1,77603,KCG-MDAK DMU,,2,,,,0,1,1,0,0
77604,1,77604,MDAK-KCG PASSENGER DMU,,2,,,,0,1,1,0,0
77605,1,77605,KCG-PAU PASSENGER,,2,,,,0,1,1,0,0
77606,1,77606,NED-MED PASSENGER,,2,,,,0,1,1,0,0
77607,1,77607,AK-AKOT PASSENGER,,2,,,,0,1,1,0,0
77608,1,77608,AKOT-AKOLA PASSENGER,,2,,,,0,1,1,0,0
77609,1,77609,AK-AKOT DMU,,2,,,,0,1,1,0,0
77610,1,77610,AKOT-AK DMU,,2,,,,0,1,1,0,0
77611,1,77611,AKOLA-AKOT PASSENGER,,2,,,,0,1,1,0,0
77612,1,77612,AKOT-AKOLA PASSENGER,,2,,,,0,1,1,0,0
77613,1,77613,PAU-AK PASSENGER DMU,,2,,,,0,1,1,0,0
77614,1,77614,AK-PRLI PASSENGER DMU,,2,,,,0,1,1,0,0
77615,1,77615,PRLI-ADB PASSENGER,,2,,,,0,1,1,0,0
77616,1,77616,ADB-PAU PASSENGER,,2,,,,0,1,1,0,0
77619,1,77619,J-NSL PASSENGER,,2,,,,0,1,1,0,0
77620,1,77620,NSL-J PASSENGER,,2,,,,0,1,1,0,0
77621,1,77621,J-NSL DMU,,2,,,,0,1,1,0,0
77622,1,77622,NSL-J DMU,,2,,,,0,1,1,0,0
77623,1,77623,PAU-J,,2,,,,0,1,1,0,0
77624,1,77624,J-NED,,2,,,,0,1,1,0,0
77631,1,77631,BIDR-KLBG DMU,,2,,,,0,1,1,0,0
77632,1,77632,KLBG-BIDR DMU,,2,,,,0,1,1,0,0
77633,1,77633,BIDR-KLBG DMU,,2,,,,0,1,1,0,0
77634,1,77634,KLBG-BIDR DMU,,2,,,,0,1,1,0,0
77635,1,77635,BIDR-KLBG,,2,,,,0,1,1,0,0
77636,1,77636,KLBG-BIDR DMU,,2,,,,0,1,1,0,0
77637,1,77637,BIDR-KLBG DMU,,2,,,,0,1,1,0,0
77638,1,77638,KLBG-BIDR MEX DMU,,2,,,,0,1,1,0,0
77641,1,77641,KCG-MBNR PASSENGER DMU,,2,,,,0,1,1,0,0
77642,1,77642,MBNR-KCG PASSENGER  DMU,,2,,,,0,1,1,0,0
77643,1,77643,KCG-NZB PASSENGER DMU,,2,,,,0,1,1,0,0
77644,1,77644,NZB-KCG DMU,,2,,,,0,1,1,0,0
77645,1,77645,NZB-NED PASSENGER,,2,,,,0,1,1,0,0
77646,1,77646,NED-NZB PASSENGER,,2,,,,0,1,1,0,0
77649,1,77649,KCG-KRMR PASSENGER,,2,,,,0,1,1,0,0
77650,1,77650,KRMR-KCG,,2,,,,0,1,1,0,0
78803,1,78803,G-KGE DMU,,2,,,,0,1,1,0,0
78804,1,78804,KGE-G DMU,,2,,,,0,1,1,0,0
78805,1,78805,G-KGE DMU,,2,,,,0,1,1,0,0
78806,1,78806,KGE-G DMU,,2,,,,0,1,1,0,0
78809,1,78809,G-KGE DMU,,2,,,,0,1,1,0,0
78810,1,78810,KGE-G DMU,,2,,,,0,1,1,0,0
78811,1,78811,TMR-TRDI DMU,,2,,,,0,1,1,0,0
78812,1,78812,TRDI-TMR DMU,,2,,,,0,1,1,0,0
78813,1,78813,TMR-BTC DMU,,2,,,,0,1,1,0,0
78814,1,78814,BTC-TMR DMU,,2,,,,0,1,1,0,0
78815,1,78815,R-AAGH DMU,,2,,,,0,1,1,0,0
78816,1,78816,AAGH-R DMU,,2,,,,0,1,1,0,0
78817,1,78817,DURG-DRZ DMU,,2,,,,0,1,1,0,0
78818,1,78818,AAGH-DURG DMU,,2,,,,0,1,1,0,0
78823,1,78823,DRZ-AAGH DMU,,2,,,,0,1,1,0,0
78824,1,78824,DURG-DRZ DMU,,2,,,,0,1,1,0,0
78825,1,78825,DRZ-DURG DMU,,2,,,,0,1,1,0,0
78826,1,78826,DRZ-DURG DMU,,2,,,,0,1,1,0,0
78827,1,78827,DURG-DRZ DMU,,2,,,,0,1,1,0,0
79303,1,79303,RTM-COR DMU,,2,,,,0,1,1,0,0
79304,1,79304,COR-RTM DMU,,2,,,,0,1,1,0,0
79305,1,79305,DADN-RTM PASSENGER,,2,,,,0,1,1,0,0
79306,1,79306,RTM-DADN PASSENGER,,2,,,,0,1,1,0,0
79307,1,79307,DADN-INDB DMU,,2,,,,0,1,1,0,0
79308,1,79308,INDB-DADN DMU,,2,,,,0,1,1,0,0
79309,1,79309,DADN-RTM DMU,,2,,,,0,1,1,0,0
79310,1,79310,RTM-DADN DMU,,2,,,,0,1,1,0,0
79311,1,79311,DADN-INDB DMU,,2,,,,0,1,1,0,0
79312,1,79312,INDB-DADN DMU,,2,,,,0,1,1,0,0
79313,1,79313,DADN-RTM DMU,,2,,,,0,1,1,0,0
79314,1,79314,RTM-DADN DMU,,2,,,,0,1,1,0,0
79317,1,79317,DADN-RTM DMU,,2,,,,0,1,1,0,0
79318,1,79318,RTM-DADN DMU,,2,,,,0,1,1,0,0
79431,1,79431,SBIB-MSH DMU,,2,,,,0,1,1,0,0
79432,1,79432,MSH-ADI DMU,,2,,,,0,1,1,0,0
79433,1,79433,SBIB-PTN DMU,,2,,,,0,1,1,0,0
79434,1,79434,PTN-SBIB DMU,,2,,,,0,1,1,0,0
79435,1,79435,SBIB-PTN DMU,,2,,,,0,1,1,0,0
79436,1,79436,PTN-SBIB DMU,,2,,,,0,1,1,0,0
79437,1,79437,MSH-ABR DMU,,2,,,,0,1,1,0,0
79438,1,79438,ABR - MSH DMU,,2,,,,0,1,1,0,0
79439,1,79439,VADODARA - KATHANA DEMU,,2,,,,0,1,1,0,0
79440,1,79440,KATHANA - VADODARA DEMU,,2,,,,0,1,1,0,0
79441,1,79441,WKR-MVI DMU,,2,,,,0,1,1,0,0
79442,1,79442,MVI-WKR DMU,,2,,,,0,1,1,0,0
79443,1,79443,WKR-MVI DMU,,2,,,,0,1,1,0,0
79444,1,79444,MVI-WKR DMU,,2,,,,0,1,1,0,0
79445,1,79445,WKR-MVI DMU,,2,,,,0,1,1,0,0
79446,1,79446,MVI-WKR DMU,,2,,,,0,1,1,0,0
79447,1,79447,WKR-MVI DMU,,2,,,,0,1,1,0,0
79448,1,79448,MVI-WKR DMU,,2,,,,0,1,1,0,0
79451,1,79451,WKR-MVI DMU,,2,,,,0,1,1,0,0
79452,1,79452,MVI-WKR DMU,,2,,,,0,1,1,0,0
79453,1,79453,WKR-MVI DMU,,2,,,,0,1,1,0,0
79454,1,79454,MVI-WKR DMU,,2,,,,0,1,1,0,0
79457,1,79457,SUNR - DHG ONE WAY SPL,,2,,,,0,1,1,0,0
79459,1,79459,BTD-SUNN DMU,,2,,,,0,1,1,0,0
79460,1,79460,DHG-BTD DMU,,2,,,,0,1,1,0,0
79601,1,79601,AII-GGC DMU SPECIAL,,2,,,,0,1,1,0,0
79602,1,79602,GGC-AII DEMU SPL,,2,,,,0,1,1,0,0
82501,1,82501,IRCTC TEJAS EXP,,2,,,,0,1,1,0,0
82502,1,82502,IRCTC TEJAS EXP,,2,,,,0,1,1,0,0
82901,1,82901,IRCTC TEJAS EXP,,2,,,,0,1,1,0,0
82902,1,82902,IRCTC TEJAS EXP,,2,,,,0,1,1,0,0
93001,1,93001,VR - DRD LOCAL,,2,,,,0,1,1,0,0
93002,1,93002,DRD - CCG LOCAL,,2,,,,0,1,1,0,0
93004,1,93004,DRD - CCG LOCAL,,2,,,,0,1,1,0,0
93005,1,93005,CCG - DRD LOCAL,,2,,,,0,1,1,0,0
93006,1,93006,DRD - VR LOCAL,,2,,,,0,1,1,0,0
93007,1,93007,CCG - DRD LOCAL,,2,,,,0,1,1,0,0
93009,1,93009,CCG - DRD LOCAL,,2,,,,0,1,1,0,0
93010,1,93010,DRD - BVI LOCAL,,2,,,,0,1,1,0,0
93011,1,93011,CCG - DRD LOCAL,,2,,,,0,1,1,0,0
93012,1,93012,DRD - VR LOCAL,,2,,,,0,1,1,0,0
93013,1,93013,VR - DRD LOCAL,,2,,,,0,1,1,0,0
93014,1,93014,DRD - VR LOCAL,,2,,,,0,1,1,0,0
93015,1,93015,CCG - DRD LOCAL,,2,,,,0,1,1,0,0
93016,1,93016,DRD - VR LOCAL,,2,,,,0,1,1,0,0
93017,1,93017,BVI - DRD LOCAL,,2,,,,0,1,1,0,0
93018,1,93018,DRD - VR LOCAL,,2,,,,0,1,1,0,0
93020,1,93020,DRD - VR LOCAL,,2,,,,0,1,1,0,0
93021,1,93021,VR - DRD LOCAL,,2,,,,0,1,1,0,0
93022,1,93022,DRD - CCG LOCAL,,2,,,,0,1,1,0,0
93023,1,93023,VR - DRD LOCAL,,2,,,,0,1,1,0,0
93025,1,93025,VR - DRD LOCAL,,2,,,,0,1,1,0,0
93026,1,93026,DRD - CCG LOCAL,,2,,,,0,1,1,0,0
93028,1,93028,DRD - DDR LOCAL,,2,,,,0,1,1,0,0
93029,1,93029,VR - DRD LOCAL,,2,,,,0,1,1,0,0
93030,1,93030,DRD - VR LOCAL,,2,,,,0,1,1,0,0
93031,1,93031,CCG - DRD LOCAL,,2,,,,0,1,1,0,0
93033,1,93033,VR - DRD LOCAL,,2,,,,0,1,1,0,0
93034,1,93034,DRD - CCG LOCAL,,2,,,,0,1,1,0,0
93035,1,93035,DDR - DRD LOCAL,,2,,,,0,1,1,0,0
93036,1,93036,DRD - CCG LOCAL,,2,,,,0,1,1,0,0
93038,1,93038,DRD - CCG LOCAL,,2,,,,0,1,1,0,0
93039,1,93039,VR - DRD LOCAL,,2,,,,0,1,1,0,0
93040,1,93040,DRD - VR LOCAL,,2,,,,0,1,1,0,0
93041,1,93041,CCG - DRD LOCAL,,2,,,,0,1,1,0,0
93201,1,93201,VR - DRD LOCAL,,2,,,,0,1,1,0,0
93202,1,93202,DRD - CCG LOCAL,,2,,,,0,1,1,0,0
93203,1,93203,CCG - DRD LOCAL,,2,,,,0,1,1,0,0
93204,1,93204,DRD - VR LOCAL,,2,,,,0,1,1,0,0
93205,1,93205,VR - DRD LOCAL,,2,,,,0,1,1,0,0
93206,1,93206,DRD - VR LOCAL,,2,,,,0,1,1,0,0
93207,1,93207,VR - DRD LOCAL,,2,,,,0,1,1,0,0
93208,1,93208,DRD - VR LOCAL,,2,,,,0,1,1,0,0
94801,1,94801,NAMO BHARAT RAPID RAIL,,2,,,,0,1,1,0,0
94802,1,94802,NAMO BHARAT RAPID RAIL,,2,,,,0,1,1,0,0
94803,1,94803,NAMO BHARAT RAPID RAIL,,2,,,,0,1,1,0,0
94804,1,94804,NAMO BHARAT RAPID RAIL,,2,,,,0,1,1,0,0
95001,1,95001,KP-,,2,,,,0,1,1,0,0
95002,1,95002,KP,,2,,,,0,1,1,0,0
95003,1,95003,KP,,2,,,,0,1,1,0,0
95004,1,95004,KP,,2,,,,0,1,1,0,0
95005,1,95005,KP,,2,,,,0,1,1,0,0
95006,1,95006,KP,,2,,,,0,1,1,0,0
95007,1,95007,KP,,2,,,,0,1,1,0,0
95008,1,95008,KP,,2,,,,0,1,1,0,0
95009,1,95009,KP,,2,,,,0,1,1,0,0
95010,1,95010,KP,,2,,,,0,1,1,0,0
95011,1,95011,KP,,2,,,,0,1,1,0,0
95012,1,95012,KP,,2,,,,0,1,1,0,0
95013,1,95013,KP-,,2,,,,0,1,1,0,0
95015,1,95015,KP,,2,,,,0,1,1,0,0
95101,1,95101,S,,2,,,,0,1,1,0,0
95102,1,95102,S,,2,,,,0,1,1,0,0
95103,1,95103,S,,2,,,,0,1,1,0,0
95104,1,95104,S,,2,,,,0,1,1,0,0
95105,1,95105,S,,2,,,,0,1,1,0,0
95106,1,95106,S,,2,,,,0,1,1,0,0
95107,1,95107,S,,2,,,,0,1,1,0,0
95108,1,95108,S,,2,,,,0,1,1,0,0
95109,1,95109,S,,2,,,,0,1,1,0,0
95110,1,95110,S,,2,,,,0,1,1,0,0
95111,1,95111,S,,2,,,,0,1,1,0,0
95112,1,95112,S,,2,,,,0,1,1,0,0
95113,1,95113,S,,2,,,,0,1,1,0,0
95114,1,95114,S,,2,,,,0,1,1,0,0
95115,1,95115,S,,2,,,,0,1,1,0,0
95116,1,95116,S,,2,,,,0,1,1,0,0
95117,1,95117,S,,2,,,,0,1,1,0,0
95118,1,95118,S,,2,,,,0,1,1,0,0
95119,1,95119,S,,2,,,,0,1,1,0,0
95120,1,95120,S,,2,,,,0,1,1,0,0
95121,1,95121,S,,2,,,,0,1,1,0,0
95122,1,95122,S,,2,,,,0,1,1,0,0
95123,1,95123,S,,2,,,,0,1,1,0,0
95124,1,95124,S,,2,,,,0,1,1,0,0
95125,1,95125,S,,2,,,,0,1,1,0,0
95126,1,95126,S,,2,,,,0,1,1,0,0
95127,1,95127,S,,2,,,,0,1,1,0,0
95128,1,95128,S,,2,,,,0,1,1,0,0
95129,1,95129,S,,2,,,,0,1,1,0,0
95130,1,95130,S,,2,,,,0,1,1,0,0
95131,1,95131,S,,2,,,,0,1,1,0,0
95132,1,95132,S,,2,,,,0,1,1,0,0
95133,1,95133,S,,2,,,,0,1,1,0,0
95134,1,95134,S,,2,,,,0,1,1,0,0
95135,1,95135,S,,2,,,,0,1,1,0,0
95136,1,95136,S,,2,,,,0,1,1,0,0
95138,1,95138,S,,2,,,,0,1,1,0,0
95140,1,95140,S,,2,,,,0,1,1,0,0
95142,1,95142,S,,2,,,,0,1,1,0,0
95144,1,95144,S,,2,,,,0,1,1,0,0
95146,1,95146,S,,2,,,,0,1,1,0,0
95201,1,95201,BL,,2,,,,0,1,1,0,0
95202,1,95202,BL,,2,,,,0,1,1,0,0
95203,1,95203,BL,,2,,,,0,1,1,0,0
95204,1,95204,BL,,2,,,,0,1,1,0,0
95205,1,95205,BL,,2,,,,0,1,1,0,0
95206,1,95206,BL,,2,,,,0,1,1,0,0
95207,1,95207,BL,,2,,,,0,1,1,0,0
95208,1,95208,BL,,2,,,,0,1,1,0,0
95209,1,95209,BL,,2,,,,0,1,1,0,0
95210,1,95210,BL,,2,,,,0,1,1,0,0
95211,1,95211,BL,,2,,,,0,1,1,0,0
95212,1,95212,BL,,2,,,,0,1,1,0,0
95213,1,95213,BL,,2,,,,0,1,1,0,0
95214,1,95214,DBL,,2,,,,0,1,1,0,0
95215,1,95215,BL,,2,,,,0,1,1,0,0
95216,1,95216,BL,,2,,,,0,1,1,0,0
95217,1,95217,BL,,2,,,,0,1,1,0,0
95218,1,95218,DBL,,2,,,,0,1,1,0,0
95219,1,95219,BL,,2,,,,0,1,1,0,0
95220,1,95220,BL,,2,,,,0,1,1,0,0
95221,1,95221,DBL,,2,,,,0,1,1,0,0
95222,1,95222,BL,,2,,,,0,1,1,0,0
95223,1,95223,BL,,2,,,,0,1,1,0,0
95224,1,95224,BL,,2,,,,0,1,1,0,0
95225,1,95225,DBL  AC,,2,,,,0,1,1,0,0
95226,1,95226,BL,,2,,,,0,1,1,0,0
95227,1,95227,BL,,2,,,,0,1,1,0,0
95228,1,95228,BL,,2,,,,0,1,1,0,0
95229,1,95229,BL,,2,,,,0,1,1,0,0
95230,1,95230,BL,,2,,,,0,1,1,0,0
95231,1,95231,BL,,2,,,,0,1,1,0,0
95232,1,95232,BL,,2,,,,0,1,1,0,0
95233,1,95233,BL,,2,,,,0,1,1,0,0
95234,1,95234,BL,,2,,,,0,1,1,0,0
95235,1,95235,BL,,2,,,,0,1,1,0,0
95236,1,95236,BL,,2,,,,0,1,1,0,0
95237,1,95237,BL,,2,,,,0,1,1,0,0
95238,1,95238,BL,,2,,,,0,1,1,0,0
95239,1,95239,BL,,2,,,,0,1,1,0,0
95240,1,95240,BL,,2,,,,0,1,1,0,0
95241,1,95241,BL,,2,,,,0,1,1,0,0
95242,1,95242,BL,,2,,,,0,1,1,0,0
95243,1,95243,BL,,2,,,,0,1,1,0,0
95244,1,95244,BL,,2,,,,0,1,1,0,0
95245,1,95245,BL,,2,,,,0,1,1,0,0
95246,1,95246,BL,,2,,,,0,1,1,0,0
95247,1,95247,BL,,2,,,,0,1,1,0,0
95248,1,95248,BL-,,2,,,,0,1,1,0,0
95301,1,95301,DA,,2,,,,0,1,1,0,0
95302,1,95302,A,,2,,,,0,1,1,0,0
95303,1,95303,A,,2,,,,0,1,1,0,0
95304,1,95304,A,,2,,,,0,1,1,0,0
95305,1,95305,A,,2,,,,0,1,1,0,0
95306,1,95306,A,,2,,,,0,1,1,0,0
95307,1,95307,A,,2,,,,0,1,1,0,0
95308,1,95308,A,,2,,,,0,1,1,0,0
95309,1,95309,A,,2,,,,0,1,1,0,0
95310,1,95310,A,,2,,,,0,1,1,0,0
95311,1,95311,A,,2,,,,0,1,1,0,0
95312,1,95312,A,,2,,,,0,1,1,0,0
95313,1,95313,A,,2,,,,0,1,1,0,0
95314,1,95314,A,,2,,,,0,1,1,0,0
95315,1,95315,A,,2,,,,0,1,1,0,0
95316,1,95316,A,,2,,,,0,1,1,0,0
95317,1,95317,DA,,2,,,,0,1,1,0,0
95318,1,95318,DA,,2,,,,0,1,1,0,0
95319,1,95319,A,,2,,,,0,1,1,0,0
95320,1,95320,A,,2,,,,0,1,1,0,0
95321,1,95321,A,,2,,,,0,1,1,0,0
95322,1,95322,A,,2,,,,0,1,1,0,0
95323,1,95323,A,,2,,,,0,1,1,0,0
95324,1,95324,A   AC,,2,,,,0,1,1,0,0
95325,1,95325,A,,2,,,,0,1,1,0,0
95326,1,95326,A,,2,,,,0,1,1,0,0
95327,1,95327,A,,2,,,,0,1,1,0,0
95328,1,95328,DA,,2,,,,0,1,1,0,0
95329,1,95329,DA,,2,,,,0,1,1,0,0
95330,1,95330,A,,2,,,,0,1,1,0,0
95331,1,95331,A,,2,,,,0,1,1,0,0
95332,1,95332,A,,2,,,,0,1,1,0,0
95333,1,95333,A,,2,,,,0,1,1,0,0
95334,1,95334,DA,,2,,,,0,1,1,0,0
95335,1,95335,A,,2,,,,0,1,1,0,0
95336,1,95336,DA,,2,,,,0,1,1,0,0
95338,1,95338,DA,,2,,,,0,1,1,0,0
95340,1,95340,A,,2,,,,0,1,1,0,0
95342,1,95342,A,,2,,,,0,1,1,0,0
95344,1,95344,A,,2,,,,0,1,1,0,0
95401,1,95401,N,,2,,,,0,1,1,0,0
95402,1,95402,N,,2,,,,0,1,1,0,0
95403,1,95403,N,,2,,,,0,1,1,0,0
95404,1,95404,N,,2,,,,0,1,1,0,0
95405,1,95405,N,,2,,,,0,1,1,0,0
95406,1,95406,N,,2,,,,0,1,1,0,0
95407,1,95407,N,,2,,,,0,1,1,0,0
95408,1,95408,N,,2,,,,0,1,1,0,0
95409,1,95409,N,,2,,,,0,1,1,0,0
95410,1,95410,N,,2,,,,0,1,1,0,0
95411,1,95411,N,,2,,,,0,1,1,0,0
95412,1,95412,N,,2,,,,0,1,1,0,0
95413,1,95413,N,,2,,,,0,1,1,0,0
95414,1,95414,N,,2,,,,0,1,1,0,0
95415,1,95415,N,,2,,,,0,1,1,0,0
95416,1,95416,N,,2,,,,0,1,1,0,0
95417,1,95417,N,,2,,,,0,1,1,0,0
95418,1,95418,N,,2,,,,0,1,1,0,0
95419,1,95419,N,,2,,,,0,1,1,0,0
95420,1,95420,N,,2,,,,0,1,1,0,0
95421,1,95421,N,,2,,,,0,1,1,0,0
95422,1,95422,N,,2,,,,0,1,1,0,0
95423,1,95423,N,,2,,,,0,1,1,0,0
95424,1,95424,N,,2,,,,0,1,1,0,0
95426,1,95426,N,,2,,,,0,1,1,0,0
95428,1,95428,N,,2,,,,0,1,1,0,0
95430,1,95430,N,,2,,,,0,1,1,0,0
95501,1,95501,AN,,2,,,,0,1,1,0,0
95502,1,95502,AN,,2,,,,0,1,1,0,0
95503,1,95503,AN,,2,,,,0,1,1,0,0
95504,1,95504,AN,,2,,,,0,1,1,0,0
95505,1,95505,AN,,2,,,,0,1,1,0,0
95506,1,95506,AN,,2,,,,0,1,1,0,0
95507,1,95507,AN,,2,,,,0,1,1,0,0
95508,1,95508,AN,,2,,,,0,1,1,0,0
95509,1,95509,AN,,2,,,,0,1,1,0,0
95510,1,95510,AN,,2,,,,0,1,1,0,0
95511,1,95511,AN,,2,,,,0,1,1,0,0
95512,1,95512,AN,,2,,,,0,1,1,0,0
95513,1,95513,AN,,2,,,,0,1,1,0,0
95514,1,95514,AN,,2,,,,0,1,1,0,0
95515,1,95515,AN,,2,,,,0,1,1,0,0
95516,1,95516,AN,,2,,,,0,1,1,0,0
95517,1,95517,AN,,2,,,,0,1,1,0,0
95601,1,95601,TL,,2,,,,0,1,1,0,0
95602,1,95602,TL,,2,,,,0,1,1,0,0
95603,1,95603,TL,,2,,,,0,1,1,0,0
95604,1,95604,TL,,2,,,,0,1,1,0,0
95605,1,95605,TL,,2,,,,0,1,1,0,0
95606,1,95606,TL,,2,,,,0,1,1,0,0
95607,1,95607,TL,,2,,,,0,1,1,0,0
95608,1,95608,TL,,2,,,,0,1,1,0,0
95609,1,95609,TL,,2,,,,0,1,1,0,0
95610,1,95610,TL,,2,,,,0,1,1,0,0
95611,1,95611,TL,,2,,,,0,1,1,0,0
95612,1,95612,TL,,2,,,,0,1,1,0,0
95613,1,95613,TL,,2,,,,0,1,1,0,0
95614,1,95614,TL,,2,,,,0,1,1,0,0
95615,1,95615,TL,,2,,,,0,1,1,0,0
95616,1,95616,TL,,2,,,,0,1,1,0,0
95617,1,95617,TL,,2,,,,0,1,1,0,0
95619,1,95619,TL,,2,,,,0,1,1,0,0
95621,1,95621,TL,,2,,,,0,1,1,0,0
95623,1,95623,TL,,2,,,,0,1,1,0,0
96001,1,96001,SKP,,2,,,,0,1,1,0,0
96002,1,96002,SKP,,2,,,,0,1,1,0,0
96003,1,96003,SKP,,2,,,,0,1,1,0,0
96004,1,96004,SKP,,2,,,,0,1,1,0,0
96005,1,96005,SKP,,2,,,,0,1,1,0,0
96006,1,96006,SKP,,2,,,,0,1,1,0,0
96007,1,96007,SKP,,2,,,,0,1,1,0,0
96008,1,96008,SKP,,2,,,,0,1,1,0,0
96009,1,96009,SKP,,2,,,,0,1,1,0,0
96010,1,96010,SKP,,2,,,,0,1,1,0,0
96011,1,96011,SKP,,2,,,,0,1,1,0,0
96012,1,96012,SKP,,2,,,,0,1,1,0,0
96013,1,96013,SKP,,2,,,,0,1,1,0,0
96014,1,96014,SKP,,2,,,,0,1,1,0,0
96015,1,96015,SKP,,2,,,,0,1,1,0,0
96016,1,96016,SKP,,2,,,,0,1,1,0,0
96018,1,96018,SKP,,2,,,,0,1,1,0,0
96019,1,96019,KP,,2,,,,0,1,1,0,0
96020,1,96020,KP,,2,,,,0,1,1,0,0
96022,1,96022,SKP,,2,,,,0,1,1,0,0
96101,1,96101,S,,2,,,,0,1,1,0,0
96102,1,96102,S,,2,,,,0,1,1,0,0
96103,1,96103,TS,,2,,,,0,1,1,0,0
96104,1,96104,S,,2,,,,0,1,1,0,0
96105,1,96105,TS,,2,,,,0,1,1,0,0
96106,1,96106,S,,2,,,,0,1,1,0,0
96107,1,96107,S,,2,,,,0,1,1,0,0
96108,1,96108,TS,,2,,,,0,1,1,0,0
96109,1,96109,TS,,2,,,,0,1,1,0,0
96110,1,96110,S,,2,,,,0,1,1,0,0
96111,1,96111,TS,,2,,,,0,1,1,0,0
96113,1,96113,TS,,2,,,,0,1,1,0,0
96115,1,96115,S,,2,,,,0,1,1,0,0
96201,1,96201,CBL,,2,,,,0,1,1,0,0
96202,1,96202,BL,,2,,,,0,1,1,0,0
96203,1,96203,TBL,,2,,,,0,1,1,0,0
96204,1,96204,BL,,2,,,,0,1,1,0,0
96205,1,96205,BL,,2,,,,0,1,1,0,0
96206,1,96206,BL,,2,,,,0,1,1,0,0
96207,1,96207,BL,,2,,,,0,1,1,0,0
96208,1,96208,TBL,,2,,,,0,1,1,0,0
96209,1,96209,TBL,,2,,,,0,1,1,0,0
96210,1,96210,BL,,2,,,,0,1,1,0,0
96211,1,96211,TBL,,2,,,,0,1,1,0,0
96212,1,96212,BL,,2,,,,0,1,1,0,0
96213,1,96213,TBL,,2,,,,0,1,1,0,0
96214,1,96214,BL,,2,,,,0,1,1,0,0
96215,1,96215,BL,,2,,,,0,1,1,0,0
96216,1,96216,BL,,2,,,,0,1,1,0,0
96217,1,96217,BL,,2,,,,0,1,1,0,0
96218,1,96218,BL,,2,,,,0,1,1,0,0
96219,1,96219,TBL,,2,,,,0,1,1,0,0
96220,1,96220,BL,,2,,,,0,1,1,0,0
96221,1,96221,BL,,2,,,,0,1,1,0,0
96222,1,96222,BL,,2,,,,0,1,1,0,0
96223,1,96223,BL,,2,,,,0,1,1,0,0
96224,1,96224,BL,,2,,,,0,1,1,0,0
96225,1,96225,BL,,2,,,,0,1,1,0,0
96226,1,96226,PBL,,2,,,,0,1,1,0,0
96227,1,96227,BL,,2,,,,0,1,1,0,0
96228,1,96228,TBL,,2,,,,0,1,1,0,0
96229,1,96229,BL,,2,,,,0,1,1,0,0
96230,1,96230,BL,,2,,,,0,1,1,0,0
96301,1,96301,A,,2,,,,0,1,1,0,0
96302,1,96302,A,,2,,,,0,1,1,0,0
96303,1,96303,A,,2,,,,0,1,1,0,0
96304,1,96304,A,,2,,,,0,1,1,0,0
96305,1,96305,A,,2,,,,0,1,1,0,0
96306,1,96306,A,,2,,,,0,1,1,0,0
96307,1,96307,CA,,2,,,,0,1,1,0,0
96308,1,96308,A,,2,,,,0,1,1,0,0
96309,1,96309,A,,2,,,,0,1,1,0,0
96310,1,96310,A,,2,,,,0,1,1,0,0
96311,1,96311,A,,2,,,,0,1,1,0,0
96312,1,96312,A,,2,,,,0,1,1,0,0
96313,1,96313,A,,2,,,,0,1,1,0,0
96314,1,96314,A,,2,,,,0,1,1,0,0
96315,1,96315,A,,2,,,,0,1,1,0,0
96316,1,96316,A,,2,,,,0,1,1,0,0
96317,1,96317,A   AC,,2,,,,0,1,1,0,0
96318,1,96318,A,,2,,,,0,1,1,0,0
96319,1,96319,A,,2,,,,0,1,1,0,0
96320,1,96320,A,,2,,,,0,1,1,0,0
96321,1,96321,A,,2,,,,0,1,1,0,0
96322,1,96322,A,,2,,,,0,1,1,0,0
96323,1,96323,TA,,2,,,,0,1,1,0,0
96325,1,96325,A,,2,,,,0,1,1,0,0
96326,1,96326,A,,2,,,,0,1,1,0,0
96327,1,96327,A,,2,,,,0,1,1,0,0
96328,1,96328,A,,2,,,,0,1,1,0,0
96329,1,96329,TA,,2,,,,0,1,1,0,0
96330,1,96330,A,,2,,,,0,1,1,0,0
96331,1,96331,A,,2,,,,0,1,1,0,0
96332,1,96332,A,,2,,,,0,1,1,0,0
96333,1,96333,A,,2,,,,0,1,1,0,0
96335,1,96335,A,,2,,,,0,1,1,0,0
96337,1,96337,PA,,2,,,,0,1,1,0,0
96339,1,96339,PA,,2,,,,0,1,1,0,0
96341,1,96341,A,,2,,,,0,1,1,0,0
96401,1,96401,N,,2,,,,0,1,1,0,0
96402,1,96402,N,,2,,,,0,1,1,0,0
96403,1,96403,N,,2,,,,0,1,1,0,0
96404,1,96404,N,,2,,,,0,1,1,0,0
96405,1,96405,N,,2,,,,0,1,1,0,0
96406,1,96406,N,,2,,,,0,1,1,0,0
96407,1,96407,N,,2,,,,0,1,1,0,0
96409,1,96409,N,,2,,,,0,1,1,0,0
96411,1,96411,N,,2,,,,0,1,1,0,0
96501,1,96501,KAN,,2,,,,0,1,1,0,0
96502,1,96502,AN,,2,,,,0,1,1,0,0
96503,1,96503,TAN,,2,,,,0,1,1,0,0
96504,1,96504,AN,,2,,,,0,1,1,0,0
96505,1,96505,AN,,2,,,,0,1,1,0,0
96506,1,96506,TAN,,2,,,,0,1,1,0,0
96507,1,96507,AN,,2,,,,0,1,1,0,0
96508,1,96508,AN,,2,,,,0,1,1,0,0
96509,1,96509,KAN,,2,,,,0,1,1,0,0
96510,1,96510,AN,,2,,,,0,1,1,0,0
96511,1,96511,AN,,2,,,,0,1,1,0,0
96512,1,96512,AN,,2,,,,0,1,1,0,0
96513,1,96513,TAN,,2,,,,0,1,1,0,0
96514,1,96514,TAN,,2,,,,0,1,1,0,0
96515,1,96515,AN,,2,,,,0,1,1,0,0
96516,1,96516,AN,,2,,,,0,1,1,0,0
96517,1,96517,AN,,2,,,,0,1,1,0,0
96518,1,96518,AN,,2,,,,0,1,1,0,0
96519,1,96519,AN,,2,,,,0,1,1,0,0
96520,1,96520,AN,,2,,,,0,1,1,0,0
96522,1,96522,TAN,,2,,,,0,1,1,0,0
96601,1,96601,CTL,,2,,,,0,1,1,0,0
96602,1,96602,TL,,2,,,,0,1,1,0,0
96603,1,96603,TTL,,2,,,,0,1,1,0,0
96604,1,96604,TL,,2,,,,0,1,1,0,0
96605,1,96605,TL,,2,,,,0,1,1,0,0
96606,1,96606,TL,,2,,,,0,1,1,0,0
96607,1,96607,TL,,2,,,,0,1,1,0,0
96608,1,96608,TL,,2,,,,0,1,1,0,0
96609,1,96609,TL,,2,,,,0,1,1,0,0
96610,1,96610,TL,,2,,,,0,1,1,0,0
96611,1,96611,TL,,2,,,,0,1,1,0,0
96612,1,96612,TL,,2,,,,0,1,1,0,0
96613,1,96613,TL,,2,,,,0,1,1,0,0
96614,1,96614,TL,,2,,,,0,1,1,0,0
96615,1,96615,TTL,,2,,,,0,1,1,0,0
96616,1,96616,PTL,,2,,,,0,1,1,0,0
96617,1,96617,TTL,,2,,,,0,1,1,0,0
96618,1,96618,TL,,2,,,,0,1,1,0,0
96619,1,96619,TL,,2,,,,0,1,1,0,0
96620,1,96620,PTL,,2,,,,0,1,1,0,0
96621,1,96621,TL,,2,,,,0,1,1,0,0
96622,1,96622,TL,,2,,,,0,1,1,0,0
96623,1,96623,TL,,2,,,,0,1,1,0,0
96624,1,96624,TL,,2,,,,0,1,1,0,0
96625,1,96625,TL,,2,,,,0,1,1,0,0
96626,1,96626,TL,,2,,,,0,1,1,0,0
96627,1,96627,TL,,2,,,,0,1,1,0,0
96628,1,96628,TL,,2,,,,0,1,1,0,0
96629,1,96629,TTL,,2,,,,0,1,1,0,0
96630,1,96630,TL,,2,,,,0,1,1,0,0
96631,1,96631,TL,,2,,,,0,1,1,0,0
96632,1,96632,TL,,2,,,,0,1,1,0,0
96633,1,96633,TL,,2,,,,0,1,1,0,0
96634,1,96634,TL,,2,,,,0,1,1,0,0
96635,1,96635,TL,,2,,,,0,1,1,0,0
96636,1,96636,TL,,2,,,,0,1,1,0,0
96637,1,96637,TL,,2,,,,0,1,1,0,0
96638,1,96638,TL,,2,,,,0,1,1,0,0
96639,1,96639,TL,,2,,,,0,1,1,0,0
96640,1,96640,TL,,2,,,,0,1,1,0,0
96641,1,96641,TL,,2,,,,0,1,1,0,0
96642,1,96642,TL,,2,,,,0,1,1,0,0
96643,1,96643,TL,,2,,,,0,1,1,0,0
96644,1,96644,TL,,2,,,,0,1,1,0,0
96645,1,96645,TL,,2,,,,0,1,1,0,0
96646,1,96646,TTL,,2,,,,0,1,1,0,0
96647,1,96647,TL,,2,,,,0,1,1,0,0
96648,1,96648,TL,,2,,,,0,1,1,0,0
96649,1,96649,TL,,2,,,,0,1,1,0,0
96650,1,96650,TL,,2,,,,0,1,1,0,0
96651,1,96651,TL,,2,,,,0,1,1,0,0
96652,1,96652,TL,,2,,,,0,1,1,0,0
96653,1,96653,TL,,2,,,,0,1,1,0,0
96654,1,96654,TL,,2,,,,0,1,1,0,0
96655,1,96655,TL,,2,,,,0,1,1,0,0
96656,1,96656,TL,,2,,,,0,1,1,0,0
96658,1,96658,TL,,2,,,,0,1,1,0,0
96660,1,96660,TTL,,2,,,,0,1,1,0,0
96662,1,96662,TTL,,2,,,,0,1,1,0,0
97071,1,97071,K,,2,,,,0,1,1,0,0
97080,1,97080,K,,2,,,,0,1,1,0,0
98109,1,98109,PL,,2,,,,0,1,1,0,0
98120,1,98120,PL,,2,,,,0,1,1,0,0
99801,1,99801,LNL-PUNE SUBURBAN,,2,,,,0,1,1,0,0
99802,1,99802,PUNE-LNL SUBURBAN,,2,,,,0,1,1,0,0
99803,1,99803,LNL-SVJR SUBURBAN,,2,,,,0,1,1,0,0
99804,1,99804,PUNE-LNL SUBURBAN,,2,,,,0,1,1,0,0
99805,1,99805,LNL-PUNE SUBURBAN,,2,,,,0,1,1,0,0
99806,1,99806,PUNE-LNL SUBURBAN,,2,,,,0,1,1,0,0
99807,1,99807,LNL-PUNE SUBURBAN,,2,,,,0,1,1,0,0
99808,1,99808,PUNE-LNL SUBURBAN,,2,,,,0,1,1,0,0
99809,1,99809,LNL-SVJR SUBURBAN,,2,,,,0,1,1,0,0
99810,1,99810,SVJR-LNL SUBURBAN,,2,,,,0,1,1,0,0
99811,1,99811,LNL-SVJR SUB,,2,,,,0,1,1,0,0
99812,1,99812,PUNE-LNL SUBURBAN,,2,,,,0,1,1,0,0
99813,1,99813,LNL-PUNE SUBURBAN,,2,,,,0,1,1,0,0
99814,1,99814,PUNE-LNL SUBURBAN,,2,,,,0,1,1,0,0
99815,1,99815,LNL-SVJR SUBURBAN,,2,,,,0,1,1,0,0
99816,1,99816,SVJR-LNL SUBURBAN,,2,,,,0,1,1,0,0
99817,1,99817,LNL-SVJR SUBURBAN,,2,,,,0,1,1,0,0
99818,1,99818,PUNE-LNL SUBURBAN,,2,,,,0,1,1,0,0
99819,1,99819,LNL-SVJR SUBURBAN,,2,,,,0,1,1,0,0
99820,1,99820,PUNE-LNL SUBURBAN,,2,,,,0,1,1,0,0
99821,1,99821,LNL-PUNE SUBURBAN,,2,,,,0,1,1,0,0
99822,1,99822,SVJR-LNL SUBURBAN,,2,,,,0,1,1,0,0
99823,1,99823,LNL-SVJR SUBURBAN,,2,,,,0,1,1,0,0
99824,1,99824,PUNE-LNL SUBURBAN,,2,,,,0,1,1,0,0
99825,1,99825,LNL-PUNE SUBURBAN,,2,,,,0,1,1,0,0
99826,1,99826,SVJR-LNL SUBURBAN,,2,,,,0,1,1,0,0
99827,1,99827,LNL-PUNE SUBURBAN,,2,,,,0,1,1,0,0
99828,1,99828,SVJR-LNL SUBURBAN,,2,,,,0,1,1,0,0
99829,1,99829,LNL-PUNE SUBURBAN,,2,,,,0,1,1,0,0
99830,1,99830,PUNE-LNL SUBURBAN,,2,,,,0,1,1,0,0
99831,1,99831,LNL-PUNE SUBURBAN,,2,,,,0,1,1,0,0
99832,1,99832,SVJR-LNL SUBURBAN,,2,,,,0,1,1,0,0
99833,1,99833,LNL-PUNE SUBURBAN,,2,,,,0,1,1,0,0
99834,1,99834,PUNE-LNL SUBURBAN,,2,,,,0,1,1,0,0
99901,1,99901,TGN-PUNE SUBURBAN,,2,,,,0,1,1,0,0
99902,1,99902,PUNE-TGN SUBURBAN,,2,,,,0,1,1,0,0
99903,1,99903,TGN-PUNE SUBURBAN,,2,,,,0,1,1,0,0
99904,1,99904,PUNE-TGN SUBURBAN,,2,,,,0,1,1,0,0
99905,1,99905,TGN-PUNE SUBURBAN,,2,,,,0,1,1,0,0
99906,1,99906,SVJR-TGN SUBURBAN,,2,,,,0,1,1,0,0
99907,1,99907,TGN-PUNE SUBURBAN,,2,,,,0,1,1,0,0
99908,1,99908,PUNE-TGN SUBURBAN,,2,,,,0,1,1,0,0
