route_id,service_id,trip_id,trip_short_name,trip_headsign,direction_id,block_id,shape_id,wheelchair_accessible,bikes_allowed,cars_allowed
00103,Fri_20260828-20260830,00103,,VELLANKANNI,0,,00103,0,0,0
00104,Sat_20260830-20260831,00104,,MADGAON JUNCTION,0,,00104,0,0,0
00111,Sat_20260725-20270830,00111,,SANKRAIL GOODS TERMINAL,0,,00111,0,0,0
00112,Tue_20260728-20270830,00112,,AJNI,0,,00112,0,0,0
00113,Sun_20260809-20270830,00113,,MIRZA,0,,00113,0,0,0
00114,Thu_20260813-20270830,00114,,MULUND,0,,00114,0,0,0
00131,Sun_20260830-20260830,00131,,MANDAPAM,0,,00131,0,0,0
00132,Thu_20260903-20260903,00132,,SAWAI MADHOPUR JN,0,,00132,0,0,0
00168,Sun_20260823-20260823,00168,,SOLAPUR JN,0,,00168,0,0,0
00169,Sat_20260829-20260829,00169,,AYODHYA CANTT,0,,00169,0,0,0
00290,Wed_20260902-20270428,00290,,DELHI SAFDARJUNG,0,,00290,0,0,0
00391,Tue_20260901-20260901,00391,,MANMAD JN,0,,00391,0,0,0
00392,Sun_20260906-20260906,00392,,BETTIAH,0,,00392,0,0,0
00441,Mon-Sun_20260329-20270830,00441,,PATELNAGAR,0,,00441,0,0,0
00442,Thu-Fri_20260326-20270830,00442,,CHITPUR,0,,00442,0,0,0
00461,Mon-Tue-Wed-Thu-Fri-Sat-Sun_20260722-20270830,00461,,BADGAM,0,,00461,0,0,0
00462,Mon-Tue-Wed-Thu-Fri-Sat-Sun_20260722-20270830,00462,,ADARSH NAGAR DELHI,0,,00462,0,0,0
00487,Sun_20260823-20260823,00487,,BHAGAT KI KOTHI,0,,00487,0,0,0
00629,Wed-Sun_20260601-20270830,00629,,TUGLAKABAD,0,,00629,0,0,0
00630,Thu-Sun_20260601-20270830,00630,,YESVANTPUR JN.,0,,00630,0,0,0
00761,Mon-Wed-Fri-Sat_20260601-20261231,00761,,HAZRAT NIZAMUDDIN JN,0,,00761,0,0,0
00762,Tue-Wed-Fri-Sun_20260601-20270830,00762,,RENIGUNTA JN,0,,00762,0,0,0
00816,Fri_20991231-20270830,00816,,AYODHYA CANTT,0,,00816,0,0,0
00901,Fri_20260327-20270830,00901,,NARAYNPUR ANANT,0,,00901,0,0,0
00902,Sun_20260329-20270830,00902,,SURAT,0,,00902,0,0,0
00903,Fri_20261225-20261225,00903,,BANDRA TERMINUS,0,,00903,0,0,0
00907,Sun_20260819-20270830,00907,,SANKRAIL GOODS TERMINAL,0,,00907,0,0,0
00908,Wed_20260819-20270830,00908,,KANKARIA,0,,00908,0,0,0
00933,Sat_20261212-20261212,00933,,INDORE JN,0,,00933,0,0,0
00961,Mon-Wed-Thu-Sat-Sun_20260401-20260930,00961,,KHAMBLI GHAT,0,,00961,0,0,0
00962,Mon-Wed-Thu-Sat-Sun_20260401-20260930,00962,,MARWAR JN,0,,00962,0,0,0
01003,Mon_20260824-20260907,01003,,MADGAON JUNCTION,0,,01003,0,0,0
01004,Sun_20260823-20260829,01004,,LOKMANYATILAK,0,,01004,0,0,0
01007,Fri-Sun_20260911-20260913,01007,,MADGAON JUNCTION,0,,01007,0,0,0
01008,Fri-Sun_20260911-20260913,01008,,C SHIVAJI MAH T,0,,01008,0,0,0
01023,Mon-Tue-Wed-Thu-Fri-Sat-Sun_20260716-20260930,01023,,KOLHAPUR,0,,01023,0,0,0
01024,Mon-Tue-Wed-Thu-Fri-Sat-Sun_20260716-20260930,01024,,PUNE JN,0,,01024,0,0,0
01053,Sat_20260829-20260905,01053,,DANAPUR,0,,01053,0,0,0
01054,Mon_20260831-20260907,01054,,MANMAD JN,0,,01054,0,0,0
01103,Mon-Tue-Wed-Thu-Fri-Sat-Sun_20260911-20260926,01103,,SAWANTWADI ROAD,0,,01103,0,0,0
01104,Mon-Tue-Wed-Thu-Fri-Sat-Sun_20260912-20260927,01104,,C SHIVAJI MAH T,0,,01104,0,0,0
01129,Tue_20260915-20260922,01129,,SAWANTWADI ROAD,0,,01129,0,0,0
01130,Tue_20260915-20260922,01130,,LOKMANYATILAK,0,,01130,0,0,0
01131,Thu-Sun_20260917-20260927,01131,,SAWANTWADI ROAD,0,,01131,0,0,0
01132,Thu-Sun_20260917-20260927,01132,,LOKMANYATILAK,0,,01132,0,0,0
01133,Mon-Tue-Wed-Thu-Fri-Sat-Sun_20260911-20260922,01133,,CHIPLUN,0,,01133,0,0,0
01134,Mon-Tue-Wed-Thu-Fri-Sat-Sun_20260912-20260923,01134,,DIVA,0,,01134,0,0,0
01139,Wed_20260819-20260902,01139,,MADGAON JUNCTION,0,,01139,0,0,0
01140,Tue_20260818-20260901,01140,,NAGPUR JN.,0,,01140,0,0,0
01149,Thu_20260730-20260902,01149,,SANKRAIL GOODS TERMINAL,0,,01149,0,0,0
01150,Sun_20260802-20260905,01150,,THANE,0,,01150,0,0,0
01151,Mon-Tue-Wed-Thu-Fri-Sat-Sun_20260911-20260927,01151,,SAWANTWADI ROAD,0,,01151,0,0,0
01152,Mon-Tue-Wed-Thu-Fri-Sat-Sun_20260911-20260927,01152,,C SHIVAJI MAH T,0,,01152,0,0,0
01153,Mon-Tue-Wed-Thu-Fri-Sat-Sun_20260911-20260926,01153,,RATNAGIRI,0,,01153,0,0,0
01154,Mon-Tue-Wed-Thu-Fri-Sat-Sun_20260912-20260927,01154,,C SHIVAJI MAH T,0,,01154,0,0,0
01155,Mon-Tue-Wed-Thu-Fri-Sat-Sun_20260911-20260927,01155,,KHED,0,,01155,0,0,0
01156,Mon-Tue-Wed-Thu-Fri-Sat-Sun_20260911-20260927,01156,,DIVA,0,,01156,0,0,0
01161,Mon_20260907-20260907,01161,,VELLANKANNI,0,,01161,0,0,0
01162,Fri_20260828-20260828,01162,,LOKMANYATILAK,0,,01162,0,0,0
01165,Tue_20260915-20260922,01165,,MADGAON JUNCTION,0,,01165,0,0,0
01166,Tue_20260915-20260922,01166,,LOKMANYATILAK,0,,01166,0,0,0
01167,Mon-Tue-Wed-Thu-Fri-Sat-Sun_20260912-20260926,01167,,RATNAGIRI,0,,01167,0,0,0
01168,Mon-Wed-Thu-Fri-Sun_20260913-20260927,01168,,LOKMANYATILAK,0,,01168,0,0,0
01171,Mon-Tue-Wed-Thu-Fri-Sat-Sun_20260911-20260927,01171,,SAWANTWADI ROAD,0,,01171,0,0,0
01172,Mon-Tue-Wed-Thu-Fri-Sat-Sun_20260911-20260927,01172,,LOKMANYATILAK,0,,01172,0,0,0
01185,Wed_20260916-20260923,01185,,MADGAON JUNCTION,0,,01185,0,0,0
01186,Wed_20260916-20260923,01186,,LOKMANYATILAK,0,,01186,0,0,0
01445,Tue_20260915-20260922,01445,,RATNAGIRI,0,,01445,0,0,0
01446,Tue_20260915-20260922,01446,,PUNE JN,0,,01446,0,0,0
01447,Sat_20260912-20260926,01447,,RATNAGIRI,0,,01447,0,0,0
01448,Sat_20260912-20260926,01448,,PUNE JN,0,,01448,0,0,0
01449,Mon-Tue-Wed-Thu-Fri-Sat-Sun_20260716-20260928,01449,,DANAPUR,0,,01449,0,0,0
01450,Mon-Tue-Wed-Thu-Fri-Sat-Sun_20260718-20260930,01450,,PUNE JN,0,,01450,0,0,0
01464,Sat_20260829-20260829,01464,,LOKMANYATILAK,0,,01464,0,0,0
01665,Thu_20260716-20260930,01665,,AGARTALA,0,,01665,0,0,0
01666,Sun_20260716-20260930,01666,,RANI KAMALAPATI,0,,01666,0,0,0
01701,Sat_20260829-20260829,01701,,HAZRAT NIZAMUDDIN JN,0,,01701,0,0,0
01702,Sun_20260830-20260830,01702,,JABALPUR,0,,01702,0,0,0
01705,Tue_20260721-20260930,01705,,AYODHYA DHAM JN,0,,01705,0,0,0
01706,Wed_20260722-20260930,01706,,JABALPUR,0,,01706,0,0,0
01902,Thu-Fri_20260827-20260828,01902,,VIRANGANA LAKSHMIBAI JHANSI JN,0,,01902,0,0,0
01903,Wed-Thu-Fri-Sat-Sun_20260826-20260830,01903,,HAZRAT NIZAMUDDIN JN,0,,01903,0,0,0
01904,Mon-Thu-Fri-Sat-Sun_20260827-20260831,01904,,VIRANGANA LAKSHMIBAI JHANSI JN,0,,01904,0,0,0
01905,Mon_20260720-20260831,01905,,ASARVA JN,0,,01905,0,0,0
01906,Tue_20260721-20260901,01906,,KANPUR CENTRAL,0,,01906,0,0,0
01907,Tue_20260901-20260901,01907,,UDHNA JN,0,,01907,0,0,0
01908,Wed_20260902-20260930,01908,,AGRA CANTT JN,0,,01908,0,0,0
01909,Tue_20260818-20260929,01909,,AGRA CANTT JN,0,,01909,0,0,0
01910,Mon_20260803-20260831,01910,,ASARVA JN,0,,01910,0,0,0
01911,Thu_20260723-20260924,01911,,KOLKATTA TERMINAL,0,,01911,0,0,0
01912,Fri_20260724-20260925,01912,,AGRA CANTT JN,0,,01912,0,0,0
01913,Wed-Fri-Sun_20260826-20260830,01913,,HAZRAT NIZAMUDDIN JN,0,,01913,0,0,0
01914,Mon-Thu-Sat_20260827-20260831,01914,,KHAJURAHO,0,,01914,0,0,0
01915,Mon-Tue-Wed-Thu-Fri-Sat-Sun_20260729-20260829,01915,,BANARAS,0,,01915,0,0,0
01916,Mon-Tue-Wed-Thu-Fri-Sat-Sun_20260729-20260829,01916,,SUBEDARGANJ,0,,01916,0,0,0
01917,Mon-Tue-Wed-Thu-Fri-Sat-Sun_20260729-20260829,01917,,AUNRIHAR JN.,0,,01917,0,0,0
01918,Mon-Tue-Wed-Thu-Fri-Sat-Sun_20260730-20260829,01918,,PRAYAGRAJ JN,0,,01918,0,0,0
01921,Thu_20260723-20261001,01921,,VIRANGANA LAKSHMIBAI JHANSI JN,0,,01921,0,0,0
01922,Wed_20260722-20260930,01922,,HADAPSAR,0,,01922,0,0,0
01923,Sun_20260719-20260927,01923,,VIRANGANA LAKSHMIBAI JHANSI JN,0,,01923,0,0,0
01924,Sat_20260718-20260926,01924,,HADAPSAR,0,,01924,0,0,0
01926,Sat_20260808-20260829,01926,,KANPUR CENTRAL,0,,01926,0,0,0
01929,Fri_20260717-20260828,01929,,KHURDA ROAD JN,0,,01929,0,0,0
01930,Sun_20260719-20260830,01930,,VIRANGANA LAKSHMIBAI JHANSI JN,0,,01930,0,0,0
02023,Sun_20260716-20260927,02023,,PATNA JN,0,,02023,0,0,0
02024,Sun_20260716-20260927,02024,,HOWRAH JN,0,,02024,0,0,0
02154,Sat_20260829-20260829,02154,,BHOPAL JN.,0,,02154,0,0,0
02157,Sun_20260830-20260830,02157,,HAZRAT NIZAMUDDIN JN,0,,02157,0,0,0
02158,Mon_20260831-20260831,02158,,RANI KAMALAPATI,0,,02158,0,0,0
02180,Sun_20260830-20260830,02180,,BHOPAL JN.,0,,02180,0,0,0
02197,Mon_20260716-20260930,02197,,JABALPUR,0,,02197,0,0,0
02198,Fri_20260716-20260930,02198,,COIMBATORE JN,0,,02198,0,0,0
02199,Thu_20260903-20260924,02199,,BANDRA TERMINUS,0,,02199,0,0,0
02200,Sat_20260819-20260829,02200,,VIRANGANA LAKSHMIBAI JHANSI JN,0,,02200,0,0,0
02275,Tue-Fri-Sun_20260825-20260830,02275,,SHAKURBASTI,0,,02275,0,0,0
02276,Mon-Wed-Sat_20260826-20260831,02276,,SUBEDARGANJ,0,,02276,0,0,0
02417,Mon-Tue-Wed-Thu-Fri-Sat-Sun_20260813-20260831,02417,,DADRI,0,,02417,0,0,0
02418,Mon-Tue-Wed-Thu-Fri-Sat-Sun_20260813-20260901,02418,,PRAYAGRAJ JN,0,,02418,0,0,0
02455,Mon-Wed-Fri-Sat_20260828-20260904,02455,,NEW DELHI,0,,02455,0,0,0
02456,Mon-Wed-Fri-Sat_20260828-20260904,02456,,KANPUR CENTRAL,0,,02456,0,0,0
02457,Tue-Thu-Sun_20260830-20260903,02457,,ANAND VIHAR TERMINAL,0,,02457,0,0,0
02458,Tue-Thu-Sun_20260830-20260903,02458,,KANPUR CENTRAL,0,,02458,0,0,0
02540,Mon-Tue-Wed-Thu-Fri-Sat-Sun_20260717-20270830,02540,,KURSEONG,0,,02540,0,0,0
02541,Mon-Tue-Wed-Thu-Fri-Sat-Sun_20260717-20270830,02541,,DARJEELING,0,,02541,0,0,0
02549,Mon-Tue-Wed-Thu-Fri-Sat-Sun_20261001-20270103,02549,,DARJEELING,0,,02549,0,0,0
02550,Mon-Tue-Wed-Thu-Fri-Sat-Sun_20261001-20270103,02550,,DARJEELING,0,,02550,0,0,0
02563,Mon-Tue-Wed-Thu-Fri-Sat-Sun_20260801-20260831,02563,,NEW DELHI,0,,02563,0,0,0
02564,Mon-Tue-Wed-Thu-Fri-Sat-Sun_20260802-20260901,02564,,BARAUNI JN,0,,02564,0,0,0
02569,Mon-Tue-Wed-Thu-Fri-Sat-Sun_20260801-20260831,02569,,NEW DELHI,0,,02569,0,0,0
02570,Mon-Tue-Wed-Thu-Fri-Sat-Sun_20260802-20260901,02570,,DARBHANGA JN,0,,02570,0,0,0
02811,Sat_20260716-20260829,02811,,YESVANTPUR JN.,0,,02811,0,0,0
02812,Mon_20260716-20260831,02812,,BHUBANESWAR,0,,02812,0,0,0
02877,Sat_20260808-20260926,02877,,ANAND VIHAR TERMINAL,0,,02877,0,0,0
02878,Sun_20260809-20260927,02878,,RANCHI,0,,02878,0,0,0
02921,Mon-Tue-Wed-Thu-Fri-Sat-Sun_20260824-20260830,02921,,MATHURA JN.,0,,02921,0,0,0
02922,Mon-Tue-Wed-Thu-Fri-Sat-Sun_20260824-20260830,02922,,SOGARIYA,0,,02922,0,0,0
03001,Tue-Fri-Sun_20260717-20260929,03001,,NATESAR,0,,03001,0,0,0
03002,Mon-Wed-Sat_20260718-20260930,03002,,HOWRAH JN,0,,03002,0,0,0
03215,Mon-Tue-Wed-Fri-Sat_20260818-20260917,03215,,PATLIPUTRA,0,,03215,0,0,0
03216,Mon-Tue-Thu-Fri-Sun_20260817-20260916,03216,,PURNIA COURT,0,,03216,0,0,0
03229,Fri_20260807-20260828,03229,,PATNA JN,0,,03229,0,0,0
03251,Mon-Tue-Wed-Thu-Fri-Sat-Sun_20260802-20260831,03251,,SMVT BENGALURU,0,,03251,0,0,0
03252,Mon-Tue-Wed-Thu-Fri-Sat-Sun_20260804-20260902,03252,,DANAPUR,0,,03252,0,0,0
03253,Mon-Wed_20260803-20260916,03253,,CHARLAPALLI,0,,03253,0,0,0
03254,Wed_20260805-20260916,03254,,PATNA JN,0,,03254,0,0,0
03255,Fri_20260807-20260918,03255,,PATNA JN,0,,03255,0,0,0
03297,Tue-Thu-Sun_20260726-20260929,03297,,ISLAMPUR,0,,03297,0,0,0
03298,Mon-Wed-Fri_20260727-20260930,03298,,PATNA JN,0,,03298,0,0,0
03407,Mon-Tue-Wed-Thu-Fri-Sat-Sun_20260829-20260831,03407,,KATIHAR JN,0,,03407,0,0,0
03408,Mon-Tue-Wed-Thu-Fri-Sat-Sun_20260829-20260831,03408,,BHAGALPUR,0,,03408,0,0,0
03411,Mon-Tue-Sat-Sun_20260803-20260830,03411,,BHAGALPUR,0,,03411,0,0,0
03412,Mon-Tue-Sat-Sun_20260803-20260830,03412,,DEOGHAR,0,,03412,0,0,0
03441,Sun_20260802-20260830,03441,,JAMALPUR JN,0,,03441,0,0,0
03442,Sun_20260802-20260830,03442,,DEOGHAR,0,,03442,0,0,0
03443,Sun_20260802-20260830,03443,,DEOGHAR,0,,03443,0,0,0
03444,Sun_20260802-20260830,03444,,GODDA,0,,03444,0,0,0
03479,Mon-Tue-Wed-Thu-Fri-Sat-Sun_20260729-20260830,03479,,JAMALPUR JN,0,,03479,0,0,0
03480,Mon-Tue-Wed-Thu-Fri-Sat-Sun_20260729-20260830,03480,,SULTANGANJ,0,,03480,0,0,0
03501,Mon-Tue-Wed-Thu-Fri-Sat-Sun_20260729-20260830,03501,,BAIDYANATHDHAM,0,,03501,0,0,0
03502,Mon-Tue-Wed-Thu-Fri-Sat-Sun_20260729-20260830,03502,,JASIDIH JN.,0,,03502,0,0,0
03503,Mon-Tue-Wed-Thu-Fri-Sat-Sun_20260729-20260830,03503,,BAIDYANATHDHAM,0,,03503,0,0,0
03504,Mon-Tue-Wed-Thu-Fri-Sat-Sun_20260729-20260830,03504,,JASIDIH JN.,0,,03504,0,0,0
03505,Mon-Tue-Wed-Thu-Fri-Sat-Sun_20260729-20260830,03505,,BAIDYANATHDHAM,0,,03505,0,0,0
03506,Mon-Tue-Wed-Thu-Fri-Sat-Sun_20260729-20260830,03506,,JASIDIH JN.,0,,03506,0,0,0
03507,Mon-Tue-Wed-Thu-Fri-Sat-Sun_20260803-20260830,03507,,JASIDIH JN.,0,,03507,0,0,0
03508,Mon-Tue-Wed-Thu-Fri-Sat-Sun_20260803-20260830,03508,,DEOGHAR,0,,03508,0,0,0
03509,Mon-Tue-Wed-Thu-Fri-Sat-Sun_20260804-20260830,03509,,JASIDIH JN.,0,,03509,0,0,0
03510,Mon-Tue-Wed-Thu-Fri-Sat-Sun_20260804-20260830,03510,,DUMKA,0,,03510,0,0,0
03513,Mon-Tue-Wed-Thu-Fri-Sat-Sun_20260729-20260830,03513,,JASIDIH JN.,0,,03513,0,0,0
03514,Mon-Tue-Wed-Thu-Fri-Sat-Sun_20260729-20260830,03514,,BASUKINATH,0,,03514,0,0,0
03515,Mon-Tue-Wed-Thu-Fri-Sat-Sun_20260803-20260830,03515,,JASIDIH JN.,0,,03515,0,0,0
03516,Mon-Tue-Wed-Thu-Fri-Sat-Sun_20260803-20260830,03516,,DUMKA,0,,03516,0,0,0
03517,Mon-Tue-Wed-Thu-Fri-Sat-Sun_20260729-20260830,03517,,DEOGHAR,0,,03517,0,0,0
03518,Mon-Tue-Wed-Thu-Fri-Sat-Sun_20260729-20260830,03518,,BASUKINATH,0,,03518,0,0,0
03547,Mon-Tue-Wed-Thu-Fri-Sat-Sun_20260729-20260830,03547,,BANKA,0,,03547,0,0,0
03548,Mon-Tue-Wed-Thu-Fri-Sat-Sun_20260729-20260830,03548,,JASIDIH JN.,0,,03548,0,0,0
03549,Mon-Tue-Wed-Thu-Fri-Sat-Sun_20260729-20260829,03549,,JASIDIH JN.,0,,03549,0,0,0
03551,Mon-Tue-Wed-Thu-Fri-Sat-Sun_20260729-20260829,03551,,JASIDIH JN.,0,,03551,0,0,0
03552,Mon-Tue-Wed-Thu-Fri-Sat-Sun_20260729-20260829,03552,,ASANSOL JN.,0,,03552,0,0,0
03553,Mon-Tue-Wed-Thu-Fri-Sat-Sun_20260729-20260829,03553,,MOHANPUR,0,,03553,0,0,0
03554,Mon-Tue-Wed-Thu-Fri-Sat-Sun_20260729-20260829,03554,,DUMKA,0,,03554,0,0,0
03639,Mon-Fri_20260801-20260831,03639,,SHAKURBASTI,0,,03639,0,0,0
03640,Tue-Sat_20260802-20260901,03640,,DHANBAD JN,0,,03640,0,0,0
04011,Fri_20260828-20260828,04011,,DELHI JN.,0,,04011,0,0,0
04013,Mon-Tue-Wed-Thu-Fri-Sat-Sun_20260817-20260916,04013,,ANAND VIHAR TERMINAL,0,,04013,0,0,0
04014,Mon-Tue-Wed-Thu-Fri-Sat-Sun_20260816-20260915,04014,,LAUKAHA BAZAR,0,,04014,0,0,0
04071,Mon-Tue-Wed-Thu-Fri-Sat-Sun_20260808-20261001,04071,,NEW DELHI,0,,04071,0,0,0
04072,Mon-Tue-Wed-Thu-Fri-Sat-Sun_20260806-20260930,04072,,SUPAUL JUNCTION,0,,04072,0,0,0
04079,Thu_20260827-20260827,04079,,HAZRAT NIZAMUDDIN JN,0,,04079,0,0,0
04105,Thu-Sun_20260819-20260830,04105,,UDHNA JN,0,,04105,0,0,0
04106,Mon-Fri_20260819-20260831,04106,,PRAYAGRAJ JN,0,,04106,0,0,0
04111,Tue-Sat_20260718-20260829,04111,,GANDHIGRAM,0,,04111,0,0,0
04112,Wed-Sun_20260719-20260830,04112,,PRAYAGRAJ JN,0,,04112,0,0,0
04113,Sat_20260810-20260926,04113,,SSS HUBBALLI JN,0,,04113,0,0,0
04114,Tue_20260810-20260929,04114,,PRAYAGRAJ JN,0,,04114,0,0,0
04116,Fri_20260814-20260827,04116,,SUBEDARGANJ,0,,04116,0,0,0
04119,Sat_20260819-20260829,04119,,VALSAD,0,,04119,0,0,0
04120,Sun_20260819-20260830,04120,,SUBEDARGANJ,0,,04120,0,0,0
04123,Wed-Sun_20260805-20260830,04123,,HAZRAT NIZAMUDDIN JN,0,,04123,0,0,0
04124,Mon-Thu_20260806-20260831,04124,,PRAYAGRAJ JN,0,,04124,0,0,0
04125,Mon_20260824-20260831,04125,,BANDRA TERMINUS,0,,04125,0,0,0
04126,Tue_20260825-20260901,04126,,SUBEDARGANJ,0,,04126,0,0,0
04127,Thu_20260813-20260903,04127,,GUWAHATI,0,,04127,0,0,0
04128,Fri_20260807-20260904,04128,,KANPUR CENTRAL,0,,04128,0,0,0
04133,Sun_20260719-20260927,04133,,SMVT BENGALURU,0,,04133,0,0,0
04134,Wed_20260722-20260930,04134,,KANPUR CENTRAL,0,,04134,0,0,0
04137,Tue-Sat_20260819-20260926,04137,,BARAUNI JN,0,,04137,0,0,0
04138,Wed-Sun_20260719-20260927,04138,,GWALIOR JN.,0,,04138,0,0,0
04139,Fri_20260819-20260828,04139,,DADAR,0,,04139,0,0,0
04140,Sun_20260819-20260830,04140,,PRAYAGRAJ JN,0,,04140,0,0,0
04149,Wed_20260805-20260923,04149,,YESVANTPUR JN.,0,,04149,0,0,0
04150,Sat_20260808-20260926,04150,,PRAYAGRAJ JN,0,,04150,0,0,0
04151,Fri_20260717-20260925,04151,,LOKMANYATILAK,0,,04151,0,0,0
04152,Sat_20260718-20260926,04152,,KANPUR CENTRAL,0,,04152,0,0,0
04155,Mon-Thu_20260716-20260831,04155,,UDHNA JN,0,,04155,0,0,0
04156,Tue-Fri_20260717-20260901,04156,,SUBEDARGANJ,0,,04156,0,0,0
04157,Tue_20260818-20260929,04157,,KOLKATTA TERMINAL,0,,04157,0,0,0
04158,Wed_20260819-20260930,04158,,KANPUR CENTRAL,0,,04158,0,0,0
04159,Fri_20260814-20260930,04159,,VISAKHAPATNAM,0,,04159,0,0,0
04160,Sat_20260815-20260930,04160,,PRAYAGRAJ JN,0,,04160,0,0,0
04161,Mon_20260810-20260930,04161,,SIKAR JN,0,,04161,0,0,0
04162,Tue_20260811-20260930,04162,,PRAYAGRAJ JN,0,,04162,0,0,0
04165,Sat_20260829-20260829,04165,,SHAKURBASTI,0,,04165,0,0,0
04166,Sun_20260829-20260830,04166,,PRAYAGRAJ JN,0,,04166,0,0,0
04169,Mon-Fri_20260807-20260928,04169,,INDORE JN,0,,04169,0,0,0
04170,Tue-Sat_20260808-20260929,04170,,SUBEDARGANJ,0,,04170,0,0,0
04173,Thu_20260813-20260924,04173,,VERAVAL,0,,04173,0,0,0
04174,Fri_20260814-20260925,04174,,PRAYAGRAJ JN,0,,04174,0,0,0
04175,Sun_20260819-20260830,04175,,DADAR,0,,04175,0,0,0
04176,Tue_20260819-20260901,04176,,SUBEDARGANJ,0,,04176,0,0,0
04177,Tue_20260901-20260929,04177,,VALSAD,0,,04177,0,0,0
04178,Wed_20260902-20260930,04178,,SUBEDARGANJ,0,,04178,0,0,0
04185,Wed-Sun_20260730-20260831,04185,,ASANSOL JN.,0,,04185,0,0,0
04186,Mon-Thu_20260730-20260831,04186,,VIRANGANA LAKSHMIBAI JHANSI JN,0,,04186,0,0,0
04202,Sun_20260830-20260830,04202,,VARANASI,0,,04202,0,0,0
04213,Sun_20260830-20260830,04213,,ANAND VIHAR TERMINAL,0,,04213,0,0,0
04217,Sun_20260830-20260830,04217,,NEW DELHI,0,,04217,0,0,0
04317,Mon-Tue-Wed-Thu-Fri-Sat-Sun_20260731-20260829,04317,,YOG NAGARI RISHIKESH,0,,04317,0,0,0
04318,Mon-Tue-Wed-Thu-Fri-Sat-Sun_20260730-20260828,04318,,ALAMNAGAR,0,,04318,0,0,0
04319,Mon-Tue-Wed-Thu-Fri-Sat-Sun_20260822-20260831,04319,,ROORKEE,0,,04319,0,0,0
04320,Mon-Tue-Wed-Thu-Fri-Sat-Sun_20260822-20260831,04320,,BAREILLY(NR),0,,04320,0,0,0
04321,Mon-Tue-Wed-Thu-Fri-Sat-Sun_20260822-20260831,04321,,ROORKEE,0,,04321,0,0,0
04322,Mon-Tue-Wed-Thu-Fri-Sat-Sun_20260822-20260831,04322,,BAREILLY(NR),0,,04322,0,0,0
04329,Mon-Tue-Wed-Thu-Fri-Sat-Sun_20260828-20260830,04329,,HARIDWAR JN,0,,04329,0,0,0
04330,Mon-Tue-Wed-Thu-Fri-Sat-Sun_20260827-20260829,04330,,LUCKNOW JN.,0,,04330,0,0,0
04415,Thu-Fri_20260827-20260828,04415,,RINGAS JN,0,,04415,0,0,0
04416,Fri-Sat_20260828-20260829,04416,,DELHI SARAI ROHILLA,0,,04416,0,0,0
04423,Fri_20260828-20260828,04423,,NEW DELHI,0,,04423,0,0,0
04451,Thu_20260903-20260903,04451,,BEAS,0,,04451,0,0,0
04452,Sun_20260906-20260906,04452,,HAZRAT NIZAMUDDIN JN,0,,04452,0,0,0
04507,Mon_20260907-20260921,04507,,BEAS,0,,04507,0,0,0
04508,Sun_20260906-20260921,04508,,NEW DELHI,0,,04508,0,0,0
04545,Fri_20260828-20260828,04545,,CHANDIGARH,0,,04545,0,0,0
04559,Mon-Tue-Wed-Thu-Fri-Sat-Sun_20260730-20260830,04559,,BATHINDA,0,,04559,0,0,0
04560,Mon-Tue-Wed-Thu-Fri-Sat-Sun_20260730-20260830,04560,,HARIDWAR JN,0,,04560,0,0,0
04565,Fri_20260911-20260918,04565,,BEAS,0,,04565,0,0,0
04566,Sun_20260913-20260920,04566,,SAHARANPUR JN.,0,,04566,0,0,0
04642,Mon_20260831-20260831,04642,,NANDED,0,,04642,0,0,0
04667,Tue-Wed-Thu-Fri-Sat_20260825-20260829,04667,,FIROZPUR CANT,0,,04667,0,0,0
04668,Tue-Wed-Thu-Fri-Sat_20260825-20260829,04668,,JAGRAON,0,,04668,0,0,0
04687,Mon-Tue-Wed-Thu-Fri-Sat_20260716-20260930,04687,,BADGAM,0,,04687,0,0,0
04688,Mon-Tue-Wed-Thu-Fri-Sat_20260716-20260930,04688,,SHRI MATA VAISHNO DEVI KATRA,0,,04688,0,0,0
04703,Sat_20260829-20260829,04703,,KHADKI,0,,04703,0,0,0
04704,Sun_20260830-20260830,04704,,HISAR,0,,04704,0,0,0
04707,Mon-Tue-Wed-Thu-Fri-Sat-Sun_20260828-20260926,04707,,GOGAMERI,0,,04707,0,0,0
04708,Mon-Tue-Wed-Thu-Fri-Sat-Sun_20260828-20260926,04708,,SADULPUR JN,0,,04708,0,0,0
04709,Mon-Tue-Wed-Thu-Fri-Sat-Sun_20260829-20260926,04709,,GOGAMERI,0,,04709,0,0,0
04710,Mon-Tue-Wed-Thu-Fri-Sat-Sun_20260829-20260926,04710,,SADULPUR JN,0,,04710,0,0,0
04736,Fri_20260801-20260828,04736,,SHRI GANGANAGAR,0,,04736,0,0,0
04741,Mon-Tue-Wed-Thu-Fri-Sat-Sun_20260912-20260926,04741,,POKRAN,0,,04741,0,0,0
04742,Mon-Tue-Wed-Thu-Fri-Sat-Sun_20260912-20260926,04742,,SHRI GANGANAGAR,0,,04742,0,0,0
04743,Mon-Tue-Wed-Thu-Fri-Sat-Sun_20260829-20260901,04743,,SADULPUR JN,0,,04743,0,0,0
04744,Mon-Tue-Wed-Thu-Fri-Sat-Sun_20260829-20260901,04744,,HANUMANGARH JN,0,,04744,0,0,0
04745,Mon-Tue-Wed-Thu-Fri-Sat-Sun_20260918-20260921,04745,,SADULPUR JN,0,,04745,0,0,0
04746,Mon-Tue-Wed-Thu-Fri-Sat-Sun_20260918-20260921,04746,,SHRI GANGANAGAR,0,,04746,0,0,0
04771,Mon-Tue-Wed-Thu-Fri-Sat-Sun_20260303-20270830,04771,,ANUPGARH,0,,04771,0,0,0
04772,Mon-Tue-Wed-Thu-Fri-Sat-Sun_20260303-20270830,04772,,BATHINDA,0,,04772,0,0,0
04774,Mon-Tue-Wed-Thu-Fri-Sat-Sun_20260303-20270830,04774,,SHRI GANGANAGAR,0,,04774,0,0,0
04779,Mon-Tue-Wed-Thu-Fri-Sat-Sun_20260303-20270830,04779,,SURATGARH JN,0,,04779,0,0,0
04783,Mon-Tue-Wed-Thu-Fri-Sat-Sun_20260303-20270830,04783,,SIRSA,0,,04783,0,0,0
04784,Mon-Tue-Wed-Thu-Fri-Sat-Sun_20260303-20270830,04784,,BATHINDA,0,,04784,0,0,0
04791,Mon-Tue-Wed-Thu-Fri-Sat-Sun_20260831-20260909,04791,,GOGAMERI,0,,04791,0,0,0
04792,Mon-Tue-Wed-Thu-Fri-Sat-Sun_20260831-20260909,04792,,REWARI JN.,0,,04792,0,0,0
04795,Mon-Tue-Wed-Thu-Fri-Sat-Sun_20260830-20260909,04795,,GOGAMERI,0,,04795,0,0,0
04796,Mon-Tue-Wed-Thu-Fri-Sat-Sun_20260830-20260909,04796,,REWARI JN.,0,,04796,0,0,0
04811,Mon-Thu_20260831-20260928,04811,,HARIDWAR JN,0,,04811,0,0,0
04812,Tue-Fri_20260718-20260828,04812,,BARMER,0,,04812,0,0,0
04815,Sat_20260829-20260829,04815,,CHENNAI BEACH,0,,04815,0,0,0
04816,Tue_20260901-20260901,04816,,JODHPUR JN,0,,04816,0,0,0
04861,Mon-Tue-Wed-Thu-Fri-Sat-Sun_20260828-20260925,04861,,RAMDEVRA,0,,04861,0,0,0
04862,Mon-Tue-Wed-Thu-Fri-Sat-Sun_20260828-20260925,04862,,BHAGAT KI KOTHI,0,,04862,0,0,0
04863,Mon-Tue-Wed-Thu-Fri-Sat-Sun_20260911-20260925,04863,,RAMDEVRA,0,,04863,0,0,0
04864,Mon-Tue-Wed-Thu-Fri-Sat-Sun_20260911-20260925,04864,,BHAGAT KI KOTHI,0,,04864,0,0,0
04865,Mon-Tue-Wed-Thu-Fri-Sat-Sun_20260911-20260925,04865,,RAMDEVRA,0,,04865,0,0,0
04866,Mon-Tue-Wed-Thu-Fri-Sat-Sun_20260911-20260925,04866,,BHAGAT KI KOTHI,0,,04866,0,0,0
05011,Mon-Tue-Wed-Thu-Fri-Sun_20260816-20260829,05011,,GONDA JN,0,,05011,0,0,0
05012,Mon-Tue-Wed-Thu-Sat-Sun_20260815-20260828,05012,,AYODHYA CANTT,0,,05012,0,0,0
05027,Mon-Tue-Wed-Thu-Fri-Sat-Sun_20260731-20260830,05027,,BARHNI,0,,05027,0,0,0
05028,Mon-Tue-Wed-Thu-Fri-Sat-Sun_20260804-20260829,05028,,DEOGHAR,0,,05028,0,0,0
05045,Sun_20260719-20260927,05045,,RAJKOT,0,,05045,0,0,0
05046,Mon_20260720-20260830,05046,,LALKUA JN.,0,,05046,0,0,0
05054,Sat_20260819-20260828,05054,,GORAKHPUR JN,0,,05054,0,0,0
05061,Mon-Tue-Thu-Fri-Sun_20260727-20260830,05061,,TANAKPUR,0,,05061,0,0,0
05062,Mon-Tue-Thu-Fri-Sun_20260716-20260830,05062,,ACHHNERA JN,0,,05062,0,0,0
05064,Mon_20260831-20260831,05064,,VARANASI CITY,0,,05064,0,0,0
05073,Tue_20260716-20260915,05073,,LALKUA JN.,0,,05073,0,0,0
05074,Sat_20260801-20260912,05074,,KSR BENGALURU,0,,05074,0,0,0
05095,Thu_20260723-20260924,05095,,MAU JN,0,,05095,0,0,0
05096,Wed_20260722-20260923,05096,,KOLKATTA TERMINAL,0,,05096,0,0,0
05131,Mon-Tue-Wed-Thu-Fri-Sat-Sun_20260101-20260831,05131,,BAHRAICH,0,,05131,0,0,0
05132,Mon-Tue-Wed-Thu-Fri-Sat-Sun_20260101-20260831,05132,,GORAKHPUR JN,0,,05132,0,0,0
05183,Sat_20260819-20260926,05183,,BANDRA TERMINUS,0,,05183,0,0,0
05184,Mon_20260819-20260830,05184,,AZAMGARH,0,,05184,0,0,0
05193,Mon_20260720-20260928,05193,,PATHANKOT,0,,05193,0,0,0
05194,Wed_20260722-20260930,05194,,CHHAPRA,0,,05194,0,0,0
05307,Mon-Tue-Wed-Thu-Fri-Sat-Sun_20260827-20260829,05307,,MATHURA CANT,0,,05307,0,0,0
05308,Mon-Tue-Wed-Thu-Fri-Sat-Sun_20260827-20260829,05308,,KASGANJ,0,,05308,0,0,0
05343,Thu_20260903-20260924,05343,,LALKUA JN.,0,,05343,0,0,0
05344,Wed_20260902-20260930,05344,,SABARMATI BG,0,,05344,0,0,0
05401,Mon-Tue-Wed-Thu-Fri-Sat-Sun_20260101-20261231,05401,,KASHIPUR,0,,05401,0,0,0
05402,Mon-Tue-Wed-Thu-Fri-Sat-Sun_20260101-20261231,05402,,BAREILLY CITY,0,,05402,0,0,0
05493,Mon-Tue-Wed-Thu-Fri-Sat-Sun_20260829-20260908,05493,,SAWAI MADHOPUR JN,0,,05493,0,0,0
05494,Mon-Tue-Wed-Thu-Fri-Sat-Sun_20260829-20260907,05494,,DURGAPURA,0,,05494,0,0,0
05505,Mon-Wed_20260804-20260902,05505,,SAHARSA JN,0,,05505,0,0,0
05506,Fri-Sun_20260801-20260830,05506,,PURNIA COURT,0,,05506,0,0,0
05543,Thu-Sat_20260716-20260926,05543,,NARKATIAGANJ JN,0,,05543,0,0,0
05544,Thu-Sat_20260716-20260926,05544,,RAXAUL JN,0,,05544,0,0,0
05547,Thu-Sat_20260801-20260829,05547,,RAXAUL JN,0,,05547,0,0,0
05548,Mon-Sat_20260801-20260831,05548,,NARKATIAGANJ JN,0,,05548,0,0,0
05557,Tue_20260804-20260915,05557,,LOKMANYATILAK,0,,05557,0,0,0
05558,Thu_20260806-20260917,05558,,RAXAUL JN,0,,05558,0,0,0
05573,Mon-Tue-Wed-Thu-Fri-Sat-Sun_20260728-20260831,05573,,DEOGHAR,0,,05573,0,0,0
05574,Mon-Tue-Wed-Thu-Fri-Sat-Sun_20260728-20260831,05574,,RAGHOPUR,0,,05574,0,0,0
05735,Fri_20260801-20260904,05735,,KATIHAR JN,0,,05735,0,0,0
05736,Wed_20260730-20260902,05736,,AMRITSAR,0,,05736,0,0,0
05931,Mon_20260803-20260831,05931,,DIBRUGARH,0,,05931,0,0,0
05932,Sat_20260801-20260829,05932,,KOLKATTA TERMINAL,0,,05932,0,0,0
06017,Tue_20260804-20260901,06017,,TUTICORIN,0,,06017,0,0,0
06018,Mon_20260803-20260831,06018,,TAMBARAM,0,,06018,0,0,0
06019,Mon_20260907-20260928,06019,,NARASAPUR,0,,06019,0,0,0
06020,Wed_20260909-20260930,06020,,TUTICORIN,0,,06020,0,0,0
06027,Fri-Sat-Sun_20260807-20260830,06027,,PODANUR JN,0,,06027,0,0,0
06028,Fri-Sat-Sun_20260807-20260830,06028,,PURATCHI THALAIVAR DR. MGR CTL,0,,06028,0,0,0
06029,Mon_20260803-20260831,06029,,TIRUNELVELI JN,0,,06029,0,0,0
06030,Sun_20260823-20260830,06030,,METUPALAIYAM,0,,06030,0,0,0
06037,Mon_20260824-20260907,06037,,VELLANKANNI,0,,06037,0,0,0
06038,Wed_20260826-20260909,06038,,TAMBARAM,0,,06038,0,0,0
06045,Fri_20260904-20260925,06045,,KANNIYAKUMARI,0,,06045,0,0,0
06046,Sun_20260906-20260927,06046,,CHENNAI EGMORE,0,,06046,0,0,0
06058,Sat_20260829-20260829,06058,,SANTRAGACHI JN,0,,06058,0,0,0
06059,Sat_20260912-20260926,06059,,BODINAYAKKANUR,0,,06059,0,0,0
06060,Sun_20260913-20260927,06060,,TAMBARAM,0,,06060,0,0,0
06061,Thu_20260827-20260910,06061,,VELLANKANNI,0,,06061,0,0,0
06062,Fri_20260828-20260911,06062,,ERNAKULAM JN,0,,06062,0,0,0
06067,Fri_20260828-20260828,06067,,THIRUVARUR JN,0,,06067,0,0,0
06068,Sat_20260829-20260829,06068,,TAMBARAM,0,,06068,0,0,0
06069,Fri_20260814-20260828,06069,,TIRUNELVELI JN,0,,06069,0,0,0
06070,Thu_20260903-20260924,06070,,TAMBARAM,0,,06070,0,0,0
06072,Sat_20260829-20260829,06072,,SMVT BENGALURU,0,,06072,0,0,0
06081,Fri_20260814-20260904,06081,,SANTRAGACHI JN,0,,06081,0,0,0
06082,Mon_20260817-20260907,06082,,THIRUVANANTHAPURAM NORTH,0,,06082,0,0,0
06093,Wed_20260902-20260902,06093,,MANGALORE JUNCTION,0,,06093,0,0,0
06094,Thu_20260903-20260903,06094,,THIRUVANANTHAPURAM CENTRAL,0,,06094,0,0,0
06109,Thu_20260820-20260903,06109,,THIRUVANANTHAPURAM CENTRAL,0,,06109,0,0,0
06110,Wed_20260819-20260902,06110,,TAMBARAM,0,,06110,0,0,0
06115,Sat_20260829-20260905,06115,,VELLANKANNI,0,,06115,0,0,0
06116,Sun_20260830-20260906,06116,,THIRUVANANTHAPURAM NORTH,0,,06116,0,0,0
06117,Thu-Sat_20260815-20260905,06117,,KOLLAM JN,0,,06117,0,0,0
06118,Fri-Sun_20260816-20260906,06118,,PURATCHI THALAIVAR DR. MGR CTL,0,,06118,0,0,0
06119,Wed_20260819-20260902,06119,,KOLLAM JN,0,,06119,0,0,0
06120,Thu_20260820-20260903,06120,,PURATCHI THALAIVAR DR. MGR CTL,0,,06120,0,0,0
06125,Tue_20260818-20260901,06125,,MANGALORE CENTRAL,0,,06125,0,0,0
06126,Mon_20260817-20260831,06126,,CHENNAI EGMORE,0,,06126,0,0,0
06127,Fri_20260821-20260828,06127,,MANGALORE JUNCTION,0,,06127,0,0,0
06128,Sat_20260822-20260829,06128,,PURATCHI THALAIVAR DR. MGR CTL,0,,06128,0,0,0
06133,Tue-Sat_20260829-20260908,06133,,NAGAPPATTINAM JN,0,,06133,0,0,0
06134,Tue-Sat_20260829-20260908,06134,,VILLUPURAM JN,0,,06134,0,0,0
06147,Sun_20260816-20260906,06147,,SMVT BENGALURU,0,,06147,0,0,0
06148,Mon_20260817-20260907,06148,,ERNAKULAM JN,0,,06148,0,0,0
06165,Mon_20260803-20260831,06165,,TIRUNELVELI JN,0,,06165,0,0,0
06166,Sun_20260802-20260830,06166,,TAMBARAM,0,,06166,0,0,0
06171,Fri-Sun_20260807-20260927,06171,,UDAGAMANDALAM,0,,06171,0,0,0
06172,Mon-Sat_20260808-20260928,06172,,METUPALAIYAM,0,,06172,0,0,0
06176,Fri-Sun_20260807-20260927,06176,,COONOOR,0,,06176,0,0,0
06181,Thu_20260819-20260903,06181,,JAIPUR JN.,0,,06181,0,0,0
06182,Sun_20260819-20260906,06182,,COIMBATORE JN,0,,06182,0,0,0
06185,Mon-Tue-Wed-Thu-Fri-Sat-Sun_20260716-20260930,06185,,UDAGAMANDALAM,0,,06185,0,0,0
06186,Mon-Tue-Wed-Thu-Fri-Sat-Sun_20260716-20260930,06186,,COONOOR,0,,06186,0,0,0
06199,Mon-Sat_20260808-20260928,06199,,UDAGAMANDALAM,0,,06199,0,0,0
06229,Sat_20260829-20260830,06229,,KANNUR,0,,06229,0,0,0
06230,Sun_20260830-20260831,06230,,BANGALORE CANT,0,,06230,0,0,0
06509,Mon_20260716-20260930,06509,,DANAPUR,0,,06509,0,0,0
06510,Wed_20260716-20260930,06510,,KSR BENGALURU,0,,06510,0,0,0
06523,Mon_20260817-20260901,06523,,THIRUVANANTHAPURAM NORTH,0,,06523,0,0,0
06524,Tue_20260818-20260902,06524,,SMVT BENGALURU,0,,06524,0,0,0
06531,Mon-Tue-Wed-Thu-Fri-Sat_20260506-20270830,06531,,CHIK BALLAPUR,0,,06531,0,0,0
06532,Mon-Tue-Wed-Thu-Fri-Sat_20260506-20270830,06532,,BANGALORE CANT,0,,06532,0,0,0
06535,Mon-Tue-Wed-Thu-Fri-Sat_20260506-20270830,06535,,BANGALORE CANT,0,,06535,0,0,0
06536,Mon-Tue-Wed-Thu-Fri-Sat_20260506-20270830,06536,,CHIK BALLAPUR,0,,06536,0,0,0
06537,Mon-Tue-Wed-Thu-Fri-Sat_20260506-20270830,06537,,BANGALORE CANT,0,,06537,0,0,0
06538,Mon-Tue-Wed-Thu-Fri-Sat_20260506-20270830,06538,,CHIK BALLAPUR,0,,06538,0,0,0
06548,Thu_20260820-20260828,06548,,SMVT BENGALURU,0,,06548,0,0,0
06553,Sat_20260825-20260830,06553,,GAYA JN,0,,06553,0,0,0
06555,Fri_20260821-20260829,06555,,THIRUVANANTHAPURAM NORTH,0,,06555,0,0,0
06556,Sun_20260823-20260831,06556,,SMVT BENGALURU,0,,06556,0,0,0
06565,Sun_20260809-20260901,06565,,MALDA TOWN,0,,06565,0,0,0
06566,Wed_20260812-20260904,06566,,SMVT BENGALURU,0,,06566,0,0,0
06571,Tue_20260811-20260827,06571,,KATIHAR JN,0,,06571,0,0,0
06572,Fri_20260814-20260830,06572,,YESVANTPUR JN.,0,,06572,0,0,0
06577,Mon-Sat_20260810-20260901,06577,,VIJAYAPURA,0,,06577,0,0,0
06578,Tue-Sun_20260809-20260902,06578,,YESVANTPUR JN.,0,,06578,0,0,0
06579,Fri_20260828-20260829,06579,,THIRUVANANTHAPURAM NORTH,0,,06579,0,0,0
06580,Sat_20260829-20260830,06580,,BANGALORE CANT,0,,06580,0,0,0
06593,Mon-Tue-Wed-Thu-Fri-Sat_20260101-20270830,06593,,CHIK BALLAPUR,0,,06593,0,0,0
06594,Mon-Tue-Wed-Thu-Fri-Sat_20260101-20270830,06594,,YESVANTPUR JN.,0,,06594,0,0,0
06605,Mon-Tue-Wed-Thu-Fri-Sat-Sun_20260225-20270830,06605,,JHALAWAR CITY,0,,06605,0,0,0
06606,Mon-Tue-Wed-Thu-Fri-Sat-Sun_20260226-20270830,06606,,GATL,0,,06606,0,0,0
06716,Sat_20260101-20270830,06716,,THANJAVUR JN.,0,,06716,0,0,0
06717,Sat_20260101-20270830,06717,,TIRUCHCHIRAPPALLI JN.,0,,06717,0,0,0
06718,Sun_20260101-20270830,06718,,TIRUTURAIPUNDI JN,0,,06718,0,0,0
06857,Mon-Tue-Wed-Thu-Fri-Sat-Sun_20260829-20260908,06857,,VELLANKANNI,0,,06857,0,0,0
06858,Mon-Tue-Wed-Thu-Fri-Sat-Sun_20260829-20260908,06858,,NAGAPPATTINAM JN,0,,06858,0,0,0
06861,Mon-Tue-Wed-Thu-Fri-Sat_20260829-20260908,06861,,TIRUCHCHIRAPPALLI JN.,0,,06861,0,0,0
06863,Mon-Tue-Wed-Thu-Fri-Sat-Sun_20260830-20260909,06863,,THANJAVUR JN.,0,,06863,0,0,0
06864,Wed-Sun_20260830-20260909,06864,,VELLANKANNI,0,,06864,0,0,0
06865,Tue-Sat_20260829-20260908,06865,,TIRUCHCHIRAPPALLI JN.,0,,06865,0,0,0
06866,Mon-Tue-Wed-Thu-Fri-Sat-Sun_20260829-20260908,06866,,VELLANKANNI,0,,06866,0,0,0
06867,Mon-Tue-Wed-Thu-Fri-Sat-Sun_20260829-20260908,06867,,VELLANKANNI,0,,06867,0,0,0
06868,Mon-Tue-Wed-Thu-Fri-Sat-Sun_20260829-20260908,06868,,NAGAPPATTINAM JN,0,,06868,0,0,0
06901,Thu_20260910-20260910,06901,,CHENGALPATTU JN.,0,,06901,0,0,0
06902,Fri_20260911-20260911,06902,,PODANUR JN,0,,06902,0,0,0
06904,Tue_20260825-20260825,06904,,TIRUPARANKUNDRAM,0,,06904,0,0,0
06910,Sat_20260829-20260829,06910,,THIRUVANANTHAPURAM NORTH,0,,06910,0,0,0
07001,Thu_20260716-20260925,07001,,TIRUVANNAMALAI,0,,07001,0,0,0
07002,Fri_20260717-20260926,07002,,CHARLAPALLI,0,,07002,0,0,0
07040,Fri_20260828-20260828,07040,,CHARLAPALLI,0,,07040,0,0,0
07046,Fri_20260716-20260926,07046,,NAHARLAGUN,0,,07046,0,0,0
07047,Mon_20260810-20260927,07047,,SECUNDERABAD JN,0,,07047,0,0,0
07075,Fri_20260801-20260829,07075,,GORAKHPUR JN,0,,07075,0,0,0
07076,Sun_20260801-20260831,07076,,HYDERABAD,0,,07076,0,0,0
07091,Sat_20260801-20260927,07091,,DANAPUR,0,,07091,0,0,0
07092,Mon_20260801-20260929,07092,,CHARLAPALLI,0,,07092,0,0,0
07097,Wed_20260805-20260902,07097,,MANGALORE CENTRAL,0,,07097,0,0,0
07098,Thu_20260813-20260903,07098,,HYDERABAD,0,,07098,0,0,0
07125,Fri_20260828-20260903,07125,,VELLANKANNI,0,,07125,0,0,0
07126,Sat_20260829-20260905,07126,,CHARLAPALLI,0,,07126,0,0,0
07127,Tue_20260908-20260908,07127,,VELLANKANNI,0,,07127,0,0,0
07128,Wed_20260909-20260910,07128,,CHARLAPALLI,0,,07128,0,0,0
07193,Sat_20260815-20260926,07193,,KOLLAM JN,0,,07193,0,0,0
07194,Mon_20260817-20260929,07194,,HYDERABAD,0,,07194,0,0,0
07195,Fri_20260814-20260830,07195,,KOLLAM JN,0,,07195,0,0,0
07196,Sat_20260815-20260830,07196,,CHARLAPALLI,0,,07196,0,0,0
07197,Sun_20260816-20260830,07197,,KOTTAYAM,0,,07197,0,0,0
07198,Mon_20260817-20260831,07198,,CHARLAPALLI,0,,07198,0,0,0
07215,Fri-Sat-Sun_20260828-20260831,07215,,VIJAYAWADA JN,0,,07215,0,0,0
07216,Fri-Sat-Sun_20260828-20260831,07216,,VISAKHAPATNAM,0,,07216,0,0,0
07217,Sun_20260830-20260831,07217,,SHIMOGA TOWN,0,,07217,0,0,0
07218,Wed_20260902-20260903,07218,,MACHILIPATNAM,0,,07218,0,0,0
07219,Mon_20260831-20260902,07219,,GUNTAKAL JN,0,,07219,0,0,0
07220,Wed_20260902-20260902,07220,,SHIMOGA TOWN,0,,07220,0,0,0
07221,Sat_20260718-20260926,07221,,SANTRAGACHI JN,0,,07221,0,0,0
07222,Sun_20260719-20260927,07222,,CHARLAPALLI,0,,07222,0,0,0
07227,Sun_20260830-20260831,07227,,VIKARABAD JN,0,,07227,0,0,0
07228,Mon_20260831-20260901,07228,,GUNTUR JN,0,,07228,0,0,0
07267,Fri-Sat-Sun_20260828-20260831,07267,,VISAKHAPATNAM,0,,07267,0,0,0
07268,Fri-Sat-Sun_20260828-20260830,07268,,PARVATIPURAM,0,,07268,0,0,0
07313,Sun_20260816-20260831,07313,,KOLLAM JN,0,,07313,0,0,0
07314,Mon_20260817-20260901,07314,,SSS HUBBALLI JN,0,,07314,0,0,0
07343,Mon-Tue-Wed-Thu-Fri_20260828-20260930,07343,,ARSIKERE JN,0,,07343,0,0,0
07344,Mon-Tue-Wed-Thu-Fri_20260828-20260930,07344,,HOSAPETE JUNCTION,0,,07344,0,0,0
07353,Sat_20260829-20260830,07353,,KOTTAYAM,0,,07353,0,0,0
07354,Sun_20260830-20260831,07354,,SSS HUBBALLI JN,0,,07354,0,0,0
07355,Sun_20260823-20260928,07355,,RAMESWARAM,0,,07355,0,0,0
07356,Mon_20260824-20260929,07356,,SSS HUBBALLI JN,0,,07356,0,0,0
07361,Tue-Thu_20260827-20260902,07361,,VELLANKANNI,0,,07361,0,0,0
07362,Thu-Sat_20260829-20260904,07362,,VASCO DA GAMA,0,,07362,0,0,0
07365,Sun_20260906-20260908,07365,,VELLANKANNI,0,,07365,0,0,0
07366,Wed_20260909-20260910,07366,,VASCO DA GAMA,0,,07366,0,0,0
07425,Sun_20260719-20260928,07425,,SRIKAKULAM ROAD,0,,07425,0,0,0
07426,Mon_20260719-20260928,07426,,SECUNDERABAD JN,0,,07426,0,0,0
07539,Mon-Wed-Thu-Sat-Sun_20260825-20260831,07539,,KATIHAR JN,0,,07539,0,0,0
07540,Tue-Wed-Fri-Sat-Sun_20260824-20260830,07540,,MANIHARI,0,,07540,0,0,0
07541,Tue-Fri_20260822-20260901,07541,,KATIHAR JN,0,,07541,0,0,0
07542,Mon-Thu_20260821-20260831,07542,,MANIHARI,0,,07542,0,0,0
07603,Tue_20260901-20260929,07603,,TIRUCHANUR,0,,07603,0,0,0
07604,Wed_20260902-20260930,07604,,NANDED,0,,07604,0,0,0
07814,Thu_20260715-20260925,07814,,TIRUPATI,0,,07814,0,0,0
07815,Fri_20260717-20260926,07815,,JALNA,0,,07815,0,0,0
08045,Fri_20260807-20260925,08045,,CHARLAPALLI,0,,08045,0,0,0
08046,Sat_20260808-20260926,08046,,SHALIMAR,0,,08046,0,0,0
08047,Fri_20260807-20260904,08047,,NAHARLAGUN,0,,08047,0,0,0
08048,Sat_20260808-20260905,08048,,SANTRAGACHI JN,0,,08048,0,0,0
08117,Mon-Tue-Wed-Thu-Fri-Sat-Sun_20260801-20261031,08117,,DIGHA,0,,08117,0,0,0
08118,Mon-Tue-Wed-Thu-Fri-Sat-Sun_20260801-20261031,08118,,PANSKURA,0,,08118,0,0,0
08311,Wed_20260819-20260902,08311,,ERNAKULAM JN,0,,08311,0,0,0
08312,Fri_20260821-20260904,08312,,SAMBALPUR JN.,0,,08312,0,0,0
08507,Wed_20260902-20260930,08507,,VISAKHAPATNAM,0,,08507,0,0,0
08508,Tue_20260901-20260929,08508,,SHALIMAR,0,,08508,0,0,0
08509,Thu-Sun_20260816-20260910,08509,,VISAKHAPATNAM,0,,08509,0,0,0
08510,Mon-Fri_20260817-20260911,08510,,TIRUPATI,0,,08510,0,0,0
08581,Fri_20260720-20260925,08581,,SMVT BENGALURU,0,,08581,0,0,0
08582,Sat_20260720-20260926,08582,,VISAKHAPATNAM,0,,08582,0,0,0
08611,Mon_20260720-20260928,08611,,AJMER JN,0,,08611,0,0,0
08612,Thu_20260813-20261001,08612,,SANTRAGACHI JN,0,,08612,0,0,0
08631,Mon-Tue-Wed-Thu-Fri-Sat-Sun_20260901-20260930,08631,,BANO,0,,08631,0,0,0
08632,Mon-Tue-Wed-Thu-Fri-Sat-Sun_20260901-20260930,08632,,HATIA,0,,08632,0,0,0
08645,Tue-Sat_20260728-20260912,08645,,RANCHI,0,,08645,0,0,0
08646,Mon-Fri_20260727-20260911,08646,,BHAGALPUR,0,,08646,0,0,0
08689,Mon-Thu_20260727-20260910,08689,,RANCHI,0,,08689,0,0,0
08690,Wed-Sun_20260726-20260909,08690,,BHAGALPUR,0,,08690,0,0,0
08813,Sun_20260830-20260831,08813,,MATHURA JN.,0,,08813,0,0,0
08814,Tue_20260901-20260902,08814,,CHHINDWARA JN,0,,08814,0,0,0
08833,Thu-Fri-Sat_20260827-20260829,08833,,DURG,0,,08833,0,0,0
08834,Thu-Fri-Sat_20260827-20260829,08834,,RAIGARH,0,,08834,0,0,0
08853,Wed_20260916-20260918,08853,,AYODHYA CANTT,0,,08853,0,0,0
08854,Fri_20260918-20260919,08854,,AMBIKAPUR,0,,08854,0,0,0
08895,Tue-Sat_20260815-20260829,08895,,MADHUPUR JN.,0,,08895,0,0,0
08896,Wed-Sun_20260823-20260830,08896,,NETAJI SUBHASH,0,,08896,0,0,0
09001,Tue-Fri_20260819-20260828,09001,,BHIWANI JN.,0,,09001,0,0,0
09002,Wed-Sat_20260819-20260829,09002,,MUMBAI CENTRAL,0,,09002,0,0,0
09009,Sun_20260819-20260830,09009,,BHUJ,0,,09009,0,0,0
09010,Mon_20260819-20260831,09010,,BANDRA TERMINUS,0,,09010,0,0,0
09013,Tue_20260908-20260908,09013,,THOKUR,0,,09013,0,0,0
09014,Wed_20260909-20260909,09014,,MUMBAI CENTRAL,0,,09014,0,0,0
09015,Mon-Tue-Wed-Thu-Fri-Sat-Sun_20260828-20260831,09015,,SATNA,0,,09015,0,0,0
09016,Mon-Tue-Wed-Thu-Fri-Sat-Sun_20260828-20260831,09016,,KATNI,0,,09016,0,0,0
09017,Sun_20260819-20260830,09017,,VERAVAL,0,,09017,0,0,0
09018,Mon_20260819-20260831,09018,,BANDRA TERMINUS,0,,09018,0,0,0
09019,Wed-Fri-Sat-Sun_20260909-20260909,09019,,SAWANTWADI ROAD,0,,09019,0,0,0
09020,Mon-Thu-Sat-Sun_20260910-20260910,09020,,MUMBAI CENTRAL,0,,09020,0,0,0
09021,Thu_20260910-20260910,09021,,UDHNA JN,0,,09021,0,0,0
09022,Thu_20260910-20260910,09022,,RATNAGIRI,0,,09022,0,0,0
09025,Mon_20260727-20260831,09025,,DANAPUR,0,,09025,0,0,0
09026,Tue_20260728-20260901,09026,,VALSAD,0,,09026,0,0,0
09029,Tue_20260908-20260908,09029,,VALSAD,0,,09029,0,0,0
09030,Mon_20260907-20260907,09030,,RATNAGIRI,0,,09030,0,0,0
09031,Sun_20260819-20260913,09031,,HASANPUR ROAD JUNCTION,0,,09031,0,0,0
09032,Tue_20260819-20260915,09032,,UDHNA JN,0,,09032,0,0,0
09033,Thu_20260827-20260930,09033,,MALDA TOWN,0,,09033,0,0,0
09034,Sun_20260802-20260829,09034,,UDHNA JN,0,,09034,0,0,0
09035,Thu_20260910-20260910,09035,,RATNAGIRI,0,,09035,0,0,0
09036,Fri_20260911-20260911,09036,,BANDRA TERMINUS,0,,09036,0,0,0
09037,Thu-Sat_20260819-20260829,09037,,BHUJ,0,,09037,0,0,0
09038,Fri-Sun_20260819-20260830,09038,,BANDRA TERMINUS,0,,09038,0,0,0
09045,Sun_20260726-20260913,09045,,MADHUBANI,0,,09045,0,0,0
09046,Mon_20260727-20260914,09046,,UDHNA JN,0,,09046,0,0,0
09047,Sun_20260726-20260913,09047,,JHANJHARPUR,0,,09047,0,0,0
09048,Mon_20260727-20260914,09048,,UDHNA JN,0,,09048,0,0,0
09049,Fri_20260807-20260925,09049,,BHUSAVAL JN,0,,09049,0,0,0
09050,Fri_20260807-20260925,09050,,DADAR,0,,09050,0,0,0
09059,Tue-Thu_20260827-20260901,09059,,VELLANKANNI,0,,09059,0,0,0
09060,Fri-Sun_20260830-20260904,09060,,BANDRA TERMINUS,0,,09060,0,0,0
09061,Sun_20260906-20260906,09061,,VELLANKANNI,0,,09061,0,0,0
09062,Tue_20260908-20260908,09062,,DAHANU ROAD,0,,09062,0,0,0
09065,Tue_20260819-20260929,09065,,CHHAPRA,0,,09065,0,0,0
09066,Wed_20260819-20260930,09066,,SURAT,0,,09066,0,0,0
09079,Tue-Sun_20260819-20260830,09079,,INDORE JN,0,,09079,0,0,0
09080,Mon-Wed_20260819-20260831,09080,,MUMBAI CENTRAL,0,,09080,0,0,0
09085,Mon-Fri_20260819-20260828,09085,,INDORE JN,0,,09085,0,0,0
09086,Tue-Sat_20260819-20260829,09086,,MUMBAI CENTRAL,0,,09086,0,0,0
09093,Fri_20260819-20260828,09093,,AYODHYA CANTT,0,,09093,0,0,0
09094,Sat_20260819-20260829,09094,,UDHNA JN,0,,09094,0,0,0
09109,Thu-Sun_20260910-20260910,09109,,VISHVAMITRI JN.,0,,09109,0,0,0
09110,Wed-Sat_20260909-20260909,09110,,RATNAGIRI,0,,09110,0,0,0
09111,Mon_20260727-20260928,09111,,GORAKHPUR JN,0,,09111,0,0,0
09112,Wed_20260729-20260930,09112,,VADODARA JN,0,,09112,0,0,0
09113,Wed_20260909-20260909,09113,,VADODARA JN,0,,09113,0,0,0
09114,Tue_20260908-20260908,09114,,RATNAGIRI,0,,09114,0,0,0
09119,Sun_20260726-20260927,09119,,LALKUA JN.,0,,09119,0,0,0
09120,Mon_20260727-20260928,09120,,PRATAPNAGAR,0,,09120,0,0,0
09123,Mon_20260907-20260907,09123,,VISHVAMITRI JN.,0,,09123,0,0,0
09124,Mon_20260907-20260907,09124,,RATNAGIRI,0,,09124,0,0,0
09151,Wed-Fri_20260819-20260911,09151,,MADHUBANI,0,,09151,0,0,0
09152,Fri-Sun_20260819-20260913,09152,,UDHNA JN,0,,09152,0,0,0
09183,Wed_20260819-20260930,09183,,BANARAS,0,,09183,0,0,0
09184,Fri_20260819-20261001,09184,,MUMBAI CENTRAL,0,,09184,0,0,0
09185,Sun_20260819-20260829,09185,,KANPUR ANWRGANJ,0,,09185,0,0,0
09186,Mon_20260819-20260831,09186,,MUMBAI CENTRAL,0,,09186,0,0,0
09189,Sat_20260819-20260829,09189,,KATIHAR JN,0,,09189,0,0,0
09190,Tue_20260819-20260901,09190,,MUMBAI CENTRAL,0,,09190,0,0,0
09195,Sat_20260725-20260926,09195,,MAU JN,0,,09195,0,0,0
09196,Sun_20260726-20260927,09196,,PRATAPNAGAR,0,,09196,0,0,0
09203,Tue_20261020-20261124,09203,,HARIDWAR JN,0,,09203,0,0,0
09204,Wed_20261021-20261125,09204,,VERAVAL,0,,09204,0,0,0
09207,Fri_20260829-20260930,09207,,BHAVNAGAR TERMINUS,0,,09207,0,0,0
09208,Thu_20260828-20260930,09208,,BANDRA TERMINUS,0,,09208,0,0,0
09257,Fri_20261016-20261127,09257,,SHAKURBASTI,0,,09257,0,0,0
09258,Sat_20261017-20261128,09258,,BHAVNAGAR TERMINUS,0,,09258,0,0,0
09305,Mon-Tue-Wed-Thu-Fri-Sat-Sun_20260728-20260908,09305,,SANT HIRDARAM NAGAR JUNCTION,0,,09305,0,0,0
09306,Mon-Tue-Wed-Thu-Fri-Sat-Sun_20260728-20260908,09306,,UJJAIN JN,0,,09306,0,0,0
09307,Mon-Tue-Wed-Thu-Fri-Sat-Sun_20260728-20260908,09307,,BHOPAL JN.,0,,09307,0,0,0
09308,Mon-Tue-Wed-Thu-Fri-Sat-Sun_20260729-20260909,09308,,UJJAIN JN,0,,09308,0,0,0
09309,Fri-Sun_20260801-20260830,09309,,HAZRAT NIZAMUDDIN JN,0,,09309,0,0,0
09310,Mon-Sat_20260802-20260831,09310,,INDORE JN,0,,09310,0,0,0
09313,Mon-Tue-Wed-Thu-Fri-Sat-Sun_20260728-20260908,09313,,SANT HIRDARAM NAGAR JUNCTION,0,,09313,0,0,0
09314,Mon-Tue-Wed-Thu-Fri-Sat-Sun_20260729-20260909,09314,,UJJAIN JN,0,,09314,0,0,0
09323,Thu_20260903-20261001,09323,,INDORE JN,0,,09323,0,0,0
09324,Wed_20260902-20260930,09324,,KHADKI,0,,09324,0,0,0
09343,Thu_20260730-20261001,09343,,PATNA JN,0,,09343,0,0,0
09344,Fri_20260731-20261001,09344,,DR. AMBEDKAR NAGAR,0,,09344,0,0,0
09409,Sat-Sun_20260716-20260930,09409,,EKTA NAGAR,0,,09409,0,0,0
09410,Sat-Sun_20260716-20260930,09410,,AHMEDABAD JN,0,,09410,0,0,0
09419,Thu_20260819-20260917,09419,,TIRUCHCHIRAPPALLI JN.,0,,09419,0,0,0
09420,Sun_20260819-20260920,09420,,AHMEDABAD JN,0,,09420,0,0,0
09423,Sat_20260829-20260829,09423,,AHMEDABAD JN,0,,09423,0,0,0
09424,Fri_20260829-20260930,09424,,MANGALORE JUNCTION,0,,09424,0,0,0
09425,Mon_20261019-20261123,09425,,HARIDWAR JN,0,,09425,0,0,0
09426,Tue_20261020-20261124,09426,,SABARMATI BG,0,,09426,0,0,0
09451,Fri_20260828-20260930,09451,,BHAGALPUR,0,,09451,0,0,0
09452,Mon_20260804-20260831,09452,,GANDHIDHAM BG,0,,09452,0,0,0
09465,Fri_20260731-20260911,09465,,DARBHANGA JN,0,,09465,0,0,0
09466,Mon_20260727-20260914,09466,,AHMEDABAD JN,0,,09466,0,0,0
09523,Tue_20261020-20261124,09523,,SHAKURBASTI,0,,09523,0,0,0
09524,Wed_20261021-20261125,09524,,OKHA,0,,09524,0,0,0
09525,Wed_20260826-20260916,09525,,NAHARLAGUN,0,,09525,0,0,0
09526,Sat_20260822-20260919,09526,,HAPA,0,,09526,0,0,0
09595,Mon-Tue-Wed-Thu-Fri-Sat-Sun_20260716-20260930,09595,,CHALALA,0,,09595,0,0,0
09596,Mon-Tue-Wed-Thu-Fri-Sat-Sun_20260716-20260930,09596,,JUNAGADH JN,0,,09596,0,0,0
09601,Thu_20260716-20260924,09601,,PATNA JN,0,,09601,0,0,0
09602,Fri_20260717-20260925,09602,,MADAR JN,0,,09602,0,0,0
09611,Wed_20260722-20260930,09611,,YOG NAGARI RISHIKESH,0,,09611,0,0,0
09612,Thu_20260717-20261001,09612,,AJMER JN,0,,09612,0,0,0
09639,Mon-Tue-Wed-Thu-Fri-Sat-Sun_20260815-20260924,09639,,NARNAUL,0,,09639,0,0,0
09640,Mon-Tue-Wed-Thu-Fri-Sat-Sun_20260815-20260924,09640,,MADAR JN,0,,09640,0,0,0
09705,Sun_20260819-20260906,09705,,BANDRA TERMINUS,0,,09705,0,0,0
09706,Mon_20260819-20260907,09706,,JAIPUR JN.,0,,09706,0,0,0
09709,Sat_20260829-20260829,09709,,HOWRAH JN,0,,09709,0,0,0
09710,Mon_20260831-20260831,09710,,KHATIPURA,0,,09710,0,0,0
09715,Sat-Sun_20260822-20260906,09715,,REWARI JN.,0,,09715,0,0,0
09716,Mon-Sun_20260823-20260907,09716,,RINGAS JN,0,,09716,0,0,0
09717,Mon-Fri-Sat-Sun_20260829-20260907,09717,,MADAR JN,0,,09717,0,0,0
09718,Mon-Fri-Sat-Sun_20260829-20260907,09718,,REWARI JN.,0,,09718,0,0,0
09720,Sat_20260829-20260829,09720,,JAIPUR JN.,0,,09720,0,0,0
09803,Sun_20260830-20260830,09803,,HAZRAT NIZAMUDDIN JN,0,,09803,0,0,0
09804,Mon_20260831-20260831,09804,,KOTA JN,0,,09804,0,0,0
09821,Thu_20260716-20260930,09821,,DHANBAD JN,0,,09821,0,0,0
09822,Sat_20260718-20260930,09822,,SOGARIYA,0,,09822,0,0,0
10103,Mon-Tue-Wed-Thu-Fri-Sat-Sun_20260615-20261020,10103,,MADGAON JUNCTION,0,,10103,0,0,0
10104,Mon-Tue-Wed-Thu-Fri-Sat-Sun_20260615-20261020,10104,,C SHIVAJI MAH T,0,,10104,0,0,0
10105,Mon-Tue-Wed-Thu-Fri-Sat-Sun_20260615-20261020,10105,,SAWANTWADI ROAD,0,,10105,0,0,0
10106,Mon-Tue-Wed-Thu-Fri-Sat-Sun_20260615-20261020,10106,,DIVA,0,,10106,0,0,0
10107,Mon-Tue-Wed-Thu-Fri-Sat_20260615-20270830,10107,,MANGALORE CENTRAL,0,,10107,0,0,0
10108,Mon-Tue-Wed-Thu-Fri-Sat_20260615-20270830,10108,,MADGAON JUNCTION,0,,10108,0,0,0
10109,Mon-Tue-Wed-Thu-Fri-Sat-Sun_20260616-20270830,10109,,KARWAR,0,,10109,0,0,0
10110,Mon-Tue-Wed-Thu-Fri-Sat-Sun_20260616-20270830,10110,,MADGAON JUNCTION,0,,10110,0,0,0
10115,Wed-Fri_20260615-20261020,10115,,MADGAON JUNCTION,0,,10115,0,0,0
10116,Tue-Thu_20260615-20261020,10116,,BANDRA TERMINUS,0,,10116,0,0,0
10215,Sun_20260615-20270830,10215,,ERNAKULAM JN,0,,10215,0,0,0
10216,Mon_20260615-20270830,10216,,MADGAON JUNCTION,0,,10216,0,0,0
11001,Mon-Tue-Wed-Thu-Fri-Sat-Sun_20260715-20270830,11001,,BALHARSHAH,0,,11001,0,0,0
11002,Mon-Tue-Wed-Thu-Fri-Sat-Sun_20260715-20270830,11002,,C SHIVAJI MAH T,0,,11002,0,0,0
11003,Mon-Tue-Wed-Thu-Fri-Sat-Sun_20260715-20261020,11003,,SAWANTWADI ROAD,0,,11003,0,0,0
11004,Mon-Tue-Wed-Thu-Fri-Sat-Sun_20260715-20261020,11004,,DADAR,0,,11004,0,0,0
11005,Mon-Fri-Sun_20260717-20270830,11005,,PONDICHERRY,0,,11005,0,0,0
11006,Tue-Wed-Sun_20260715-20270830,11006,,DADAR,0,,11006,0,0,0
11007,Mon-Tue-Wed-Thu-Fri-Sat-Sun_20260716-20270830,11007,,PUNE JN,0,,11007,0,0,0
11008,Mon-Tue-Wed-Thu-Fri-Sat-Sun_20260716-20270830,11008,,C SHIVAJI MAH T,0,,11008,0,0,0
11009,Mon-Tue-Wed-Thu-Fri-Sat-Sun_20260101-20270830,11009,,PUNE JN,0,,11009,0,0,0
11010,Mon-Tue-Wed-Thu-Fri-Sat-Sun_20260722-20270830,11010,,C SHIVAJI MAH T,0,,11010,0,0,0
11011,Mon-Tue-Wed-Thu-Fri-Sat-Sun_20260722-20270830,11011,,DHULE,0,,11011,0,0,0
11012,Mon-Tue-Wed-Thu-Fri-Sat-Sun_20260725-20270830,11012,,C SHIVAJI MAH T,0,,11012,0,0,0
11013,Mon-Tue-Wed-Thu-Fri-Sat-Sun_20260722-20270830,11013,,COIMBATORE JN,0,,11013,0,0,0
11014,Mon-Tue-Wed-Thu-Fri-Sat-Sun_20260722-20270830,11014,,LOKMANYATILAK,0,,11014,0,0,0
11015,Fri_20260515-20270830,11015,,SAHARSA JN,0,,11015,0,0,0
11016,Sun_20260517-20270830,11016,,LOKMANYATILAK,0,,11016,0,0,0
11017,Sat_20260822-20270830,11017,,KARAIKAL,0,,11017,0,0,0
11018,Mon_20260622-20260830,11018,,LOKMANYATILAK,0,,11018,0,0,0
11019,Mon-Tue-Wed-Thu-Fri-Sat-Sun_20260602-20261014,11019,,BHUBANESWAR NEW JN,0,,11019,0,0,0
11020,Mon-Tue-Wed-Thu-Fri-Sat-Sun_20260601-20270830,11020,,C SHIVAJI MAH T,0,,11020,0,0,0
11021,Tue-Wed-Sat_20260103-20270830,11021,,TIRUNELVELI JN,0,,11021,0,0,0
11022,Mon-Thu-Fri_20260102-20270830,11022,,DADAR,0,,11022,0,0,0
11025,Mon-Tue-Wed-Thu-Fri-Sat-Sun_20260101-20270830,11025,,AMRAVATI,0,,11025,0,0,0
11026,Mon-Tue-Wed-Thu-Fri-Sat-Sun_20260821-20270830,11026,,PUNE JN,0,,11026,0,0,0
11027,Mon-Fri-Sun_20260101-20270830,11027,,SATARA,0,,11027,0,0,0
11028,Mon-Tue-Sat_20260101-20270830,11028,,DADAR,0,,11028,0,0,0
11029,Mon-Tue-Wed-Thu-Fri-Sat-Sun_20260101-20270830,11029,,KOLHAPUR,0,,11029,0,0,0
11030,Mon-Tue-Wed-Thu-Fri-Sat-Sun_20260101-20270830,11030,,C SHIVAJI MAH T,0,,11030,0,0,0
11031,Mon_20260302-20270830,11031,,ALIPUR DUAR JN,0,,11031,0,0,0
11032,Thu_20260528-20270830,11032,,PANVEL,0,,11032,0,0,0
11033,Wed_20260401-20270830,11033,,DARBHANGA JN,0,,11033,0,0,0
11034,Fri_20260327-20270830,11034,,PUNE JN,0,,11034,0,0,0
11035,Thu_20260101-20270830,11035,,MYSORE JN,0,,11035,0,0,0
11036,Sun_20260101-20270830,11036,,DADAR,0,,11036,0,0,0
11037,Thu_20260515-20270830,11037,,GORAKHPUR JN,0,,11037,0,0,0
11038,Sat_20260517-20270830,11038,,PUNE JN,0,,11038,0,0,0
11039,Mon-Tue-Wed-Thu-Fri-Sat-Sun_20260101-20270830,11039,,GONDIA JN,0,,11039,0,0,0
11040,Mon-Tue-Wed-Thu-Fri-Sat-Sun_20260101-20270830,11040,,KOLHAPUR,0,,11040,0,0,0
11041,Tue-Wed-Thu-Sat_20260101-20270830,11041,,SAINAGAR SHIRDI,0,,11041,0,0,0
11042,Wed-Thu-Fri-Sun_20260101-20270830,11042,,DADAR,0,,11042,0,0,0
11043,Mon-Wed-Fri_20260817-20270830,11043,,BALLIA,0,,11043,0,0,0
11044,Wed-Fri-Sun_20260819-20270830,11044,,DADAR,0,,11044,0,0,0
11045,Fri_20260403-20270830,11045,,DHANBAD JN,0,,11045,0,0,0
11046,Mon_20260518-20270830,11046,,KOLHAPUR,0,,11046,0,0,0
11047,Tue-Thu-Sat-Sun_20260829-20270830,11047,,GORAKHPUR JN,0,,11047,0,0,0
11048,Mon-Tue-Thu-Sat_20260829-20270830,11048,,DADAR,0,,11048,0,0,0
11049,Sun_20260819-20270830,11049,,KOLHAPUR,0,,11049,0,0,0
11050,Sat_20260819-20270830,11050,,AHMEDABAD JN,0,,11050,0,0,0
11055,Mon-Wed-Fri-Sun_20260607-20270830,11055,,GORAKHPUR JN,0,,11055,0,0,0
11056,Tue-Wed-Fri-Sun_20260612-20270830,11056,,LOKMANYATILAK,0,,11056,0,0,0
11057,Mon-Tue-Wed-Thu-Fri-Sat-Sun_20260101-20260901,11057,,AMRITSAR,0,,11057,0,0,0
11058,Mon-Tue-Wed-Thu-Fri-Sat-Sun_20260101-20270830,11058,,C SHIVAJI MAH T,0,,11058,0,0,0
11059,Tue-Thu-Sat_20260402-20270830,11059,,CHHAPRA,0,,11059,0,0,0
11060,Mon-Thu-Sat_20260402-20270830,11060,,LOKMANYATILAK,0,,11060,0,0,0
11061,Mon-Tue-Wed-Thu-Fri-Sat-Sun_20260325-20270830,11061,,JAYNAGAR,0,,11061,0,0,0
11062,Mon-Tue-Wed-Thu-Fri-Sat-Sun_20260325-20270830,11062,,LOKMANYATILAK,0,,11062,0,0,0
11071,Mon-Tue-Wed-Thu-Fri-Sat-Sun_20260816-20270830,11071,,BALLIA,0,,11071,0,0,0
11072,Mon-Tue-Wed-Thu-Fri-Sat-Sun_20260817-20270830,11072,,LOKMANYATILAK,0,,11072,0,0,0
11077,Mon-Tue-Wed-Thu-Fri-Sat-Sun_20260722-20260830,11077,,JAMMUTAVI,0,,11077,0,0,0
11078,Mon-Tue-Wed-Thu-Fri-Sat-Sun_20260823-20270830,11078,,PUNE JN,0,,11078,0,0,0
11079,Thu_20260101-20270830,11079,,GORAKHPUR JN,0,,11079,0,0,0
11080,Sat_20260101-20270830,11080,,LOKMANYATILAK,0,,11080,0,0,0
11081,Wed_20260101-20270830,11081,,GORAKHPUR JN,0,,11081,0,0,0
11082,Fri_20260101-20270830,11082,,LOKMANYATILAK,0,,11082,0,0,0
11085,Sun_20260601-20270830,11085,,GWALIOR JN.,0,,11085,0,0,0
11086,Fri_20260731-20270830,11086,,SMVT BENGALURU,0,,11086,0,0,0
11087,Sat_20260819-20270830,11087,,PUNE JN,0,,11087,0,0,0
11088,Thu_20260819-20270830,11088,,VERAVAL,0,,11088,0,0,0
11089,Tue_20260819-20270830,11089,,PUNE JN,0,,11089,0,0,0
11090,Sun_20260819-20270830,11090,,BHAGAT KI KOTHI,0,,11090,0,0,0
11091,Wed_20260819-20260922,11091,,PUNE JN,0,,11091,0,0,0
11092,Mon_20260819-20260920,11092,,BHUJ,0,,11092,0,0,0
11097,Sat_20260725-20261020,11097,,ERNAKULAM JN,0,,11097,0,0,0
11098,Mon_20260615-20270830,11098,,PUNE JN,0,,11098,0,0,0
11099,Fri-Sun_20260615-20270830,11099,,MADGAON JUNCTION,0,,11099,0,0,0
11100,Mon-Sat_20260615-20270830,11100,,LOKMANYATILAK,0,,11100,0,0,0
11107,Mon-Tue-Wed-Thu-Fri-Sat-Sun_20260311-20270228,11107,,BANARAS,0,,11107,0,0,0
11108,Mon-Tue-Wed-Thu-Fri-Sat-Sun_20260310-20270228,11108,,GWALIOR JN.,0,,11108,0,0,0
11109,Mon-Tue-Wed-Thu-Fri-Sat-Sun_20260101-20261231,11109,,LUCKNOW,0,,11109,0,0,0
11110,Mon-Tue-Wed-Thu-Fri-Sat-Sun_20260101-20270830,11110,,VIRANGANA LAKSHMIBAI JHANSI JN,0,,11110,0,0,0
11113,Mon-Tue-Wed-Thu-Fri-Sat-Sun_20260101-20270830,11113,,BHUSAVAL JN,0,,11113,0,0,0
11114,Mon-Tue-Wed-Thu-Fri-Sat-Sun_20260101-20270830,11114,,DEVLALI,0,,11114,0,0,0
11115,Mon-Tue-Wed-Thu-Fri-Sat-Sun_20260116-20270830,11115,,ITARSI JN,0,,11115,0,0,0
11116,Mon-Tue-Wed-Thu-Fri-Sat-Sun_20260102-20270830,11116,,BHUSAVAL JN,0,,11116,0,0,0
11119,Mon-Tue-Wed-Thu-Fri-Sat-Sun_20260519-20270830,11119,,BHUSAVAL JN,0,,11119,0,0,0
11120,Mon-Tue-Wed-Thu-Fri-Sat-Sun_20260101-20270830,11120,,IGATPURI,0,,11120,0,0,0
11121,Mon-Tue-Wed-Thu-Fri-Sat-Sun_20260101-20270830,11121,,WARDHA JN,0,,11121,0,0,0
11122,Mon-Tue-Wed-Thu-Fri-Sat-Sun_20260101-20270830,11122,,BHUSAVAL JN,0,,11122,0,0,0
11123,Mon-Tue-Wed-Thu-Fri-Sat-Sun_20260311-20270228,11123,,BARAUNI JN,0,,11123,0,0,0
11124,Mon-Tue-Wed-Thu-Fri-Sat-Sun_20260310-20270228,11124,,GWALIOR JN.,0,,11124,0,0,0
11125,Mon-Wed-Thu-Sun_20260101-20270830,11125,,GWALIOR JN.,0,,11125,0,0,0
11126,Mon-Tue-Thu-Fri_20260101-20270830,11126,,RATLAM JN,0,,11126,0,0,0
11139,Mon-Tue-Wed-Thu-Fri-Sat-Sun_20260819-20270830,11139,,HOSAPETE JUNCTION,0,,11139,0,0,0
11140,Mon-Tue-Wed-Thu-Fri-Sat-Sun_20260819-20270830,11140,,C SHIVAJI MAH T,0,,11140,0,0,0
11201,Mon-Tue-Wed-Thu-Fri-Sat-Sun_20260308-20270830,11201,,SHAHDOL,0,,11201,0,0,0
11202,Mon-Tue-Wed-Thu-Fri-Sat-Sun_20260308-20270830,11202,,NAGPUR JN.,0,,11202,0,0,0
11203,Wed-Sat_20260615-20261020,11203,,MADGAON JUNCTION,0,,11203,0,0,0
11204,Thu-Sun_20260718-20261020,11204,,NAGPUR JN.,0,,11204,0,0,0
11265,Mon-Tue-Wed-Thu-Fri-Sat-Sun_20260817-20270830,11265,,AMBIKAPUR,0,,11265,0,0,0
11266,Mon-Tue-Wed-Thu-Fri-Sat-Sun_20260817-20270830,11266,,MADAN MAHAL,0,,11266,0,0,0
11271,Mon-Tue-Wed-Thu-Fri-Sat-Sun_20260213-20270830,11271,,BHOPAL JN.,0,,11271,0,0,0
11272,Mon-Tue-Wed-Thu-Fri-Sat-Sun_20260213-20270830,11272,,ITARSI JN,0,,11272,0,0,0
11273,Mon-Tue-Wed-Thu-Fri-Sat-Sun_20260603-20270830,11273,,PRAYAGRAJ CHHEOKI,0,,11273,0,0,0
11274,Mon-Tue-Wed-Thu-Fri-Sat-Sun_20260611-20270830,11274,,ITARSI JN,0,,11274,0,0,0
11301,Mon-Tue-Wed-Thu-Fri-Sat-Sun_20260601-20270830,11301,,KSR BENGALURU,0,,11301,0,0,0
11302,Mon-Tue-Wed-Thu-Fri-Sat-Sun_20260601-20270830,11302,,C SHIVAJI MAH T,0,,11302,0,0,0
11303,Wed_20260826-20270830,11303,,SOLAPUR JN,0,,11303,0,0,0
11304,Tue_20260818-20270830,11304,,LOKMANYATILAK,0,,11304,0,0,0
11311,Mon-Tue-Wed-Thu-Fri-Sat-Sun_20260601-20270830,11311,,HASSAN,0,,11311,0,0,0
11312,Mon-Tue-Wed-Thu-Fri-Sat-Sun_20260601-20270830,11312,,SOLAPUR JN,0,,11312,0,0,0
11313,Fri_20260828-20270830,11313,,ANAKAPALLE,0,,11313,0,0,0
11314,Sat_20260822-20270830,11314,,SOLAPUR JN,0,,11314,0,0,0
11401,Mon-Tue-Wed-Thu-Fri-Sat-Sun_20260115-20270830,11401,,SUPAUL,0,,11401,0,0,0
11402,Mon-Tue-Wed-Thu-Fri-Sat-Sun_20260325-20270830,11402,,PUNE JN,0,,11402,0,0,0
11403,Tue-Sat_20260331-20270830,11403,,KOLHAPUR,0,,11403,0,0,0
11404,Mon-Fri_20260101-20270830,11404,,NAGPUR JN.,0,,11404,0,0,0
11405,Fri-Sun_20260101-20270830,11405,,AMRAVATI,0,,11405,0,0,0
11406,Mon-Sat_20260314-20270830,11406,,PUNE JN,0,,11406,0,0,0
11407,Tue_20260101-20270830,11407,,LUCKNOW,0,,11407,0,0,0
11408,Thu_20260528-20270830,11408,,PUNE JN,0,,11408,0,0,0
11409,Mon-Tue-Wed-Thu-Fri-Sat-Sun_20260101-20270830,11409,,NIZAMABAD JN.,0,,11409,0,0,0
11410,Mon-Tue-Wed-Thu-Fri-Sat-Sun_20260503-20270830,11410,,PUNE JN,0,,11410,0,0,0
11411,Mon-Tue-Wed-Thu-Fri-Sat-Sun_20260101-20270830,11411,,SANGLI,0,,11411,0,0,0
11412,Mon-Tue-Wed-Thu-Fri-Sat-Sun_20260101-20270830,11412,,PARLI VAIJNATH,0,,11412,0,0,0
11413,Mon-Tue-Wed-Thu-Fri-Sat-Sun_20260101-20270830,11413,,PANDHARPUR,0,,11413,0,0,0
11414,Mon-Tue-Wed-Thu-Fri-Sat-Sun_20260101-20270830,11414,,NIZAMABAD JN.,0,,11414,0,0,0
11415,Mon-Tue-Wed-Thu-Fri-Sat-Sun_20260819-20270830,11415,,HOSAPETE JUNCTION,0,,11415,0,0,0
11416,Mon-Tue-Wed-Thu-Fri-Sat-Sun_20260819-20270830,11416,,SOLAPUR JN,0,,11416,0,0,0
11417,Mon-Tue-Wed-Thu-Fri-Sat-Sun_20260101-20270830,11417,,SOLAPUR JN,0,,11417,0,0,0
11418,Mon-Tue-Wed-Thu-Fri-Sat-Sun_20260101-20270830,11418,,PUNE JN,0,,11418,0,0,0
11419,Mon-Tue-Wed-Thu-Fri-Sat-Sun_20261020-20270830,11419,,KOLHAPUR,0,,11419,0,0,0
11420,Mon-Tue-Wed-Thu-Fri-Sat-Sun_20261020-20270830,11420,,PUNE JN,0,,11420,0,0,0
11421,Mon-Tue-Wed-Thu-Fri-Sat-Sun_20260101-20270830,11421,,SOLAPUR JN,0,,11421,0,0,0
11422,Mon-Tue-Wed-Thu-Fri-Sat-Sun_20260331-20270830,11422,,PUNE JN,0,,11422,0,0,0
11423,Mon-Tue-Wed-Thu-Fri-Sat-Sun_20260625-20270830,11423,,SAINAGAR SHIRDI,0,,11423,0,0,0
11424,Mon-Tue-Wed-Thu-Fri-Sat-Sun_20260625-20270830,11424,,PUNE JN,0,,11424,0,0,0
11425,Mon-Tue-Wed-Thu-Fri-Sat-Sun_20260101-20270830,11425,,KOLHAPUR,0,,11425,0,0,0
11426,Mon-Tue-Wed-Thu-Fri-Sat-Sun_20260101-20270830,11426,,PUNE JN,0,,11426,0,0,0
11427,Fri_20260320-20270830,11427,,JASIDIH JN.,0,,11427,0,0,0
11428,Sun_20260315-20270830,11428,,PUNE JN,0,,11428,0,0,0
11429,Mon-Tue-Wed-Thu-Fri-Sat-Sun_20260820-20270830,11429,,HARANGUL,0,,11429,0,0,0
11430,Mon-Tue-Wed-Thu-Fri-Sat-Sun_20260820-20270830,11430,,HADAPSAR,0,,11430,0,0,0
11431,Sat_20260627-20270830,11431,,DANAPUR,0,,11431,0,0,0
11432,Mon_20260629-20270830,11432,,PUNE JN,0,,11432,0,0,0
11447,Mon-Tue-Wed-Thu-Fri-Sat-Sun_20260820-20270830,11447,,HOWRAH JN,0,,11447,0,0,0
11448,Mon-Tue-Wed-Thu-Fri-Sat-Sun_20260820-20270830,11448,,JABALPUR,0,,11448,0,0,0
11449,Tue_20260722-20261019,11449,,SHRI MATA VAISHNO DEVI KATRA,0,,11449,0,0,0
11450,Wed_20260722-20260901,11450,,JABALPUR,0,,11450,0,0,0
11463,Tue-Wed-Thu-Fri-Sun_20260317-20270830,11463,,JABALPUR,0,,11463,0,0,0
11464,Tue-Wed-Thu-Sat-Sun_20260402-20270830,11464,,VERAVAL,0,,11464,0,0,0
11465,Mon-Sat_20260801-20260925,11465,,JABALPUR,0,,11465,0,0,0
11466,Mon-Fri_20260731-20260927,11466,,VERAVAL,0,,11466,0,0,0
11601,Mon-Tue-Wed-Thu-Fri-Sat-Sun_20260101-20270830,11601,,KATNI,0,,11601,0,0,0
11602,Mon-Tue-Wed-Thu-Fri-Sat-Sun_20260101-20270830,11602,,BINA JN,0,,11602,0,0,0
11603,Mon-Tue-Wed-Thu-Fri-Sat-Sun_20260101-20270830,11603,,BINA JN,0,,11603,0,0,0
11604,Mon-Tue-Wed-Thu-Fri-Sat-Sun_20260101-20270830,11604,,KOTA JN,0,,11604,0,0,0
11605,Mon-Tue-Wed-Thu-Fri-Sat-Sun_20260101-20270830,11605,,BINA JN,0,,11605,0,0,0
11606,Mon-Tue-Wed-Thu-Fri-Sat-Sun_20260101-20270830,11606,,BHOPAL JN.,0,,11606,0,0,0
11631,Mon-Thu-Fri_20260227-20270830,11631,,DHANBAD JN,0,,11631,0,0,0
11632,Wed-Sat-Sun_20260301-20270830,11632,,BHOPAL JN.,0,,11632,0,0,0
11633,Sun_20260705-20270830,11633,,CHOPAN,0,,11633,0,0,0
11634,Mon_20260302-20270830,11634,,BHOPAL JN.,0,,11634,0,0,0
11651,Mon-Tue-Wed-Thu-Fri-Sat-Sun_20260817-20270830,11651,,SINGRAULI,0,,11651,0,0,0
11652,Mon-Tue-Wed-Thu-Fri-Sat-Sun_20260817-20270830,11652,,MADAN MAHAL,0,,11652,0,0,0
11665,Thu_20261022-20270830,11665,,AGARTALA,0,,11665,0,0,0
11666,Sun_20261025-20270830,11666,,RANI KAMALAPATI,0,,11666,0,0,0
11701,Mon-Tue-Wed-Thu-Fri-Sat-Sun_20260708-20270830,11701,,JABALPUR,0,,11701,0,0,0
11702,Mon-Tue-Wed-Thu-Fri-Sat-Sun_20260510-20270830,11702,,RAIPUR JN.,0,,11702,0,0,0
11703,Tue-Thu-Sun_20260101-20270830,11703,,DR. AMBEDKAR NAGAR,0,,11703,0,0,0
11704,Mon-Wed-Fri_20260101-20270830,11704,,REWA,0,,11704,0,0,0
11705,Mon-Tue-Wed-Thu-Fri-Sat-Sun_20260101-20270830,11705,,REWA,0,,11705,0,0,0
11706,Mon-Tue-Wed-Thu-Fri-Sat-Sun_20260101-20270830,11706,,JABALPUR,0,,11706,0,0,0
11751,Mon-Wed-Fri_20260717-20270830,11751,,CHIRMIRI,0,,11751,0,0,0
11752,Tue-Thu-Sat_20260718-20270830,11752,,REWA,0,,11752,0,0,0
11753,Tue-Thu-Sun_20260517-20270830,11753,,REWA,0,,11753,0,0,0
11754,Mon-Wed-Sat_20260516-20270830,11754,,NETAJI SUBHASH,0,,11754,0,0,0
11755,Mon-Wed-Fri-Sat_20260425-20270830,11755,,REWA,0,,11755,0,0,0
11756,Tue-Thu-Fri-Sun_20260308-20270830,11756,,NETAJI SUBHASH,0,,11756,0,0,0
11801,Mon-Tue-Wed-Thu-Fri-Sat-Sun_20260217-20270830,11801,,PRAYAGRAJ JN,0,,11801,0,0,0
11802,Mon-Tue-Wed-Thu-Fri-Sat-Sun_20260218-20270830,11802,,GWALIOR JN.,0,,11802,0,0,0
11807,Mon-Tue-Wed-Thu-Fri-Sat-Sun_20260801-20270731,11807,,AGRA CANTT JN,0,,11807,0,0,0
11808,Mon-Tue-Wed-Thu-Fri-Sat-Sun_20260827-20260831,11808,,VIRANGANA LAKSHMIBAI JHANSI JN,0,,11808,0,0,0
11841,Mon-Tue-Wed-Thu-Fri-Sat-Sun_20260721-20270711,11841,,KURUKSHETRA JN,0,,11841,0,0,0
11842,Mon-Tue-Wed-Thu-Fri-Sat-Sun_20260720-20260831,11842,,KHAJURAHO,0,,11842,0,0,0
11901,Mon-Tue-Wed-Thu-Fri-Sat-Sun_20260828-20260829,11901,,AGRA CANTT JN,0,,11901,0,0,0
11902,Mon-Tue-Wed-Thu-Fri-Sat-Sun_20260829-20260830,11902,,VIRANGANA LAKSHMIBAI JHANSI JN,0,,11902,0,0,0
11903,Mon-Tue-Wed-Thu-Fri-Sat-Sun_20260101-20270830,11903,,ETAWAH JN,0,,11903,0,0,0
11904,Mon-Tue-Wed-Thu-Fri-Sat-Sun_20260101-20270830,11904,,VIRANGANA LAKSHMIBAI JHANSI JN,0,,11904,0,0,0
11905,Mon-Tue-Wed-Thu-Fri-Sat-Sun_20260101-20270830,11905,,HOSHIARPUR,0,,11905,0,0,0
11906,Mon-Tue-Wed-Thu-Fri-Sat-Sun_20260101-20270830,11906,,AGRA CANTT JN.,0,,11906,0,0,0
12001,Mon-Tue-Wed-Thu-Fri-Sat-Sun_20260101-20270830,12001,,NEW DELHI,0,,12001,0,0,0
12002,Mon-Tue-Wed-Thu-Fri-Sat-Sun_20260101-20270830,12002,,RANI KAMALAPATI,0,,12002,0,0,0
12003,Mon-Tue-Wed-Thu-Fri-Sat-Sun_20260101-20270830,12003,,NEW DELHI,0,,12003,0,0,0
12004,Mon-Tue-Wed-Thu-Fri-Sat-Sun_20260101-20270830,12004,,LUCKNOW,0,,12004,0,0,0
12005,Mon-Tue-Wed-Thu-Fri-Sat-Sun_20260101-20270830,12005,,KALKA,0,,12005,0,0,0
12006,Mon-Tue-Wed-Thu-Fri-Sat-Sun_20260101-20270830,12006,,NEW DELHI,0,,12006,0,0,0
12007,Mon-Tue-Wed-Fri-Sat-Sun_20260506-20270830,12007,,MYSORE JN,0,,12007,0,0,0
12008,Mon-Tue-Wed-Fri-Sat-Sun_20260506-20270830,12008,,PURATCHI THALAIVAR DR. MGR CTL,0,,12008,0,0,0
12009,Mon-Tue-Wed-Thu-Fri-Sat_20260819-20270830,12009,,AHMEDABAD JN,0,,12009,0,0,0
12010,Mon-Tue-Wed-Thu-Fri-Sat_20260819-20270830,12010,,MUMBAI CENTRAL,0,,12010,0,0,0
12011,Mon-Tue-Wed-Thu-Fri-Sat-Sun_20260101-20270830,12011,,KALKA,0,,12011,0,0,0
12012,Mon-Tue-Wed-Thu-Fri-Sat-Sun_20260101-20270830,12012,,NEW DELHI,0,,12012,0,0,0
12013,Mon-Tue-Wed-Thu-Fri-Sat-Sun_20260101-20270830,12013,,AMRITSAR,0,,12013,0,0,0
12014,Mon-Tue-Wed-Thu-Fri-Sat-Sun_20260101-20270830,12014,,NEW DELHI,0,,12014,0,0,0
12015,Mon-Tue-Wed-Thu-Fri-Sat-Sun_20260101-20270830,12015,,DAURAI,0,,12015,0,0,0
12016,Mon-Tue-Wed-Thu-Fri-Sat-Sun_20260101-20270830,12016,,NEW DELHI,0,,12016,0,0,0
12017,Mon-Tue-Wed-Thu-Fri-Sat-Sun_20260101-20270830,12017,,DEHRADOON,0,,12017,0,0,0
12018,Mon-Tue-Wed-Thu-Fri-Sat-Sun_20260101-20270830,12018,,NEW DELHI,0,,12018,0,0,0
12019,Mon-Tue-Wed-Thu-Fri-Sat_20260101-20270830,12019,,RANCHI,0,,12019,0,0,0
12020,Mon-Tue-Wed-Thu-Fri-Sat_20260101-20270830,12020,,HOWRAH JN,0,,12020,0,0,0
12021,Mon-Tue-Wed-Thu-Fri-Sat-Sun_20260326-20270830,12021,,BARBIL,0,,12021,0,0,0
12022,Mon-Tue-Wed-Thu-Fri-Sat-Sun_20260326-20270830,12022,,HOWRAH JN,0,,12022,0,0,0
12023,Mon-Tue-Wed-Thu-Fri-Sat_20260630-20270830,12023,,PATNA JN,0,,12023,0,0,0
12024,Mon-Tue-Wed-Thu-Fri-Sat_20260630-20270830,12024,,HOWRAH JN,0,,12024,0,0,0
12025,Mon-Wed-Thu-Fri-Sat-Sun_20260101-20270830,12025,,HYDERABAD,0,,12025,0,0,0
12026,Mon-Wed-Thu-Fri-Sat-Sun_20260101-20270830,12026,,PUNE JN,0,,12026,0,0,0
12027,Mon-Wed-Thu-Fri-Sat-Sun_20260506-20270830,12027,,KSR BENGALURU,0,,12027,0,0,0
12028,Mon-Wed-Thu-Fri-Sat-Sun_20260506-20270830,12028,,PURATCHI THALAIVAR DR. MGR CTL,0,,12028,0,0,0
12029,Mon-Tue-Wed-Fri-Sat-Sun_20260101-20270830,12029,,AMRITSAR,0,,12029,0,0,0
12030,Mon-Tue-Wed-Fri-Sat-Sun_20260101-20270830,12030,,NEW DELHI,0,,12030,0,0,0
12031,Thu_20260101-20270830,12031,,AMRITSAR,0,,12031,0,0,0
12032,Thu_20260101-20270830,12032,,NEW DELHI,0,,12032,0,0,0
12033,Mon-Tue-Wed-Thu-Fri-Sat_20260101-20270830,12033,,NEW DELHI,0,,12033,0,0,0
12034,Mon-Tue-Wed-Thu-Fri-Sat_20260101-20270830,12034,,KANPUR CENTRAL,0,,12034,0,0,0
12035,Mon-Tue-Wed-Thu-Fri-Sat-Sun_20260429-20270830,12035,,DELHI JN.,0,,12035,0,0,0
12036,Mon-Tue-Wed-Thu-Fri-Sat-Sun_20260226-20270830,12036,,TANAKPUR,0,,12036,0,0,0
12037,Mon-Tue-Wed-Thu-Fri-Sat-Sun_20260101-20270830,12037,,DELHI JN.,0,,12037,0,0,0
12038,Mon-Tue-Wed-Thu-Fri-Sat-Sun_20260101-20270830,12038,,KOTDWARA,0,,12038,0,0,0
12039,Mon-Tue-Wed-Thu-Fri-Sat-Sun_20260101-20270830,12039,,NEW DELHI,0,,12039,0,0,0
12040,Mon-Tue-Wed-Thu-Fri-Sat-Sun_20260101-20270830,12040,,KATHGODAM,0,,12040,0,0,0
12041,Mon-Tue-Wed-Thu-Fri-Sat_20260409-20270830,12041,,NEW JALPAIGURI,0,,12041,0,0,0
12042,Mon-Tue-Wed-Thu-Fri-Sat_20260410-20270830,12042,,HOWRAH JN,0,,12042,0,0,0
12045,Mon-Tue-Thu-Fri-Sat-Sun_20260101-20270830,12045,,CHANDIGARH,0,,12045,0,0,0
12046,Mon-Tue-Thu-Fri-Sat-Sun_20260101-20270830,12046,,NEW DELHI,0,,12046,0,0,0
12047,Tue-Wed_20260101-20270830,12047,,NORTH LAKHIMPUR,0,,12047,0,0,0
12048,Tue-Wed_20260101-20270830,12048,,GUWAHATI,0,,12048,0,0,0
12049,Mon-Tue-Wed-Thu-Sat-Sun_20260101-20270830,12049,,HAZRAT NIZAMUDDIN JN,0,,12049,0,0,0
12050,Mon-Tue-Wed-Thu-Sat-Sun_20260101-20270830,12050,,VIRANGANA LAKSHMIBAI JHANSI JN,0,,12050,0,0,0
12051,Mon-Tue-Wed-Thu-Fri-Sat-Sun_20260615-20261020,12051,,MADGAON JUNCTION,0,,12051,0,0,0
12052,Mon-Tue-Wed-Thu-Fri-Sat-Sun_20260615-20261020,12052,,C SHIVAJI MAH T,0,,12052,0,0,0
12053,Mon-Tue-Wed-Fri-Sat-Sun_20260805-20260830,12053,,AMRITSAR,0,,12053,0,0,0
12054,Mon-Tue-Wed-Fri-Sat-Sun_20260805-20260830,12054,,HARIDWAR JN,0,,12054,0,0,0
12055,Mon-Tue-Wed-Thu-Fri-Sat-Sun_20260101-20270830,12055,,DEHRADOON,0,,12055,0,0,0
12056,Mon-Tue-Wed-Thu-Fri-Sat-Sun_20260101-20270830,12056,,NEW DELHI,0,,12056,0,0,0
12057,Mon-Tue-Wed-Thu-Fri-Sat-Sun_20260101-20270830,12057,,DAULATPUR CHAUK,0,,12057,0,0,0
12058,Mon-Tue-Wed-Thu-Fri-Sat-Sun_20260101-20270830,12058,,NEW DELHI,0,,12058,0,0,0
12059,Mon-Tue-Wed-Thu-Fri-Sat-Sun_20260101-20270830,12059,,HAZRAT NIZAMUDDIN JN,0,,12059,0,0,0
12060,Mon-Tue-Wed-Thu-Fri-Sat-Sun_20260101-20270830,12060,,KOTA JN,0,,12060,0,0,0
12061,Mon-Tue-Wed-Thu-Fri-Sat-Sun_20260101-20270830,12061,,MADAN MAHAL,0,,12061,0,0,0
12062,Mon-Tue-Wed-Thu-Fri-Sat-Sun_20260101-20270830,12062,,RANI KAMALAPATI,0,,12062,0,0,0
12065,Mon-Tue-Wed-Fri-Sat_20260801-20270830,12065,,DELHI SARAI ROHILLA,0,,12065,0,0,0
12066,Mon-Tue-Wed-Fri-Sat_20260801-20270830,12066,,AJMER JN,0,,12066,0,0,0
12067,Mon-Tue-Wed-Thu-Fri-Sat_20260306-20270830,12067,,JORHAT TOWN,0,,12067,0,0,0
12068,Mon-Tue-Wed-Thu-Fri-Sat_20260306-20270830,12068,,GUWAHATI,0,,12068,0,0,0
12069,Mon-Tue-Wed-Thu-Fri-Sat_20260213-20270830,12069,,GONDIA JN,0,,12069,0,0,0
12070,Mon-Tue-Wed-Thu-Fri-Sun_20260213-20270830,12070,,RAIGARH,0,,12070,0,0,0
12071,Mon-Tue-Wed-Thu-Fri-Sat-Sun_20260101-20270830,12071,,HINGOLI DECCAN,0,,12071,0,0,0
12072,Mon-Tue-Wed-Thu-Fri-Sat-Sun_20260503-20270830,12072,,C SHIVAJI MAH T,0,,12072,0,0,0
12073,Mon-Tue-Wed-Thu-Fri-Sat-Sun_20260101-20270830,12073,,BHUBANESWAR,0,,12073,0,0,0
12074,Mon-Tue-Wed-Thu-Fri-Sat-Sun_20260101-20270830,12074,,HOWRAH JN,0,,12074,0,0,0
12075,Mon-Tue-Wed-Thu-Fri-Sat-Sun_20260101-20270830,12075,,THIRUVANANTHAPURAM CENTRAL,0,,12075,0,0,0
12076,Mon-Tue-Wed-Thu-Fri-Sat-Sun_20260101-20270830,12076,,KOZHIKKODE,0,,12076,0,0,0
12077,Mon-Wed-Thu-Fri-Sat-Sun_20260601-20270830,12077,,VIJAYAWADA JN,0,,12077,0,0,0
12078,Mon-Wed-Thu-Fri-Sat-Sun_20260601-20270830,12078,,PURATCHI THALAIVAR DR. MGR CTL,0,,12078,0,0,0
12079,Mon-Tue-Wed-Thu-Fri-Sat-Sun_20260101-20270830,12079,,SSS HUBBALLI JN,0,,12079,0,0,0
12080,Mon-Tue-Wed-Thu-Fri-Sat-Sun_20260101-20270830,12080,,KSR BENGALURU,0,,12080,0,0,0
12081,Mon-Tue-Thu-Fri-Sat_20260522-20270830,12081,,THIRUVANANTHAPURAM CENTRAL,0,,12081,0,0,0
12082,Mon-Wed-Thu-Fri-Sun_20260522-20270830,12082,,KANNUR,0,,12082,0,0,0
12083,Mon-Wed-Thu-Fri-Sat-Sun_20260614-20270830,12083,,COIMBATORE JN,0,,12083,0,0,0
12084,Mon-Wed-Thu-Fri-Sat-Sun_20260101-20270830,12084,,MAYILADUTURAI JN,0,,12084,0,0,0
12087,Mon-Tue-Fri_20260505-20270830,12087,,GUWAHATI,0,,12087,0,0,0
12088,Mon-Thu-Sun_20260504-20270830,12088,,NAHARLAGUN,0,,12088,0,0,0
12089,Mon-Tue-Wed-Thu-Fri-Sat-Sun_20260101-20270830,12089,,SHIMOGA TOWN,0,,12089,0,0,0
12090,Mon-Tue-Wed-Thu-Fri-Sat-Sun_20260101-20270830,12090,,KSR BENGALURU,0,,12090,0,0,0
12091,Mon-Tue-Thu-Sat-Sun_20260803-20270830,12091,,KATHGODAM,0,,12091,0,0,0
12092,Mon-Tue-Thu-Sat-Sun_20260803-20270830,12092,,DEHRADOON,0,,12092,0,0,0
12101,Mon-Tue-Fri-Sat_20260429-20270830,12101,,SHALIMAR,0,,12101,0,0,0
12102,Mon-Wed-Thu-Sun_20260429-20270830,12102,,LOKMANYATILAK,0,,12102,0,0,0
12103,Tue_20260101-20270830,12103,,LUCKNOW,0,,12103,0,0,0
12104,Wed_20260101-20270830,12104,,PUNE JN,0,,12104,0,0,0
12105,Mon-Tue-Wed-Thu-Fri-Sat-Sun_20260414-20270830,12105,,GONDIA JN,0,,12105,0,0,0
12106,Mon-Tue-Wed-Thu-Fri-Sat-Sun_20260101-20270830,12106,,C SHIVAJI MAH T,0,,12106,0,0,0
12107,Mon-Wed-Sat_20260101-20270830,12107,,SITAPUR JN.,0,,12107,0,0,0
12108,Tue-Thu-Sun_20260101-20270830,12108,,LOKMANYATILAK,0,,12108,0,0,0
12109,Mon-Tue-Wed-Thu-Fri-Sat-Sun_20260815-20270830,12109,,MANMAD JN,0,,12109,0,0,0
12110,Mon-Tue-Wed-Thu-Fri-Sat-Sun_20260815-20270830,12110,,C SHIVAJI MAH T,0,,12110,0,0,0
12111,Mon-Tue-Wed-Thu-Fri-Sat-Sun_20260520-20270830,12111,,AMRAVATI,0,,12111,0,0,0
12112,Mon-Tue-Wed-Thu-Fri-Sat-Sun_20260101-20270830,12112,,C SHIVAJI MAH T,0,,12112,0,0,0
12113,Mon-Wed-Sat_20260415-20270830,12113,,NAGPUR JN.,0,,12113,0,0,0
12114,Tue-Fri-Sun_20260101-20270830,12114,,PUNE JN,0,,12114,0,0,0
12115,Mon-Tue-Wed-Thu-Fri-Sat-Sun_20260101-20270830,12115,,SOLAPUR JN,0,,12115,0,0,0
12116,Mon-Tue-Wed-Thu-Fri-Sat-Sun_20260413-20270830,12116,,C SHIVAJI MAH T,0,,12116,0,0,0
12119,Mon-Tue-Wed-Thu-Fri-Sat-Sun_20260414-20270830,12119,,AJNI,0,,12119,0,0,0
12120,Mon-Tue-Wed-Thu-Fri-Sat-Sun_20260101-20270830,12120,,AMRAVATI,0,,12120,0,0,0
12121,Wed-Fri-Sun_20260101-20270830,12121,,HAZRAT NIZAMUDDIN JN,0,,12121,0,0,0
12122,Mon-Thu-Sat_20260101-20270830,12122,,JABALPUR,0,,12122,0,0,0
12123,Mon-Tue-Wed-Thu-Fri-Sat-Sun_20260101-20270830,12123,,PUNE JN,0,,12123,0,0,0
12124,Mon-Tue-Wed-Thu-Fri-Sat-Sun_20260101-20270830,12124,,C SHIVAJI MAH T,0,,12124,0,0,0
12125,Mon-Tue-Wed-Thu-Fri-Sat-Sun_20260101-20270830,12125,,PUNE JN,0,,12125,0,0,0
12126,Mon-Tue-Wed-Thu-Fri-Sat-Sun_20260101-20270830,12126,,C SHIVAJI MAH T,0,,12126,0,0,0
12127,Mon-Tue-Wed-Thu-Fri-Sat-Sun_20260101-20270830,12127,,PUNE JN,0,,12127,0,0,0
12128,Mon-Tue-Wed-Thu-Fri-Sat-Sun_20260104-20270830,12128,,C SHIVAJI MAH T,0,,12128,0,0,0
12129,Mon-Tue-Wed-Thu-Fri-Sat-Sun_20260429-20270830,12129,,HOWRAH JN,0,,12129,0,0,0
12130,Mon-Tue-Wed-Thu-Fri-Sat-Sun_20260429-20270830,12130,,PUNE JN,0,,12130,0,0,0
12131,Mon-Wed-Sat_20260415-20270830,12131,,SAINAGAR SHIRDI,0,,12131,0,0,0
12132,Tue-Thu-Sun_20260101-20270830,12132,,DADAR,0,,12132,0,0,0
12133,Mon-Tue-Wed-Thu-Fri-Sat-Sun_20260726-20270830,12133,,MANGALORE JUNCTION,0,,12133,0,0,0
12134,Mon-Tue-Wed-Thu-Fri-Sat-Sun_20260727-20270830,12134,,C SHIVAJI MAH T,0,,12134,0,0,0
12135,Tue-Thu-Sun_20260414-20270830,12135,,NAGPUR JN.,0,,12135,0,0,0
12136,Mon-Wed-Sat_20260101-20270830,12136,,PUNE JN,0,,12136,0,0,0
12137,Mon-Tue-Wed-Thu-Fri-Sat-Sun_20260101-20270830,12137,,FIROZPUR CANT,0,,12137,0,0,0
12138,Mon-Tue-Wed-Thu-Fri-Sat-Sun_20260101-20260830,12138,,C SHIVAJI MAH T,0,,12138,0,0,0
12139,Mon-Tue-Wed-Thu-Fri-Sat-Sun_20260825-20270830,12139,,NAGPUR JN.,0,,12139,0,0,0
12140,Mon-Tue-Wed-Thu-Fri-Sat-Sun_20260101-20270830,12140,,C SHIVAJI MAH T,0,,12140,0,0,0
12141,Mon-Tue-Wed-Thu-Fri-Sat-Sun_20260402-20270830,12141,,PATLIPUTRA,0,,12141,0,0,0
12142,Mon-Tue-Wed-Thu-Fri-Sat-Sun_20260519-20270830,12142,,LOKMANYATILAK,0,,12142,0,0,0
12143,Sun_20260101-20270830,12143,,SULTANPUR,0,,12143,0,0,0
12144,Tue_20260526-20270830,12144,,LOKMANYATILAK,0,,12144,0,0,0
12145,Sun_20260101-20270830,12145,,PURI,0,,12145,0,0,0
12146,Tue_20260505-20270830,12146,,LOKMANYATILAK,0,,12146,0,0,0
12147,Tue_20260101-20270830,12147,,HAZRAT NIZAMUDDIN JN,0,,12147,0,0,0
12148,Thu_20260528-20270830,12148,,KOLHAPUR,0,,12148,0,0,0
12151,Wed-Thu_20260429-20270830,12151,,SHALIMAR,0,,12151,0,0,0
12152,Fri-Sat_20260429-20270830,12152,,LOKMANYATILAK,0,,12152,0,0,0
12153,Thu_20260101-20270830,12153,,RANI KAMALAPATI,0,,12153,0,0,0
12154,Fri_20260101-20270830,12154,,LOKMANYATILAK,0,,12154,0,0,0
12155,Mon-Tue-Wed-Thu-Fri-Sat-Sun_20260101-20270830,12155,,HAZRAT NIZAMUDDIN JN,0,,12155,0,0,0
12156,Mon-Tue-Wed-Thu-Fri-Sat-Sun_20260101-20270830,12156,,RANI KAMALAPATI,0,,12156,0,0,0
12157,Mon-Tue-Wed-Thu-Fri-Sat-Sun_20260101-20270830,12157,,SOLAPUR JN,0,,12157,0,0,0
12158,Mon-Tue-Wed-Thu-Fri-Sat-Sun_20260101-20270830,12158,,PUNE JN,0,,12158,0,0,0
12159,Mon-Tue-Wed-Thu-Fri-Sat-Sun_20260101-20270830,12159,,JABALPUR,0,,12159,0,0,0
12160,Mon-Tue-Wed-Thu-Fri-Sat-Sun_20260101-20270830,12160,,AMRAVATI,0,,12160,0,0,0
12161,Fri_20260101-20270830,12161,,AGRA CANTT JN.,0,,12161,0,0,0
12162,Sat_20260523-20270830,12162,,LOKMANYATILAK,0,,12162,0,0,0
12163,Mon-Tue-Wed-Thu-Fri-Sat-Sun_20260819-20270830,12163,,PURATCHI THALAIVAR DR. MGR CTL,0,,12163,0,0,0
12164,Mon-Tue-Wed-Thu-Fri-Sat-Sun_20260825-20270830,12164,,LOKMANYATILAK,0,,12164,0,0,0
12165,Mon-Thu-Fri_20260101-20270830,12165,,GORAKHPUR JN,0,,12165,0,0,0
12166,Tue-Fri-Sat_20260101-20270830,12166,,LOKMANYATILAK,0,,12166,0,0,0
12167,Mon-Tue-Wed-Thu-Fri-Sat-Sun_20260101-20270830,12167,,BANARAS,0,,12167,0,0,0
12168,Mon-Tue-Wed-Thu-Fri-Sat-Sun_20260101-20270830,12168,,LOKMANYATILAK,0,,12168,0,0,0
12169,Mon-Tue-Wed-Thu-Fri-Sat-Sun_20260101-20270830,12169,,SOLAPUR JN,0,,12169,0,0,0
12170,Mon-Tue-Wed-Thu-Fri-Sat-Sun_20260101-20270830,12170,,PUNE JN,0,,12170,0,0,0
12171,Mon-Thu_20260101-20270830,12171,,HARIDWAR JN,0,,12171,0,0,0
12172,Tue-Fri_20260101-20270830,12172,,LOKMANYATILAK,0,,12172,0,0,0
12173,Tue-Sun_20260101-20270830,12173,,MAA BELHA DEVI DHAM PRATAPGARH,0,,12173,0,0,0
12174,Tue-Thu_20260101-20270830,12174,,LOKMANYATILAK,0,,12174,0,0,0
12175,Wed-Sun_20260315-20270226,12175,,GWALIOR JN.,0,,12175,0,0,0
12176,Tue-Sat_20260316-20270225,12176,,HOWRAH JN,0,,12176,0,0,0
12177,Fri_20260320-20270228,12177,,MATHURA JN.,0,,12177,0,0,0
12178,Mon_20260316-20270303,12178,,HOWRAH JN,0,,12178,0,0,0
12179,Mon-Tue-Wed-Thu-Fri-Sat-Sun_20260101-20270830,12179,,AGRA FORT,0,,12179,0,0,0
12180,Mon-Tue-Wed-Thu-Fri-Sat-Sun_20260101-20270830,12180,,LUCKNOW,0,,12180,0,0,0
12181,Mon-Tue-Wed-Thu-Fri-Sat-Sun_20260804-20270830,12181,,AJMER JN,0,,12181,0,0,0
12182,Mon-Tue-Wed-Thu-Fri-Sat-Sun_20260804-20270830,12182,,JABALPUR,0,,12182,0,0,0
12183,Tue-Fri-Sun_20260101-20270830,12183,,MAA BELHA DEVI DHAM PRATAPGARH,0,,12183,0,0,0
12184,Mon-Wed-Sat_20260101-20270830,12184,,BHOPAL JN.,0,,12184,0,0,0
12185,Mon-Tue-Wed-Thu-Fri-Sat-Sun_20260101-20270830,12185,,REWA,0,,12185,0,0,0
12186,Mon-Tue-Wed-Thu-Fri-Sat-Sun_20260101-20270830,12186,,RANI KAMALAPATI,0,,12186,0,0,0
12187,Mon-Wed-Sat_20260101-20270830,12187,,C SHIVAJI MAH T,0,,12187,0,0,0
12188,Tue-Thu-Sun_20260825-20270830,12188,,JABALPUR,0,,12188,0,0,0
12189,Mon-Tue-Wed-Thu-Fri-Sat-Sun_20260101-20270830,12189,,HAZRAT NIZAMUDDIN JN,0,,12189,0,0,0
12190,Mon-Tue-Wed-Thu-Fri-Sat-Sun_20260101-20270830,12190,,JABALPUR,0,,12190,0,0,0
12191,Mon-Tue-Wed-Thu-Fri-Sat-Sun_20260101-20270830,12191,,JABALPUR,0,,12191,0,0,0
12192,Mon-Tue-Wed-Thu-Fri-Sat-Sun_20260101-20270830,12192,,HAZRAT NIZAMUDDIN JN,0,,12192,0,0,0
12193,Sun_20260601-20270830,12193,,JABALPUR,0,,12193,0,0,0
12194,Sat_20260801-20270830,12194,,YESVANTPUR JN.,0,,12194,0,0,0
12195,Mon-Tue-Wed-Thu-Fri-Sat-Sun_20260101-20270830,12195,,AJMER JN,0,,12195,0,0,0
12196,Mon-Tue-Wed-Thu-Fri-Sat-Sun_20260101-20270830,12196,,AGRA FORT,0,,12196,0,0,0
12197,Mon-Tue-Wed-Thu-Fri-Sat-Sun_20260108-20270830,12197,,GWALIOR JN.,0,,12197,0,0,0
12198,Mon-Tue-Wed-Thu-Fri-Sat-Sun_20260109-20270830,12198,,BHOPAL JN.,0,,12198,0,0,0
12201,Mon-Fri_20260727-20270830,12201,,THIRUVANANTHAPURAM NORTH,0,,12201,0,0,0
12202,Thu-Sun_20260730-20270830,12202,,LOKMANYATILAK,0,,12202,0,0,0
12203,Mon-Thu-Sun_20260101-20270830,12203,,AMRITSAR,0,,12203,0,0,0
12204,Wed-Sat-Sun_20260101-20270830,12204,,SAHARSA JN,0,,12204,0,0,0
12207,Tue_20260825-20261019,12207,,JAMMUTAVI,0,,12207,0,0,0
12208,Sun_20260823-20270830,12208,,KATHGODAM,0,,12208,0,0,0
12209,Tue_20260101-20270830,12209,,KATHGODAM,0,,12209,0,0,0
12210,Mon_20260101-20270830,12210,,KANPUR CENTRAL,0,,12210,0,0,0
12211,Fri_20260101-20270830,12211,,ANAND VIHAR TERMINAL,0,,12211,0,0,0
12212,Wed_20260211-20270830,12212,,MUZAFFARPUR JN,0,,12212,0,0,0
12213,Sat_20260601-20270830,12213,,DELHI SARAI ROHILLA,0,,12213,0,0,0
12214,Mon_20260601-20270830,12214,,YESVANTPUR JN.,0,,12214,0,0,0
12215,Mon-Tue-Thu-Sat_20260819-20270830,12215,,BANDRA TERMINUS,0,,12215,0,0,0
12216,Tue-Wed-Fri-Sun_20260819-20261013,12216,,DELHI SARAI ROHILLA,0,,12216,0,0,0
12217,Mon-Sat_20260819-20270830,12217,,CHANDIGARH,0,,12217,0,0,0
12218,Wed-Fri_20260819-20270830,12218,,THIRUVANANTHAPURAM NORTH,0,,12218,0,0,0
12219,Wed-Sat_20260101-20270830,12219,,SECUNDERABAD JN,0,,12219,0,0,0
12220,Tue-Fri_20260101-20270830,12220,,LOKMANYATILAK,0,,12220,0,0,0
12221,Mon-Sat_20260429-20270830,12221,,HOWRAH JN,0,,12221,0,0,0
12222,Thu-Sat_20260429-20270830,12222,,PUNE JN,0,,12222,0,0,0
12223,Tue-Sat_20260718-20270830,12223,,ERNAKULAM JN,0,,12223,0,0,0
12224,Wed-Sun_20260615-20270830,12224,,LOKMANYATILAK,0,,12224,0,0,0
12225,Mon-Tue-Wed-Thu-Fri-Sat-Sun_20260101-20270830,12225,,DELHI JN.,0,,12225,0,0,0
12226,Mon-Tue-Wed-Thu-Fri-Sat-Sun_20260101-20270830,12226,,AZAMGARH,0,,12226,0,0,0
12227,Thu-Sat_20260819-20270830,12227,,INDORE JN,0,,12227,0,0,0
12228,Fri-Sun_20260819-20270830,12228,,MUMBAI CENTRAL,0,,12228,0,0,0
12229,Mon-Tue-Wed-Thu-Fri-Sat-Sun_20260101-20270830,12229,,NEW DELHI,0,,12229,0,0,0
12230,Mon-Tue-Wed-Thu-Fri-Sat-Sun_20260101-20270830,12230,,LUCKNOW JN.,0,,12230,0,0,0
12231,Mon-Tue-Wed-Thu-Fri-Sat-Sun_20260101-20270830,12231,,CHANDIGARH,0,,12231,0,0,0
12232,Mon-Tue-Wed-Thu-Fri-Sat-Sun_20260805-20260830,12232,,LUCKNOW JN.,0,,12232,0,0,0
12235,Fri_20260630-20270830,12235,,ANAND VIHAR TERMINAL,0,,12235,0,0,0
12236,Thu_20260630-20270830,12236,,MADHUPUR JN.,0,,12236,0,0,0
12237,Mon-Tue-Wed-Thu-Fri-Sat-Sun_20260812-20261031,12237,,JAMMUTAVI,0,,12237,0,0,0
12238,Mon-Tue-Wed-Thu-Fri-Sat-Sun_20260813-20270830,12238,,VARANASI,0,,12238,0,0,0
12239,Tue-Sun_20260819-20270830,12239,,HISAR,0,,12239,0,0,0
12240,Tue-Thu_20260819-20270830,12240,,MUMBAI CENTRAL,0,,12240,0,0,0
12243,Mon-Wed-Thu-Fri-Sat-Sun_20260101-20270830,12243,,COIMBATORE JN,0,,12243,0,0,0
12244,Mon-Wed-Thu-Fri-Sat-Sun_20260101-20270830,12244,,PURATCHI THALAIVAR DR. MGR CTL,0,,12244,0,0,0
12245,Tue-Wed-Fri-Sat-Sun_20260707-20270830,12245,,SMVT BENGALURU,0,,12245,0,0,0
12246,Mon-Tue-Thu-Fri-Sun_20260601-20270830,12246,,HOWRAH JN,0,,12246,0,0,0
12247,Fri_20260819-20270830,12247,,HAZRAT NIZAMUDDIN JN,0,,12247,0,0,0
12248,Sat_20260819-20270830,12248,,BANDRA TERMINUS,0,,12248,0,0,0
12249,Mon-Tue-Wed-Thu-Fri-Sat-Sun_20260619-20270830,12249,,JAISALMER,0,,12249,0,0,0
12250,Mon-Tue-Wed-Thu-Fri-Sat-Sun_20260618-20270830,12250,,SHAKURBASTI,0,,12250,0,0,0
12251,Tue-Fri_20260601-20270830,12251,,KORBA,0,,12251,0,0,0
12252,Thu-Sun_20260730-20270830,12252,,YESVANTPUR JN.,0,,12252,0,0,0
12253,Sat_20260808-20270830,12253,,BHAGALPUR,0,,12253,0,0,0
12254,Wed_20260630-20270830,12254,,SMVT BENGALURU,0,,12254,0,0,0
12257,Tue-Thu-Sun_20260104-20270830,12257,,THIRUVANANTHAPURAM NORTH,0,,12257,0,0,0
12258,Mon-Wed-Fri_20260102-20270830,12258,,YESVANTPUR JN.,0,,12258,0,0,0
12259,Mon-Wed-Thu-Sun_20260507-20270830,12259,,BIKANER JN,0,,12259,0,0,0
12260,Mon-Tue-Thu-Fri_20260507-20270830,12260,,SEALDAH,0,,12260,0,0,0
12261,Tue-Wed-Thu-Sun_20260705-20270830,12261,,HOWRAH JN,0,,12261,0,0,0
12262,Mon-Tue-Wed-Fri_20260703-20270830,12262,,C SHIVAJI MAH T,0,,12262,0,0,0
12263,Tue-Fri_20260819-20270830,12263,,HAZRAT NIZAMUDDIN JN,0,,12263,0,0,0
12264,Mon-Thu_20260819-20270830,12264,,PUNE JN,0,,12264,0,0,0
12265,Tue-Fri-Sun_20260722-20270830,12265,,JAMMUTAVI,0,,12265,0,0,0
12266,Mon-Wed-Sat_20260722-20270830,12266,,DELHI SARAI ROHILLA,0,,12266,0,0,0
12267,Mon-Tue-Wed-Thu-Fri-Sat-Sun_20260819-20270830,12267,,HAPA,0,,12267,0,0,0
12268,Mon-Tue-Wed-Thu-Fri-Sat-Sun_20260819-20270830,12268,,MUMBAI CENTRAL,0,,12268,0,0,0
12269,Mon-Fri_20260601-20270830,12269,,HAZRAT NIZAMUDDIN JN,0,,12269,0,0,0
12270,Tue-Sat_20260601-20270830,12270,,PURATCHI THALAIVAR DR. MGR CTL,0,,12270,0,0,0
12273,Mon-Fri_20260630-20270830,12273,,NEW DELHI,0,,12273,0,0,0
12274,Tue-Sat_20260630-20270830,12274,,HOWRAH JN,0,,12274,0,0,0
12275,Tue-Thu-Fri-Sun_20260101-20270830,12275,,NEW DELHI,0,,12275,0,0,0
12276,Mon-Wed-Fri-Sat_20260101-20270830,12276,,PRAYAGRAJ JN,0,,12276,0,0,0
12277,Mon-Tue-Wed-Thu-Fri-Sat-Sun_20260101-20270830,12277,,PURI,0,,12277,0,0,0
12278,Mon-Tue-Wed-Thu-Fri-Sat-Sun_20260101-20270830,12278,,HOWRAH JN,0,,12278,0,0,0
12279,Mon-Tue-Wed-Thu-Fri-Sat-Sun_20260101-20270830,12279,,NEW DELHI,0,,12279,0,0,0
12280,Mon-Tue-Wed-Thu-Fri-Sat-Sun_20260101-20270830,12280,,VIRANGANA LAKSHMIBAI JHANSI JN,0,,12280,0,0,0
12281,Wed_20260318-20270830,12281,,NEW DELHI,0,,12281,0,0,0
12282,Thu_20260319-20270830,12282,,BHUBANESWAR,0,,12282,0,0,0
12283,Tue_20260819-20270830,12283,,HAZRAT NIZAMUDDIN JN,0,,12283,0,0,0
12284,Sat_20260819-20270830,12284,,ERNAKULAM JN,0,,12284,0,0,0
12285,Thu-Sun_20260101-20270830,12285,,HAZRAT NIZAMUDDIN JN,0,,12285,0,0,0
12286,Mon-Fri_20260101-20270830,12286,,SECUNDERABAD JN,0,,12286,0,0,0
12289,Mon-Tue-Wed-Thu-Fri-Sat-Sun_20260519-20270830,12289,,NAGPUR JN.,0,,12289,0,0,0
12290,Mon-Tue-Wed-Thu-Fri-Sat-Sun_20260519-20270830,12290,,C SHIVAJI MAH T,0,,12290,0,0,0
12291,Fri_20260101-20270830,12291,,PURATCHI THALAIVAR DR. MGR CTL,0,,12291,0,0,0
12292,Sat_20260101-20270830,12292,,YESVANTPUR JN.,0,,12292,0,0,0
12293,Mon-Fri_20260101-20270830,12293,,PRAYAGRAJ JN,0,,12293,0,0,0
12294,Tue-Sat_20260101-20270830,12294,,LOKMANYATILAK,0,,12294,0,0,0
12295,Mon-Tue-Wed-Thu-Fri-Sat-Sun_20260601-20270830,12295,,DANAPUR,0,,12295,0,0,0
12296,Mon-Tue-Wed-Thu-Fri-Sat-Sun_20260601-20270830,12296,,SMVT BENGALURU,0,,12296,0,0,0
12297,Tue-Fri-Sun_20260819-20270830,12297,,PUNE JN,0,,12297,0,0,0
12298,Mon-Thu-Sat_20260819-20270830,12298,,AHMEDABAD JN,0,,12298,0,0,0
12301,Mon-Tue-Wed-Thu-Fri-Sat_20260314-20270830,12301,,NEW DELHI,0,,12301,0,0,0
12302,Mon-Tue-Wed-Thu-Sat-Sun_20260314-20270830,12302,,HOWRAH JN,0,,12302,0,0,0
12303,Mon-Tue-Fri-Sat_20260630-20270830,12303,,NEW DELHI,0,,12303,0,0,0
12304,Wed-Thu-Sat-Sun_20260630-20270830,12304,,HOWRAH JN,0,,12304,0,0,0
12305,Sun_20260630-20270830,12305,,NEW DELHI,0,,12305,0,0,0
12306,Fri_20260630-20270830,12306,,HOWRAH JN,0,,12306,0,0,0
12307,Tue-Wed-Sat-Sun_20260801-20270830,12307,,JODHPUR JN,0,,12307,0,0,0
12308,Mon-Tue-Thu-Fri_20260401-20270830,12308,,HOWRAH JN,0,,12308,0,0,0
12309,Mon-Tue-Wed-Thu-Fri-Sat-Sun_20260217-20270830,12309,,NEW DELHI,0,,12309,0,0,0
12310,Mon-Tue-Wed-Thu-Fri-Sat-Sun_20260218-20270830,12310,,RAJENDRA NAGAR,0,,12310,0,0,0
12313,Mon-Tue-Wed-Thu-Fri-Sat-Sun_20260314-20270830,12313,,NEW DELHI,0,,12313,0,0,0
12314,Mon-Tue-Wed-Thu-Fri-Sat-Sun_20260314-20270830,12314,,SEALDAH,0,,12314,0,0,0
12315,Thu_20260630-20270830,12315,,UDAIPUR CITY,0,,12315,0,0,0
12316,Mon_20260825-20270830,12316,,KOLKATTA TERMINAL,0,,12316,0,0,0
12317,Wed-Sun_20260812-20270830,12317,,AMRITSAR,0,,12317,0,0,0
12318,Tue-Fri_20260813-20270830,12318,,KOLKATTA TERMINAL,0,,12318,0,0,0
12319,Wed_20260318-20270830,12319,,GWALIOR JN.,0,,12319,0,0,0
12320,Thu_20260319-20270830,12320,,KOLKATTA TERMINAL,0,,12320,0,0,0
12321,Mon-Tue-Wed-Thu-Fri-Sat-Sun_20260314-20270830,12321,,C SHIVAJI MAH T,0,,12321,0,0,0
12322,Mon-Tue-Wed-Thu-Fri-Sat-Sun_20260313-20270830,12322,,HOWRAH JN,0,,12322,0,0,0
12323,Tue-Fri_20260507-20270830,12323,,BARMER,0,,12323,0,0,0
12324,Wed-Sat_20260507-20270830,12324,,HOWRAH JN,0,,12324,0,0,0
12325,Thu_20260630-20270830,12325,,AMB  ANDAURA,0,,12325,0,0,0
12326,Sat_20260630-20270830,12326,,KOLKATTA TERMINAL,0,,12326,0,0,0
12329,Tue_20260316-20270830,12329,,ANAND VIHAR TERMINAL,0,,12329,0,0,0
12330,Wed_20260318-20270830,12330,,SEALDAH,0,,12330,0,0,0
12335,Tue-Fri_20260403-20270830,12335,,LOKMANYATILAK,0,,12335,0,0,0
12336,Tue-Sun_20260101-20270830,12336,,BHAGALPUR,0,,12336,0,0,0
12337,Mon-Tue-Wed-Thu-Fri-Sat-Sun_20260101-20270830,12337,,BOLPUR S NIKTN,0,,12337,0,0,0
12338,Mon-Tue-Wed-Thu-Fri-Sat-Sun_20260101-20270830,12338,,HOWRAH JN,0,,12338,0,0,0
12339,Mon-Tue-Wed-Thu-Fri-Sat-Sun_20260101-20270830,12339,,DHANBAD JN,0,,12339,0,0,0
12340,Mon-Tue-Wed-Thu-Fri-Sat-Sun_20260101-20270830,12340,,HOWRAH JN,0,,12340,0,0,0
12341,Mon-Tue-Wed-Thu-Fri-Sat-Sun_20260101-20270830,12341,,ASANSOL JN.,0,,12341,0,0,0
12342,Mon-Tue-Wed-Thu-Fri-Sat-Sun_20260101-20270830,12342,,HOWRAH JN,0,,12342,0,0,0
12343,Mon-Tue-Wed-Thu-Fri-Sat-Sun_20260101-20270830,12343,,HALDIBARI,0,,12343,0,0,0
12344,Mon-Tue-Wed-Thu-Fri-Sat-Sun_20260101-20270830,12344,,SEALDAH,0,,12344,0,0,0
12345,Mon-Tue-Wed-Thu-Fri-Sat-Sun_20260306-20270830,12345,,GUWAHATI,0,,12345,0,0,0
12346,Mon-Tue-Wed-Thu-Fri-Sat-Sun_20260306-20270830,12346,,HOWRAH JN,0,,12346,0,0,0
12347,Mon-Tue-Wed-Thu-Fri-Sat-Sun_20260101-20270830,12347,,RAMPUR HAT,0,,12347,0,0,0
12348,Mon-Tue-Wed-Thu-Fri-Sat-Sun_20260101-20270830,12348,,HOWRAH JN,0,,12348,0,0,0
12349,Mon_20260316-20270830,12349,,NEW DELHI,0,,12349,0,0,0
12350,Tue_20260324-20270830,12350,,GODDA,0,,12350,0,0,0
12351,Mon-Tue-Wed-Thu-Fri-Sat-Sun_20260630-20270830,12351,,RAJENDRA NAGAR,0,,12351,0,0,0
12352,Mon-Tue-Wed-Thu-Fri-Sat-Sun_20260630-20270830,12352,,HOWRAH JN,0,,12352,0,0,0
12353,Fri_20260320-20261105,12353,,LALKUA JN.,0,,12353,0,0,0
12354,Sat_20260314-20270830,12354,,HOWRAH JN,0,,12354,0,0,0
12355,Tue-Sat_20260722-20260912,12355,,JAMMUTAVI,0,,12355,0,0,0
12356,Wed-Sun_20260722-20270830,12356,,PATNA JN,0,,12356,0,0,0
12357,Tue-Sat_20260812-20260831,12357,,AMRITSAR,0,,12357,0,0,0
12358,Mon-Thu_20260813-20270830,12358,,KOLKATTA TERMINAL,0,,12358,0,0,0
12361,Sun_20260630-20270830,12361,,C SHIVAJI MAH T,0,,12361,0,0,0
12362,Wed_20260630-20270830,12362,,ASANSOL JN.,0,,12362,0,0,0
12363,Tue-Thu-Sat_20260101-20270830,12363,,HALDIBARI,0,,12363,0,0,0
12364,Wed-Fri-Sun_20260101-20270830,12364,,KOLKATTA TERMINAL,0,,12364,0,0,0
12365,Mon-Tue-Wed-Thu-Fri-Sat-Sun_20260101-20270830,12365,,RANCHI,0,,12365,0,0,0
12366,Mon-Tue-Wed-Thu-Fri-Sat-Sun_20260101-20270830,12366,,PATNA JN,0,,12366,0,0,0
12367,Mon-Tue-Wed-Thu-Fri-Sat-Sun_20260101-20270830,12367,,ANAND VIHAR TERMINAL,0,,12367,0,0,0
12368,Mon-Tue-Wed-Thu-Fri-Sat-Sun_20260101-20270830,12368,,BHAGALPUR,0,,12368,0,0,0
12371,Mon_20260507-20261101,12371,,BIKANER JN,0,,12371,0,0,0
12372,Thu_20260806-20270830,12372,,HOWRAH JN,0,,12372,0,0,0
12375,Sat_20260808-20270830,12375,,JASIDIH JN.,0,,12375,0,0,0
12376,Wed_20260630-20270830,12376,,TAMBARAM,0,,12376,0,0,0
12377,Mon-Tue-Wed-Thu-Fri-Sat-Sun_20260101-20270830,12377,,NEW ALIPURDUAR,0,,12377,0,0,0
12378,Mon-Tue-Wed-Thu-Fri-Sat-Sun_20260101-20270830,12378,,SEALDAH,0,,12378,0,0,0
12379,Fri_20260320-20270830,12379,,AMRITSAR,0,,12379,0,0,0
12380,Sun_20260315-20270830,12380,,SEALDAH,0,,12380,0,0,0
12381,Wed-Thu-Sun_20260315-20270830,12381,,NEW DELHI,0,,12381,0,0,0
12382,Mon-Tue-Fri_20260316-20270830,12382,,HOWRAH JN,0,,12382,0,0,0
12383,Mon-Tue-Wed-Thu-Fri-Sat_20260417-20270830,12383,,ASANSOL JN.,0,,12383,0,0,0
12384,Mon-Tue-Wed-Thu-Fri-Sat_20260417-20270830,12384,,SEALDAH,0,,12384,0,0,0
12389,Sun_20260601-20270830,12389,,PURATCHI THALAIVAR DR. MGR CTL,0,,12389,0,0,0
12390,Tue_20260601-20270830,12390,,GAYA JN,0,,12390,0,0,0
12391,Mon-Tue-Wed-Thu-Fri-Sat-Sun_20260101-20270830,12391,,NEW DELHI,0,,12391,0,0,0
12392,Mon-Tue-Wed-Thu-Fri-Sat-Sun_20260101-20270830,12392,,RAJGIR,0,,12392,0,0,0
12393,Mon-Tue-Wed-Thu-Fri-Sat-Sun_20260101-20270830,12393,,NEW DELHI,0,,12393,0,0,0
12394,Mon-Tue-Wed-Thu-Fri-Sat-Sun_20260101-20270830,12394,,RAJENDRA NAGAR,0,,12394,0,0,0
12395,Wed_20260826-20270830,12395,,AJMER JN,0,,12395,0,0,0
12396,Fri_20260828-20270830,12396,,RAJENDRA NAGAR TERMINAL,0,,12396,0,0,0
12397,Mon-Tue-Wed-Thu-Fri-Sat-Sun_20260311-20270830,12397,,NEW DELHI,0,,12397,0,0,0
12398,Mon-Tue-Wed-Thu-Fri-Sat-Sun_20260314-20270830,12398,,GAYA JN,0,,12398,0,0,0
12401,Mon-Tue-Wed-Thu-Fri-Sat-Sun_20260101-20270830,12401,,DEHRADOON,0,,12401,0,0,0
12402,Mon-Tue-Wed-Thu-Fri-Sat-Sun_20260101-20270830,12402,,KOTA JN,0,,12402,0,0,0
12403,Mon-Tue-Thu-Sat_20260331-20260830,12403,,LALGARH JN,0,,12403,0,0,0
12404,Tue-Wed-Fri-Sun_20260331-20260831,12404,,PRAYAGRAJ JN,0,,12404,0,0,0
12405,Tue-Sun_20260101-20270830,12405,,HAZRAT NIZAMUDDIN JN,0,,12405,0,0,0
12406,Fri-Sun_20260101-20270830,12406,,BHUSAVAL JN,0,,12406,0,0,0
12409,Mon-Wed-Thu-Fri-Sat_20260213-20270830,12409,,HAZRAT NIZAMUDDIN JN,0,,12409,0,0,0
12410,Mon-Tue-Wed-Thu-Sat_20260213-20270830,12410,,RAIGARH,0,,12410,0,0,0
12411,Mon-Tue-Wed-Thu-Fri-Sat-Sun_20260101-20270830,12411,,AMRITSAR,0,,12411,0,0,0
12412,Mon-Tue-Wed-Thu-Fri-Sat-Sun_20260101-20270830,12412,,CHANDIGARH,0,,12412,0,0,0
12413,Mon-Tue-Wed-Thu-Fri-Sat-Sun_20260722-20270830,12413,,JAMMUTAVI,0,,12413,0,0,0
12414,Mon-Tue-Wed-Thu-Fri-Sat-Sun_20260820-20270830,12414,,AJMER JN,0,,12414,0,0,0
12415,Mon-Tue-Wed-Thu-Fri-Sat-Sun_20260722-20270830,12415,,NEW DELHI,0,,12415,0,0,0
12416,Mon-Tue-Wed-Thu-Fri-Sat-Sun_20260722-20270830,12416,,INDORE JN,0,,12416,0,0,0
12417,Mon-Tue-Wed-Thu-Fri-Sat-Sun_20260218-20270217,12417,,NEW DELHI,0,,12417,0,0,0
12418,Mon-Tue-Wed-Thu-Fri-Sat-Sun_20260217-20270830,12418,,PRAYAGRAJ JN,0,,12418,0,0,0
12419,Mon-Tue-Wed-Thu-Fri-Sat-Sun_20260519-20270830,12419,,NEW DELHI,0,,12419,0,0,0
12420,Mon-Tue-Wed-Thu-Fri-Sat-Sun_20260101-20270830,12420,,LUCKNOW JN.,0,,12420,0,0,0
12421,Wed_20260429-20270830,12421,,AMRITSAR,0,,12421,0,0,0
12422,Mon_20260101-20260830,12422,,NANDED,0,,12422,0,0,0
12423,Mon-Tue-Wed-Thu-Fri-Sat-Sun_20260505-20270830,12423,,NEW DELHI,0,,12423,0,0,0
12424,Mon-Tue-Wed-Thu-Fri-Sat-Sun_20260430-20270830,12424,,DIBRUGARH,0,,12424,0,0,0
12425,Mon-Tue-Wed-Thu-Fri-Sat-Sun_20260722-20270830,12425,,JAMMUTAVI,0,,12425,0,0,0
12426,Mon-Tue-Wed-Thu-Fri-Sat-Sun_20260722-20270830,12426,,NEW DELHI,0,,12426,0,0,0
12427,Mon-Tue-Wed-Thu-Fri-Sat-Sun_20260101-20261022,12427,,ANAND VIHAR TERMINAL,0,,12427,0,0,0
12428,Mon-Tue-Wed-Thu-Fri-Sat-Sun_20260101-20261022,12428,,REWA,0,,12428,0,0,0
12429,Mon-Tue-Wed-Thu-Fri-Sat-Sun_20260101-20270830,12429,,NEW DELHI,0,,12429,0,0,0
12430,Mon-Tue-Wed-Thu-Fri-Sat-Sun_20260101-20260830,12430,,LUCKNOW JN.,0,,12430,0,0,0
12431,Tue-Thu-Fri_20260819-20270830,12431,,HAZRAT NIZAMUDDIN JN,0,,12431,0,0,0
12432,Tue-Wed-Sun_20260819-20270830,12432,,THIRUVANANTHAPURAM CENTRAL,0,,12432,0,0,0
12433,Fri-Sun_20260601-20270830,12433,,HAZRAT NIZAMUDDIN JN,0,,12433,0,0,0
12434,Wed-Fri_20260617-20270830,12434,,PURATCHI THALAIVAR DR. MGR CTL,0,,12434,0,0,0
12435,Mon-Fri_20260103-20270830,12435,,ANAND VIHAR TERMINAL,0,,12435,0,0,0
12436,Tue-Sat_20260101-20270830,12436,,JAYNAGAR,0,,12436,0,0,0
12437,Wed_20260101-20270830,12437,,HAZRAT NIZAMUDDIN JN,0,,12437,0,0,0
12438,Sun_20260101-20270830,12438,,SECUNDERABAD JN,0,,12438,0,0,0
12439,Sun_20260101-20270830,12439,,SHRI GANGANAGAR,0,,12439,0,0,0
12440,Fri_20260101-20270830,12440,,NANDED,0,,12440,0,0,0
12441,Mon-Thu_20260213-20270830,12441,,NEW DELHI,0,,12441,0,0,0
12442,Tue-Sat_20260213-20270830,12442,,BILASPUR JN.,0,,12442,0,0,0
12443,Thu_20260326-20270830,12443,,ANAND VIHAR TERMINAL,0,,12443,0,0,0
12444,Tue_20260326-20270830,12444,,HALDIA,0,,12444,0,0,0
12445,Mon-Tue-Wed-Thu-Fri-Sat-Sun_20260823-20261018,12445,,SHRI MATA VAISHNO DEVI KATRA,0,,12445,0,0,0
12446,Mon-Tue-Wed-Thu-Fri-Sat-Sun_20260823-20270830,12446,,NEW DELHI,0,,12446,0,0,0
12447,Mon-Tue-Wed-Thu-Fri-Sat-Sun_20260101-20270830,12447,,HAZRAT NIZAMUDDIN JN,0,,12447,0,0,0
12448,Mon-Tue-Wed-Thu-Fri-Sat-Sun_20260107-20270830,12448,,MANIKPUR JN,0,,12448,0,0,0
12449,Tue-Wed_20260819-20261020,12449,,CHANDIGARH,0,,12449,0,0,0
12450,Mon-Sat_20260819-20261020,12450,,MADGAON JUNCTION,0,,12450,0,0,0
12451,Mon-Tue-Wed-Thu-Fri-Sat-Sun_20260101-20270830,12451,,NEW DELHI,0,,12451,0,0,0
12452,Mon-Tue-Wed-Thu-Fri-Sat-Sun_20260101-20270830,12452,,KANPUR CENTRAL,0,,12452,0,0,0
12453,Sun_20260510-20270830,12453,,NEW DELHI,0,,12453,0,0,0
12454,Sat_20260516-20270830,12454,,RANCHI,0,,12454,0,0,0
12455,Mon-Tue-Wed-Thu-Fri-Sat-Sun_20260321-20270830,12455,,BIKANER JN,0,,12455,0,0,0
12456,Mon-Tue-Wed-Thu-Fri-Sat-Sun_20260101-20270830,12456,,DELHI SARAI ROHILLA,0,,12456,0,0,0
12457,Mon-Tue-Wed-Thu-Fri-Sat-Sun_20260507-20260830,12457,,BIKANER JN,0,,12457,0,0,0
12458,Mon-Tue-Wed-Thu-Fri-Sat-Sun_20260807-20260831,12458,,DELHI SARAI ROHILLA,0,,12458,0,0,0
12461,Mon-Wed-Thu-Fri-Sat-Sun_20260416-20270830,12461,,SABARMATI BG,0,,12461,0,0,0
12462,Mon-Wed-Thu-Fri-Sat-Sun_20260416-20270830,12462,,JODHPUR JN,0,,12462,0,0,0
12463,Wed_20260101-20270830,12463,,JODHPUR JN,0,,12463,0,0,0
12464,Thu_20260716-20261013,12464,,DELHI SARAI ROHILLA,0,,12464,0,0,0
12465,Mon-Tue-Wed-Thu-Fri-Sat-Sun_20260801-20270830,12465,,BHAGAT KI KOTHI,0,,12465,0,0,0
12466,Mon-Tue-Wed-Thu-Fri-Sat-Sun_20260118-20270830,12466,,INDORE JN,0,,12466,0,0,0
12467,Mon-Tue-Wed-Thu-Fri-Sat-Sun_20260719-20270830,12467,,JAIPUR JN.,0,,12467,0,0,0
12468,Mon-Tue-Wed-Thu-Fri-Sat-Sun_20260727-20270830,12468,,JAISALMER,0,,12468,0,0,0
12469,Wed-Fri_20260722-20261020,12469,,JAMMUTAVI,0,,12469,0,0,0
12470,Tue-Thu_20260722-20261019,12470,,KANPUR CENTRAL,0,,12470,0,0,0
12471,Mon-Thu-Fri-Sun_20260819-20261017,12471,,SHRI MATA VAISHNO DEVI KATRA,0,,12471,0,0,0
12472,Tue-Wed-Fri-Sat_20260819-20270830,12472,,BANDRA TERMINUS,0,,12472,0,0,0
12473,Sat_20260722-20261023,12473,,SHRI MATA VAISHNO DEVI KATRA,0,,12473,0,0,0
12474,Thu_20260722-20270830,12474,,GANDHIDHAM BG,0,,12474,0,0,0
12475,Tue_20260722-20261019,12475,,SHRI MATA VAISHNO DEVI KATRA,0,,12475,0,0,0
12476,Mon_20260722-20270830,12476,,HAPA,0,,12476,0,0,0
12477,Wed_20260722-20261020,12477,,SHRI MATA VAISHNO DEVI KATRA,0,,12477,0,0,0
12478,Sun_20260722-20270830,12478,,JAMNAGAR,0,,12478,0,0,0
12479,Mon-Tue-Wed-Thu-Fri-Sat-Sun_20260819-20270830,12479,,BANDRA TERMINUS,0,,12479,0,0,0
12480,Mon-Tue-Wed-Thu-Fri-Sat-Sun_20260819-20270830,12480,,JODHPUR JN,0,,12480,0,0,0
12481,Mon-Tue-Wed-Thu-Fri-Sat-Sun_20260101-20270830,12481,,SHRI GANGANAGAR,0,,12481,0,0,0
12482,Mon-Tue-Wed-Thu-Fri-Sat-Sun_20260101-20270830,12482,,DELHI JN.,0,,12482,0,0,0
12483,Wed_20260819-20260901,12483,,AMRITSAR,0,,12483,0,0,0
12484,Sun_20260830-20270830,12484,,THIRUVANANTHAPURAM NORTH,0,,12484,0,0,0
12485,Mon-Thu_20260101-20270830,12485,,SHRI GANGANAGAR,0,,12485,0,0,0
12486,Tue-Sat_20260609-20270830,12486,,NANDED,0,,12486,0,0,0
12487,Mon-Tue-Wed-Thu-Fri-Sat-Sun_20260217-20270830,12487,,ANAND VIHAR TERMINAL,0,,12487,0,0,0
12488,Mon-Tue-Wed-Thu-Fri-Sat-Sun_20260218-20270830,12488,,JOGBANI,0,,12488,0,0,0
12489,Tue-Sat_20260819-20270830,12489,,DADAR,0,,12489,0,0,0
12490,Wed-Sun_20260819-20270830,12490,,SHRI GANGANAGAR,0,,12490,0,0,0
12493,Sun_20260819-20270830,12493,,HAZRAT NIZAMUDDIN JN,0,,12493,0,0,0
12494,Fri_20260819-20270830,12494,,MIRAJ JN.,0,,12494,0,0,0
12495,Thu_20260319-20270830,12495,,KOLKATTA TERMINAL,0,,12495,0,0,0
12496,Fri_20260320-20270830,12496,,BIKANER JN,0,,12496,0,0,0
12497,Mon-Tue-Wed-Thu-Fri-Sat-Sun_20260101-20270830,12497,,AMRITSAR,0,,12497,0,0,0
12498,Mon-Tue-Wed-Thu-Fri-Sat-Sun_20260101-20270830,12498,,NEW DELHI,0,,12498,0,0,0
12501,Sun_20260503-20270830,12501,,AGARTALA,0,,12501,0,0,0
12502,Wed_20260507-20270830,12502,,KOLKATTA TERMINAL,0,,12502,0,0,0
12503,Tue-Fri_20260601-20261019,12503,,AGARTALA,0,,12503,0,0,0
12504,Tue-Sat_20260609-20270830,12504,,SMVT BENGALURU,0,,12504,0,0,0
12505,Mon-Tue-Wed-Thu-Fri-Sat-Sun_20260306-20270830,12505,,ANAND VIHAR TERMINAL,0,,12505,0,0,0
12506,Mon-Tue-Wed-Thu-Fri-Sat-Sun_20260430-20270830,12506,,KAMAKHYA,0,,12506,0,0,0
12507,Wed_20260812-20270830,12507,,AMRITSAR,0,,12507,0,0,0
12508,Fri_20260814-20270830,12508,,NEW JALPAIGURI,0,,12508,0,0,0
12509,Wed-Thu-Fri_20260603-20261020,12509,,GUWAHATI,0,,12509,0,0,0
12510,Mon-Tue-Sun_20260608-20270830,12510,,SMVT BENGALURU,0,,12510,0,0,0
12511,Thu-Fri-Sun_20260601-20270830,12511,,THIRUVANANTHAPURAM NORTH,0,,12511,0,0,0
12512,Tue-Wed-Sun_20260601-20270830,12512,,GORAKHPUR JN,0,,12512,0,0,0
12517,Thu_20260418-20270830,12517,,GUWAHATI,0,,12517,0,0,0
12518,Sat_20260418-20270830,12518,,KOLKATTA TERMINAL,0,,12518,0,0,0
12521,Mon_20260601-20270830,12521,,ERNAKULAM JN,0,,12521,0,0,0
12522,Fri_20260601-20270830,12522,,BARAUNI JN,0,,12522,0,0,0
12527,Sun_20260628-20270830,12527,,ANAND VIHAR TERMINAL,0,,12527,0,0,0
12528,Mon_20260629-20270830,12528,,CHHAPRA,0,,12528,0,0,0
12533,Mon-Tue-Wed-Thu-Fri-Sat-Sun_20260523-20270830,12533,,C SHIVAJI MAH T,0,,12533,0,0,0
12534,Mon-Tue-Wed-Thu-Fri-Sat-Sun_20260127-20270830,12534,,GOMTI NAGAR,0,,12534,0,0,0
12535,Mon-Thu_20260213-20270830,12535,,RAIPUR JN.,0,,12535,0,0,0
12536,Tue-Fri_20260213-20270830,12536,,LUCKNOW,0,,12536,0,0,0
12539,Wed_20260601-20270830,12539,,LUCKNOW JN.,0,,12539,0,0,0
12540,Fri_20260601-20270830,12540,,YESVANTPUR JN.,0,,12540,0,0,0
12545,Thu_20260108-20270830,12545,,LOKMANYATILAK,0,,12545,0,0,0
12546,Sat_20260207-20270830,12546,,RAXAUL JN,0,,12546,0,0,0
12547,Mon-Tue-Thu-Fri_20260825-20270830,12547,,GANDHIGRAM,0,,12547,0,0,0
12548,Mon-Wed-Thu-Sun_20260826-20270830,12548,,AGRA CANTT JN,0,,12548,0,0,0
12549,Tue_20260722-20270830,12549,,MARTYR CAPTAIN TUSHAR MAHAJAN,0,,12549,0,0,0
12550,Thu_20260722-20270830,12550,,DURG,0,,12550,0,0,0
12551,Sat_20260601-20270830,12551,,KAMAKHYA,0,,12551,0,0,0
12552,Wed_20260603-20270830,12552,,SMVT BENGALURU,0,,12552,0,0,0
12555,Mon-Tue-Wed-Thu-Fri-Sat-Sun_20260213-20270830,12555,,BATHINDA,0,,12555,0,0,0
12556,Mon-Tue-Wed-Thu-Fri-Sat-Sun_20260213-20270830,12556,,GORAKHPUR JN,0,,12556,0,0,0
12557,Mon-Tue-Wed-Thu-Fri-Sat-Sun_20260808-20270830,12557,,ANAND VIHAR TERMINAL,0,,12557,0,0,0
12558,Mon-Tue-Wed-Thu-Fri-Sat-Sun_20260809-20270830,12558,,MUZAFFARPUR JN,0,,12558,0,0,0
12559,Mon-Tue-Wed-Thu-Fri-Sat-Sun_20260101-20270830,12559,,NEW DELHI,0,,12559,0,0,0
12560,Mon-Tue-Wed-Thu-Fri-Sat-Sun_20260101-20270830,12560,,BANARAS,0,,12560,0,0,0
12561,Mon-Tue-Wed-Thu-Fri-Sat-Sun_20260322-20270830,12561,,NEW DELHI,0,,12561,0,0,0
12562,Mon-Tue-Wed-Thu-Fri-Sat-Sun_20260325-20270830,12562,,JAYNAGAR,0,,12562,0,0,0
12565,Mon-Tue-Wed-Thu-Fri-Sat-Sun_20260819-20270830,12565,,NEW DELHI,0,,12565,0,0,0
12566,Mon-Tue-Wed-Thu-Fri-Sat-Sun_20260819-20270830,12566,,DARBHANGA JN,0,,12566,0,0,0
12571,Wed-Fri-Sat-Sun_20260101-20270830,12571,,ANAND VIHAR TERMINAL,0,,12571,0,0,0
12572,Mon-Thu-Sat-Sun_20260101-20270830,12572,,GORAKHPUR JN,0,,12572,0,0,0
12577,Tue_20260601-20270830,12577,,MYSORE JN,0,,12577,0,0,0
12578,Fri_20260601-20270830,12578,,DARBHANGA JN,0,,12578,0,0,0
12581,Mon-Thu-Fri-Sat-Sun_20260101-20270830,12581,,NEW DELHI,0,,12581,0,0,0
12582,Wed-Thu-Fri-Sat-Sun_20260101-20270830,12582,,BANARAS,0,,12582,0,0,0
12583,Tue-Thu-Fri-Sun_20260201-20270830,12583,,ANAND VIHAR TERMINAL,0,,12583,0,0,0
12584,Tue-Thu-Fri-Sun_20260101-20270830,12584,,LUCKNOW,0,,12584,0,0,0
12587,Mon_20260722-20270830,12587,,JAMMUTAVI,0,,12587,0,0,0
12588,Sat_20260829-20270830,12588,,GORAKHPUR JN,0,,12588,0,0,0
12589,Wed_20260101-20270830,12589,,CHARLAPALLI,0,,12589,0,0,0
12590,Thu_20260101-20270830,12590,,GORAKHPUR JN,0,,12590,0,0,0
12591,Sat_20260601-20270830,12591,,YESVANTPUR JN.,0,,12591,0,0,0
12592,Mon_20260601-20270830,12592,,GORAKHPUR JN,0,,12592,0,0,0
12593,Sat_20260101-20270830,12593,,BHOPAL JN.,0,,12593,0,0,0
12594,Sun_20260101-20270830,12594,,LUCKNOW,0,,12594,0,0,0
12595,Mon-Tue-Thu_20260101-20270830,12595,,ANAND VIHAR TERMINAL,0,,12595,0,0,0
12596,Tue-Wed-Fri_20260101-20270830,12596,,GORAKHPUR JN,0,,12596,0,0,0
12597,Tue_20260303-20270830,12597,,C SHIVAJI MAH T,0,,12597,0,0,0
12598,Wed_20260303-20270830,12598,,GORAKHPUR JN,0,,12598,0,0,0
12601,Mon-Tue-Wed-Thu-Fri-Sat-Sun_20260101-20270830,12601,,MANGALORE CENTRAL,0,,12601,0,0,0
12602,Mon-Tue-Wed-Thu-Fri-Sat-Sun_20260820-20270830,12602,,PURATCHI THALAIVAR DR. MGR CTL,0,,12602,0,0,0
12603,Mon-Tue-Wed-Thu-Fri-Sat-Sun_20260601-20270830,12603,,CHARLAPALLI,0,,12603,0,0,0
12604,Mon-Tue-Wed-Thu-Fri-Sat-Sun_20260601-20270830,12604,,PURATCHI THALAIVAR DR. MGR CTL,0,,12604,0,0,0
12605,Mon-Tue-Wed-Thu-Fri-Sat-Sun_20260101-20270830,12605,,KARAIKKUDI JN,0,,12605,0,0,0
12606,Mon-Tue-Wed-Thu-Fri-Sat-Sun_20260101-20270830,12606,,CHENNAI EGMORE,0,,12606,0,0,0
12607,Mon-Tue-Wed-Thu-Fri-Sat-Sun_20260506-20270830,12607,,KSR BENGALURU,0,,12607,0,0,0
12608,Mon-Tue-Wed-Thu-Fri-Sat-Sun_20260506-20270830,12608,,PURATCHI THALAIVAR DR. MGR CTL,0,,12608,0,0,0
12611,Sat_20260601-20270830,12611,,HAZRAT NIZAMUDDIN JN,0,,12611,0,0,0
12612,Mon_20260601-20270830,12612,,PURATCHI THALAIVAR DR. MGR CTL,0,,12612,0,0,0
12613,Mon-Tue-Wed-Thu-Fri-Sat-Sun_20260505-20270830,12613,,KSR BENGALURU,0,,12613,0,0,0
12614,Mon-Tue-Wed-Thu-Fri-Sat-Sun_20260505-20270830,12614,,MYSORE JN,0,,12614,0,0,0
12615,Mon-Tue-Wed-Thu-Fri-Sat-Sun_20260601-20270830,12615,,NEW DELHI,0,,12615,0,0,0
12616,Mon-Tue-Wed-Thu-Fri-Sat-Sun_20260601-20270830,12616,,PURATCHI THALAIVAR DR. MGR CTL,0,,12616,0,0,0
12617,Mon-Tue-Wed-Thu-Fri-Sat-Sun_20260615-20270830,12617,,HAZRAT NIZAMUDDIN JN,0,,12617,0,0,0
12618,Mon-Tue-Wed-Thu-Fri-Sat-Sun_20260615-20270830,12618,,ERNAKULAM JN,0,,12618,0,0,0
12619,Mon-Tue-Wed-Thu-Fri-Sat-Sun_20260615-20270830,12619,,MANGALORE CENTRAL,0,,12619,0,0,0
12620,Mon-Tue-Wed-Thu-Fri-Sat-Sun_20260615-20270830,12620,,LOKMANYATILAK,0,,12620,0,0,0
12621,Mon-Tue-Wed-Thu-Fri-Sat-Sun_20260601-20270830,12621,,NEW DELHI,0,,12621,0,0,0
12622,Mon-Tue-Wed-Thu-Fri-Sat-Sun_20260601-20270830,12622,,PURATCHI THALAIVAR DR. MGR CTL,0,,12622,0,0,0
12623,Mon-Tue-Wed-Thu-Fri-Sat-Sun_20260101-20270830,12623,,THIRUVANANTHAPURAM CENTRAL,0,,12623,0,0,0
12624,Mon-Tue-Wed-Thu-Fri-Sat-Sun_20260101-20270830,12624,,PURATCHI THALAIVAR DR. MGR CTL,0,,12624,0,0,0
12625,Mon-Tue-Wed-Thu-Fri-Sat-Sun_20260603-20270830,12625,,NEW DELHI,0,,12625,0,0,0
12626,Mon-Tue-Wed-Thu-Fri-Sat-Sun_20260601-20270830,12626,,THIRUVANANTHAPURAM CENTRAL,0,,12626,0,0,0
12627,Mon-Tue-Wed-Thu-Fri-Sat-Sun_20260601-20270830,12627,,NEW DELHI,0,,12627,0,0,0
12628,Mon-Tue-Wed-Thu-Fri-Sat-Sun_20260601-20270830,12628,,KSR BENGALURU,0,,12628,0,0,0
12629,Tue-Thu_20260101-20270830,12629,,HAZRAT NIZAMUDDIN JN,0,,12629,0,0,0
12630,Wed-Fri_20260101-20270830,12630,,YESVANTPUR JN.,0,,12630,0,0,0
12631,Mon-Tue-Wed-Thu-Fri-Sat-Sun_20260407-20270830,12631,,TIRUNELVELI JN,0,,12631,0,0,0
12632,Mon-Tue-Wed-Thu-Fri-Sat-Sun_20260517-20270830,12632,,CHENNAI EGMORE,0,,12632,0,0,0
12633,Mon-Tue-Wed-Thu-Fri-Sat-Sun_20260407-20270830,12633,,KANNIYAKUMARI,0,,12633,0,0,0
12634,Mon-Tue-Wed-Thu-Fri-Sat-Sun_20260516-20270830,12634,,CHENNAI EGMORE,0,,12634,0,0,0
12635,Mon-Tue-Wed-Thu-Fri-Sat-Sun_20260203-20270830,12635,,MADURAI JN,0,,12635,0,0,0
12636,Mon-Tue-Wed-Thu-Fri-Sat-Sun_20260203-20270830,12636,,CHENNAI EGMORE,0,,12636,0,0,0
12637,Mon-Tue-Wed-Thu-Fri-Sat-Sun_20260407-20270830,12637,,MADURAI JN,0,,12637,0,0,0
12638,Mon-Tue-Wed-Thu-Fri-Sat-Sun_20260516-20270830,12638,,CHENNAI EGMORE,0,,12638,0,0,0
12639,Mon-Tue-Wed-Thu-Fri-Sat-Sun_20260629-20270830,12639,,KSR BENGALURU,0,,12639,0,0,0
12640,Mon-Tue-Wed-Thu-Fri-Sat-Sun_20260506-20270830,12640,,PURATCHI THALAIVAR DR. MGR CTL,0,,12640,0,0,0
12641,Wed-Fri_20260601-20270830,12641,,HAZRAT NIZAMUDDIN JN,0,,12641,0,0,0
12642,Mon-Sat_20260801-20270830,12642,,KANNIYAKUMARI,0,,12642,0,0,0
12643,Tue_20260602-20270830,12643,,HAZRAT NIZAMUDDIN JN,0,,12643,0,0,0
12644,Fri_20260601-20270830,12644,,THIRUVANANTHAPURAM CENTRAL,0,,12644,0,0,0
12645,Sat_20260601-20270830,12645,,HAZRAT NIZAMUDDIN JN,0,,12645,0,0,0
12646,Tue_20260601-20270830,12646,,ERNAKULAM JN,0,,12646,0,0,0
12647,Sun_20260601-20270830,12647,,HAZRAT NIZAMUDDIN JN,0,,12647,0,0,0
12648,Wed_20260729-20270830,12648,,COIMBATORE JN,0,,12648,0,0,0
12649,Mon-Wed-Fri-Sat-Sun_20260601-20270830,12649,,HAZRAT NIZAMUDDIN JN,0,,12649,0,0,0
12650,Mon-Tue-Thu-Sat-Sun_20260801-20270830,12650,,YESVANTPUR JN.,0,,12650,0,0,0
12651,Tue-Sun_20260601-20270830,12651,,HAZRAT NIZAMUDDIN JN,0,,12651,0,0,0
12652,Tue-Thu_20260801-20270830,12652,,MADURAI JN,0,,12652,0,0,0
12653,Mon-Tue-Wed-Thu-Fri-Sat-Sun_20260306-20270830,12653,,TIRUCHCHIRAPPALLI JN.,0,,12653,0,0,0
12654,Mon-Tue-Wed-Thu-Fri-Sat-Sun_20260306-20270830,12654,,CHENNAI EGMORE,0,,12654,0,0,0
12655,Mon-Tue-Wed-Thu-Fri-Sat-Sun_20260819-20270830,12655,,PURATCHI THALAIVAR DR. MGR CTL,0,,12655,0,0,0
12656,Mon-Tue-Wed-Thu-Fri-Sat-Sun_20260819-20270830,12656,,AHMEDABAD JN,0,,12656,0,0,0
12657,Mon-Tue-Wed-Thu-Fri-Sat-Sun_20260524-20270830,12657,,KSR BENGALURU,0,,12657,0,0,0
12658,Mon-Tue-Wed-Thu-Fri-Sat-Sun_20260506-20270830,12658,,PURATCHI THALAIVAR DR. MGR CTL,0,,12658,0,0,0
12659,Sun_20260624-20261017,12659,,SHALIMAR,0,,12659,0,0,0
12660,Wed_20260624-20270830,12660,,NAGERCOIL JUNCTION,0,,12660,0,0,0
12661,Mon-Tue-Wed-Thu-Fri-Sat-Sun_20260407-20270830,12661,,SENGOTTAI,0,,12661,0,0,0
12662,Mon-Tue-Wed-Thu-Fri-Sat-Sun_20260516-20270830,12662,,CHENNAI EGMORE,0,,12662,0,0,0
12663,Thu-Sun_20260601-20270830,12663,,TIRUCHCHIRAPPALLI JN.,0,,12663,0,0,0
12664,Tue-Fri_20260602-20270830,12664,,HOWRAH JN,0,,12664,0,0,0
12665,Mon_20260601-20270830,12665,,KANNIYAKUMARI,0,,12665,0,0,0
12666,Sat_20260606-20270830,12666,,HOWRAH JN,0,,12666,0,0,0
12667,Thu_20260226-20270830,12667,,KANNIYAKUMARI,0,,12667,0,0,0
12668,Fri_20260220-20270830,12668,,TAMBARAM,0,,12668,0,0,0
12669,Mon-Sat_20260601-20270830,12669,,CHHAPRA,0,,12669,0,0,0
12670,Mon-Wed_20260601-20270830,12670,,PURATCHI THALAIVAR DR. MGR CTL,0,,12670,0,0,0
12671,Mon-Tue-Wed-Thu-Fri-Sat-Sun_20260101-20270830,12671,,METUPALAIYAM,0,,12671,0,0,0
12672,Mon-Tue-Wed-Thu-Fri-Sat-Sun_20260820-20270830,12672,,PURATCHI THALAIVAR DR. MGR CTL,0,,12672,0,0,0
12673,Mon-Tue-Wed-Thu-Fri-Sat-Sun_20260101-20261006,12673,,COIMBATORE JN,0,,12673,0,0,0
12674,Mon-Tue-Wed-Thu-Fri-Sat-Sun_20260101-20270830,12674,,PURATCHI THALAIVAR DR. MGR CTL,0,,12674,0,0,0
12675,Mon-Tue-Wed-Thu-Fri-Sat-Sun_20260403-20270830,12675,,COIMBATORE JN,0,,12675,0,0,0
12676,Mon-Tue-Wed-Thu-Fri-Sat-Sun_20260403-20270830,12676,,PURATCHI THALAIVAR DR. MGR CTL,0,,12676,0,0,0
12679,Mon-Tue-Wed-Thu-Fri-Sat-Sun_20260101-20270830,12679,,COIMBATORE JN,0,,12679,0,0,0
12680,Mon-Tue-Wed-Thu-Fri-Sat-Sun_20260101-20270830,12680,,PURATCHI THALAIVAR DR. MGR CTL,0,,12680,0,0,0
12681,Sat_20260101-20270830,12681,,COIMBATORE JN,0,,12681,0,0,0
12682,Fri_20260101-20270830,12682,,PURATCHI THALAIVAR DR. MGR CTL,0,,12682,0,0,0
12683,Mon-Wed-Sun_20260101-20270830,12683,,SMVT BENGALURU,0,,12683,0,0,0
12684,Mon-Tue-Thu_20260101-20270830,12684,,ERNAKULAM JN,0,,12684,0,0,0
12685,Mon-Tue-Wed-Thu-Fri-Sat-Sun_20260101-20270830,12685,,MANGALORE CENTRAL,0,,12685,0,0,0
12686,Mon-Tue-Wed-Thu-Fri-Sat-Sun_20260719-20270830,12686,,PURATCHI THALAIVAR DR. MGR CTL,0,,12686,0,0,0
12689,Fri_20260123-20270830,12689,,KANNIYAKUMARI,0,,12689,0,0,0
12690,Sun_20260322-20270830,12690,,PURATCHI THALAIVAR DR. MGR CTL,0,,12690,0,0,0
12691,Fri_20260101-20270830,12691,,SHIMOGA TOWN,0,,12691,0,0,0
12692,Sat_20260101-20270830,12692,,PURATCHI THALAIVAR DR. MGR CTL,0,,12692,0,0,0
12693,Mon-Tue-Wed-Thu-Fri-Sat-Sun_20260101-20270830,12693,,TUTICORIN,0,,12693,0,0,0
12694,Mon-Tue-Wed-Thu-Fri-Sat-Sun_20260126-20270830,12694,,CHENNAI EGMORE,0,,12694,0,0,0
12695,Mon-Tue-Wed-Thu-Fri-Sat-Sun_20260101-20270830,12695,,THIRUVANANTHAPURAM CENTRAL,0,,12695,0,0,0
12696,Mon-Tue-Wed-Thu-Fri-Sat-Sun_20260126-20270830,12696,,PURATCHI THALAIVAR DR. MGR CTL,0,,12696,0,0,0
12697,Sun_20260101-20270830,12697,,THIRUVANANTHAPURAM CENTRAL,0,,12697,0,0,0
12698,Sat_20260101-20270830,12698,,PURATCHI THALAIVAR DR. MGR CTL,0,,12698,0,0,0
12701,Mon-Tue-Wed-Thu-Fri-Sat-Sun_20260101-20270830,12701,,HYDERABAD,0,,12701,0,0,0
12702,Mon-Tue-Wed-Thu-Fri-Sat-Sun_20260101-20270830,12702,,C SHIVAJI MAH T,0,,12702,0,0,0
12703,Mon-Tue-Wed-Thu-Fri-Sat-Sun_20260601-20270830,12703,,SECUNDERABAD JN,0,,12703,0,0,0
12704,Mon-Tue-Wed-Thu-Fri-Sat-Sun_20260601-20261014,12704,,HOWRAH JN,0,,12704,0,0,0
12705,Mon-Tue-Wed-Thu-Fri-Sat-Sun_20260601-20270830,12705,,SECUNDERABAD JN,0,,12705,0,0,0
12706,Mon-Tue-Wed-Thu-Fri-Sat-Sun_20260601-20270830,12706,,GUNTUR JN,0,,12706,0,0,0
12707,Mon-Wed-Fri_20260601-20270830,12707,,HAZRAT NIZAMUDDIN JN,0,,12707,0,0,0
12708,Wed-Fri-Sun_20260801-20270830,12708,,TIRUPATI,0,,12708,0,0,0
12709,Mon-Tue-Wed-Thu-Fri-Sat-Sun_20260601-20270830,12709,,SECUNDERABAD JN,0,,12709,0,0,0
12710,Mon-Tue-Wed-Thu-Fri-Sat-Sun_20260601-20270830,12710,,GUDUR JN,0,,12710,0,0,0
12711,Mon-Tue-Wed-Thu-Fri-Sat-Sun_20260601-20270830,12711,,PURATCHI THALAIVAR DR. MGR CTL,0,,12711,0,0,0
12712,Mon-Tue-Wed-Thu-Fri-Sat-Sun_20260601-20270830,12712,,VIJAYAWADA JN,0,,12712,0,0,0
12713,Mon-Tue-Wed-Thu-Fri-Sat-Sun_20260601-20270830,12713,,SECUNDERABAD JN,0,,12713,0,0,0
12714,Mon-Tue-Wed-Thu-Fri-Sat-Sun_20260601-20270830,12714,,VIJAYAWADA JN,0,,12714,0,0,0
12715,Mon-Tue-Wed-Thu-Fri-Sat-Sun_20260101-20270830,12715,,AMRITSAR,0,,12715,0,0,0
12716,Mon-Tue-Wed-Thu-Fri-Sat-Sun_20260101-20270830,12716,,NANDED,0,,12716,0,0,0
12717,Mon-Tue-Wed-Thu-Fri-Sat-Sun_20260601-20270830,12717,,VIJAYAWADA JN,0,,12717,0,0,0
12718,Mon-Tue-Wed-Thu-Fri-Sat-Sun_20260601-20270830,12718,,VISAKHAPATNAM,0,,12718,0,0,0
12719,Wed-Fri_20260101-20270830,12719,,HYDERABAD,0,,12719,0,0,0
12720,Mon-Wed_20260101-20270830,12720,,JAIPUR JN.,0,,12720,0,0,0
12721,Mon-Tue-Wed-Thu-Fri-Sat-Sun_20260101-20270830,12721,,HAZRAT NIZAMUDDIN JN,0,,12721,0,0,0
12722,Mon-Tue-Wed-Thu-Fri-Sat-Sun_20260101-20270830,12722,,HYDERABAD,0,,12722,0,0,0
12723,Mon-Tue-Wed-Thu-Fri-Sat-Sun_20260101-20270830,12723,,NEW DELHI,0,,12723,0,0,0
12724,Mon-Tue-Wed-Thu-Fri-Sat-Sun_20260101-20270830,12724,,HYDERABAD,0,,12724,0,0,0
12725,Mon-Tue-Wed-Thu-Fri-Sat-Sun_20260612-20270830,12725,,DHARWAR,0,,12725,0,0,0
12726,Mon-Tue-Wed-Thu-Fri-Sat-Sun_20260101-20270830,12726,,KSR BENGALURU,0,,12726,0,0,0
12727,Mon-Tue-Wed-Thu-Fri-Sat-Sun_20260601-20270830,12727,,HYDERABAD,0,,12727,0,0,0
12728,Mon-Tue-Wed-Thu-Fri-Sat-Sun_20260601-20270830,12728,,VISAKHAPATNAM,0,,12728,0,0,0
12731,Thu-Sun_20260601-20270830,12731,,SECUNDERABAD JN,0,,12731,0,0,0
12732,Wed-Sat_20260601-20270830,12732,,TIRUPATI,0,,12732,0,0,0
12733,Mon-Tue-Wed-Thu-Fri-Sat-Sun_20260601-20270830,12733,,LINGAMPALLI,0,,12733,0,0,0
12734,Mon-Tue-Wed-Thu-Fri-Sat-Sun_20260601-20270830,12734,,TIRUPATI,0,,12734,0,0,0
12735,Wed-Fri-Sun_20260601-20270830,12735,,YESVANTPUR JN.,0,,12735,0,0,0
12736,Mon-Thu-Sat_20260601-20270830,12736,,CHARLAPALLI,0,,12736,0,0,0
12737,Mon-Tue-Wed-Thu-Fri-Sat-Sun_20260601-20270830,12737,,LINGAMPALLI,0,,12737,0,0,0
12738,Mon-Tue-Wed-Thu-Fri-Sat-Sun_20260601-20270830,12738,,KAKINADA PORT,0,,12738,0,0,0
12739,Mon-Tue-Wed-Thu-Fri-Sat-Sun_20260618-20270830,12739,,SECUNDERABAD JN,0,,12739,0,0,0
12740,Mon-Tue-Wed-Thu-Fri-Sat-Sun_20260601-20270830,12740,,VISAKHAPATNAM,0,,12740,0,0,0
12741,Wed_20260615-20261020,12741,,PATNA JN,0,,12741,0,0,0
12742,Sat_20260615-20270830,12742,,VASCO DA GAMA,0,,12742,0,0,0
12743,Mon-Tue-Wed-Thu-Fri-Sat-Sun_20260601-20270830,12743,,VIJAYAWADA JN,0,,12743,0,0,0
12744,Mon-Tue-Wed-Thu-Fri-Sat-Sun_20260601-20270830,12744,,GUDUR JN,0,,12744,0,0,0
12745,Mon-Tue-Wed-Thu-Fri-Sat-Sun_20260101-20270830,12745,,MANUGURU,0,,12745,0,0,0
12746,Mon-Tue-Wed-Thu-Fri-Sat-Sun_20260101-20270830,12746,,SECUNDERABAD JN,0,,12746,0,0,0
12747,Mon-Tue-Wed-Thu-Fri-Sat-Sun_20260601-20270830,12747,,VIKARABAD JN,0,,12747,0,0,0
12748,Mon-Tue-Wed-Thu-Fri-Sat-Sun_20260601-20270830,12748,,GUNTUR JN,0,,12748,0,0,0
12749,Mon-Tue-Wed-Thu-Fri-Sat-Sun_20260601-20270830,12749,,BIDAR,0,,12749,0,0,0
12750,Mon-Tue-Wed-Thu-Fri-Sat-Sun_20260601-20270830,12750,,MACHILIPATNAM,0,,12750,0,0,0
12751,Fri_20260722-20270830,12751,,JAMMUTAVI,0,,12751,0,0,0
12752,Sun_20260722-20270830,12752,,NANDED,0,,12752,0,0,0
12753,Tue_20260101-20270830,12753,,HAZRAT NIZAMUDDIN JN,0,,12753,0,0,0
12754,Wed_20260101-20270830,12754,,NANDED,0,,12754,0,0,0
12755,Thu_20260819-20270830,12755,,BHAVNAGAR TERMINUS,0,,12755,0,0,0
12756,Sat_20260819-20270830,12756,,KAKINADA PORT,0,,12756,0,0,0
12757,Mon-Tue-Wed-Thu-Fri-Sat-Sun_20260101-20270830,12757,,SIRPUR KAGHAZNAGAR,0,,12757,0,0,0
12758,Mon-Tue-Wed-Thu-Fri-Sat-Sun_20260101-20270830,12758,,SECUNDERABAD JN,0,,12758,0,0,0
12759,Mon-Tue-Wed-Thu-Fri-Sat-Sun_20260601-20270830,12759,,HYDERABAD,0,,12759,0,0,0
12760,Mon-Tue-Wed-Thu-Fri-Sat-Sun_20260601-20270830,12760,,TAMBARAM,0,,12760,0,0,0
12761,Wed-Sat_20260812-20261009,12761,,KARIMNAGAR,0,,12761,0,0,0
12762,Thu-Sun_20260601-20270830,12762,,TIRUPATI,0,,12762,0,0,0
12763,Mon-Tue-Wed-Fri-Sat_20260601-20270830,12763,,SECUNDERABAD JN,0,,12763,0,0,0
12764,Mon-Tue-Thu-Fri-Sun_20260601-20270830,12764,,TIRUPATI,0,,12764,0,0,0
12765,Tue-Sat_20260601-20270830,12765,,AMRAVATI,0,,12765,0,0,0
12766,Mon-Thu_20260601-20270830,12766,,TIRUPATI,0,,12766,0,0,0
12767,Mon_20260713-20270830,12767,,SANTRAGACHI JN,0,,12767,0,0,0
12768,Wed_20260716-20270830,12768,,NANDED,0,,12768,0,0,0
12769,Mon-Fri_20260601-20270830,12769,,SECUNDERABAD JN,0,,12769,0,0,0
12770,Tue-Fri_20260601-20270830,12770,,TIRUPATI,0,,12770,0,0,0
12771,Mon-Wed-Fri_20260327-20270830,12771,,RAIPUR JN.,0,,12771,0,0,0
12772,Tue-Thu-Sat_20260328-20270830,12772,,SECUNDERABAD JN,0,,12772,0,0,0
12773,Wed_20260601-20270830,12773,,SECUNDERABAD JN,0,,12773,0,0,0
12774,Tue_20260601-20270830,12774,,SHALIMAR,0,,12774,0,0,0
12775,Mon-Tue-Wed-Thu-Fri-Sat-Sun_20260601-20261008,12775,,LINGAMPALLI,0,,12775,0,0,0
12776,Mon-Tue-Wed-Thu-Fri-Sat-Sun_20260601-20261008,12776,,KAKINADA TOWN,0,,12776,0,0,0
12777,Wed_20260211-20270830,12777,,THIRUVANANTHAPURAM NORTH,0,,12777,0,0,0
12778,Thu_20260212-20270830,12778,,SSS HUBBALLI JN,0,,12778,0,0,0
12779,Mon-Tue-Wed-Thu-Fri-Sat-Sun_20260131-20270830,12779,,HAZRAT NIZAMUDDIN JN,0,,12779,0,0,0
12780,Mon-Tue-Wed-Thu-Fri-Sat-Sun_20260131-20270830,12780,,VASCO DA GAMA,0,,12780,0,0,0
12781,Fri_20260101-20270830,12781,,HAZRAT NIZAMUDDIN JN,0,,12781,0,0,0
12782,Mon_20260525-20270830,12782,,MYSORE JN,0,,12782,0,0,0
12783,Sun_20260601-20270830,12783,,SECUNDERABAD JN,0,,12783,0,0,0
12784,Sat_20260601-20270830,12784,,VISAKHAPATNAM,0,,12784,0,0,0
12785,Mon-Tue-Wed-Thu-Fri-Sat-Sun_20260601-20270830,12785,,ASHOKAPURAM,0,,12785,0,0,0
12786,Mon-Tue-Wed-Thu-Fri-Sat-Sun_20260601-20270830,12786,,KACHEGUDA,0,,12786,0,0,0
12787,Mon-Tue-Wed-Thu-Sat_20260601-20270830,12787,,NAGARSOL,0,,12787,0,0,0
12788,Tue-Wed-Thu-Fri-Sun_20260601-20270830,12788,,NARASAPUR,0,,12788,0,0,0
12789,Tue-Fri_20260623-20270830,12789,,KUMTA,0,,12789,0,0,0
12790,Wed-Sat_20260620-20270830,12790,,KACHEGUDA,0,,12790,0,0,0
12791,Mon-Tue-Wed-Thu-Fri-Sat-Sun_20260101-20270830,12791,,DANAPUR,0,,12791,0,0,0
12792,Mon-Tue-Wed-Thu-Fri-Sat-Sun_20260101-20270830,12792,,SECUNDERABAD JN,0,,12792,0,0,0
12793,Mon-Tue-Wed-Thu-Fri-Sat-Sun_20260601-20270830,12793,,NIZAMABAD JN.,0,,12793,0,0,0
12794,Mon-Tue-Wed-Thu-Fri-Sat-Sun_20260601-20270830,12794,,TIRUPATI,0,,12794,0,0,0
12795,Mon-Tue-Wed-Thu-Fri-Sat-Sun_20260601-20270830,12795,,LINGAMPALLI,0,,12795,0,0,0
12796,Mon-Tue-Wed-Thu-Fri-Sat-Sun_20260601-20270830,12796,,VIJAYAWADA JN,0,,12796,0,0,0
12797,Mon-Tue-Wed-Thu-Fri-Sat-Sun_20260601-20270830,12797,,CHITTOOR,0,,12797,0,0,0
12798,Mon-Tue-Wed-Thu-Fri-Sat-Sun_20260601-20270830,12798,,KACHEGUDA,0,,12798,0,0,0
12801,Mon-Tue-Wed-Thu-Fri-Sat-Sun_20260326-20270830,12801,,ANAND VIHAR TERMINAL,0,,12801,0,0,0
12802,Mon-Tue-Wed-Thu-Fri-Sat-Sun_20260326-20270830,12802,,PURI,0,,12802,0,0,0
12803,Mon-Fri_20260703-20270830,12803,,HAZRAT NIZAMUDDIN JN,0,,12803,0,0,0
12804,Wed-Sun_20260601-20270830,12804,,VISAKHAPATNAM,0,,12804,0,0,0
12805,Mon-Tue-Wed-Thu-Fri-Sat-Sun_20260601-20270830,12805,,LINGAMPALLI,0,,12805,0,0,0
12806,Mon-Tue-Wed-Thu-Fri-Sat-Sun_20260601-20270830,12806,,VISAKHAPATNAM,0,,12806,0,0,0
12807,Tue-Wed-Thu-Sat-Sun_20260808-20270830,12807,,HAZRAT NIZAMUDDIN JN,0,,12807,0,0,0
12808,Mon-Tue-Thu-Fri-Sat_20260601-20270830,12808,,VISAKHAPATNAM,0,,12808,0,0,0
12809,Mon-Tue-Wed-Thu-Fri-Sat-Sun_20260429-20270830,12809,,HOWRAH JN,0,,12809,0,0,0
12810,Mon-Tue-Wed-Thu-Fri-Sat-Sun_20260609-20270830,12810,,C SHIVAJI MAH T,0,,12810,0,0,0
12811,Mon-Sun_20260429-20270830,12811,,HATIA,0,,12811,0,0,0
12812,Fri-Sat_20260429-20270830,12812,,LOKMANYATILAK,0,,12812,0,0,0
12813,Mon-Tue-Wed-Thu-Fri-Sat-Sun_20260419-20270830,12813,,TATANAGAR JN,0,,12813,0,0,0
12814,Mon-Tue-Wed-Thu-Fri-Sat-Sun_20260419-20270830,12814,,HOWRAH JN,0,,12814,0,0,0
12815,Mon-Wed-Thu-Sat_20260314-20270830,12815,,ANAND VIHAR TERMINAL,0,,12815,0,0,0
12816,Mon-Wed-Thu-Sat_20260316-20270830,12816,,PURI,0,,12816,0,0,0
12817,Wed-Fri-Sun_20260315-20270830,12817,,ANAND VIHAR TERMINAL,0,,12817,0,0,0
12818,Mon-Thu-Sat_20260314-20270830,12818,,HATIA,0,,12818,0,0,0
12819,Wed-Sun_20260326-20270830,12819,,ANAND VIHAR TERMINAL,0,,12819,0,0,0
12820,Tue-Fri_20260326-20270830,12820,,BHUBANESWAR,0,,12820,0,0,0
12821,Mon-Tue-Wed-Thu-Fri-Sat-Sun_20260528-20270830,12821,,PURI,0,,12821,0,0,0
12822,Mon-Tue-Wed-Thu-Fri-Sat-Sun_20260101-20270830,12822,,HOWRAH JN,0,,12822,0,0,0
12823,Mon-Thu-Sat_20260523-20270830,12823,,HAZRAT NIZAMUDDIN JN,0,,12823,0,0,0
12824,Tue-Fri-Sun_20260213-20270830,12824,,DURG,0,,12824,0,0,0
12825,Mon-Thu_20260316-20270830,12825,,ANAND VIHAR TERMINAL,0,,12825,0,0,0
12826,Wed-Sat_20260318-20270830,12826,,RANCHI,0,,12826,0,0,0
12827,Mon-Tue-Wed-Thu-Fri-Sat-Sun_20260101-20270830,12827,,PURULIA JN.,0,,12827,0,0,0
12828,Mon-Tue-Wed-Thu-Fri-Sat-Sun_20260101-20270830,12828,,HOWRAH JN,0,,12828,0,0,0
12833,Mon-Tue-Wed-Thu-Fri-Sat-Sun_20260819-20270830,12833,,HOWRAH JN,0,,12833,0,0,0
12834,Mon-Tue-Wed-Thu-Fri-Sat-Sun_20260819-20270830,12834,,AHMEDABAD JN,0,,12834,0,0,0
12835,Tue-Sun_20260601-20270830,12835,,SMVT BENGALURU,0,,12835,0,0,0
12836,Tue-Thu_20260811-20260831,12836,,HATIA,0,,12836,0,0,0
12837,Mon-Tue-Wed-Thu-Fri-Sat-Sun_20260528-20270830,12837,,PURI,0,,12837,0,0,0
12838,Mon-Tue-Wed-Thu-Fri-Sat-Sun_20260101-20270830,12838,,HOWRAH JN,0,,12838,0,0,0
12839,Mon-Tue-Wed-Thu-Fri-Sat-Sun_20260601-20270830,12839,,PURATCHI THALAIVAR DR. MGR CTL,0,,12839,0,0,0
12840,Mon-Tue-Wed-Thu-Fri-Sat-Sun_20260601-20261014,12840,,HOWRAH JN,0,,12840,0,0,0
12841,Mon-Tue-Wed-Thu-Fri-Sat-Sun_20260601-20270830,12841,,PURATCHI THALAIVAR DR. MGR CTL,0,,12841,0,0,0
12842,Mon-Tue-Wed-Thu-Fri-Sat-Sun_20260602-20270830,12842,,HOWRAH JN,0,,12842,0,0,0
12843,Tue-Thu-Fri-Sat_20260819-20270830,12843,,AHMEDABAD JN,0,,12843,0,0,0
12844,Mon-Thu-Sat-Sun_20260819-20261018,12844,,PURI,0,,12844,0,0,0
12845,Sun_20260601-20270830,12845,,SMVT BENGALURU,0,,12845,0,0,0
12846,Mon_20260608-20261018,12846,,BHUBANESWAR,0,,12846,0,0,0
12849,Thu_20260328-20270830,12849,,PUNE JN,0,,12849,0,0,0
12850,Fri_20260327-20270830,12850,,BILASPUR JN.,0,,12850,0,0,0
12851,Sun_20260601-20261231,12851,,PURATCHI THALAIVAR DR. MGR CTL,0,,12851,0,0,0
12852,Mon_20260601-20270830,12852,,BILASPUR JN.,0,,12852,0,0,0
12853,Mon-Tue-Wed-Thu-Fri-Sat-Sun_20260623-20270830,12853,,BHOPAL JN.,0,,12853,0,0,0
12854,Mon-Tue-Wed-Thu-Fri-Sat-Sun_20260213-20270830,12854,,DURG,0,,12854,0,0,0
12855,Mon-Tue-Wed-Thu-Fri-Sat-Sun_20260522-20270830,12855,,NETAJI SUBHASH,0,,12855,0,0,0
12856,Mon-Tue-Wed-Thu-Fri-Sat-Sun_20260522-20270830,12856,,BILASPUR JN.,0,,12856,0,0,0
12857,Mon-Tue-Wed-Thu-Fri-Sat-Sun_20260101-20270830,12857,,DIGHA,0,,12857,0,0,0
12858,Mon-Tue-Wed-Thu-Fri-Sat-Sun_20260101-20270830,12858,,HOWRAH JN,0,,12858,0,0,0
12859,Mon-Tue-Wed-Thu-Fri-Sat-Sun_20260703-20270830,12859,,HOWRAH JN,0,,12859,0,0,0
12860,Mon-Tue-Wed-Thu-Fri-Sat-Sun_20260703-20270830,12860,,C SHIVAJI MAH T,0,,12860,0,0,0
12861,Mon-Tue-Wed-Thu-Fri-Sat-Sun_20260601-20270830,12861,,MAHBUBNAGAR,0,,12861,0,0,0
12862,Mon-Tue-Wed-Thu-Fri-Sat-Sun_20260601-20270830,12862,,VISAKHAPATNAM,0,,12862,0,0,0
12863,Mon-Tue-Wed-Thu-Fri-Sat-Sun_20260601-20270830,12863,,SMVT BENGALURU,0,,12863,0,0,0
12864,Mon-Tue-Wed-Thu-Fri-Sat-Sun_20260602-20261014,12864,,HOWRAH JN,0,,12864,0,0,0
12867,Sun_20260601-20261024,12867,,PONDICHERRY,0,,12867,0,0,0
12868,Wed_20260812-20261027,12868,,HOWRAH JN,0,,12868,0,0,0
12869,Sun_20260705-20270830,12869,,HOWRAH JN,0,,12869,0,0,0
12870,Fri_20260703-20270830,12870,,C SHIVAJI MAH T,0,,12870,0,0,0
12871,Mon-Wed-Sat_20260829-20270830,12871,,JUNAGARH ROAD,0,,12871,0,0,0
12872,Tue-Thu-Sun_20260829-20270830,12872,,HOWRAH JN,0,,12872,0,0,0
12873,Mon-Tue-Thu_20260312-20270830,12873,,ANAND VIHAR TERMINAL,0,,12873,0,0,0
12874,Tue-Wed-Fri_20260313-20270830,12874,,HATIA,0,,12874,0,0,0
12875,Tue-Fri-Sun_20260326-20270830,12875,,ANAND VIHAR TERMINAL,0,,12875,0,0,0
12876,Tue-Fri-Sun_20260326-20270830,12876,,PURI,0,,12876,0,0,0
12877,Mon-Tue-Fri_20260316-20270830,12877,,NEW DELHI,0,,12877,0,0,0
12878,Tue-Thu-Sun_20260315-20270830,12878,,RANCHI,0,,12878,0,0,0
12879,Wed-Sat_20260429-20270830,12879,,BHUBANESWAR,0,,12879,0,0,0
12880,Mon-Thu_20260429-20270830,12880,,LOKMANYATILAK,0,,12880,0,0,0
12881,Tue-Thu_20260528-20270830,12881,,PURI,0,,12881,0,0,0
12882,Mon-Wed_20260101-20270830,12882,,SHALIMAR,0,,12882,0,0,0
12883,Mon-Tue-Wed-Thu-Fri-Sat-Sun_20260101-20270830,12883,,PURULIA JN.,0,,12883,0,0,0
12884,Mon-Tue-Wed-Thu-Fri-Sat-Sun_20260101-20261024,12884,,HOWRAH JN,0,,12884,0,0,0
12885,Mon-Tue-Wed-Thu-Fri-Sat_20260407-20270830,12885,,BHOJUDIH JN.,0,,12885,0,0,0
12886,Mon-Tue-Wed-Thu-Fri-Sat_20260101-20270830,12886,,SHALIMAR,0,,12886,0,0,0
12887,Mon_20260601-20270830,12887,,PURI,0,,12887,0,0,0
12888,Sun_20260101-20270830,12888,,SHALIMAR,0,,12888,0,0,0
12889,Fri_20260601-20270830,12889,,SMVT BENGALURU,0,,12889,0,0,0
12890,Mon_20260810-20270830,12890,,TATANAGAR JN,0,,12890,0,0,0
12893,Mon-Tue-Wed-Thu-Fri-Sat-Sun_20260101-20261027,12893,,PURUNAKATAK,0,,12893,0,0,0
12894,Mon-Tue-Wed-Thu-Fri-Sat-Sun_20260504-20261027,12894,,BHUBANESWAR,0,,12894,0,0,0
12895,Fri_20260529-20270830,12895,,PURI,0,,12895,0,0,0
12896,Thu_20260101-20270830,12896,,SHALIMAR,0,,12896,0,0,0
12901,Mon-Tue-Wed-Thu-Fri-Sat-Sun_20260819-20270830,12901,,AHMEDABAD JN,0,,12901,0,0,0
12902,Mon-Tue-Wed-Thu-Fri-Sat-Sun_20260819-20270830,12902,,DADAR,0,,12902,0,0,0
12903,Mon-Tue-Wed-Thu-Fri-Sat-Sun_20260830-20270830,12903,,AMRITSAR,0,,12903,0,0,0
12904,Mon-Tue-Wed-Thu-Fri-Sat-Sun_20260819-20260830,12904,,BANDRA TERMINUS,0,,12904,0,0,0
12905,Wed-Thu_20260819-20270830,12905,,SHALIMAR,0,,12905,0,0,0
12906,Fri-Sat_20260819-20270830,12906,,PORBANDAR,0,,12906,0,0,0
12907,Wed-Sun_20260819-20270830,12907,,HAZRAT NIZAMUDDIN JN,0,,12907,0,0,0
12908,Mon-Thu_20260819-20270830,12908,,BANDRA TERMINUS,0,,12908,0,0,0
12909,Tue-Thu-Sat_20260819-20270830,12909,,HAZRAT NIZAMUDDIN JN,0,,12909,0,0,0
12910,Wed-Fri-Sun_20260819-20270830,12910,,BANDRA TERMINUS,0,,12910,0,0,0
12911,Tue_20260819-20270830,12911,,HARIDWAR JN,0,,12911,0,0,0
12912,Wed_20260819-20270830,12912,,VALSAD,0,,12912,0,0,0
12913,Sun_20260101-20270830,12913,,NAGPUR JN.,0,,12913,0,0,0
12914,Mon_20260101-20270830,12914,,INDORE JN,0,,12914,0,0,0
12915,Mon-Tue-Wed-Thu-Fri-Sat-Sun_20260716-20261013,12915,,DELHI JN.,0,,12915,0,0,0
12916,Mon-Tue-Wed-Thu-Fri-Sat-Sun_20260416-20270830,12916,,SABARMATI BG,0,,12916,0,0,0
12917,Mon_20260317-20270830,12917,,HAZRAT NIZAMUDDIN JN,0,,12917,0,0,0
12918,Tue_20260317-20270830,12918,,AHMEDABAD JN,0,,12918,0,0,0
12919,Mon-Tue-Wed-Thu-Fri-Sat-Sun_20260729-20260830,12919,,SHRI MATA VAISHNO DEVI KATRA,0,,12919,0,0,0
12920,Mon-Tue-Wed-Thu-Fri-Sat-Sun_20260729-20260831,12920,,DR. AMBEDKAR NAGAR,0,,12920,0,0,0
12921,Mon-Tue-Wed-Thu-Fri-Sat-Sun_20260613-20270830,12921,,SURAT,0,,12921,0,0,0
12922,Mon-Tue-Wed-Thu-Fri-Sat-Sun_20260613-20270830,12922,,MUMBAI CENTRAL,0,,12922,0,0,0
12923,Tue_20260101-20270830,12923,,NAGPUR JN.,0,,12923,0,0,0
12924,Wed_20260101-20270830,12924,,DR. AMBEDKAR NAGAR,0,,12924,0,0,0
12925,Mon-Tue-Wed-Thu-Fri-Sat-Sun_20260819-20270830,12925,,AMRITSAR,0,,12925,0,0,0
12926,Mon-Tue-Wed-Thu-Fri-Sat-Sun_20260819-20270830,12926,,BANDRA TERMINUS,0,,12926,0,0,0
12927,Mon-Tue-Wed-Thu-Fri-Sat-Sun_20260819-20270830,12927,,EKTA NAGAR,0,,12927,0,0,0
12928,Mon-Tue-Wed-Thu-Fri-Sat-Sun_20260819-20270830,12928,,DADAR,0,,12928,0,0,0
12929,Mon-Tue-Wed-Thu-Fri-Sat-Sun_20260819-20270830,12929,,VADODARA JN,0,,12929,0,0,0
12930,Mon-Tue-Wed-Thu-Fri-Sat-Sun_20260819-20270830,12930,,VALSAD,0,,12930,0,0,0
12931,Mon-Tue-Wed-Thu-Fri-Sat_20260819-20270830,12931,,AHMEDABAD JN,0,,12931,0,0,0
12932,Mon-Tue-Wed-Thu-Fri-Sat_20260819-20270830,12932,,MUMBAI CENTRAL,0,,12932,0,0,0
12933,Mon-Tue-Wed-Thu-Fri-Sat-Sun_20260819-20270830,12933,,VATVA,0,,12933,0,0,0
12934,Mon-Tue-Wed-Thu-Fri-Sat-Sun_20260819-20270830,12934,,BANDRA TERMINUS,0,,12934,0,0,0
12935,Mon-Tue-Wed-Thu-Fri-Sat-Sun_20260715-20270830,12935,,SURAT,0,,12935,0,0,0
12936,Mon-Tue-Wed-Thu-Fri-Sat-Sun_20260715-20270830,12936,,BANDRA TERMINUS,0,,12936,0,0,0
12937,Sat_20260425-20270830,12937,,HOWRAH JN,0,,12937,0,0,0
12938,Mon_20260427-20270830,12938,,GANDHIDHAM BG,0,,12938,0,0,0
12939,Wed-Sun_20260819-20270830,12939,,JAIPUR JN.,0,,12939,0,0,0
12940,Tue-Sat_20260819-20270830,12940,,PUNE JN,0,,12940,0,0,0
12941,Tue_20260317-20270830,12941,,ASANSOL JN.,0,,12941,0,0,0
12942,Thu_20260319-20270830,12942,,BHAVNAGAR TERMINUS,0,,12942,0,0,0
12943,Wed_20260114-20270830,12943,,KANPUR CENTRAL,0,,12943,0,0,0
12944,Fri_20260101-20270830,12944,,VALSAD,0,,12944,0,0,0
12945,Mon_20260317-20260830,12945,,BANARAS,0,,12945,0,0,0
12946,Wed_20260514-20260901,12946,,VERAVAL,0,,12946,0,0,0
12947,Mon-Wed_20260317-20270830,12947,,RAJGIR,0,,12947,0,0,0
12948,Wed-Fri_20260317-20270830,12948,,AHMEDABAD JN,0,,12948,0,0,0
12949,Fri_20260819-20270830,12949,,SANTRAGACHI JN,0,,12949,0,0,0
12950,Sun_20260819-20270830,12950,,PORBANDAR,0,,12950,0,0,0
12951,Mon-Tue-Wed-Thu-Fri-Sat-Sun_20260819-20270830,12951,,NEW DELHI,0,,12951,0,0,0
12952,Mon-Tue-Wed-Thu-Fri-Sat-Sun_20260819-20270830,12952,,MUMBAI CENTRAL,0,,12952,0,0,0
12953,Mon-Tue-Wed-Thu-Fri-Sat-Sun_20260819-20270830,12953,,HAZRAT NIZAMUDDIN JN,0,,12953,0,0,0
12954,Mon-Tue-Wed-Thu-Fri-Sat-Sun_20260819-20270830,12954,,MUMBAI CENTRAL,0,,12954,0,0,0
12955,Mon-Tue-Wed-Thu-Fri-Sat-Sun_20260819-20270830,12955,,JAIPUR JN.,0,,12955,0,0,0
12956,Mon-Tue-Wed-Thu-Fri-Sat-Sun_20260819-20270830,12956,,MUMBAI CENTRAL,0,,12956,0,0,0
12957,Mon-Tue-Wed-Thu-Fri-Sat-Sun_20260416-20270830,12957,,NEW DELHI,0,,12957,0,0,0
12958,Mon-Tue-Wed-Thu-Fri-Sat-Sun_20260416-20270830,12958,,SABARMATI BG,0,,12958,0,0,0
12959,Sat_20260819-20260918,12959,,BHUJ,0,,12959,0,0,0
12960,Mon_20260819-20260920,12960,,BANDRA TERMINUS,0,,12960,0,0,0
12961,Mon-Tue-Wed-Thu-Fri-Sat-Sun_20260819-20270830,12961,,INDORE JN,0,,12961,0,0,0
12962,Mon-Tue-Wed-Thu-Fri-Sat-Sun_20260819-20270830,12962,,MUMBAI CENTRAL,0,,12962,0,0,0
12963,Mon-Tue-Wed-Thu-Fri-Sat-Sun_20260101-20270830,12963,,UDAIPUR CITY,0,,12963,0,0,0
12964,Mon-Tue-Wed-Thu-Fri-Sat-Sun_20260101-20270830,12964,,HAZRAT NIZAMUDDIN JN,0,,12964,0,0,0
12965,Tue_20260819-20260921,12965,,BHUJ,0,,12965,0,0,0
12966,Fri_20260819-20260924,12966,,BANDRA TERMINUS,0,,12966,0,0,0
12967,Tue-Sun_20260601-20270830,12967,,JAIPUR JN.,0,,12967,0,0,0
12968,Fri-Sun_20260601-20270830,12968,,PURATCHI THALAIVAR DR. MGR CTL,0,,12968,0,0,0
12969,Fri_20260601-20270830,12969,,JAIPUR JN.,0,,12969,0,0,0
12970,Tue_20260818-20270830,12970,,COIMBATORE JN,0,,12970,0,0,0
12971,Mon-Tue-Wed-Thu-Fri-Sat-Sun_20260819-20270830,12971,,BHAVNAGAR TERMINUS,0,,12971,0,0,0
12972,Mon-Tue-Wed-Thu-Fri-Sat-Sun_20260819-20270830,12972,,BANDRA TERMINUS,0,,12972,0,0,0
12973,Mon-Sat_20260101-20270830,12973,,JAIPUR JN.,0,,12973,0,0,0
12974,Fri-Sun_20260101-20270830,12974,,INDORE JN,0,,12974,0,0,0
12975,Thu-Sat_20260804-20270830,12975,,JAIPUR JN.,0,,12975,0,0,0
12976,Mon-Wed_20260729-20270830,12976,,MYSORE JN,0,,12976,0,0,0
12977,Sun_20260819-20270830,12977,,AJMER JN,0,,12977,0,0,0
12978,Fri_20260819-20270830,12978,,ERNAKULAM JN,0,,12978,0,0,0
12979,Tue-Thu-Sat_20260819-20270830,12979,,JAIPUR JN.,0,,12979,0,0,0
12980,Mon-Wed-Fri_20260819-20270830,12980,,BANDRA TERMINUS,0,,12980,0,0,0
12981,Mon-Tue-Wed-Thu-Fri-Sat-Sun_20260808-20270830,12981,,ASARVA JN,0,,12981,0,0,0
12982,Mon-Tue-Wed-Thu-Fri-Sat-Sun_20260808-20270830,12982,,KHATIPURA,0,,12982,0,0,0
12983,Tue-Fri-Sun_20260101-20270830,12983,,CHANDIGARH,0,,12983,0,0,0
12984,Mon-Wed-Sat_20260101-20270830,12984,,AJMER JN,0,,12984,0,0,0
12985,Mon-Tue-Wed-Thu-Fri-Sat-Sun_20260801-20270830,12985,,DELHI SARAI ROHILLA,0,,12985,0,0,0
12986,Mon-Tue-Wed-Thu-Fri-Sat-Sun_20260101-20270830,12986,,JAIPUR JN.,0,,12986,0,0,0
12987,Mon-Tue-Wed-Thu-Fri-Sat-Sun_20260314-20270830,12987,,AJMER JN,0,,12987,0,0,0
12988,Mon-Tue-Wed-Thu-Fri-Sat-Sun_20260314-20270830,12988,,SEALDAH,0,,12988,0,0,0
12989,Mon-Thu-Sat_20260819-20270830,12989,,AJMER JN,0,,12989,0,0,0
12990,Wed-Fri-Sun_20260819-20270830,12990,,DADAR,0,,12990,0,0,0
12991,Mon-Tue-Wed-Thu-Fri-Sat-Sun_20260101-20270830,12991,,JAIPUR JN.,0,,12991,0,0,0
12992,Mon-Tue-Wed-Thu-Fri-Sat-Sun_20260101-20270830,12992,,UDAIPUR CITY,0,,12992,0,0,0
12993,Fri_20260819-20270830,12993,,PURI,0,,12993,0,0,0
12994,Mon_20260819-20270830,12994,,GANDHIDHAM BG,0,,12994,0,0,0
12995,Wed-Fri-Sun_20260819-20270830,12995,,AJMER JN,0,,12995,0,0,0
12996,Tue-Thu-Sat_20260819-20270830,12996,,BANDRA TERMINUS,0,,12996,0,0,0
12997,Wed_20260819-20270830,12997,,BARMER,0,,12997,0,0,0
12998,Thu_20260819-20270830,12998,,BANDRA TERMINUS,0,,12998,0,0,0
13005,Mon-Tue-Wed-Thu-Fri-Sat-Sun_20260630-20270830,13005,,AMRITSAR,0,,13005,0,0,0
13006,Mon-Tue-Wed-Thu-Fri-Sat-Sun_20260630-20270830,13006,,HOWRAH JN,0,,13006,0,0,0
13009,Mon-Tue-Wed-Thu-Fri-Sat-Sun_20260417-20270830,13009,,YOG NAGARI RISHIKESH,0,,13009,0,0,0
13010,Mon-Tue-Wed-Thu-Fri-Sat-Sun_20260417-20270830,13010,,HOWRAH JN,0,,13010,0,0,0
13011,Mon-Tue-Wed-Thu-Fri-Sat-Sun_20260417-20270830,13011,,MALDA TOWN,0,,13011,0,0,0
13012,Mon-Tue-Wed-Thu-Fri-Sat-Sun_20260417-20270830,13012,,HOWRAH JN,0,,13012,0,0,0
13015,Mon-Tue-Wed-Thu-Fri-Sat-Sun_20260417-20270830,13015,,JAMALPUR JN,0,,13015,0,0,0
13016,Mon-Tue-Wed-Thu-Fri-Sat-Sun_20260417-20270830,13016,,HOWRAH JN,0,,13016,0,0,0
13017,Mon-Tue-Wed-Thu-Fri-Sat-Sun_20260417-20270830,13017,,AZIMGANJ JN,0,,13017,0,0,0
13018,Mon-Tue-Wed-Thu-Fri-Sat-Sun_20260417-20270830,13018,,HOWRAH JN,0,,13018,0,0,0
13019,Mon-Tue-Wed-Thu-Fri-Sat-Sun_20260828-20260901,13019,,KATHGODAM,0,,13019,0,0,0
13020,Mon-Tue-Wed-Thu-Fri-Sat-Sun_20260827-20270830,13020,,HOWRAH JN,0,,13020,0,0,0
13021,Mon-Tue-Wed-Thu-Fri-Sat-Sun_20260630-20270830,13021,,RAXAUL JN,0,,13021,0,0,0
13022,Mon-Tue-Wed-Thu-Fri-Sat-Sun_20260630-20270830,13022,,HOWRAH JN,0,,13022,0,0,0
13023,Mon-Tue-Wed-Thu-Fri-Sat-Sun_20260417-20270830,13023,,GAYA JN,0,,13023,0,0,0
13024,Mon-Tue-Wed-Thu-Fri-Sat-Sun_20260417-20270830,13024,,HOWRAH JN,0,,13024,0,0,0
13025,Mon_20260824-20270830,13025,,BHOPAL JN.,0,,13025,0,0,0
13026,Wed_20260826-20270830,13026,,HOWRAH JN,0,,13026,0,0,0
13027,Mon-Tue-Wed-Thu-Fri-Sat-Sun_20260417-20270830,13027,,AZIMGANJ JN,0,,13027,0,0,0
13028,Mon-Tue-Wed-Thu-Fri-Sat-Sun_20260417-20270830,13028,,HOWRAH JN,0,,13028,0,0,0
13029,Mon-Tue-Wed-Thu-Fri-Sat-Sun_20260630-20270830,13029,,MOKAMA,0,,13029,0,0,0
13030,Mon-Tue-Wed-Thu-Fri-Sat-Sun_20260630-20270830,13030,,HOWRAH JN,0,,13030,0,0,0
13031,Mon-Tue-Wed-Thu-Fri-Sat-Sun_20260417-20270830,13031,,JAYNAGAR,0,,13031,0,0,0
13032,Mon-Tue-Wed-Thu-Fri-Sat-Sun_20260417-20270830,13032,,HOWRAH JN,0,,13032,0,0,0
13033,Mon-Tue-Wed-Thu-Fri-Sat-Sun_20260501-20270830,13033,,KATIHAR JN,0,,13033,0,0,0
13034,Mon-Tue-Wed-Thu-Fri-Sat-Sun_20260418-20270830,13034,,HOWRAH JN,0,,13034,0,0,0
13035,Tue-Fri_20260630-20260913,13035,,DEHRADOON,0,,13035,0,0,0
13036,Wed-Sat_20260630-20260913,13036,,HOWRAH JN,0,,13036,0,0,0
13037,Mon-Wed-Thu-Sat-Sun_20260630-20260913,13037,,DEHRADOON,0,,13037,0,0,0
13038,Mon-Tue-Thu-Fri-Sun_20260630-20260913,13038,,HOWRAH JN,0,,13038,0,0,0
13041,Tue-Fri-Sat_20260722-20270830,13041,,JAMMUTAVI,0,,13041,0,0,0
13042,Mon-Thu-Sun_20260823-20270830,13042,,HOWRAH JN,0,,13042,0,0,0
13043,Wed-Fri_20260630-20270830,13043,,RAXAUL JN,0,,13043,0,0,0
13044,Thu-Sat_20260630-20270830,13044,,HOWRAH JN,0,,13044,0,0,0
13045,Mon-Tue-Wed-Thu-Fri-Sat-Sun_20260417-20270830,13045,,DEOGHAR,0,,13045,0,0,0
13046,Mon-Tue-Wed-Thu-Fri-Sat-Sun_20260417-20270830,13046,,HOWRAH JN,0,,13046,0,0,0
13047,Mon-Tue-Wed-Thu-Fri-Sat-Sun_20260630-20270830,13047,,PRAYAGRAJ RAMBAG,0,,13047,0,0,0
13048,Mon-Tue-Wed-Thu-Fri-Sat-Sun_20260630-20270830,13048,,HOWRAH JN,0,,13048,0,0,0
13051,Mon-Tue-Wed-Thu-Fri-Sat-Sun_20260508-20270830,13051,,KALKA,0,,13051,0,0,0
13052,Mon-Tue-Wed-Thu-Fri-Sat-Sun_20260702-20270830,13052,,HOWRAH JN,0,,13052,0,0,0
13053,Mon-Tue-Wed-Thu-Fri-Sat-Sun_20260427-20270830,13053,,RADHIKAPUR,0,,13053,0,0,0
13054,Mon-Tue-Wed-Thu-Fri-Sat-Sun_20260427-20270830,13054,,HOWRAH JN,0,,13054,0,0,0
13063,Mon-Tue-Wed-Thu-Fri_20260427-20270830,13063,,BALURGHAT,0,,13063,0,0,0
13064,Mon-Tue-Wed-Thu-Fri_20260427-20270830,13064,,HOWRAH JN,0,,13064,0,0,0
13065,Thu_20260716-20260910,13065,,ANAND VIHAR TERMINAL,0,,13065,0,0,0
13066,Sat_20260418-20270830,13066,,HOWRAH JN,0,,13066,0,0,0
13071,Mon-Tue-Wed-Thu-Fri-Sat-Sun_20260101-20270830,13071,,JAMALPUR JN,0,,13071,0,0,0
13072,Mon-Tue-Wed-Thu-Fri-Sat-Sun_20260101-20270830,13072,,HOWRAH JN,0,,13072,0,0,0
13103,Mon-Tue-Wed-Thu-Fri-Sat-Sun_20260101-20270830,13103,,LALGOLA,0,,13103,0,0,0
13104,Mon-Tue-Wed-Thu-Fri-Sat-Sun_20260101-20270830,13104,,SEALDAH,0,,13104,0,0,0
13105,Mon-Tue-Wed-Thu-Fri-Sat-Sun_20260630-20270830,13105,,BALLIA,0,,13105,0,0,0
13106,Mon-Tue-Wed-Thu-Fri-Sat-Sun_20260630-20270830,13106,,SEALDAH,0,,13106,0,0,0
13113,Mon-Tue-Wed-Thu-Fri-Sat-Sun_20260209-20270830,13113,,LALGOLA,0,,13113,0,0,0
13114,Mon-Tue-Wed-Thu-Fri-Sat-Sun_20260209-20270830,13114,,KOLKATTA TERMINAL,0,,13114,0,0,0
13115,Fri_20260206-20270830,13115,,JALPAIGURI ROAD,0,,13115,0,0,0
13116,Sat_20260101-20270830,13116,,SEALDAH,0,,13116,0,0,0
13117,Tue-Thu-Fri-Sun_20260101-20270830,13117,,LALGOLA,0,,13117,0,0,0
13118,Mon-Wed-Fri-Sat_20260101-20270830,13118,,KOLKATTA TERMINAL,0,,13118,0,0,0
13121,Sun_20260630-20270830,13121,,GHAZIPUR CITY,0,,13121,0,0,0
13122,Mon_20260630-20270830,13122,,KOLKATTA TERMINAL,0,,13122,0,0,0
13125,Tue-Wed-Sat_20260502-20270830,13125,,SAIRANG,0,,13125,0,0,0
13126,Mon-Thu-Fri_20260507-20270830,13126,,KOLKATTA TERMINAL,0,,13126,0,0,0
13127,Tue-Thu-Sat_20260630-20270830,13127,,ARA,0,,13127,0,0,0
13128,Wed-Fri-Sun_20260630-20270830,13128,,KOLKATTA TERMINAL,0,,13128,0,0,0
13131,Tue-Fri_20260101-20270830,13131,,NEW JALPAIGURI,0,,13131,0,0,0
13132,Wed-Sun_20260101-20270830,13132,,HALDIBARI,0,,13132,0,0,0
13135,Sat_20260630-20270830,13135,,JAYNAGAR,0,,13135,0,0,0
13136,Sun_20260630-20270830,13136,,KOLKATTA TERMINAL,0,,13136,0,0,0
13137,Mon_20260630-20270830,13137,,AZAMGARH,0,,13137,0,0,0
13138,Tue_20260630-20270830,13138,,KOLKATTA TERMINAL,0,,13138,0,0,0
13141,Mon-Tue-Wed-Thu-Fri-Sat-Sun_20260510-20270830,13141,,NEW ALIPURDUAR,0,,13141,0,0,0
13142,Mon-Tue-Wed-Thu-Fri-Sat-Sun_20260510-20270830,13142,,SEALDAH,0,,13142,0,0,0
13145,Mon-Tue-Wed-Thu-Fri-Sat-Sun_20260430-20270830,13145,,RADHIKAPUR,0,,13145,0,0,0
13146,Mon-Tue-Wed-Thu-Fri-Sat-Sun_20260502-20270830,13146,,KOLKATTA TERMINAL,0,,13146,0,0,0
13147,Mon-Tue-Wed-Thu-Fri-Sat-Sun_20260101-20270830,13147,,BAMANHAT,0,,13147,0,0,0
13148,Mon-Tue-Wed-Thu-Fri-Sat-Sun_20260126-20270830,13148,,SEALDAH,0,,13148,0,0,0
13149,Mon-Tue-Wed-Thu-Fri-Sat-Sun_20260101-20270830,13149,,ALIPUR DUAR JN,0,,13149,0,0,0
13150,Mon-Tue-Wed-Thu-Fri-Sat-Sun_20260101-20270830,13150,,SEALDAH,0,,13150,0,0,0
13151,Mon-Tue-Wed-Thu-Fri-Sat-Sun_20260804-20261017,13151,,JAMMUTAVI,0,,13151,0,0,0
13152,Mon-Tue-Wed-Thu-Fri-Sat-Sun_20260804-20270830,13152,,KOLKATTA TERMINAL,0,,13152,0,0,0
13153,Mon-Tue-Wed-Thu-Fri-Sat-Sun_20260417-20270830,13153,,MALDA TOWN,0,,13153,0,0,0
13154,Mon-Tue-Wed-Thu-Fri-Sat-Sun_20260417-20270830,13154,,SEALDAH,0,,13154,0,0,0
13155,Thu-Sun_20260630-20270830,13155,,SITAMARHI JUNCTION,0,,13155,0,0,0
13156,Mon-Fri_20260630-20270830,13156,,KOLKATTA TERMINAL,0,,13156,0,0,0
13157,Tue_20260630-20270830,13157,,MUZAFFARPUR JN,0,,13157,0,0,0
13158,Wed_20260630-20270830,13158,,KOLKATTA TERMINAL,0,,13158,0,0,0
13159,Mon-Wed-Fri_20260417-20270830,13159,,JOGBANI,0,,13159,0,0,0
13160,Tue-Thu-Sat_20260418-20270830,13160,,KOLKATTA TERMINAL,0,,13160,0,0,0
13161,Mon-Tue-Wed-Thu-Fri-Sun_20260427-20270830,13161,,BALURGHAT,0,,13161,0,0,0
13162,Mon-Tue-Wed-Thu-Fri-Sat_20260427-20270830,13162,,KOLKATTA TERMINAL,0,,13162,0,0,0
13163,Mon-Wed-Fri-Sat-Sun_20260418-20270830,13163,,SAHARSA JN,0,,13163,0,0,0
13164,Mon-Tue-Thu-Sat-Sun_20260418-20270830,13164,,SEALDAH,0,,13164,0,0,0
13165,Sat_20260630-20270830,13165,,SITAMARHI JUNCTION,0,,13165,0,0,0
13166,Sun_20260630-20270830,13166,,KOLKATTA TERMINAL,0,,13166,0,0,0
13167,Thu_20260319-20270830,13167,,AGRA CANTT JN.,0,,13167,0,0,0
13168,Sat_20260321-20270830,13168,,KOLKATTA TERMINAL,0,,13168,0,0,0
13169,Tue-Thu_20260418-20270830,13169,,SAHARSA JN,0,,13169,0,0,0
13170,Wed-Fri_20260418-20270830,13170,,SEALDAH,0,,13170,0,0,0
13173,Tue-Thu-Fri-Sun_20260501-20270830,13173,,SABROOM,0,,13173,0,0,0
13174,Tue-Thu-Sat-Sun_20260307-20270830,13174,,SEALDAH,0,,13174,0,0,0
13175,Mon-Wed-Sat_20260504-20270830,13175,,SILCHAR,0,,13175,0,0,0
13176,Mon-Wed-Fri_20260306-20270830,13176,,SEALDAH,0,,13176,0,0,0
13177,Mon-Tue-Wed-Thu-Fri-Sat_20260418-20270830,13177,,JANGIPUR ROAD,0,,13177,0,0,0
13178,Mon-Tue-Wed-Thu-Fri-Sat_20260418-20270830,13178,,SEALDAH,0,,13178,0,0,0
13179,Mon-Tue-Wed-Thu-Fri-Sat-Sun_20260417-20270830,13179,,SIURI,0,,13179,0,0,0
13180,Mon-Tue-Wed-Thu-Fri-Sat-Sun_20260417-20270830,13180,,SEALDAH,0,,13180,0,0,0
13181,Mon_20260504-20270830,13181,,SILGHAT TOWN,0,,13181,0,0,0
13182,Tue_20260505-20270830,13182,,KOLKATTA TERMINAL,0,,13182,0,0,0
13185,Mon-Tue-Wed-Thu-Fri-Sat-Sun_20260630-20270830,13185,,JAYNAGAR,0,,13185,0,0,0
13186,Mon-Tue-Wed-Thu-Fri-Sat-Sun_20260630-20270830,13186,,SEALDAH,0,,13186,0,0,0
13187,Mon-Tue-Wed-Thu-Fri-Sat-Sun_20260417-20270830,13187,,RAMPUR HAT,0,,13187,0,0,0
13188,Mon-Tue-Wed-Thu-Fri-Sat-Sun_20260707-20270830,13188,,SEALDAH,0,,13188,0,0,0
13189,Mon-Tue-Wed-Thu-Fri-Sat-Sun_20260418-20270830,13189,,BALURGHAT,0,,13189,0,0,0
13190,Mon-Tue-Wed-Thu-Fri-Sat-Sun_20260418-20270830,13190,,SEALDAH,0,,13190,0,0,0
13201,Mon-Tue-Wed-Thu-Fri-Sat-Sun_20260101-20270830,13201,,LOKMANYATILAK,0,,13201,0,0,0
13202,Mon-Tue-Wed-Thu-Fri-Sat-Sun_20260205-20270830,13202,,RAJGIR,0,,13202,0,0,0
13205,Tue-Wed-Thu-Sat-Sun_20260401-20270830,13205,,PATLIPUTRA,0,,13205,0,0,0
13206,Tue-Wed-Thu-Sat-Sun_20260205-20270830,13206,,PURNIA COURT,0,,13206,0,0,0
13207,Mon-Tue-Wed-Thu-Fri-Sat-Sun_20260101-20270830,13207,,PATNA JN,0,,13207,0,0,0
13208,Mon-Tue-Wed-Thu-Fri-Sat-Sun_20260101-20270830,13208,,JASIDIH JN.,0,,13208,0,0,0
13209,Mon-Tue-Wed-Thu-Fri-Sat-Sun_20260101-20270830,13209,,PT.DEEN DAYAL UPADHYAYA JN.,0,,13209,0,0,0
13210,Mon-Tue-Wed-Thu-Fri-Sat-Sun_20260101-20270830,13210,,PATNA JN,0,,13210,0,0,0
13211,Mon-Tue-Wed-Thu-Fri-Sat-Sun_20260426-20270830,13211,,DANAPUR,0,,13211,0,0,0
13212,Mon-Tue-Wed-Thu-Fri-Sat-Sun_20260426-20270830,13212,,JOGBANI,0,,13212,0,0,0
13213,Mon-Tue-Wed-Thu-Fri-Sat-Sun_20260205-20270830,13213,,SAHARSA JN,0,,13213,0,0,0
13214,Mon-Tue-Wed-Thu-Fri-Sat-Sun_20260401-20270830,13214,,JOGBANI,0,,13214,0,0,0
13225,Mon-Tue-Wed-Thu-Fri-Sat-Sun_20260101-20270830,13225,,ARA,0,,13225,0,0,0
13226,Mon-Tue-Wed-Thu-Fri-Sat-Sun_20260515-20270830,13226,,JAYNAGAR,0,,13226,0,0,0
13227,Mon-Tue-Wed-Thu-Fri-Sat-Sun_20260101-20270830,13227,,RAJENDRA NAGAR,0,,13227,0,0,0
13228,Mon-Tue-Wed-Thu-Fri-Sat-Sun_20260515-20270830,13228,,SAHARSA JN,0,,13228,0,0,0
13229,Sat_20260815-20270830,13229,,RAJENDRA NAGAR TERMINAL,0,,13229,0,0,0
13230,Fri_20260103-20270830,13230,,GODDA,0,,13230,0,0,0
13233,Mon-Tue-Wed-Thu-Fri-Sat-Sun_20260205-20270830,13233,,DANAPUR,0,,13233,0,0,0
13234,Mon-Tue-Wed-Thu-Fri-Sat-Sun_20260822-20270830,13234,,KODERMA,0,,13234,0,0,0
13235,Mon-Tue-Wed-Thu-Fri-Sat_20260829-20270830,13235,,DANAPUR,0,,13235,0,0,0
13236,Mon-Tue-Wed-Thu-Fri-Sat_20260829-20270830,13236,,SAHIBGANJ JN,0,,13236,0,0,0
13237,Tue-Sat-Sun_20260331-20270830,13237,,KOTA JN,0,,13237,0,0,0
13238,Thu-Fri-Sun_20260402-20270830,13238,,PATNA JN,0,,13238,0,0,0
13239,Mon-Wed-Thu-Fri_20260626-20270830,13239,,KOTA JN,0,,13239,0,0,0
13240,Mon-Tue-Wed-Sat_20260627-20270830,13240,,PATNA JN,0,,13240,0,0,0
13241,Mon-Tue-Wed-Thu-Fri-Sun_20260814-20270830,13241,,RAJENDRA NAGAR TERMINAL,0,,13241,0,0,0
13242,Mon-Tue-Wed-Thu-Sat-Sun_20260103-20270830,13242,,BANKA,0,,13242,0,0,0
13243,Mon-Tue-Wed-Thu-Fri-Sat-Sun_20260314-20270830,13243,,BHABUA ROAD,0,,13243,0,0,0
13244,Mon-Tue-Wed-Thu-Fri-Sat-Sun_20260314-20270830,13244,,PATNA JN,0,,13244,0,0,0
13245,Mon-Sat-Sun_20260101-20270830,13245,,ARA,0,,13245,0,0,0
13246,Thu-Fri-Sat_20260101-20270830,13246,,NEW JALPAIGURI,0,,13246,0,0,0
13247,Tue-Wed-Thu-Fri_20260101-20270830,13247,,ARA,0,,13247,0,0,0
13248,Mon-Tue-Wed-Sun_20260101-20270830,13248,,KAMAKHYA,0,,13248,0,0,0
13249,Mon-Tue-Wed-Thu-Fri-Sat-Sun_20260101-20270830,13249,,BHABUA ROAD,0,,13249,0,0,0
13250,Mon-Tue-Wed-Thu-Fri-Sat-Sun_20260101-20270830,13250,,PATNA JN,0,,13250,0,0,0
13251,Thu-Sun_20260101-20270830,13251,,ANAND VIHAR TERMINAL,0,,13251,0,0,0
13252,Mon-Fri_20260101-20270830,13252,,PATNA JN,0,,13252,0,0,0
13257,Mon-Tue-Wed-Thu-Fri-Sat-Sun_20260808-20260913,13257,,ANAND VIHAR TERMINAL,0,,13257,0,0,0
13258,Mon-Tue-Wed-Thu-Fri-Sat-Sun_20260809-20260913,13258,,DANAPUR,0,,13258,0,0,0
13281,Mon_20260504-20270830,13281,,RAJENDRA NAGAR,0,,13281,0,0,0
13282,Sat_20260101-20270830,13282,,DIBRUGARH,0,,13282,0,0,0
13287,Mon-Tue-Wed-Thu-Fri-Sat-Sun_20260829-20270830,13287,,ARA,0,,13287,0,0,0
13288,Mon-Tue-Wed-Thu-Fri-Sat-Sun_20260829-20270830,13288,,DURG,0,,13288,0,0,0
13301,Mon-Tue-Wed-Thu-Fri-Sat-Sun_20260205-20270830,13301,,ADITYAPUR,0,,13301,0,0,0
13302,Mon-Tue-Wed-Thu-Fri-Sat-Sun_20260205-20270830,13302,,DHANBAD JN,0,,13302,0,0,0
13303,Mon-Tue-Wed-Thu-Fri-Sat-Sun_20260605-20270830,13303,,RANCHI,0,,13303,0,0,0
13304,Mon-Tue-Wed-Thu-Fri-Sat-Sun_20260605-20270830,13304,,DHANBAD JN,0,,13304,0,0,0
13305,Mon-Tue-Wed-Thu-Fri-Sat-Sun_20260314-20270830,13305,,SASARAM,0,,13305,0,0,0
13306,Mon-Tue-Wed-Thu-Fri-Sat-Sun_20260314-20270830,13306,,DHANBAD JN,0,,13306,0,0,0
13307,Mon-Tue-Wed-Thu-Fri-Sat-Sun_20260804-20261016,13307,,FIROZPUR CANT,0,,13307,0,0,0
13308,Mon-Tue-Wed-Thu-Fri-Sat-Sun_20260804-20270830,13308,,DHANBAD JN,0,,13308,0,0,0
13309,Mon-Tue-Wed-Thu-Fri-Sat-Sun_20260305-20270830,13309,,PRAYAGRAJ JN,0,,13309,0,0,0
13310,Mon-Tue-Wed-Thu-Fri-Sat-Sun_20260305-20270830,13310,,CHOPAN,0,,13310,0,0,0
13319,Mon-Tue-Wed-Thu-Fri-Sat-Sun_20260703-20270830,13319,,RANCHI,0,,13319,0,0,0
13320,Mon-Tue-Wed-Thu-Fri-Sat-Sun_20260703-20270830,13320,,DUMKA,0,,13320,0,0,0
13329,Mon-Tue-Wed-Thu-Fri-Sat-Sun_20260517-20270830,13329,,PATNA JN,0,,13329,0,0,0
13330,Mon-Tue-Wed-Thu-Fri-Sat-Sun_20260517-20270830,13330,,DHANBAD JN,0,,13330,0,0,0
13331,Mon-Tue-Wed-Thu-Fri-Sat-Sun_20260829-20270830,13331,,PATNA JN,0,,13331,0,0,0
13332,Mon-Tue-Wed-Thu-Fri-Sat-Sun_20260829-20270830,13332,,DHANBAD JN,0,,13332,0,0,0
13333,Mon-Tue-Wed-Thu-Fri-Sat-Sun_20260101-20270830,13333,,PATNA JN,0,,13333,0,0,0
13334,Mon-Tue-Wed-Thu-Fri-Sat-Sun_20260101-20270830,13334,,DUMKA,0,,13334,0,0,0
13343,Thu-Fri-Sat_20260101-20270830,13343,,SHAKTINAGAR,0,,13343,0,0,0
13344,Fri-Sat-Sun_20260101-20270830,13344,,VARANASI,0,,13344,0,0,0
13345,Mon-Tue-Wed-Sun_20260101-20270830,13345,,SINGRAULI,0,,13345,0,0,0
13346,Mon-Tue-Wed-Thu_20260101-20270830,13346,,VARANASI,0,,13346,0,0,0
13347,Mon-Tue-Wed-Thu-Fri-Sat-Sun_20260628-20270830,13347,,PATNA JN,0,,13347,0,0,0
13348,Mon-Tue-Wed-Thu-Fri-Sat-Sun_20260313-20270830,13348,,BARKA KANA,0,,13348,0,0,0
13349,Mon-Tue-Wed-Thu-Fri-Sat-Sun_20260314-20270830,13349,,PATNA JN,0,,13349,0,0,0
13350,Mon-Tue-Wed-Thu-Fri-Sat-Sun_20260314-20270830,13350,,SINGRAULI,0,,13350,0,0,0
13351,Mon-Tue-Wed-Thu-Fri-Sat-Sun_20260601-20270830,13351,,ALAPPUZHA,0,,13351,0,0,0
13352,Mon-Tue-Wed-Thu-Fri-Sat-Sun_20260807-20270830,13352,,DHANBAD JN,0,,13352,0,0,0
13353,Mon-Tue-Wed-Thu-Fri-Sat-Sun_20260719-20270830,13353,,PATNA JN,0,,13353,0,0,0
13354,Mon-Tue-Wed-Thu-Fri-Sat-Sun_20260719-20270830,13354,,RAJGIR,0,,13354,0,0,0
13379,Mon_20260511-20270830,13379,,LOKMANYATILAK,0,,13379,0,0,0
13380,Wed_20260513-20270830,13380,,DHANBAD JN,0,,13380,0,0,0
13401,Mon-Tue-Wed-Thu-Fri-Sat-Sun_20260829-20270830,13401,,DANAPUR,0,,13401,0,0,0
13402,Mon-Tue-Wed-Thu-Fri-Sat-Sun_20260829-20270830,13402,,BHAGALPUR,0,,13402,0,0,0
13403,Mon-Tue-Wed-Thu-Fri-Sat-Sun_20260605-20270830,13403,,BHAGALPUR,0,,13403,0,0,0
13404,Mon-Tue-Wed-Thu-Fri-Sat-Sun_20260605-20270830,13404,,RANCHI,0,,13404,0,0,0
13409,Mon-Tue-Wed-Thu-Fri-Sat-Sun_20260101-20270830,13409,,KIUL JN,0,,13409,0,0,0
13410,Mon-Tue-Wed-Thu-Fri-Sat-Sun_20260101-20270830,13410,,MALDA TOWN,0,,13410,0,0,0
13415,Wed-Fri-Sun_20260101-20270830,13415,,PATNA JN,0,,13415,0,0,0
13416,Mon-Thu-Sat_20260101-20270830,13416,,MALDA TOWN,0,,13416,0,0,0
13417,Thu_20260212-20270830,13417,,MALDA TOWN,0,,13417,0,0,0
13418,Thu_20260212-20270830,13418,,DIGHA,0,,13418,0,0,0
13419,Mon-Tue-Wed-Thu-Fri-Sat-Sun_20260829-20270830,13419,,MUZAFFARPUR JN,0,,13419,0,0,0
13420,Mon-Tue-Wed-Thu-Fri-Sat-Sun_20260828-20270830,13420,,BHAGALPUR,0,,13420,0,0,0
13421,Mon-Thu_20260418-20270830,13421,,MALDA TOWN,0,,13421,0,0,0
13422,Mon-Thu_20260418-20270830,13422,,NABADWIP DHAM,0,,13422,0,0,0
13423,Thu_20260219-20270830,13423,,AJMER JN,0,,13423,0,0,0
13424,Sat_20260221-20270830,13424,,BHAGALPUR,0,,13424,0,0,0
13425,Sat_20260429-20270830,13425,,SURAT,0,,13425,0,0,0
13426,Mon_20260429-20270830,13426,,MALDA TOWN,0,,13426,0,0,0
13427,Mon-Tue-Wed-Thu-Fri-Sat-Sun_20260417-20270830,13427,,SAHIBGANJ JN,0,,13427,0,0,0
13428,Mon-Tue-Wed-Thu-Fri-Sat-Sun_20260417-20270830,13428,,HOWRAH JN,0,,13428,0,0,0
13429,Fri_20260101-20270830,13429,,ANAND VIHAR TERMINAL,0,,13429,0,0,0
13430,Sat_20260725-20270830,13430,,MALDA TOWN,0,,13430,0,0,0
13431,Tue-Wed-Fri-Sat-Sun_20260425-20270830,13431,,BALURGHAT,0,,13431,0,0,0
13432,Tue-Wed-Fri-Sat-Sun_20260418-20270830,13432,,NABADWIP DHAM,0,,13432,0,0,0
13433,Tue_20260811-20270830,13433,,MALDA TOWN,0,,13433,0,0,0
13434,Sun_20260607-20270830,13434,,SMVT BENGALURU,0,,13434,0,0,0
13435,Thu_20260319-20270830,13435,,GOMTI NAGAR,0,,13435,0,0,0
13436,Fri_20260320-20270830,13436,,MALDA TOWN,0,,13436,0,0,0
13465,Mon-Tue-Wed-Thu-Fri-Sat-Sun_20260418-20270830,13465,,MALDA TOWN,0,,13465,0,0,0
13466,Mon-Tue-Wed-Thu-Fri-Sat-Sun_20260418-20270830,13466,,HOWRAH JN,0,,13466,0,0,0
13503,Mon-Tue-Wed-Thu-Fri-Sat-Sun_20260101-20270830,13503,,HATIA,0,,13503,0,0,0
13504,Mon-Tue-Wed-Thu-Fri-Sat-Sun_20260101-20270830,13504,,BARDHAMAN,0,,13504,0,0,0
13505,Sun_20260215-20270830,13505,,ASANSOL JN.,0,,13505,0,0,0
13506,Sun_20260215-20270830,13506,,DIGHA,0,,13506,0,0,0
13507,Fri_20260630-20270830,13507,,GORAKHPUR JN,0,,13507,0,0,0
13508,Sat_20260630-20270830,13508,,ASANSOL JN.,0,,13508,0,0,0
13509,Tue_20260630-20270830,13509,,GONDA JN,0,,13509,0,0,0
13510,Wed_20260630-20270830,13510,,ASANSOL JN.,0,,13510,0,0,0
13511,Tue-Fri-Sun_20260206-20270830,13511,,ASANSOL JN.,0,,13511,0,0,0
13512,Tue-Fri-Sun_20260206-20270830,13512,,ADITYAPUR,0,,13512,0,0,0
13513,Mon-Wed-Thu-Sat-Sun_20260101-20270830,13513,,HATIA,0,,13513,0,0,0
13514,Mon-Wed-Thu-Sat-Sun_20260101-20270830,13514,,ASANSOL JN.,0,,13514,0,0,0
13545,Mon-Tue-Wed-Thu-Fri-Sat-Sun_20260101-20270830,13545,,GAYA JN,0,,13545,0,0,0
13546,Mon-Tue-Wed-Thu-Fri-Sat-Sun_20260101-20270830,13546,,ASANSOL JN.,0,,13546,0,0,0
13553,Mon-Tue-Wed-Thu-Fri-Sat-Sun_20260314-20270830,13553,,VARANASI,0,,13553,0,0,0
13554,Mon-Tue-Wed-Thu-Fri-Sat-Sun_20260314-20270830,13554,,ASANSOL JN.,0,,13554,0,0,0
13697,Thu-Sun_20260315-20270830,13697,,DELHI JN.,0,,13697,0,0,0
13698,Mon-Fri_20260316-20270830,13698,,GAYA JN,0,,13698,0,0,0
14003,Tue-Sat_20260101-20270830,14003,,NEW DELHI,0,,14003,0,0,0
14004,Thu-Sun_20260122-20270830,14004,,MALDA TOWN,0,,14004,0,0,0
14005,Mon-Tue-Wed-Thu-Fri-Sat-Sun_20260101-20270830,14005,,ANAND VIHAR TERMINAL,0,,14005,0,0,0
14006,Mon-Tue-Wed-Thu-Fri-Sat-Sun_20260101-20270830,14006,,SITAMARHI,0,,14006,0,0,0
14007,Wed-Fri_20260325-20270830,14007,,ANAND VIHAR TERMINAL,0,,14007,0,0,0
14008,Tue-Thu_20260326-20270830,14008,,RAXAUL JN,0,,14008,0,0,0
14009,Tue-Thu-Sun_20260101-20270830,14009,,ANAND VIHAR TERMINAL,0,,14009,0,0,0
14010,Mon-Wed-Sat_20260101-20270830,14010,,BAPUDM MOTIHARI,0,,14010,0,0,0
14011,Tue_20260101-20270830,14011,,ANAND VIHAR TERMINAL,0,,14011,0,0,0
14012,Sun_20260101-20270830,14012,,RADHIKAPUR,0,,14012,0,0,0
14013,Tue-Sun_20260101-20270830,14013,,ANAND VIHAR TERMINAL,0,,14013,0,0,0
14014,Mon-Sat_20260101-20270830,14014,,SULTANPUR,0,,14014,0,0,0
14015,Tue-Sun_20260322-20270830,14015,,ANAND VIHAR TERMINAL,0,,14015,0,0,0
14016,Fri-Sun_20260327-20270830,14016,,RAXAUL JN,0,,14016,0,0,0
14017,Thu_20260323-20270830,14017,,ANAND VIHAR TERMINAL,0,,14017,0,0,0
14018,Wed_20260325-20270830,14018,,RAXAUL JN,0,,14018,0,0,0
14021,Fri_20260626-20270830,14021,,ANAND VIHAR TERMINAL,0,,14021,0,0,0
14022,Thu_20260813-20270830,14022,,PURULIA JN.,0,,14022,0,0,0
14023,Mon-Tue-Wed-Thu-Fri-Sun_20260101-20270830,14023,,KURUKSHETRA JN,0,,14023,0,0,0
14024,Mon-Tue-Wed-Thu-Fri-Sat_20260101-20270830,14024,,DELHI JN.,0,,14024,0,0,0
14027,Mon-Tue-Wed-Thu-Fri-Sat-Sun_20260101-20270830,14027,,FIROZPUR CANT,0,,14027,0,0,0
14028,Mon-Tue-Wed-Thu-Fri-Sat-Sun_20260101-20270830,14028,,JIND JN,0,,14028,0,0,0
14029,Mon-Tue-Wed-Thu-Fri-Sat-Sun_20260312-20270830,14029,,DELHI JN.,0,,14029,0,0,0
14030,Mon-Tue-Wed-Thu-Fri-Sat-Sun_20260312-20270830,14030,,SHRI GANGANAGAR,0,,14030,0,0,0
14035,Mon-Wed-Fri_20260101-20270830,14035,,PATHANKOT,0,,14035,0,0,0
14036,Tue-Thu-Sat_20260101-20270830,14036,,DELHI SARAI ROHILLA,0,,14036,0,0,0
14037,Mon_20260504-20270830,14037,,NEW DELHI,0,,14037,0,0,0
14038,Thu_20260101-20270830,14038,,SILCHAR,0,,14038,0,0,0
14047,Sun_20260125-20270830,14047,,DELHI JN.,0,,14047,0,0,0
14048,Sat_20260131-20270830,14048,,SITAMARHI,0,,14048,0,0,0
14049,Wed_20260630-20270830,14049,,DELHI JN.,0,,14049,0,0,0
14050,Mon_20260630-20270830,14050,,GODDA,0,,14050,0,0,0
14055,Thu_20260625-20270830,14055,,ANAND VIHAR TERMINAL,0,,14055,0,0,0
14056,Wed_20260624-20270830,14056,,MAU JN,0,,14056,0,0,0
14087,Mon-Tue-Wed-Thu-Fri-Sat-Sun_20260124-20270830,14087,,JAISALMER,0,,14087,0,0,0
14088,Mon-Tue-Wed-Thu-Fri-Sat-Sun_20260716-20261013,14088,,DELHI JN.,0,,14088,0,0,0
14089,Mon-Tue-Wed-Thu-Fri-Sat-Sun_20260101-20270830,14089,,KOTDWARA,0,,14089,0,0,0
14090,Mon-Tue-Wed-Thu-Fri-Sat-Sun_20260101-20270830,14090,,ANAND VIHAR TERMINAL,0,,14090,0,0,0
14101,Mon-Tue-Wed-Thu-Fri-Sat-Sun_20260101-20270830,14101,,KANPUR CENTRAL,0,,14101,0,0,0
14102,Mon-Tue-Wed-Thu-Fri-Sat-Sun_20260101-20270830,14102,,PRAYAGRAJ SANGAM,0,,14102,0,0,0
14109,Mon-Tue-Wed-Thu-Fri-Sat-Sun_20260101-20270830,14109,,KANPUR CENTRAL,0,,14109,0,0,0
14110,Mon-Tue-Wed-Thu-Fri-Sat-Sun_20260101-20270830,14110,,CHITRAKOT,0,,14110,0,0,0
14111,Mon-Wed_20260101-20270830,14111,,PRAYAGRAJ JN,0,,14111,0,0,0
14112,Mon-Wed_20260101-20270830,14112,,MUZAFFARPUR JN,0,,14112,0,0,0
14113,Mon-Tue-Wed-Thu-Fri-Sat-Sun_20260814-20270830,14113,,DEHRADOON,0,,14113,0,0,0
14114,Mon-Tue-Wed-Thu-Fri-Sat-Sun_20260814-20270830,14114,,SUBEDARGANJ,0,,14114,0,0,0
14115,Mon-Tue-Wed-Thu-Fri-Sat-Sun_20260101-20270227,14115,,PRAYAGRAJ JN,0,,14115,0,0,0
14116,Mon-Tue-Wed-Thu-Fri-Sat-Sun_20260101-20270228,14116,,DR. AMBEDKAR NAGAR,0,,14116,0,0,0
14117,Mon-Tue-Wed-Thu-Fri-Sat-Sun_20260101-20270830,14117,,BHIWANI JN.,0,,14117,0,0,0
14118,Mon-Tue-Wed-Thu-Fri-Sat-Sun_20260217-20270830,14118,,PRAYAGRAJ JN,0,,14118,0,0,0
14119,Mon-Tue-Wed-Thu-Fri-Sat-Sun_20260104-20270830,14119,,DEHRADOON,0,,14119,0,0,0
14120,Mon-Tue-Wed-Thu-Fri-Sat-Sun_20260101-20270830,14120,,KATHGODAM,0,,14120,0,0,0
14121,Thu_20260827-20270830,14121,,LOKMANYATILAK,0,,14121,0,0,0
14122,Fri_20260828-20270830,14122,,SUBEDARGANJ,0,,14122,0,0,0
14123,Mon-Tue-Wed-Thu-Fri-Sat-Sun_20260710-20270830,14123,,KANPUR CENTRAL,0,,14123,0,0,0
14124,Mon-Tue-Wed-Thu-Fri-Sat-Sun_20260710-20270830,14124,,MAA BELHA DEVI DHAM PRATAPGARH,0,,14124,0,0,0
14151,Sun_20260101-20270830,14151,,ANAND VIHAR TERMINAL,0,,14151,0,0,0
14152,Sun_20260101-20270830,14152,,KANPUR CENTRAL,0,,14152,0,0,0
14163,Mon-Tue-Wed-Thu-Fri-Sat-Sun_20260425-20270830,14163,,MEERUT CITY,0,,14163,0,0,0
14164,Mon-Tue-Wed-Thu-Fri-Sat-Sun_20260425-20270830,14164,,SUBEDARGANJ,0,,14164,0,0,0
14201,Mon-Tue-Wed-Thu-Fri-Sat-Sun_20260101-20270830,14201,,RAE BARELI JN,0,,14201,0,0,0
14202,Mon-Tue-Wed-Thu-Fri-Sat-Sun_20260101-20270830,14202,,JAUNPUR JN,0,,14202,0,0,0
14205,Mon-Tue-Wed-Thu-Fri-Sat-Sun_20260210-20270830,14205,,DELHI JN.,0,,14205,0,0,0
14206,Mon-Tue-Wed-Thu-Fri-Sat-Sun_20260425-20270830,14206,,AYODHYA CANTT,0,,14206,0,0,0
14207,Mon-Tue-Wed-Thu-Fri-Sat-Sun_20260101-20270830,14207,,DELHI JN.,0,,14207,0,0,0
14208,Mon-Tue-Wed-Thu-Fri-Sat-Sun_20260101-20270830,14208,,MAA BELHA DEVI DHAM PRATAPGARH,0,,14208,0,0,0
14209,Mon-Tue-Wed-Thu-Fri-Sat-Sun_20260101-20270830,14209,,LUCKNOW JN.,0,,14209,0,0,0
14210,Mon-Tue-Wed-Thu-Fri-Sat-Sun_20260101-20270830,14210,,PRAYAGRAJ SANGAM,0,,14210,0,0,0
14211,Mon-Tue-Wed-Thu-Fri-Sat-Sun_20260802-20261031,14211,,NEW DELHI,0,,14211,0,0,0
14212,Mon-Tue-Wed-Thu-Fri-Sat-Sun_20260801-20270830,14212,,AGRA CANTT JN,0,,14212,0,0,0
14213,Mon-Tue-Wed-Thu-Fri-Sat-Sun_20260101-20260831,14213,,BAHRAICH,0,,14213,0,0,0
14214,Mon-Tue-Wed-Thu-Fri-Sat-Sun_20260101-20260901,14214,,VARANASI,0,,14214,0,0,0
14215,Mon-Tue-Wed-Thu-Fri-Sat-Sun_20260101-20270830,14215,,LUCKNOW JN.,0,,14215,0,0,0
14216,Mon-Tue-Wed-Thu-Fri-Sat-Sun_20260101-20270830,14216,,PRAYAGRAJ SANGAM,0,,14216,0,0,0
14217,Mon-Tue-Wed-Thu-Fri-Sat-Sun_20260101-20270830,14217,,CHANDIGARH,0,,14217,0,0,0
14218,Mon-Tue-Wed-Thu-Fri-Sat-Sun_20260101-20270830,14218,,PRAYAGRAJ SANGAM,0,,14218,0,0,0
14225,Mon-Tue-Wed-Thu-Fri-Sat-Sun_20260528-20270830,14225,,LUCKNOW JN.,0,,14225,0,0,0
14226,Mon-Tue-Wed-Thu-Fri-Sat-Sun_20260528-20270830,14226,,VARANASI,0,,14226,0,0,0
14229,Tue-Thu-Sun_20260628-20260913,14229,,YOG NAGARI RISHIKESH,0,,14229,0,0,0
14230,Mon-Wed-Fri_20260626-20260911,14230,,PRAYAGRAJ SANGAM,0,,14230,0,0,0
14231,Mon-Tue-Wed-Fri-Sat_20260101-20270830,14231,,BASTI,0,,14231,0,0,0
14232,Mon-Tue-Wed-Fri-Sat_20260101-20270830,14232,,PRAYAGRAJ SANGAM,0,,14232,0,0,0
14233,Mon-Tue-Wed-Thu-Fri-Sat-Sun_20260101-20270830,14233,,MANKAPUR JN,0,,14233,0,0,0
14234,Mon-Tue-Wed-Thu-Fri-Sat-Sun_20260101-20270830,14234,,PRAYAGRAJ SANGAM,0,,14234,0,0,0
14235,Mon-Tue-Wed-Thu-Fri-Sat-Sun_20260101-20270830,14235,,BAREILLY(NR),0,,14235,0,0,0
14236,Mon-Tue-Wed-Thu-Fri-Sat-Sun_20260101-20270830,14236,,VARANASI,0,,14236,0,0,0
14241,Mon-Tue-Wed-Thu-Fri-Sat-Sun_20260626-20260913,14241,,SAHARANPUR JN.,0,,14241,0,0,0
14242,Mon-Tue-Wed-Thu-Fri-Sat-Sun_20260626-20260913,14242,,PRAYAGRAJ SANGAM,0,,14242,0,0,0
14259,Sun_20260315-20270830,14259,,LUCKNOW JN.,0,,14259,0,0,0
14260,Sat_20260314-20270830,14260,,GAYA JN,0,,14260,0,0,0
14261,Wed-Fri_20260316-20270830,14261,,LUCKNOW JN.,0,,14261,0,0,0
14262,Tue-Thu_20260319-20270830,14262,,GAYA JN,0,,14262,0,0,0
14303,Mon-Tue-Wed-Thu-Fri-Sat-Sun_20260101-20270830,14303,,HARIDWAR JN,0,,14303,0,0,0
14304,Mon-Tue-Wed-Thu-Fri-Sat-Sun_20260101-20270830,14304,,DELHI JN.,0,,14304,0,0,0
14305,Mon-Tue-Wed-Thu-Fri-Sat-Sun_20260101-20270830,14305,,HARIDWAR JN,0,,14305,0,0,0
14306,Mon-Tue-Wed-Thu-Fri-Sat-Sun_20260101-20270830,14306,,DELHI JN.,0,,14306,0,0,0
14307,Mon-Tue-Wed-Thu-Fri-Sat-Sun_20260626-20260913,14307,,BAREILLY(NR),0,,14307,0,0,0
14308,Mon-Tue-Wed-Thu-Fri-Sat-Sun_20260626-20260912,14308,,PRAYAGRAJ SANGAM,0,,14308,0,0,0
14309,Wed-Thu_20260820-20260901,14309,,YOG NAGARI RISHIKESH,0,,14309,0,0,0
14310,Tue-Wed_20260825-20270830,14310,,LAKSHMIBAI NGR,0,,14310,0,0,0
14311,Tue-Thu-Sat_20260416-20270830,14311,,BHUJ,0,,14311,0,0,0
14312,Tue-Wed-Fri_20260717-20261013,14312,,BAREILLY(NR),0,,14312,0,0,0
14313,Mon_20260101-20270830,14313,,BAREILLY(NR),0,,14313,0,0,0
14314,Sat_20260101-20270830,14314,,LOKMANYATILAK,0,,14314,0,0,0
14317,Sat-Sun_20260814-20260830,14317,,YOG NAGARI RISHIKESH,0,,14317,0,0,0
14318,Fri-Sat_20260814-20270830,14318,,LAKSHMIBAI NGR,0,,14318,0,0,0
14319,Thu_20260820-20270830,14319,,BAREILLY(NR),0,,14319,0,0,0
14320,Wed_20260819-20270830,14320,,INDORE JN,0,,14320,0,0,0
14321,Mon-Wed-Fri-Sun_20260416-20270830,14321,,BHUJ,0,,14321,0,0,0
14322,Mon-Thu-Sat-Sun_20260730-20261013,14322,,BAREILLY(NR),0,,14322,0,0,0
14331,Mon-Tue-Wed-Thu-Fri-Sat-Sun_20260101-20270830,14331,,KALKA,0,,14331,0,0,0
14332,Mon-Tue-Wed-Thu-Fri-Sat-Sun_20260101-20270830,14332,,DELHI JN.,0,,14332,0,0,0
14341,Mon-Tue-Wed-Thu-Fri-Sat-Sun_20260129-20270830,14341,,DEHRADOON,0,,14341,0,0,0
14342,Mon-Tue-Wed-Thu-Fri-Sat-Sun_20260128-20270830,14342,,SHAKURBASTI,0,,14342,0,0,0
14503,Tue-Fri_20260722-20261019,14503,,SHRI MATA VAISHNO DEVI KATRA,0,,14503,0,0,0
14504,Wed-Sat_20260722-20270830,14504,,KALKA,0,,14504,0,0,0
14505,Mon-Tue-Wed-Thu-Fri-Sat-Sun_20260725-20270830,14505,,NANGAL DAM,0,,14505,0,0,0
14506,Mon-Tue-Wed-Thu-Fri-Sat-Sun_20260725-20270830,14506,,AMRITSAR,0,,14506,0,0,0
14507,Mon-Tue-Wed-Thu-Fri-Sat-Sun_20260101-20270830,14507,,FAZILKA,0,,14507,0,0,0
14508,Mon-Tue-Wed-Thu-Fri-Sat-Sun_20260101-20270830,14508,,DELHI JN.,0,,14508,0,0,0
14509,Mon-Tue-Wed-Thu-Fri-Sat-Sun_20260101-20270830,14509,,BATHINDA,0,,14509,0,0,0
14510,Mon-Tue-Wed-Thu-Fri-Sat-Sun_20260101-20270830,14510,,AMBALA CANT JN,0,,14510,0,0,0
14521,Mon-Tue-Wed-Thu-Fri-Sat-Sun_20260805-20260830,14521,,AMBALA CANT JN,0,,14521,0,0,0
14522,Mon-Tue-Wed-Thu-Fri-Sat-Sun_20260101-20270830,14522,,DELHI JN.,0,,14522,0,0,0
14523,Mon-Thu_20260806-20260830,14523,,AMBALA CANT JN,0,,14523,0,0,0
14524,Tue-Sat_20260627-20260912,14524,,BARAUNI JN,0,,14524,0,0,0
14525,Mon-Tue-Wed-Thu-Fri-Sat-Sun_20260101-20270830,14525,,SHRI GANGANAGAR,0,,14525,0,0,0
14526,Mon-Tue-Wed-Thu-Fri-Sat-Sun_20260101-20270830,14526,,AMBALA CANT JN,0,,14526,0,0,0
14527,Mon-Tue-Wed-Thu-Sat-Sun_20260101-20270830,14527,,SHRI GANGANAGAR,0,,14527,0,0,0
14528,Mon-Tue-Wed-Thu-Sat-Sun_20260101-20270830,14528,,BATHINDA,0,,14528,0,0,0
14541,Mon-Tue-Wed-Thu-Fri-Sat-Sun_20260101-20270830,14541,,AMRITSAR,0,,14541,0,0,0
14542,Mon-Tue-Wed-Thu-Fri-Sat-Sun_20260101-20270830,14542,,CHANDIGARH,0,,14542,0,0,0
14545,Mon-Tue-Wed-Thu-Fri-Sat-Sun_20260101-20270830,14545,,SAHARANPUR JN.,0,,14545,0,0,0
14546,Mon-Tue-Wed-Thu-Fri-Sat-Sun_20260101-20270830,14546,,DELHI JN.,0,,14546,0,0,0
14601,Mon-Tue-Wed-Thu-Fri-Sat-Sun_20260101-20270830,14601,,HANUMANGARH JN,0,,14601,0,0,0
14602,Mon-Tue-Wed-Thu-Fri-Sat-Sun_20260101-20270830,14602,,FIROZPUR CANT,0,,14602,0,0,0
14603,Fri_20260101-20270830,14603,,AMRITSAR,0,,14603,0,0,0
14604,Wed_20260520-20270830,14604,,NARPATGANJ,0,,14604,0,0,0
14605,Mon_20260813-20270830,14605,,JAMMUTAVI,0,,14605,0,0,0
14606,Sun_20260812-20270830,14606,,YOG NAGARI RISHIKESH,0,,14606,0,0,0
14609,Mon-Tue-Wed-Thu-Fri-Sat-Sun_20260814-20270830,14609,,SHRI MATA VAISHNO DEVI KATRA,0,,14609,0,0,0
14610,Mon-Tue-Wed-Thu-Fri-Sat-Sun_20260814-20270830,14610,,YOG NAGARI RISHIKESH,0,,14610,0,0,0
14611,Fri_20260722-20260911,14611,,SHRI MATA VAISHNO DEVI KATRA,0,,14611,0,0,0
14612,Thu_20260723-20261021,14612,,GHAZIPUR CITY,0,,14612,0,0,0
14613,Mon-Tue-Wed-Thu-Fri-Sat-Sun_20260830-20261231,14613,,FIROZPUR CANT,0,,14613,0,0,0
14614,Mon-Tue-Wed-Thu-Fri-Sat-Sun_20260830-20270830,14614,,SAHIBZADA AJIT SINGH NAGAR,0,,14614,0,0,0
14615,Sat_20260101-20270830,14615,,AMRITSAR,0,,14615,0,0,0
14616,Sat_20260101-20270830,14616,,LALKUA JN.,0,,14616,0,0,0
14617,Mon-Tue-Wed-Thu-Fri-Sat-Sun_20260812-20260830,14617,,AMRITSAR,0,,14617,0,0,0
14618,Mon-Tue-Wed-Thu-Fri-Sat-Sun_20260813-20270830,14618,,PURNIA COURT,0,,14618,0,0,0
14619,Thu_20260507-20270830,14619,,FIROZPUR CANT,0,,14619,0,0,0
14620,Mon_20260504-20270830,14620,,AGARTALA,0,,14620,0,0,0
14621,Sun_20260719-20260830,14621,,FIROZPUR CANT,0,,14621,0,0,0
14622,Fri_20260717-20260903,14622,,NANDED,0,,14622,0,0,0
14623,Mon-Thu-Sat_20260720-20270830,14623,,CHHEHARTA,0,,14623,0,0,0
14624,Wed-Fri-Sun_20260719-20270830,14624,,VARANASI,0,,14624,0,0,0
14625,Thu_20260101-20270830,14625,,FIROZPUR CANT,0,,14625,0,0,0
14626,Wed_20260101-20270830,14626,,HARIDWAR JN,0,,14626,0,0,0
14627,Mon_20260427-20270830,14627,,CHHEHARTA,0,,14627,0,0,0
14628,Sat_20260426-20270830,14628,,SAHARSA JN,0,,14628,0,0,0
14629,Mon-Tue-Wed-Thu-Fri-Sat-Sun_20260101-20261018,14629,,FIROZPUR CANT,0,,14629,0,0,0
14630,Mon-Tue-Wed-Thu-Fri-Sat-Sun_20260101-20270830,14630,,CHANDIGARH,0,,14630,0,0,0
14631,Mon-Tue-Wed-Thu-Fri-Sat-Sun_20260101-20270830,14631,,AMRITSAR,0,,14631,0,0,0
14632,Mon-Tue-Wed-Thu-Fri-Sat-Sun_20260101-20270830,14632,,DEHRADOON,0,,14632,0,0,0
14633,Mon-Tue-Wed-Thu-Fri-Sat-Sun_20260619-20270830,14633,,PATHANKOT,0,,14633,0,0,0
14634,Mon-Tue-Wed-Thu-Fri-Sat-Sun_20260101-20270830,14634,,AMRITSAR,0,,14634,0,0,0
14649,Tue-Fri-Sun_20260403-20261031,14649,,AMRITSAR,0,,14649,0,0,0
14650,Mon-Wed-Sat_20260325-20270830,14650,,JAYNAGAR,0,,14650,0,0,0
14653,Mon-Tue-Wed-Thu-Fri-Sat-Sun_20260306-20270830,14653,,AMRITSAR,0,,14653,0,0,0
14654,Mon-Tue-Wed-Thu-Fri-Sat-Sun_20260101-20270830,14654,,HISAR,0,,14654,0,0,0
14661,Mon-Tue-Wed-Thu-Fri-Sat-Sun_20260722-20261018,14661,,JAMMUTAVI,0,,14661,0,0,0
14662,Mon-Tue-Wed-Thu-Fri-Sat-Sun_20260823-20270830,14662,,BARMER,0,,14662,0,0,0
14663,Sat_20260516-20270830,14663,,AMRITSAR,0,,14663,0,0,0
14664,Thu_20260802-20270830,14664,,NEW JALPAIGURI,0,,14664,0,0,0
14669,Wed-Fri_20261021-20270830,14669,,JAMMUTAVI,0,,14669,0,0,0
14670,Tue-Thu_20261020-20270830,14670,,KANPUR CENTRAL,0,,14670,0,0,0
14673,Mon-Wed-Thu-Sat_20260617-20261101,14673,,AMRITSAR,0,,14673,0,0,0
14674,Tue-Thu-Fri-Sun_20260616-20270830,14674,,JAYNAGAR,0,,14674,0,0,0
14679,Mon-Tue-Wed-Thu-Fri-Sat-Sun_20260101-20270830,14679,,AMRITSAR,0,,14679,0,0,0
14680,Mon-Tue-Wed-Thu-Fri-Sat-Sun_20260101-20270830,14680,,DELHI JN.,0,,14680,0,0,0
14681,Mon-Tue-Wed-Thu-Fri-Sat-Sun_20260805-20260830,14681,,JALANDHAR CITY,0,,14681,0,0,0
14682,Mon-Tue-Wed-Thu-Fri-Sat-Sun_20260101-20270830,14682,,DELHI JN.,0,,14682,0,0,0
14687,Mon-Tue-Wed-Thu-Fri-Sat_20261019-20270830,14687,,BADGAM,0,,14687,0,0,0
14688,Mon-Tue-Wed-Thu-Fri-Sat_20261019-20270830,14688,,SHRI MATA VAISHNO DEVI KATRA,0,,14688,0,0,0
14691,Sun_20260812-20270830,14691,,JAMMUTAVI,0,,14691,0,0,0
14692,Fri_20260812-20270830,14692,,BARAUNI JN,0,,14692,0,0,0
14701,Mon-Tue-Wed-Thu-Fri-Sat-Sun_20260827-20260925,14701,,BANDRA TERMINUS,0,,14701,0,0,0
14702,Mon-Tue-Wed-Thu-Fri-Sat-Sun_20260826-20260924,14702,,SHRI GANGANAGAR,0,,14702,0,0,0
14703,Mon-Tue-Wed-Thu-Fri-Sat-Sun_20260605-20270830,14703,,LALGARH JN,0,,14703,0,0,0
14704,Mon-Tue-Wed-Thu-Fri-Sat-Sun_20260605-20270830,14704,,JAISALMER,0,,14704,0,0,0
14705,Mon-Tue-Wed-Thu-Fri-Sat-Sun_20260101-20270830,14705,,DAHAR KA BALAJI,0,,14705,0,0,0
14706,Mon-Tue-Wed-Thu-Fri-Sat-Sun_20260101-20270830,14706,,BHIWANI JN.,0,,14706,0,0,0
14707,Mon-Tue-Wed-Thu-Fri-Sat-Sun_20260819-20270830,14707,,DADAR,0,,14707,0,0,0
14708,Mon-Tue-Wed-Thu-Fri-Sat-Sun_20260819-20270830,14708,,HANUMANGARH JN,0,,14708,0,0,0
14709,Mon-Tue-Wed-Thu-Fri-Sat-Sun_20260601-20270830,14709,,JAIPUR JN.,0,,14709,0,0,0
14710,Mon-Tue-Wed-Thu-Fri-Sat-Sun_20260601-20270830,14710,,HANUMANGARH JN,0,,14710,0,0,0
14711,Wed_20260826-20270830,14711,,BANDRA TERMINUS,0,,14711,0,0,0
14712,Thu_20260827-20270830,14712,,BIKANER JN,0,,14712,0,0,0
14713,Wed-Fri_20260717-20261013,14713,,DELHI SARAI ROHILLA,0,,14713,0,0,0
14714,Wed-Fri_20260101-20270830,14714,,SIKAR JN,0,,14714,0,0,0
14715,Mon-Tue-Wed-Thu-Fri-Sat-Sun_20260101-20270830,14715,,JAIPUR JN.,0,,14715,0,0,0
14716,Mon-Tue-Wed-Thu-Fri-Sat-Sun_20260101-20270830,14716,,HISAR,0,,14716,0,0,0
14717,Mon-Wed-Fri_20260507-20270830,14717,,HARIDWAR JN,0,,14717,0,0,0
14718,Tue-Thu-Sat_20260507-20270830,14718,,BIKANER JN,0,,14718,0,0,0
14719,Thu_20260827-20260902,14719,,AMRITSAR,0,,14719,0,0,0
14720,Fri_20260828-20260903,14720,,BIKANER JN,0,,14720,0,0,0
14721,Mon-Tue-Wed-Thu-Fri-Sat-Sun_20260101-20270830,14721,,BATHINDA,0,,14721,0,0,0
14722,Mon-Tue-Wed-Thu-Fri-Sat-Sun_20260101-20270830,14722,,JODHPUR JN,0,,14722,0,0,0
14723,Sat_20260725-20270830,14723,,TIRUPATI,0,,14723,0,0,0
14724,Mon_20260727-20270830,14724,,HISAR,0,,14724,0,0,0
14725,Mon-Tue-Wed-Thu-Fri-Sat-Sun_20260101-20270830,14725,,MATHURA JN.,0,,14725,0,0,0
14726,Mon-Tue-Wed-Thu-Fri-Sat-Sun_20260101-20270830,14726,,BHIWANI JN.,0,,14726,0,0,0
14727,Mon-Tue-Wed-Thu-Fri-Sat-Sun_20260101-20270830,14727,,TILAK BRIDGE,0,,14727,0,0,0
14728,Mon-Tue-Wed-Thu-Fri-Sat-Sun_20260101-20270830,14728,,SHRI GANGANAGAR,0,,14728,0,0,0
14729,Mon-Tue-Wed-Thu-Fri-Sat-Sun_20260101-20270830,14729,,FAZILKA,0,,14729,0,0,0
14730,Mon-Tue-Wed-Thu-Fri-Sat-Sun_20260101-20261018,14730,,REWARI JN.,0,,14730,0,0,0
14731,Mon-Tue-Wed-Thu-Fri-Sat-Sun_20260101-20270830,14731,,BATHINDA,0,,14731,0,0,0
14732,Mon-Tue-Wed-Thu-Fri-Sat-Sun_20260312-20270830,14732,,DELHI JN.,0,,14732,0,0,0
14733,Mon-Tue-Wed-Thu-Fri-Sat-Sun_20260101-20270830,14733,,JAIPUR JN.,0,,14733,0,0,0
14734,Mon-Tue-Wed-Thu-Fri-Sat-Sun_20260312-20270830,14734,,BATHINDA,0,,14734,0,0,0
14735,Mon-Tue-Wed-Thu-Fri-Sat-Sun_20260101-20270830,14735,,AMBALA CANT JN,0,,14735,0,0,0
14736,Mon-Tue-Wed-Thu-Fri-Sat-Sun_20260101-20270830,14736,,SHRI GANGANAGAR,0,,14736,0,0,0
14737,Mon-Tue-Wed-Thu-Fri-Sat-Sun_20260328-20270830,14737,,TILAK BRIDGE,0,,14737,0,0,0
14738,Mon-Tue-Wed-Thu-Fri-Sat-Sun_20260101-20270830,14738,,BHIWANI JN.,0,,14738,0,0,0
14795,Mon-Tue-Wed-Thu-Fri-Sat-Sun_20260101-20270830,14795,,KALKA,0,,14795,0,0,0
14796,Mon-Tue-Wed-Thu-Fri-Sat-Sun_20260101-20270830,14796,,BHIWANI JN.,0,,14796,0,0,0
14801,Mon-Tue-Wed-Thu-Fri-Sat-Sun_20260101-20270830,14801,,INDORE JN,0,,14801,0,0,0
14802,Mon-Tue-Wed-Thu-Fri-Sat-Sun_20260101-20270830,14802,,JODHPUR JN,0,,14802,0,0,0
14803,Mon-Tue-Wed-Thu-Fri-Sat-Sun_20260823-20270830,14803,,JAMMUTAVI,0,,14803,0,0,0
14804,Mon-Tue-Wed-Thu-Fri-Sat-Sun_20260823-20270830,14804,,BHAGAT KI KOTHI,0,,14804,0,0,0
14805,Mon_20260819-20270830,14805,,BARMER,0,,14805,0,0,0
14806,Thu_20260819-20270830,14806,,YESVANTPUR JN.,0,,14806,0,0,0
14807,Tue-Fri-Sun_20260819-20270830,14807,,DADAR,0,,14807,0,0,0
14808,Mon-Wed-Sat_20260819-20270830,14808,,JODHPUR JN,0,,14808,0,0,0
14813,Mon-Tue-Wed-Thu-Fri-Sat-Sun_20260725-20270830,14813,,BHOPAL JN.,0,,14813,0,0,0
14814,Mon-Tue-Wed-Thu-Fri-Sat-Sun_20260725-20261231,14814,,JODHPUR JN,0,,14814,0,0,0
14815,Mon-Tue-Wed-Thu-Fri-Sat-Sun_20260817-20260830,14815,,RISHIKESH,0,,14815,0,0,0
14816,Mon-Tue-Wed-Thu-Fri-Sat-Sun_20260814-20260830,14816,,SHRI GANGANAGAR,0,,14816,0,0,0
14821,Mon-Tue-Wed-Thu-Fri-Sat-Sun_20260826-20270830,14821,,GANDHIGRAM,0,,14821,0,0,0
14822,Mon-Tue-Wed-Thu-Fri-Sat-Sun_20260827-20270830,14822,,JODHPUR JN,0,,14822,0,0,0
14823,Mon-Tue-Wed-Thu-Fri-Sat-Sun_20260628-20270830,14823,,REWARI JN.,0,,14823,0,0,0
14824,Mon-Tue-Wed-Thu-Fri-Sat-Sun_20260507-20270830,14824,,JODHPUR JN,0,,14824,0,0,0
14853,Mon-Wed-Sat_20260415-20270830,14853,,JODHPUR JN,0,,14853,0,0,0
14854,Mon-Thu-Sat_20260206-20270830,14854,,VARANASI CITY,0,,14854,0,0,0
14863,Tue-Fri-Sun_20260414-20270830,14863,,JODHPUR JN,0,,14863,0,0,0
14864,Tue-Fri-Sun_20260204-20270830,14864,,VARANASI CITY,0,,14864,0,0,0
14865,Thu_20260416-20270830,14865,,JODHPUR JN,0,,14865,0,0,0
14866,Wed_20260205-20270830,14866,,VARANASI CITY,0,,14866,0,0,0
14887,Mon-Tue-Wed-Thu-Fri-Sat-Sun_20260805-20260830,14887,,BARMER,0,,14887,0,0,0
14888,Mon-Tue-Wed-Thu-Fri-Sat-Sun_20260830-20270830,14888,,RISHIKESH,0,,14888,0,0,0
14891,Mon-Tue-Wed-Thu-Fri-Sat-Sun_20260628-20270830,14891,,HISAR,0,,14891,0,0,0
14892,Mon-Tue-Wed-Thu-Fri-Sat-Sun_20260507-20270830,14892,,JODHPUR JN,0,,14892,0,0,0
14893,Mon-Tue-Wed-Thu-Fri-Sat-Sun_20260101-20270830,14893,,PALANPUR JN,0,,14893,0,0,0
14894,Mon-Tue-Wed-Thu-Fri-Sat-Sun_20260101-20270830,14894,,BHAGAT KI KOTHI,0,,14894,0,0,0
14895,Mon-Tue-Wed-Thu-Fri-Sat-Sun_20260101-20270830,14895,,BARMER,0,,14895,0,0,0
14896,Mon-Tue-Wed-Thu-Fri-Sat-Sun_20260101-20270830,14896,,BHAGAT KI KOTHI,0,,14896,0,0,0
14897,Mon-Tue-Wed-Thu-Fri-Sat-Sun_20260628-20270830,14897,,HISAR,0,,14897,0,0,0
14898,Mon-Tue-Wed-Thu-Fri-Sat-Sun_20260507-20270830,14898,,BIKANER JN,0,,14898,0,0,0
15001,Mon_20260101-20270830,15001,,DEHRADOON,0,,15001,0,0,0
15002,Sat_20260101-20270830,15002,,MUZAFFARPUR JN,0,,15002,0,0,0
15003,Mon-Tue-Wed-Thu-Fri-Sat-Sun_20260101-20270830,15003,,GORAKHPUR JN,0,,15003,0,0,0
15004,Mon-Tue-Wed-Thu-Fri-Sat-Sun_20260101-20270830,15004,,KANPUR ANWRGANJ,0,,15004,0,0,0
15005,Wed-Fri_20260101-20270830,15005,,DEHRADOON,0,,15005,0,0,0
15006,Tue-Thu_20260101-20270830,15006,,GORAKHPUR JN,0,,15006,0,0,0
15007,Mon-Tue-Wed-Thu-Fri-Sat-Sun_20260101-20270830,15007,,LUCKNOW,0,,15007,0,0,0
15008,Mon-Tue-Wed-Thu-Fri-Sat-Sun_20260101-20270830,15008,,VARANASI CITY,0,,15008,0,0,0
15009,Mon-Tue-Wed-Thu-Fri-Sat-Sun_20260101-20270830,15009,,IZZATNAGAR JN,0,,15009,0,0,0
15010,Mon-Tue-Wed-Thu-Fri-Sat-Sun_20260101-20270830,15010,,GORAKHPUR JN,0,,15010,0,0,0
15011,Mon-Tue-Wed-Thu-Fri-Sat-Sun_20260101-20270830,15011,,CHANDIGARH,0,,15011,0,0,0
15012,Mon-Tue-Wed-Thu-Fri-Sat-Sun_20260805-20260830,15012,,LUCKNOW,0,,15012,0,0,0
15013,Mon-Tue-Wed-Thu-Fri-Sat-Sun_20260801-20270830,15013,,KATHGODAM,0,,15013,0,0,0
15014,Mon-Tue-Wed-Thu-Fri-Sat-Sun_20260801-20270830,15014,,JAISALMER,0,,15014,0,0,0
15015,Wed_20260101-20270830,15015,,LALKUA JN.,0,,15015,0,0,0
15016,Tue_20260101-20270830,15016,,AMRITSAR,0,,15016,0,0,0
15017,Mon-Tue-Wed-Thu-Fri-Sat-Sun_20260825-20270830,15017,,GORAKHPUR JN,0,,15017,0,0,0
15018,Mon-Tue-Wed-Thu-Fri-Sat-Sun_20260101-20270830,15018,,LOKMANYATILAK,0,,15018,0,0,0
15019,Wed-Fri-Sun_20260227-20270830,15019,,TANAKPUR,0,,15019,0,0,0
15020,Tue-Thu-Sat_20260728-20270830,15020,,DEHRADOON,0,,15020,0,0,0
15021,Tue_20260326-20270830,15021,,GORAKHPUR JN,0,,15021,0,0,0
15022,Mon_20260326-20270830,15022,,SHALIMAR,0,,15022,0,0,0
15023,Tue_20260728-20270830,15023,,YESVANTPUR JN.,0,,15023,0,0,0
15024,Thu_20260601-20270830,15024,,GORAKHPUR JN,0,,15024,0,0,0
15025,Tue-Sun_20260101-20270830,15025,,ANAND VIHAR TERMINAL,0,,15025,0,0,0
15026,Mon-Fri_20260101-20270830,15026,,MAU JN,0,,15026,0,0,0
15027,Mon-Tue-Wed-Thu-Fri-Sat-Sun_20260630-20261027,15027,,GORAKHPUR JN,0,,15027,0,0,0
15028,Mon-Tue-Wed-Thu-Fri-Sat-Sun_20260630-20261027,15028,,SAMBALPUR JN.,0,,15028,0,0,0
15029,Thu_20260101-20270830,15029,,PUNE JN,0,,15029,0,0,0
15030,Sat_20260101-20270830,15030,,GORAKHPUR JN,0,,15030,0,0,0
15031,Mon-Tue-Wed-Thu-Fri-Sat-Sun_20260101-20270830,15031,,LUCKNOW,0,,15031,0,0,0
15032,Mon-Tue-Wed-Thu-Fri-Sat-Sun_20260101-20270830,15032,,GORAKHPUR JN,0,,15032,0,0,0
15033,Mon-Tue-Wed-Fri-Sat_20260101-20270830,15033,,LUCKNOW,0,,15033,0,0,0
15034,Mon-Tue-Wed-Fri-Sat_20260101-20270830,15034,,PATLIPUTRA,0,,15034,0,0,0
15035,Mon-Tue-Wed-Thu-Fri-Sat-Sun_20260101-20270830,15035,,KATHGODAM,0,,15035,0,0,0
15036,Mon-Tue-Wed-Thu-Fri-Sat-Sun_20260101-20270830,15036,,DELHI JN.,0,,15036,0,0,0
15037,Mon-Tue-Wed-Thu-Fri-Sat-Sun_20260101-20270830,15037,,KASGANJ,0,,15037,0,0,0
15038,Mon-Tue-Wed-Thu-Fri-Sat-Sun_20260101-20270830,15038,,KANPUR ANWRGANJ,0,,15038,0,0,0
15039,Mon-Tue-Wed-Thu-Fri-Sat-Sun_20260101-20270830,15039,,KASGANJ,0,,15039,0,0,0
15040,Mon-Tue-Wed-Thu-Fri-Sat-Sun_20260101-20270830,15040,,KANPUR ANWRGANJ,0,,15040,0,0,0
15041,Mon-Tue-Wed-Thu-Fri-Sat-Sun_20260101-20270830,15041,,KASGANJ,0,,15041,0,0,0
15042,Mon-Tue-Wed-Thu-Fri-Sat-Sun_20260101-20270830,15042,,FARRUKHABAD,0,,15042,0,0,0
15043,Mon-Wed-Thu-Fri-Sun_20260101-20261031,15043,,KATHGODAM,0,,15043,0,0,0
15044,Mon-Tue-Thu-Fri-Sat_20260101-20270830,15044,,LUCKNOW,0,,15044,0,0,0
15045,Thu_20260317-20270830,15045,,OKHA,0,,15045,0,0,0
15046,Sun_20260317-20270830,15046,,GORAKHPUR JN,0,,15046,0,0,0
15047,Mon-Tue-Thu-Sat_20260630-20270830,15047,,GORAKHPUR JN,0,,15047,0,0,0
15048,Mon-Tue-Fri-Sun_20260630-20270830,15048,,KOLKATTA TERMINAL,0,,15048,0,0,0
15049,Wed-Sun_20260630-20270830,15049,,GORAKHPUR JN,0,,15049,0,0,0
15050,Wed-Sat_20260630-20270830,15050,,KOLKATTA TERMINAL,0,,15050,0,0,0
15051,Fri_20260630-20270830,15051,,GORAKHPUR JN,0,,15051,0,0,0
15052,Thu_20260630-20270830,15052,,KOLKATTA TERMINAL,0,,15052,0,0,0
15053,Mon-Tue-Wed-Thu-Fri-Sat-Sun_20260325-20270830,15053,,GOMTI NAGAR,0,,15053,0,0,0
15054,Mon-Tue-Wed-Thu-Fri-Sat-Sun_20260325-20270830,15054,,CHHAPRA,0,,15054,0,0,0
15055,Tue-Fri-Sun_20260101-20270830,15055,,RAMNAGAR,0,,15055,0,0,0
15056,Mon-Thu-Sat_20260101-20270830,15056,,AGRA FORT,0,,15056,0,0,0
15057,Thu_20260515-20270830,15057,,ANAND VIHAR TERMINAL,0,,15057,0,0,0
15058,Wed_20260514-20270830,15058,,GORAKHPUR JN,0,,15058,0,0,0
15059,Tue-Thu_20260101-20270830,15059,,ANAND VIHAR TERMINAL,0,,15059,0,0,0
15060,Tue-Thu_20260101-20270830,15060,,LALKUA JN.,0,,15060,0,0,0
15061,Mon-Tue-Wed-Thu-Fri-Sat-Sun_20260727-20270830,15061,,LALKUA JN.,0,,15061,0,0,0
15062,Mon-Tue-Wed-Thu-Fri-Sat-Sun_20260727-20270830,15062,,KASGANJ,0,,15062,0,0,0
15063,Mon_20260805-20260830,15063,,CHANDIGARH,0,,15063,0,0,0
15064,Mon_20260101-20270830,15064,,RAMNAGAR,0,,15064,0,0,0
15065,Mon-Tue-Thu-Fri-Sun_20260101-20270830,15065,,PANVEL,0,,15065,0,0,0
15066,Mon-Tue-Wed-Fri-Sat_20260101-20270830,15066,,GORAKHPUR JN,0,,15066,0,0,0
15067,Wed_20260101-20270830,15067,,BANDRA TERMINUS,0,,15067,0,0,0
15068,Fri_20260101-20270830,15068,,GORAKHPUR JN,0,,15068,0,0,0
15069,Mon-Tue-Wed-Thu-Fri-Sat-Sun_20260101-20270830,15069,,AISHBAGH,0,,15069,0,0,0
15070,Mon-Tue-Wed-Thu-Fri-Sat-Sun_20260101-20270830,15070,,GORAKHPUR JN,0,,15070,0,0,0
15073,Tue-Thu-Sat_20260721-20260913,15073,,TANAKPUR,0,,15073,0,0,0
15074,Mon-Wed-Fri_20260720-20260913,15074,,SINGRAULI,0,,15074,0,0,0
15075,Mon-Wed-Fri-Sun_20260720-20260913,15075,,TANAKPUR,0,,15075,0,0,0
15076,Tue-Thu-Sat-Sun_20260721-20260913,15076,,SHAKTINAGAR,0,,15076,0,0,0
15077,Tue_20260101-20270830,15077,,GOMTI NAGAR,0,,15077,0,0,0
15078,Mon_20260101-20270830,15078,,KAMAKHYA,0,,15078,0,0,0
15079,Mon-Tue-Wed-Thu-Fri-Sat-Sun_20260726-20270830,15079,,GORAKHPUR JN,0,,15079,0,0,0
15080,Mon-Tue-Wed-Thu-Fri-Sat-Sun_20260726-20270830,15080,,PATLIPUTRA,0,,15080,0,0,0
15081,Mon-Tue-Wed-Thu-Fri-Sat-Sun_20260101-20270830,15081,,GOMTI NAGAR,0,,15081,0,0,0
15082,Mon-Tue-Wed-Thu-Fri-Sat-Sun_20260101-20270830,15082,,GORAKHPUR JN,0,,15082,0,0,0
15083,Mon-Tue-Wed-Thu-Fri-Sat-Sun_20260331-20270830,15083,,FARRUKHABAD,0,,15083,0,0,0
15084,Mon-Tue-Wed-Thu-Fri-Sat-Sun_20260403-20270830,15084,,CHHAPRA,0,,15084,0,0,0
15085,Fri_20260828-20270830,15085,,BANDRA TERMINUS,0,,15085,0,0,0
15086,Sat_20260829-20270830,15086,,GORAKHPUR JN,0,,15086,0,0,0
15089,Sat_20260101-20270830,15089,,GOMTI NAGAR,0,,15089,0,0,0
15090,Fri_20260101-20270830,15090,,GODDA,0,,15090,0,0,0
15091,Mon-Tue-Thu-Sat_20260226-20270830,15091,,TANAKPUR,0,,15091,0,0,0
15092,Mon-Wed-Fri-Sun_20260727-20270830,15092,,DAURAI,0,,15092,0,0,0
15093,Mon-Tue-Thu-Fri-Sun_20260831-20270830,15093,,TANAKPUR,0,,15093,0,0,0
15094,Mon-Tue-Thu-Fri-Sun_20260831-20270830,15094,,ACHHNERA JN,0,,15094,0,0,0
15095,Thu_20260827-20270830,15095,,DELHI JN.,0,,15095,0,0,0
15096,Fri_20260828-20270830,15096,,GORAKHPUR JN,0,,15096,0,0,0
15097,Thu_20260722-20270830,15097,,JAMMUTAVI,0,,15097,0,0,0
15098,Tue_20260825-20270830,15098,,BHAGALPUR,0,,15098,0,0,0
15103,Mon-Tue-Wed-Thu-Fri-Sat-Sun_20260101-20270830,15103,,BANARAS,0,,15103,0,0,0
15104,Mon-Tue-Wed-Thu-Fri-Sat-Sun_20260101-20270830,15104,,GORAKHPUR JN,0,,15104,0,0,0
15105,Mon-Tue-Wed-Thu-Fri-Sat_20260101-20270830,15105,,NAUTANWA,0,,15105,0,0,0
15106,Mon-Tue-Wed-Thu-Fri-Sat_20260101-20270830,15106,,CHHAPRA,0,,15106,0,0,0
15107,Mon-Tue-Wed-Thu-Fri-Sat_20260101-20270830,15107,,LUCKNOW JN.,0,,15107,0,0,0
15108,Mon-Tue-Wed-Thu-Fri-Sat_20260101-20270830,15108,,BANARAS,0,,15108,0,0,0
15109,Mon-Wed-Fri_20260101-20270830,15109,,MATHURA JN.,0,,15109,0,0,0
15110,Mon-Wed-Fri_20260101-20270830,15110,,CHHAPRA,0,,15110,0,0,0
15111,Mon-Tue-Wed-Thu-Fri-Sat-Sun_20260327-20270830,15111,,VARANASI CITY,0,,15111,0,0,0
15112,Mon-Tue-Wed-Thu-Fri-Sat-Sun_20260327-20270830,15112,,CHHAPRA,0,,15112,0,0,0
15113,Mon-Tue-Wed-Thu-Fri-Sat-Sun_20260101-20270830,15113,,CHHAPRA,0,,15113,0,0,0
15114,Mon-Tue-Wed-Thu-Fri-Sat-Sun_20260101-20270830,15114,,GOMTI NAGAR,0,,15114,0,0,0
15115,Sat_20260321-20270830,15115,,DELHI JN.,0,,15115,0,0,0
15116,Sun_20260322-20270830,15116,,CHHAPRA,0,,15116,0,0,0
15119,Mon-Tue-Wed-Thu-Fri-Sat-Sun_20260626-20260913,15119,,DEHRADOON,0,,15119,0,0,0
15120,Mon-Tue-Wed-Thu-Fri-Sat-Sun_20260626-20260913,15120,,BANARAS,0,,15120,0,0,0
15125,Mon-Tue-Wed-Thu-Fri-Sat-Sun_20260101-20270830,15125,,PATNA JN,0,,15125,0,0,0
15126,Mon-Tue-Wed-Thu-Fri-Sat-Sun_20260101-20270830,15126,,BANARAS,0,,15126,0,0,0
15127,Mon-Tue-Wed-Thu-Fri-Sat-Sun_20260626-20260913,15127,,NEW DELHI,0,,15127,0,0,0
15128,Mon-Tue-Wed-Thu-Fri-Sat-Sun_20260626-20260913,15128,,BANARAS,0,,15128,0,0,0
15129,Mon-Tue-Wed-Thu-Fri-Sat-Sun_20260611-20270830,15129,,VARANASI CITY,0,,15129,0,0,0
15130,Mon-Tue-Wed-Thu-Fri-Sat-Sun_20260611-20270830,15130,,GORAKHPUR CANT,0,,15130,0,0,0
15131,Mon-Tue-Wed-Thu-Fri-Sat-Sun_20260101-20260831,15131,,VARANASI CITY,0,,15131,0,0,0
15132,Mon-Tue-Wed-Thu-Fri-Sat-Sun_20260101-20260830,15132,,GORAKHPUR JN,0,,15132,0,0,0
15133,Mon-Thu_20260518-20270830,15133,,ANAND VIHAR TERMINAL,0,,15133,0,0,0
15134,Wed-Sat_20260516-20270830,15134,,CHHAPRA,0,,15134,0,0,0
15135,Fri_20260101-20270830,15135,,AMRITSAR,0,,15135,0,0,0
15136,Sat_20260101-20270830,15136,,CHHAPRA,0,,15136,0,0,0
15137,Mon-Tue-Wed-Thu-Fri-Sat-Sun_20260310-20270830,15137,,BANARAS,0,,15137,0,0,0
15138,Mon-Tue-Wed-Thu-Fri-Sat-Sun_20260310-20270830,15138,,RAJGIR,0,,15138,0,0,0
15159,Mon-Tue-Wed-Thu-Fri-Sat-Sun_20260323-20270830,15159,,DURG,0,,15159,0,0,0
15160,Mon-Tue-Wed-Thu-Fri-Sat-Sun_20260325-20270830,15160,,CHHAPRA,0,,15160,0,0,0
15181,Sat_20260101-20270830,15181,,LOKMANYATILAK,0,,15181,0,0,0
15182,Mon_20260101-20270830,15182,,MAU JN,0,,15182,0,0,0
15201,Mon-Tue-Wed-Thu-Fri-Sat-Sun_20260119-20270830,15201,,BAGAHA,0,,15201,0,0,0
15202,Mon-Tue-Wed-Thu-Fri-Sat-Sun_20260119-20270830,15202,,PATLIPUTRA,0,,15202,0,0,0
15203,Mon-Tue-Wed-Thu-Fri-Sat-Sun_20260101-20270830,15203,,LUCKNOW,0,,15203,0,0,0
15204,Mon-Tue-Wed-Thu-Fri-Sat-Sun_20260101-20270830,15204,,BARAUNI JN,0,,15204,0,0,0
15205,Mon-Tue-Wed-Thu-Fri-Sat-Sun_20260101-20270830,15205,,JABALPUR,0,,15205,0,0,0
15206,Mon-Tue-Wed-Thu-Fri-Sat-Sun_20260101-20270830,15206,,LUCKNOW,0,,15206,0,0,0
15211,Mon-Tue-Wed-Thu-Fri-Sat-Sun_20260812-20270830,15211,,AMRITSAR,0,,15211,0,0,0
15212,Mon-Tue-Wed-Thu-Fri-Sat-Sun_20260812-20270830,15212,,DARBHANGA JN,0,,15212,0,0,0
15215,Mon-Tue-Wed-Thu-Fri-Sat-Sun_20260205-20270830,15215,,NARKATIAGANJ JN,0,,15215,0,0,0
15216,Mon-Tue-Wed-Thu-Fri-Sat-Sun_20260205-20270830,15216,,MUZAFFARPUR JN,0,,15216,0,0,0
15227,Thu_20260601-20261014,15227,,MUZAFFARPUR JN,0,,15227,0,0,0
15228,Mon_20260601-20270830,15228,,SMVT BENGALURU,0,,15228,0,0,0
15231,Mon-Tue-Wed-Thu-Fri-Sat-Sun_20260325-20270830,15231,,GONDIA JN,0,,15231,0,0,0
15232,Mon-Tue-Wed-Thu-Fri-Sat-Sun_20260325-20270830,15232,,BARAUNI JN,0,,15232,0,0,0
15233,Mon-Thu_20260702-20270830,15233,,DARBHANGA JN,0,,15233,0,0,0
15234,Wed-Sun_20260630-20270830,15234,,KOLKATTA TERMINAL,0,,15234,0,0,0
15235,Sat_20260704-20270830,15235,,DARBHANGA JN,0,,15235,0,0,0
15236,Fri_20260630-20270830,15236,,HOWRAH JN,0,,15236,0,0,0
15267,Sat_20260404-20270830,15267,,LOKMANYATILAK,0,,15267,0,0,0
15268,Mon_20260406-20270830,15268,,RAXAUL JN,0,,15268,0,0,0
15269,Thu_20260418-20270830,15269,,SABARMATI BG,0,,15269,0,0,0
15270,Sat_20260704-20270830,15270,,MUZAFFARPUR JN,0,,15270,0,0,0
15271,Wed_20260630-20270830,15271,,MUZAFFARPUR JN,0,,15271,0,0,0
15272,Tue_20260630-20270830,15272,,HOWRAH JN,0,,15272,0,0,0
15273,Mon-Tue-Wed-Thu-Fri-Sat-Sun_20260522-20270830,15273,,ANAND VIHAR TERMINAL,0,,15273,0,0,0
15274,Mon-Tue-Wed-Thu-Fri-Sat-Sun_20260522-20270830,15274,,RAXAUL JN,0,,15274,0,0,0
15279,Thu-Sun_20260402-20270830,15279,,ANAND VIHAR TERMINAL,0,,15279,0,0,0
15280,Mon-Fri_20260206-20270830,15280,,SAHARSA JN,0,,15280,0,0,0
15283,Mon-Tue-Wed-Thu-Fri-Sat-Sun_20260101-20270830,15283,,JAYNAGAR,0,,15283,0,0,0
15284,Mon-Tue-Wed-Thu-Fri-Sat-Sun_20260401-20270830,15284,,MANIHARI,0,,15284,0,0,0
15293,Tue_20260513-20270830,15293,,CHARLAPALLI,0,,15293,0,0,0
15294,Thu_20260513-20270830,15294,,MUZAFFARPUR JN,0,,15294,0,0,0
15301,Tue_20260922-20270830,15301,,LALKUA JN.,0,,15301,0,0,0
15302,Sat_20260919-20270830,15302,,KSR BENGALURU,0,,15302,0,0,0
15303,Mon-Tue-Wed-Thu-Fri-Sat-Sun_20260520-20270830,15303,,NEW DELHI,0,,15303,0,0,0
15304,Mon-Tue-Wed-Thu-Fri-Sat-Sun_20260520-20270830,15304,,KASGANJ,0,,15304,0,0,0
15305,Mon-Tue-Wed-Thu-Fri-Sat-Sun_20260520-20270830,15305,,ROHTAK JN,0,,15305,0,0,0
15306,Mon-Tue-Wed-Thu-Fri-Sat-Sun_20260520-20270830,15306,,NEW DELHI,0,,15306,0,0,0
15307,Mon-Tue-Wed-Thu-Fri-Sat-Sun_20260620-20270830,15307,,SIRSA,0,,15307,0,0,0
15308,Mon-Tue-Wed-Thu-Fri-Sat-Sun_20260621-20270830,15308,,TILAK BRIDGE,0,,15308,0,0,0
15309,Wed-Fri_20260805-20270830,15309,,RAMNAGAR,0,,15309,0,0,0
15310,Wed-Fri_20260805-20270830,15310,,DEHRADOON,0,,15310,0,0,0
15311,Mon-Tue-Wed-Thu-Fri-Sat-Sun_20260727-20270830,15311,,KASGANJ,0,,15311,0,0,0
15312,Mon-Tue-Wed-Thu-Fri-Sat-Sun_20260727-20270830,15312,,AISHBAGH,0,,15312,0,0,0
15417,Tue-Fri-Sun_20260501-20270830,15417,,SILGHAT TOWN,0,,15417,0,0,0
15418,Mon-Wed-Sat_20260504-20270830,15418,,ALIPUR DUAR JN,0,,15418,0,0,0
15463,Mon-Tue-Wed-Thu-Fri-Sat-Sun_20260427-20270830,15463,,HALDIBARI,0,,15463,0,0,0
15464,Mon-Tue-Wed-Thu-Fri-Sat-Sun_20260427-20270830,15464,,BALURGHAT,0,,15464,0,0,0
15467,Mon-Tue-Wed-Thu-Fri-Sat-Sun_20260505-20270830,15467,,BAMANHAT,0,,15467,0,0,0
15468,Mon-Tue-Wed-Thu-Fri-Sat-Sun_20260313-20270830,15468,,HALDIBARI,0,,15468,0,0,0
15483,Mon-Tue-Wed-Thu-Fri-Sat-Sun_20260719-20270830,15483,,DELHI JN.,0,,15483,0,0,0
15484,Mon-Tue-Wed-Thu-Fri-Sat-Sun_20260720-20270830,15484,,ALIPUR DUAR JN,0,,15484,0,0,0
15501,Mon-Thu_20260426-20270830,15501,,JOGBANI,0,,15501,0,0,0
15502,Mon-Thu_20260426-20270830,15502,,RAXAUL JN,0,,15502,0,0,0
15503,Mon-Fri_20260101-20270830,15503,,PATNA JN,0,,15503,0,0,0
15504,Thu-Sun_20260101-20270830,15504,,SAHARSA JN,0,,15504,0,0,0
15505,Mon-Fri_20260403-20270830,15505,,PATLIPUTRA,0,,15505,0,0,0
15506,Mon-Fri_20260101-20270830,15506,,SAHARSA JN,0,,15506,0,0,0
15507,Mon-Tue-Wed-Thu-Fri-Sat-Sun_20260602-20270830,15507,,PATLIPUTRA,0,,15507,0,0,0
15508,Mon-Tue-Wed-Thu-Fri-Sat-Sun_20260602-20270830,15508,,DARBHANGA JN,0,,15508,0,0,0
15509,Tue-Wed-Thu-Sat-Sun_20260101-20270830,15509,,PATNA JN,0,,15509,0,0,0
15510,Mon-Tue-Wed-Fri-Sat_20260101-20270830,15510,,LALITGRAM,0,,15510,0,0,0
15515,Mon-Tue-Wed-Thu-Fri-Sat-Sun_20260401-20270830,15515,,DANAPUR,0,,15515,0,0,0
15516,Mon-Tue-Wed-Thu-Fri-Sat-Sun_20260101-20270830,15516,,NARKATIAGANJ JN,0,,15516,0,0,0
15527,Mon-Tue-Wed-Thu-Fri-Sat-Sun_20260101-20270830,15527,,PATNA JN,0,,15527,0,0,0
15528,Mon-Tue-Wed-Thu-Fri-Sat-Sun_20260101-20270830,15528,,JAYNAGAR,0,,15528,0,0,0
15529,Wed_20260101-20270830,15529,,ANAND VIHAR TERMINAL,0,,15529,0,0,0
15530,Thu_20260101-20270830,15530,,SAHARSA JN,0,,15530,0,0,0
15531,Sun_20260812-20270830,15531,,AMRITSAR,0,,15531,0,0,0
15532,Mon_20260812-20270830,15532,,SAHARSA JN,0,,15532,0,0,0
15549,Mon-Tue-Wed-Thu-Fri-Sun_20260401-20270830,15549,,PATNA JN,0,,15549,0,0,0
15550,Mon-Tue-Wed-Thu-Fri-Sun_20260515-20270830,15550,,JAYNAGAR,0,,15550,0,0,0
15551,Wed_20260325-20270830,15551,,VARANASI CITY,0,,15551,0,0,0
15552,Thu_20260326-20270830,15552,,DARBHANGA JN,0,,15552,0,0,0
15553,Mon-Tue-Wed-Thu-Fri-Sat-Sun_20260101-20270830,15553,,JAYNAGAR,0,,15553,0,0,0
15554,Mon-Tue-Wed-Thu-Fri-Sat-Sun_20260401-20270830,15554,,BHAGALPUR,0,,15554,0,0,0
15555,Mon-Tue-Wed-Thu-Fri-Sat-Sun_20260205-20270830,15555,,BAPUDM MOTIHARI,0,,15555,0,0,0
15556,Mon-Tue-Wed-Thu-Fri-Sat-Sun_20260101-20270830,15556,,PATLIPUTRA,0,,15556,0,0,0
15557,Mon-Thu_20260511-20270830,15557,,ANAND VIHAR TERMINAL,0,,15557,0,0,0
15558,Tue-Fri_20260512-20270830,15558,,DARBHANGA JN,0,,15558,0,0,0
15559,Wed_20260318-20270830,15559,,AHMEDABAD JN,0,,15559,0,0,0
15560,Fri_20260320-20270830,15560,,DARBHANGA JN,0,,15560,0,0,0
15561,Sat_20260404-20270830,15561,,GOMTI NAGAR,0,,15561,0,0,0
15562,Sun_20260628-20270830,15562,,DARBHANGA JN,0,,15562,0,0,0
15565,Mon-Tue-Wed-Thu-Fri-Sat-Sun_20260101-20270830,15565,,NEW DELHI,0,,15565,0,0,0
15566,Mon-Tue-Wed-Thu-Fri-Sat-Sun_20260101-20270830,15566,,LALITGRAM,0,,15566,0,0,0
15567,Tue-Fri_20260513-20270830,15567,,ANAND VIHAR TERMINAL,0,,15567,0,0,0
15568,Wed-Sat_20260513-20270830,15568,,BAPUDM MOTIHARI,0,,15568,0,0,0
15589,Mon_20260101-20270830,15589,,HADAPSAR,0,,15589,0,0,0
15590,Wed_20260101-20270830,15590,,MUZAFFARPUR JN,0,,15590,0,0,0
15601,Mon-Tue-Wed-Thu-Fri-Sat-Sun_20260306-20270830,15601,,GUWAHATI,0,,15601,0,0,0
15602,Mon-Tue-Wed-Thu-Fri-Sat-Sun_20260306-20270830,15602,,DHUBRI,0,,15602,0,0,0
15603,Mon-Tue-Wed-Thu-Fri-Sat-Sun_20260505-20270830,15603,,LEDO,0,,15603,0,0,0
15604,Mon-Tue-Wed-Thu-Fri-Sat-Sun_20260430-20270830,15604,,GUWAHATI,0,,15604,0,0,0
15607,Tue_20260601-20261019,15607,,SILCHAR,0,,15607,0,0,0
15608,Thu_20260611-20270830,15608,,THIRUVANANTHAPURAM CENTRAL,0,,15608,0,0,0
15609,Mon-Tue-Wed-Thu-Fri-Sat-Sun_20260430-20270830,15609,,SAIRANG,0,,15609,0,0,0
15610,Mon-Tue-Wed-Thu-Fri-Sat-Sun_20260504-20270830,15610,,GUWAHATI,0,,15610,0,0,0
15611,Mon-Tue-Wed-Thu-Fri-Sat-Sun_20260430-20270830,15611,,SILCHAR,0,,15611,0,0,0
15612,Mon-Tue-Wed-Thu-Fri-Sat-Sun_20260503-20270830,15612,,RANGIYA JN.,0,,15612,0,0,0
15613,Mon-Tue-Wed-Thu-Fri-Sat-Sun_20260430-20270830,15613,,MURKEONG SELEK,0,,15613,0,0,0
15614,Mon-Tue-Wed-Thu-Fri-Sat-Sun_20260504-20270830,15614,,GUWAHATI,0,,15614,0,0,0
15615,Mon-Tue-Wed-Thu-Fri-Sat-Sun_20260430-20270830,15615,,SILCHAR,0,,15615,0,0,0
15616,Mon-Tue-Wed-Thu-Fri-Sat-Sun_20260430-20270830,15616,,GUWAHATI,0,,15616,0,0,0
15617,Mon-Wed-Sat_20260502-20270830,15617,,DULLABCHERRA,0,,15617,0,0,0
15618,Tue-Thu-Sun_20260430-20270830,15618,,GUWAHATI,0,,15618,0,0,0
15619,Tue_20260127-20270830,15619,,KAMAKHYA,0,,15619,0,0,0
15620,Mon_20260101-20270830,15620,,GAYA JN,0,,15620,0,0,0
15621,Thu_20260101-20270830,15621,,ANAND VIHAR TERMINAL,0,,15621,0,0,0
15622,Fri_20260101-20270830,15622,,KAMAKHYA,0,,15622,0,0,0
15623,Tue_20260721-20261013,15623,,KAMAKHYA,0,,15623,0,0,0
15624,Fri_20260507-20261105,15624,,BHAGAT KI KOTHI,0,,15624,0,0,0
15625,Mon_20260309-20270830,15625,,AGARTALA,0,,15625,0,0,0
15626,Sat_20260509-20270830,15626,,DEOGHAR,0,,15626,0,0,0
15627,Sun_20260607-20261017,15627,,SILCHAR,0,,15627,0,0,0
15628,Tue_20260609-20270830,15628,,COIMBATORE JN,0,,15628,0,0,0
15629,Mon_20260608-20270830,15629,,SILGHAT TOWN,0,,15629,0,0,0
15630,Fri_20260601-20270830,15630,,TAMBARAM,0,,15630,0,0,0
15631,Sun_20260101-20270830,15631,,GUWAHATI,0,,15631,0,0,0
15632,Thu_20260101-20270830,15632,,BARMER,0,,15632,0,0,0
15633,Wed_20260101-20270830,15633,,GUWAHATI,0,,15633,0,0,0
15634,Sat_20260101-20270830,15634,,BIKANER JN,0,,15634,0,0,0
15635,Fri_20260317-20270830,15635,,GUWAHATI,0,,15635,0,0,0
15636,Mon_20260317-20270830,15636,,OKHA,0,,15636,0,0,0
15637,Mon-Wed-Fri_20260708-20270830,15637,,KHONGSANG,0,,15637,0,0,0
15638,Mon-Wed-Fri_20260707-20270830,15638,,AGARTALA,0,,15638,0,0,0
15639,Tue_20260324-20270830,15639,,KAMAKHYA,0,,15639,0,0,0
15640,Sun_20260614-20270830,15640,,PURI,0,,15640,0,0,0
15641,Sat_20260509-20270830,15641,,NEW TINSUKIA,0,,15641,0,0,0
15642,Sun_20260510-20270830,15642,,SILCHAR,0,,15642,0,0,0
15643,Sat_20260418-20270830,15643,,KAMAKHYA,0,,15643,0,0,0
15644,Thu_20260625-20270830,15644,,PURI,0,,15644,0,0,0
15645,Sat_20260601-20261016,15645,,SILCHAR,0,,15645,0,0,0
15646,Wed_20260610-20270830,15646,,CHARLAPALLI,0,,15646,0,0,0
15647,Fri_20260403-20270830,15647,,GUWAHATI,0,,15647,0,0,0
15648,Tue_20260407-20270830,15648,,LOKMANYATILAK,0,,15648,0,0,0
15649,Mon-Tue-Wed-Thu-Fri-Sat-Sun_20260707-20270830,15649,,NARANGI,0,,15649,0,0,0
15650,Mon-Tue-Wed-Thu-Fri-Sat-Sun_20260707-20270830,15650,,AGARTALA,0,,15650,0,0,0
15651,Mon_20260722-20270830,15651,,JAMMUTAVI,0,,15651,0,0,0
15652,Wed_20260826-20270830,15652,,GUWAHATI,0,,15652,0,0,0
15653,Wed_20260722-20270830,15653,,JAMMUTAVI,0,,15653,0,0,0
15654,Fri_20260828-20270830,15654,,GUWAHATI,0,,15654,0,0,0
15655,Sun_20260722-20270830,15655,,SHRI MATA VAISHNO DEVI KATRA,0,,15655,0,0,0
15656,Wed_20260722-20261020,15656,,KAMAKHYA,0,,15656,0,0,0
15657,Mon-Tue-Wed-Thu-Fri-Sat-Sun_20260430-20270830,15657,,KAMAKHYA,0,,15657,0,0,0
15658,Mon-Tue-Wed-Thu-Fri-Sat-Sun_20260307-20270830,15658,,DELHI JN.,0,,15658,0,0,0
15659,Sun_20260503-20270830,15659,,AGARTALA,0,,15659,0,0,0
15660,Thu_20260507-20270830,15660,,LOKMANYATILAK,0,,15660,0,0,0
15661,Wed_20260610-20270830,15661,,KAMAKHYA,0,,15661,0,0,0
15662,Tue_20260721-20270830,15662,,RANCHI,0,,15662,0,0,0
15663,Mon-Tue-Wed-Thu-Fri-Sat-Sun_20260430-20270830,15663,,SILCHAR,0,,15663,0,0,0
15664,Mon-Tue-Wed-Thu-Fri-Sat-Sun_20260430-20270830,15664,,AGARTALA,0,,15664,0,0,0
15665,Mon-Tue-Wed-Thu-Fri-Sat-Sun_20260505-20270830,15665,,MARIANI JN,0,,15665,0,0,0
15666,Mon-Tue-Wed-Thu-Fri-Sat-Sun_20260430-20270830,15666,,GUWAHATI,0,,15666,0,0,0
15667,Sat_20260317-20270830,15667,,KAMAKHYA,0,,15667,0,0,0
15668,Wed_20260317-20270830,15668,,GANDHIDHAM BG,0,,15668,0,0,0
15669,Mon-Tue-Wed-Thu-Fri-Sat-Sun_20260504-20270830,15669,,DIBRUGARH,0,,15669,0,0,0
15670,Mon-Tue-Wed-Thu-Fri-Sat-Sun_20260504-20270830,15670,,GUWAHATI,0,,15670,0,0,0
15671,Fri_20260327-20270830,15671,,ROHTAK JN,0,,15671,0,0,0
15672,Sun_20260503-20270830,15672,,KAMAKHYA,0,,15672,0,0,0
15673,Wed_20260603-20261020,15673,,KAMAKHYA,0,,15673,0,0,0
15674,Sun_20260601-20270830,15674,,CHARLAPALLI,0,,15674,0,0,0
15675,Mon-Tue-Wed-Thu-Fri-Sat-Sun_20260515-20270830,15675,,GUWAHATI,0,,15675,0,0,0
15676,Mon-Tue-Wed-Thu-Fri-Sat-Sun_20260430-20270830,15676,,NEW JALPAIGURI,0,,15676,0,0,0
15701,Mon-Tue-Wed-Thu-Fri-Sat-Sun_20260101-20270830,15701,,SILIGURI JN,0,,15701,0,0,0
15702,Mon-Tue-Wed-Thu-Fri-Sat-Sun_20260427-20270830,15702,,KATIHAR JN,0,,15702,0,0,0
15703,Mon-Tue-Wed-Thu-Fri-Sat-Sun_20260510-20270830,15703,,BONGAIGAON,0,,15703,0,0,0
15704,Mon-Tue-Wed-Thu-Fri-Sat-Sun_20260510-20270830,15704,,NEW JALPAIGURI,0,,15704,0,0,0
15705,Mon-Thu_20260209-20270830,15705,,DELHI JN.,0,,15705,0,0,0
15706,Tue-Fri_20260210-20270830,15706,,KATIHAR JN,0,,15706,0,0,0
15707,Mon-Tue-Wed-Thu-Fri-Sat-Sun_20260615-20270830,15707,,AMRITSAR,0,,15707,0,0,0
15708,Mon-Tue-Wed-Thu-Fri-Sat-Sun_20260616-20270830,15708,,KATIHAR JN,0,,15708,0,0,0
15709,Mon-Tue-Wed-Thu-Fri-Sat-Sun_20260427-20270830,15709,,NEW JALPAIGURI,0,,15709,0,0,0
15710,Mon-Tue-Wed-Thu-Fri-Sat-Sun_20260427-20270830,15710,,MALDA TOWN,0,,15710,0,0,0
15711,Tue_20260418-20270830,15711,,KATIHAR JN,0,,15711,0,0,0
15712,Mon_20260418-20270830,15712,,HOWRAH JN,0,,15712,0,0,0
15713,Mon-Tue-Wed-Thu-Fri-Sat-Sun_20260101-20270830,15713,,PATNA JN,0,,15713,0,0,0
15714,Mon-Tue-Wed-Thu-Fri-Sat-Sun_20260101-20270830,15714,,KATIHAR JN,0,,15714,0,0,0
15715,Tue-Fri-Sun_20260327-20270830,15715,,AJMER JN,0,,15715,0,0,0
15716,Mon-Tue-Thu_20260427-20270830,15716,,KISHANGANJ,0,,15716,0,0,0
15719,Mon-Tue-Wed-Thu-Fri-Sat-Sun_20260427-20270830,15719,,SILIGURI JN,0,,15719,0,0,0
15720,Mon-Tue-Wed-Thu-Fri-Sat-Sun_20260427-20270830,15720,,KATIHAR JN,0,,15720,0,0,0
15721,Sat_20260425-20270830,15721,,NEW JALPAIGURI,0,,15721,0,0,0
15722,Fri_20260424-20270830,15722,,DIGHA,0,,15722,0,0,0
15723,Mon-Tue-Thu-Fri-Sat_20260427-20270830,15723,,SILIGURI TOWN,0,,15723,0,0,0
15724,Mon-Tue-Thu-Fri-Sat_20260427-20270830,15724,,JOGBANI,0,,15724,0,0,0
15725,Tue-Sat_20260505-20270830,15725,,ANAND VIHAR TERMINAL,0,,15725,0,0,0
15726,Wed-Sun_20260503-20270830,15726,,NEW JALPAIGURI,0,,15726,0,0,0
15733,Mon-Thu-Sat_20260725-20270830,15733,,BATHINDA,0,,15733,0,0,0
15734,Mon-Wed-Sat_20260427-20270830,15734,,BALURGHAT,0,,15734,0,0,0
15743,Tue-Wed-Fri-Sun_20260804-20270830,15743,,BATHINDA,0,,15743,0,0,0
15744,Tue-Thu-Fri-Sun_20260804-20270830,15744,,BALURGHAT,0,,15744,0,0,0
15753,Mon-Tue-Wed-Thu-Fri-Sat-Sun_20260207-20270830,15753,,GUWAHATI,0,,15753,0,0,0
15754,Mon-Tue-Wed-Thu-Fri-Sat-Sun_20260526-20270830,15754,,ALIPUR DUAR JN,0,,15754,0,0,0
15767,Mon-Tue-Wed-Thu-Fri-Sat-Sun_20260101-20270830,15767,,ALIPUR DUAR JN,0,,15767,0,0,0
15768,Mon-Tue-Wed-Thu-Fri-Sat-Sun_20260101-20270830,15768,,SILIGURI JN,0,,15768,0,0,0
15769,Mon-Tue-Wed-Thu-Fri-Sat-Sun_20260503-20270830,15769,,MARIANI JN,0,,15769,0,0,0
15770,Mon-Tue-Wed-Thu-Fri-Sat-Sun_20260430-20270830,15770,,ALIPUR DUAR JN,0,,15770,0,0,0
15777,Mon-Tue-Wed-Thu-Fri-Sat-Sun_20260427-20270830,15777,,ALIPUR DUAR JN,0,,15777,0,0,0
15778,Mon-Tue-Wed-Thu-Fri-Sat-Sun_20260620-20270830,15778,,NEW JALPAIGURI,0,,15778,0,0,0
15813,Mon-Tue-Wed-Thu-Fri-Sat-Sun_20260430-20270830,15813,,MURKEONG SELEK,0,,15813,0,0,0
15814,Mon-Tue-Wed-Thu-Fri-Sat-Sun_20260507-20270830,15814,,DEKARGAON,0,,15814,0,0,0
15815,Mon-Tue-Wed-Thu-Fri-Sat-Sun_20260507-20270830,15815,,DEKARGAON,0,,15815,0,0,0
15816,Mon-Tue-Wed-Thu-Fri-Sat-Sun_20260509-20270830,15816,,GUWAHATI,0,,15816,0,0,0
15817,Mon-Tue-Wed-Thu-Fri-Sat-Sun_20260407-20270830,15817,,NAHARLAGUN,0,,15817,0,0,0
15818,Mon-Tue-Wed-Thu-Fri-Sat-Sun_20260430-20270830,15818,,SUKHOVI,0,,15818,0,0,0
15895,Mon-Tue-Wed-Thu-Fri-Sat-Sun_20260430-20270830,15895,,MURKEONG SELEK,0,,15895,0,0,0
15896,Mon-Tue-Wed-Thu-Fri-Sat-Sun_20260218-20270830,15896,,RANGIYA JN.,0,,15896,0,0,0
15903,Mon-Fri_20260508-20270830,15903,,CHANDIGARH,0,,15903,0,0,0
15904,Wed-Sun_20260101-20270830,15904,,DIBRUGARH,0,,15904,0,0,0
15907,Tue-Wed-Fri-Sat-Sun_20260508-20270830,15907,,NAHARLAGUN,0,,15907,0,0,0
15908,Mon-Wed-Thu-Sat-Sun_20260509-20270830,15908,,TINSUKIA JN.,0,,15908,0,0,0
15909,Mon-Tue-Wed-Thu-Fri-Sat-Sun_20260505-20270830,15909,,LALGARH JN,0,,15909,0,0,0
15910,Mon-Tue-Wed-Thu-Fri-Sat-Sun_20260430-20270830,15910,,DIBRUGARH,0,,15910,0,0,0
15911,Wed-Thu-Sun_20260507-20270830,15911,,NAHARLAGUN,0,,15911,0,0,0
15912,Mon-Thu-Fri_20260508-20270830,15912,,TINSUKIA JN.,0,,15912,0,0,0
15925,Thu_20260319-20270830,15925,,DIBRUGARH,0,,15925,0,0,0
15926,Wed_20260325-20270830,15926,,DEOGHAR,0,,15926,0,0,0
15927,Mon-Tue-Fri-Sat_20260501-20270830,15927,,NEW TINSUKIA,0,,15927,0,0,0
15928,Tue-Wed-Sat-Sun_20260505-20270830,15928,,RANGIYA JN.,0,,15928,0,0,0
15929,Thu_20260604-20270830,15929,,NEW TINSUKIA,0,,15929,0,0,0
15930,Mon_20260601-20270830,15930,,TAMBARAM,0,,15930,0,0,0
15933,Tue_20260811-20270830,15933,,AMRITSAR,0,,15933,0,0,0
15934,Fri_20260813-20270830,15934,,NEW TINSUKIA,0,,15934,0,0,0
15945,Wed-Sat_20260506-20270830,15945,,DIBRUGARH,0,,15945,0,0,0
15946,Wed-Sun_20260506-20270830,15946,,LOKMANYATILAK,0,,15946,0,0,0
15949,Fri_20260508-20270830,15949,,GOMTI NAGAR,0,,15949,0,0,0
15950,Sun_20260215-20270830,15950,,DIBRUGARH,0,,15950,0,0,0
15959,Tue-Wed-Thu-Sat-Sun_20260430-20270830,15959,,DIBRUGARH,0,,15959,0,0,0
15960,Mon-Tue-Wed-Fri-Sat_20260505-20270830,15960,,HOWRAH JN,0,,15960,0,0,0
15961,Mon-Fri_20260723-20270830,15961,,DIBRUGARH,0,,15961,0,0,0
15962,Mon-Fri_20260504-20270830,15962,,HOWRAH JN,0,,15962,0,0,0
15967,Wed-Thu-Sun_20260308-20270830,15967,,LEDO,0,,15967,0,0,0
15968,Mon-Thu-Fri_20260504-20270830,15968,,RANGIYA JN.,0,,15968,0,0,0
16003,Sun_20260601-20270830,16003,,NAGARSOL,0,,16003,0,0,0
16004,Mon_20260601-20270830,16004,,PURATCHI THALAIVAR DR. MGR CTL,0,,16004,0,0,0
16021,Mon-Tue-Wed-Thu-Fri-Sat-Sun_20260524-20261006,16021,,ASHOKAPURAM,0,,16021,0,0,0
16022,Mon-Tue-Wed-Thu-Fri-Sat-Sun_20260506-20270830,16022,,PURATCHI THALAIVAR DR. MGR CTL,0,,16022,0,0,0
16031,Wed-Thu-Sun_20260816-20261017,16031,,SHRI MATA VAISHNO DEVI KATRA,0,,16031,0,0,0
16032,Tue-Fri-Sat_20260722-20270830,16032,,PURATCHI THALAIVAR DR. MGR CTL,0,,16032,0,0,0
16053,Mon-Tue-Wed-Thu-Fri-Sat-Sun_20260601-20270830,16053,,TIRUPATI,0,,16053,0,0,0
16054,Mon-Tue-Wed-Thu-Fri-Sat-Sun_20260601-20270830,16054,,PURATCHI THALAIVAR DR. MGR CTL,0,,16054,0,0,0
16057,Mon-Tue-Wed-Thu-Fri-Sat-Sun_20260601-20270830,16057,,TIRUPATI,0,,16057,0,0,0
16058,Mon-Tue-Wed-Thu-Fri-Sat-Sun_20260601-20270830,16058,,PURATCHI THALAIVAR DR. MGR CTL,0,,16058,0,0,0
16085,Mon-Tue-Wed-Thu-Fri-Sat-Sun_20260101-20270830,16085,,JOLARPETTAI JN.,0,,16085,0,0,0
16086,Mon-Tue-Wed-Thu-Fri-Sat-Sun_20260101-20270830,16086,,ARAKKONAM JN.,0,,16086,0,0,0
16087,Mon-Tue-Wed-Thu-Fri_20260101-20270830,16087,,SALEM JN,0,,16087,0,0,0
16088,Mon-Tue-Wed-Thu-Fri_20260126-20270830,16088,,ARAKKONAM JN.,0,,16088,0,0,0
16089,Mon-Tue-Wed-Thu-Fri-Sat-Sun_20260126-20270830,16089,,JOLARPETTAI JN.,0,,16089,0,0,0
16090,Mon-Tue-Wed-Thu-Fri-Sat-Sun_20260101-20270830,16090,,PURATCHI THALAIVAR DR. MGR CTL,0,,16090,0,0,0
16093,Tue-Sat_20260601-20270830,16093,,LUCKNOW,0,,16093,0,0,0
16094,Mon-Thu_20260601-20270830,16094,,PURATCHI THALAIVAR DR. MGR CTL,0,,16094,0,0,0
16101,Mon-Tue-Wed-Thu-Fri-Sat-Sun_20260710-20270830,16101,,KOLLAM JN,0,,16101,0,0,0
16102,Mon-Tue-Wed-Thu-Fri-Sat-Sun_20260710-20270830,16102,,TAMBARAM,0,,16102,0,0,0
16103,Mon-Tue-Wed-Thu-Fri-Sat-Sun_20260316-20270830,16103,,RAMESWARAM,0,,16103,0,0,0
16104,Mon-Tue-Wed-Thu-Fri-Sat-Sun_20260316-20270830,16104,,TAMBARAM,0,,16104,0,0,0
16107,Fri_20260605-20261015,16107,,SANTRAGACHI JN,0,,16107,0,0,0
16108,Sat_20260601-20270830,16108,,TAMBARAM,0,,16108,0,0,0
16111,Mon-Tue-Wed-Thu-Fri-Sat-Sun_20260601-20270830,16111,,PONDICHERRY,0,,16111,0,0,0
16112,Mon-Tue-Wed-Thu-Fri-Sat-Sun_20260601-20270830,16112,,TIRUPATI,0,,16112,0,0,0
16115,Mon-Tue-Wed-Thu-Fri-Sat-Sun_20260407-20270830,16115,,PONDICHERRY,0,,16115,0,0,0
16116,Mon-Tue-Wed-Thu-Fri-Sat-Sun_20260101-20270830,16116,,CHENNAI EGMORE,0,,16116,0,0,0
16121,Wed_20260819-20270830,16121,,THIRUVANANTHAPURAM CENTRAL,0,,16121,0,0,0
16122,Thu_20260312-20270830,16122,,TAMBARAM,0,,16122,0,0,0
16127,Mon-Tue-Wed-Thu-Fri-Sat-Sun_20260625-20260922,16127,,GURUVAYUR,0,,16127,0,0,0
16128,Mon-Tue-Wed-Thu-Fri-Sat-Sun_20260625-20270830,16128,,CHENNAI EGMORE,0,,16128,0,0,0
16159,Mon-Tue-Wed-Thu-Fri-Sat-Sun_20260615-20270830,16159,,MANGALORE CENTRAL,0,,16159,0,0,0
16160,Mon-Tue-Wed-Thu-Fri-Sat-Sun_20260615-20270830,16160,,CHENNAI EGMORE,0,,16160,0,0,0
16175,Mon-Tue-Wed-Thu-Fri-Sat-Sun_20260701-20270830,16175,,VELLANKANNI,0,,16175,0,0,0
16176,Mon-Tue-Wed-Thu-Fri-Sat-Sun_20260818-20270830,16176,,CHENNAI EGMORE,0,,16176,0,0,0
16179,Mon-Tue-Wed-Thu-Fri-Sat-Sun_20260407-20270830,16179,,MANNARGUDI,0,,16179,0,0,0
16180,Mon-Tue-Wed-Thu-Fri-Sat-Sun_20260203-20270830,16180,,CHENNAI EGMORE,0,,16180,0,0,0
16187,Mon-Tue-Wed-Thu-Fri-Sat-Sun_20260127-20270830,16187,,ERNAKULAM JN,0,,16187,0,0,0
16188,Mon-Tue-Wed-Thu-Fri-Sat-Sun_20260101-20270830,16188,,KARAIKAL,0,,16188,0,0,0
16203,Mon-Tue-Wed-Thu-Fri-Sat-Sun_20260601-20270830,16203,,TIRUPATI,0,,16203,0,0,0
16204,Mon-Tue-Wed-Thu-Fri-Sat-Sun_20260601-20270830,16204,,PURATCHI THALAIVAR DR. MGR CTL,0,,16204,0,0,0
16205,Mon-Tue-Wed-Thu-Fri-Sat-Sun_20260408-20270830,16205,,MYSORE JN,0,,16205,0,0,0
16206,Mon-Tue-Wed-Thu-Fri-Sat-Sun_20260408-20270830,16206,,TALGUPPA,0,,16206,0,0,0
16207,Mon-Tue-Wed-Thu-Fri-Sat-Sun_20260101-20270830,16207,,MYSORE JN,0,,16207,0,0,0
16208,Mon-Tue-Wed-Thu-Fri-Sat-Sun_20260101-20270830,16208,,YESVANTPUR JN.,0,,16208,0,0,0
16209,Fri-Sun_20260828-20270830,16209,,MYSORE JN,0,,16209,0,0,0
16210,Tue-Thu_20260825-20270830,16210,,AJMER JN,0,,16210,0,0,0
16211,Mon-Tue-Wed-Thu-Fri-Sat-Sun_20260102-20270830,16211,,SALEM JN,0,,16211,0,0,0
16212,Mon-Tue-Wed-Thu-Fri-Sat-Sun_20260102-20270830,16212,,YESVANTPUR JN.,0,,16212,0,0,0
16213,Mon-Tue-Wed-Thu-Fri-Sat-Sun_20260101-20270830,16213,,SSS HUBBALLI JN,0,,16213,0,0,0
16214,Mon-Tue-Wed-Thu-Fri-Sat-Sun_20260320-20270830,16214,,ARSIKERE JN,0,,16214,0,0,0
16215,Mon-Tue-Wed-Thu-Fri-Sat-Sun_20260219-20270830,16215,,KSR BENGALURU,0,,16215,0,0,0
16216,Mon-Tue-Wed-Thu-Fri-Sat-Sun_20260101-20270830,16216,,MYSORE JN,0,,16216,0,0,0
16217,Mon_20260819-20270830,16217,,SAINAGAR SHIRDI,0,,16217,0,0,0
16218,Wed_20260819-20270830,16218,,MYSORE JN,0,,16218,0,0,0
16219,Mon-Tue-Wed-Thu-Fri-Sat-Sun_20260601-20270830,16219,,TIRUPATI,0,,16219,0,0,0
16220,Mon-Tue-Wed-Thu-Fri-Sat-Sun_20260601-20261006,16220,,CHAMARAJANAGAR,0,,16220,0,0,0
16221,Mon-Tue-Wed-Thu-Fri-Sat-Sun_20260101-20270830,16221,,MYSORE JN,0,,16221,0,0,0
16222,Mon-Tue-Wed-Thu-Fri-Sat-Sun_20260101-20270830,16222,,TALGUPPA,0,,16222,0,0,0
16223,Thu_20260806-20261014,16223,,RADHIKAPUR,0,,16223,0,0,0
16224,Sun_20260816-20270830,16224,,SMVT BENGALURU,0,,16224,0,0,0
16225,Mon-Tue-Wed-Thu-Fri-Sat-Sun_20260101-20270830,16225,,SHIMOGA TOWN,0,,16225,0,0,0
16226,Mon-Tue-Wed-Thu-Fri-Sat-Sun_20260101-20270830,16226,,MYSORE JN,0,,16226,0,0,0
16227,Mon-Tue-Wed-Thu-Fri-Sat-Sun_20260101-20270830,16227,,TALGUPPA,0,,16227,0,0,0
16228,Mon-Tue-Wed-Thu-Fri-Sat-Sun_20260101-20270830,16228,,MYSORE JN,0,,16228,0,0,0
16231,Mon-Tue-Wed-Thu-Fri-Sat-Sun_20260525-20270830,16231,,MYSORE JN,0,,16231,0,0,0
16232,Mon-Tue-Wed-Thu-Fri-Sat-Sun_20260506-20270830,16232,,CUDDALORE PORT JN.,0,,16232,0,0,0
16235,Mon-Tue-Wed-Thu-Fri-Sat-Sun_20260524-20270830,16235,,MYSORE JN,0,,16235,0,0,0
16236,Mon-Tue-Wed-Thu-Fri-Sat-Sun_20260506-20270830,16236,,TUTICORIN,0,,16236,0,0,0
16239,Mon-Tue-Wed-Thu-Fri-Sat-Sun_20260429-20270830,16239,,YESVANTPUR JN.,0,,16239,0,0,0
16240,Mon-Tue-Wed-Thu-Fri-Sat-Sun_20260429-20270830,16240,,CHIKKAMAGALURU,0,,16240,0,0,0
16301,Mon-Tue-Wed-Thu-Fri-Sat-Sun_20260101-20270830,16301,,THIRUVANANTHAPURAM CENTRAL,0,,16301,0,0,0
16302,Mon-Tue-Wed-Thu-Fri-Sat-Sun_20260127-20270830,16302,,SHORANUR JN,0,,16302,0,0,0
16303,Mon-Tue-Wed-Thu-Fri-Sat-Sun_20260522-20270830,16303,,THIRUVANANTHAPURAM CENTRAL,0,,16303,0,0,0
16304,Mon-Tue-Wed-Thu-Fri-Sat-Sun_20260522-20270830,16304,,ERNAKULAM JN,0,,16304,0,0,0
16305,Mon-Tue-Wed-Thu-Fri-Sat-Sun_20260101-20270830,16305,,KANNUR,0,,16305,0,0,0
16306,Mon-Tue-Wed-Thu-Fri-Sat-Sun_20260101-20270830,16306,,ERNAKULAM JN,0,,16306,0,0,0
16307,Mon-Tue-Wed-Thu-Fri-Sat-Sun_20260101-20270830,16307,,KANNUR,0,,16307,0,0,0
16308,Mon-Tue-Wed-Thu-Fri-Sat-Sun_20260401-20270830,16308,,ALAPPUZHA,0,,16308,0,0,0
16309,Mon-Tue-Wed-Thu-Fri-Sat-Sun_20260126-20270830,16309,,KAYANKULAM JN,0,,16309,0,0,0
16310,Mon-Tue-Wed-Thu-Fri-Sat-Sun_20260126-20270830,16310,,ERNAKULAM JN,0,,16310,0,0,0
16311,Tue_20260819-20270830,16311,,THIRUVANANTHAPURAM NORTH,0,,16311,0,0,0
16312,Sat_20260819-20261020,16312,,SHRI GANGANAGAR,0,,16312,0,0,0
16313,Mon_20260629-20270830,16313,,MANGALORE JUNCTION,0,,16313,0,0,0
16314,Tue_20260623-20270830,16314,,THIRUVANANTHAPURAM NORTH,0,,16314,0,0,0
16315,Mon-Tue-Wed-Thu-Fri-Sat-Sun_20260506-20270830,16315,,THIRUVANANTHAPURAM NORTH,0,,16315,0,0,0
16316,Mon-Tue-Wed-Thu-Fri-Sat-Sun_20260618-20270830,16316,,MYSORE JN,0,,16316,0,0,0
16317,Fri_20260821-20270830,16317,,SHRI MATA VAISHNO DEVI KATRA,0,,16317,0,0,0
16318,Mon_20260722-20270830,16318,,KANNIYAKUMARI,0,,16318,0,0,0
16319,Thu-Sat_20260102-20270830,16319,,SMVT BENGALURU,0,,16319,0,0,0
16320,Fri-Sun_20260101-20270830,16320,,THIRUVANANTHAPURAM NORTH,0,,16320,0,0,0
16321,Mon-Tue-Wed-Thu-Fri-Sat-Sun_20260101-20270830,16321,,COIMBATORE JN,0,,16321,0,0,0
16322,Mon-Tue-Wed-Thu-Fri-Sat-Sun_20260101-20270830,16322,,NAGERCOIL JUNCTION,0,,16322,0,0,0
16323,Mon-Tue-Wed-Thu-Fri-Sat-Sun_20260615-20270830,16323,,MANGALORE CENTRAL,0,,16323,0,0,0
16324,Mon-Tue-Wed-Thu-Fri-Sat-Sun_20260615-20270830,16324,,COIMBATORE JN,0,,16324,0,0,0
16325,Mon-Tue-Wed-Thu-Fri-Sat-Sun_20260609-20270830,16325,,KOTTAYAM,0,,16325,0,0,0
16326,Mon-Tue-Wed-Thu-Fri-Sat-Sun_20260609-20270830,16326,,NILAMBUR ROAD,0,,16326,0,0,0
16327,Mon-Tue-Wed-Thu-Fri-Sat-Sun_20260316-20270830,16327,,GURUVAYUR,0,,16327,0,0,0
16328,Mon-Tue-Wed-Thu-Fri-Sat-Sun_20260126-20270830,16328,,MADURAI JN,0,,16328,0,0,0
16329,Tue_20260318-20270830,16329,,MANGALORE JUNCTION,0,,16329,0,0,0
16330,Wed_20260318-20270830,16330,,NAGERCOIL JUNCTION,0,,16330,0,0,0
16331,Sun_20260601-20270830,16331,,THIRUVANANTHAPURAM CENTRAL,0,,16331,0,0,0
16332,Sat_20260808-20270830,16332,,LOKMANYATILAK,0,,16332,0,0,0
16333,Thu_20260819-20270830,16333,,THIRUVANANTHAPURAM CENTRAL,0,,16333,0,0,0
16334,Mon_20260819-20261020,16334,,VERAVAL,0,,16334,0,0,0
16335,Fri_20260819-20270830,16335,,NAGERCOIL JUNCTION,0,,16335,0,0,0
16336,Tue_20260819-20261020,16336,,GANDHIDHAM BG,0,,16336,0,0,0
16337,Mon-Sat_20260819-20270830,16337,,ERNAKULAM JN,0,,16337,0,0,0
16338,Wed-Fri_20260819-20261020,16338,,OKHA,0,,16338,0,0,0
16339,Tue-Wed-Thu-Sat_20260601-20270830,16339,,NAGERCOIL JUNCTION,0,,16339,0,0,0
16340,Mon-Tue-Wed-Fri_20260601-20270830,16340,,LOKMANYATILAK,0,,16340,0,0,0
16341,Mon-Tue-Wed-Thu-Fri-Sat-Sun_20260127-20270830,16341,,THIRUVANANTHAPURAM CENTRAL,0,,16341,0,0,0
16342,Mon-Tue-Wed-Thu-Fri-Sat-Sun_20260101-20270830,16342,,GURUVAYUR,0,,16342,0,0,0
16343,Mon-Tue-Wed-Thu-Fri-Sat-Sun_20260406-20270830,16343,,RAMESWARAM,0,,16343,0,0,0
16344,Mon-Tue-Wed-Thu-Fri-Sat-Sun_20260220-20270830,16344,,THIRUVANANTHAPURAM CENTRAL,0,,16344,0,0,0
16345,Mon-Tue-Wed-Thu-Fri-Sat-Sun_20260720-20270830,16345,,THIRUVANANTHAPURAM CENTRAL,0,,16345,0,0,0
16346,Mon-Tue-Wed-Thu-Fri-Sat-Sun_20260720-20270830,16346,,LOKMANYATILAK,0,,16346,0,0,0
16347,Mon-Tue-Wed-Thu-Fri-Sat-Sun_20260220-20270830,16347,,MANGALORE CENTRAL,0,,16347,0,0,0
16348,Mon-Tue-Wed-Thu-Fri-Sat-Sun_20260220-20270830,16348,,THIRUVANANTHAPURAM CENTRAL,0,,16348,0,0,0
16349,Mon-Tue-Wed-Thu-Fri-Sat-Sun_20260609-20270830,16349,,NILAMBUR ROAD,0,,16349,0,0,0
16350,Mon-Tue-Wed-Thu-Fri-Sat-Sun_20260609-20270830,16350,,THIRUVANANTHAPURAM NORTH,0,,16350,0,0,0
16351,Mon-Fri_20260601-20270830,16351,,NAGERCOIL JUNCTION,0,,16351,0,0,0
16352,Thu-Sun_20260806-20270830,16352,,LOKMANYATILAK,0,,16352,0,0,0
16353,Sun_20260601-20270830,16353,,NAGERCOIL JUNCTION,0,,16353,0,0,0
16354,Sat_20260601-20270830,16354,,KACHEGUDA,0,,16354,0,0,0
16355,Thu-Sat_20260305-20270830,16355,,MANGALORE JUNCTION,0,,16355,0,0,0
16356,Fri-Sun_20260306-20270830,16356,,THIRUVANANTHAPURAM NORTH,0,,16356,0,0,0
16357,Thu_20260601-20270830,16357,,CHARLAPALLI,0,,16357,0,0,0
16358,Sat_20260601-20270830,16358,,NAGERCOIL JUNCTION,0,,16358,0,0,0
16361,Mon-Sat_20260126-20270830,16361,,VELLANKANNI,0,,16361,0,0,0
16362,Tue-Sun_20260127-20270830,16362,,ERNAKULAM JN,0,,16362,0,0,0
16363,Wed_20260318-20270830,16363,,VELLANKANNI,0,,16363,0,0,0
16364,Thu_20260319-20270830,16364,,ERNAKULAM JN,0,,16364,0,0,0
16366,Mon-Tue-Wed-Thu-Fri-Sat-Sun_20260128-20270830,16366,,KOTTAYAM,0,,16366,0,0,0
16367,Thu_20260601-20270830,16367,,BANARAS,0,,16367,0,0,0
16368,Sun_20260601-20270830,16368,,KANNIYAKUMARI,0,,16368,0,0,0
16377,Mon-Tue-Wed-Thu-Fri-Sat-Sun_20260506-20270830,16377,,ERNAKULAM JN,0,,16377,0,0,0
16378,Mon-Tue-Wed-Thu-Fri-Sat-Sun_20260506-20270830,16378,,KSR BENGALURU,0,,16378,0,0,0
16381,Mon-Tue-Wed-Thu-Fri-Sat-Sun_20260819-20270830,16381,,KANNIYAKUMARI,0,,16381,0,0,0
16382,Mon-Tue-Wed-Thu-Fri-Sat-Sun_20260825-20270830,16382,,PUNE JN,0,,16382,0,0,0
16511,Mon-Tue-Wed-Thu-Fri-Sat-Sun_20260422-20270830,16511,,KOZHIKKODE,0,,16511,0,0,0
16512,Mon-Tue-Wed-Thu-Fri-Sat-Sun_20260825-20270830,16512,,KSR BENGALURU,0,,16512,0,0,0
16515,Mon-Wed-Fri_20260615-20270830,16515,,KARWAR,0,,16515,0,0,0
16516,Tue-Thu-Sat_20260615-20270830,16516,,YESVANTPUR JN.,0,,16516,0,0,0
16519,Mon-Tue-Wed-Thu-Fri-Sat-Sun_20260525-20270830,16519,,KSR BENGALURU,0,,16519,0,0,0
16520,Mon-Tue-Wed-Thu-Fri-Sat-Sun_20260519-20270830,16520,,JOLARPETTAI JN.,0,,16520,0,0,0
16521,Mon-Tue-Wed-Thu-Fri-Sat-Sun_20260525-20270830,16521,,KSR BENGALURU,0,,16521,0,0,0
16522,Mon-Tue-Wed-Thu-Fri-Sat-Sun_20260506-20270830,16522,,BANGARAPET JN.,0,,16522,0,0,0
16523,Wed_20260601-20261020,16523,,BALURGHAT,0,,16523,0,0,0
16524,Sat_20260808-20270830,16524,,SMVT BENGALURU,0,,16524,0,0,0
16525,Mon-Tue-Wed-Thu-Fri-Sat-Sun_20260526-20270830,16525,,KSR BENGALURU,0,,16525,0,0,0
16526,Mon-Tue-Wed-Thu-Fri-Sat-Sun_20260506-20270830,16526,,KANNIYAKUMARI,0,,16526,0,0,0
16527,Mon-Tue-Wed-Thu-Fri-Sat-Sun_20260102-20270830,16527,,KANNUR,0,,16527,0,0,0
16528,Mon-Tue-Wed-Thu-Fri-Sat-Sun_20260102-20270830,16528,,YESVANTPUR JN.,0,,16528,0,0,0
16529,Mon-Tue-Wed-Thu-Fri-Sat-Sun_20260603-20270830,16529,,KARAIKAL,0,,16529,0,0,0
16530,Mon-Tue-Wed-Thu-Fri-Sat-Sun_20260102-20270830,16530,,SMVT BENGALURU,0,,16530,0,0,0
16531,Mon_20260824-20270830,16531,,KSR BENGALURU,0,,16531,0,0,0
16532,Fri_20260828-20270830,16532,,AJMER JN,0,,16532,0,0,0
16533,Wed_20260826-20270830,16533,,KSR BENGALURU,0,,16533,0,0,0
16534,Sun_20260830-20270830,16534,,JODHPUR JN,0,,16534,0,0,0
16535,Mon-Tue-Wed-Thu-Fri-Sat-Sun_20260819-20270830,16535,,PANDHARPUR,0,,16535,0,0,0
16536,Mon-Tue-Wed-Thu-Fri-Sat-Sun_20260819-20270830,16536,,MYSORE JN,0,,16536,0,0,0
16539,Sat_20260101-20270830,16539,,MANGALORE JUNCTION,0,,16539,0,0,0
16540,Sun_20260101-20270830,16540,,YESVANTPUR JN.,0,,16540,0,0,0
16541,Thu_20260101-20270830,16541,,PANDHARPUR,0,,16541,0,0,0
16542,Fri_20260101-20270830,16542,,YESVANTPUR JN.,0,,16542,0,0,0
16545,Mon-Tue-Wed-Thu-Fri-Sat-Sun_20260320-20270830,16545,,SINDHANUR,0,,16545,0,0,0
16546,Mon-Tue-Wed-Thu-Fri-Sat-Sun_20260112-20270830,16546,,YESVANTPUR JN.,0,,16546,0,0,0
16547,Mon-Tue-Wed-Thu-Fri-Sat-Sun_20260101-20270830,16547,,VIJAYAPURA,0,,16547,0,0,0
16548,Mon-Tue-Wed-Thu-Fri-Sat-Sun_20260101-20270830,16548,,YESVANTPUR JN.,0,,16548,0,0,0
16549,Mon-Tue-Wed-Thu-Fri-Sat_20260508-20270830,16549,,KOLAR,0,,16549,0,0,0
16550,Mon-Tue-Wed-Thu-Fri-Sat_20260508-20270830,16550,,KSR BENGALURU,0,,16550,0,0,0
16551,Mon-Tue-Wed-Thu-Fri-Sat-Sun_20260525-20270830,16551,,ASHOKAPURAM,0,,16551,0,0,0
16552,Mon-Tue-Wed-Thu-Fri-Sat-Sun_20260506-20270830,16552,,PURATCHI THALAIVAR DR. MGR CTL,0,,16552,0,0,0
16553,Tue-Sat_20260530-20270830,16553,,LOKMANYATILAK,0,,16553,0,0,0
16554,Wed-Sun_20260524-20270830,16554,,SMVT BENGALURU,0,,16554,0,0,0
16555,Fri_20260522-20270830,16555,,TALGUPPA,0,,16555,0,0,0
16556,Sat_20260523-20270830,16556,,YESVANTPUR JN.,0,,16556,0,0,0
16559,Fri-Sun_20260601-20270830,16559,,BIDAR,0,,16559,0,0,0
16560,Mon-Sat_20260601-20270830,16560,,SMVT BENGALURU,0,,16560,0,0,0
16561,Thu_20260101-20270830,16561,,THIRUVANANTHAPURAM NORTH,0,,16561,0,0,0
16562,Fri_20260101-20270830,16562,,YESVANTPUR JN.,0,,16562,0,0,0
16563,Sat_20260601-20270830,16563,,KALABURAGI,0,,16563,0,0,0
16564,Sun_20260726-20270830,16564,,BANGALORE CANT,0,,16564,0,0,0
16565,Sun_20260101-20270830,16565,,MANGALORE CENTRAL,0,,16565,0,0,0
16566,Mon_20260101-20270830,16566,,YESVANTPUR JN.,0,,16566,0,0,0
16567,Mon-Tue-Wed-Thu-Fri-Sat-Sun_20260101-20270830,16567,,SHIMOGA TOWN,0,,16567,0,0,0
16568,Mon-Tue-Wed-Thu-Fri-Sat-Sun_20260101-20270830,16568,,TUMKUR,0,,16568,0,0,0
16571,Mon-Tue-Thu-Sun_20260601-20270830,16571,,BIDAR,0,,16571,0,0,0
16572,Mon-Tue-Wed-Fri_20260601-20270830,16572,,YESVANTPUR JN.,0,,16572,0,0,0
16573,Fri_20260102-20270830,16573,,PONDICHERRY,0,,16573,0,0,0
16574,Sat_20260103-20270830,16574,,YESVANTPUR JN.,0,,16574,0,0,0
16575,Tue-Thu-Sun_20260101-20270830,16575,,MANGALORE JUNCTION,0,,16575,0,0,0
16576,Mon-Wed-Fri_20260101-20270830,16576,,YESVANTPUR JN.,0,,16576,0,0,0
16577,Sat_20260601-20270830,16577,,BIDAR,0,,16577,0,0,0
16578,Sun_20260601-20270830,16578,,YESVANTPUR JN.,0,,16578,0,0,0
16581,Tue-Thu-Sun_20260616-20270830,16581,,SHIMOGA TOWN,0,,16581,0,0,0
16582,Tue-Thu-Sun_20260303-20270830,16582,,YESVANTPUR JN.,0,,16582,0,0,0
16583,Wed-Fri-Sat_20260601-20270830,16583,,LATUR,0,,16583,0,0,0
16584,Thu-Sat-Sun_20260601-20270830,16584,,YESVANTPUR JN.,0,,16584,0,0,0
16585,Mon-Tue-Wed-Thu-Fri-Sat-Sun_20260615-20270830,16585,,MURDESHWAR,0,,16585,0,0,0
16586,Mon-Tue-Wed-Thu-Fri-Sat-Sun_20260825-20270830,16586,,SMVT BENGALURU,0,,16586,0,0,0
16587,Fri-Sun_20260819-20270830,16587,,BIKANER JN,0,,16587,0,0,0
16588,Tue-Sun_20260819-20270830,16588,,YESVANTPUR JN.,0,,16588,0,0,0
16589,Mon-Tue-Wed-Thu-Fri-Sat-Sun_20260101-20270830,16589,,SANGLI,0,,16589,0,0,0
16590,Mon-Tue-Wed-Thu-Fri-Sat-Sun_20260803-20270830,16590,,KSR BENGALURU,0,,16590,0,0,0
16591,Mon-Tue-Wed-Thu-Fri-Sat-Sun_20260601-20270830,16591,,MYSORE JN,0,,16591,0,0,0
16592,Mon-Tue-Wed-Thu-Fri-Sat-Sun_20260601-20270830,16592,,SSS HUBBALLI JN,0,,16592,0,0,0
16593,Mon-Tue-Wed-Thu-Fri-Sat-Sun_20260703-20270830,16593,,NANDED,0,,16593,0,0,0
16594,Mon-Tue-Wed-Thu-Fri-Sat-Sun_20260601-20270830,16594,,KSR BENGALURU,0,,16594,0,0,0
16595,Mon-Tue-Wed-Thu-Fri-Sat-Sun_20260702-20270830,16595,,KARWAR,0,,16595,0,0,0
16596,Mon-Tue-Wed-Thu-Fri-Sat-Sun_20260825-20270830,16596,,KSR BENGALURU,0,,16596,0,0,0
16597,Sat_20260601-20261016,16597,,ALIPUR DUAR JN,0,,16597,0,0,0
16598,Mon_20260608-20270830,16598,,SMVT BENGALURU,0,,16598,0,0,0
16601,Thu_20260604-20270830,16601,,JOGBANI,0,,16601,0,0,0
16602,Sun_20260601-20270830,16602,,ERODE JN,0,,16602,0,0,0
16603,Mon-Tue-Wed-Thu-Fri-Sat-Sun_20260101-20270830,16603,,THIRUVANANTHAPURAM CENTRAL,0,,16603,0,0,0
16604,Mon-Tue-Wed-Thu-Fri-Sat-Sun_20260101-20270830,16604,,MANGALORE CENTRAL,0,,16604,0,0,0
16605,Mon-Tue-Wed-Thu-Fri-Sat-Sun_20260101-20270830,16605,,THIRUVANANTHAPURAM CENTRAL,0,,16605,0,0,0
16606,Mon-Tue-Wed-Thu-Fri-Sat-Sun_20260101-20270830,16606,,MANGALORE CENTRAL,0,,16606,0,0,0
16607,Mon-Tue-Wed-Thu-Fri-Sat-Sun_20260615-20270830,16607,,COIMBATORE JN,0,,16607,0,0,0
16608,Mon-Tue-Wed-Thu-Fri-Sat-Sun_20260615-20270830,16608,,KANNUR,0,,16608,0,0,0
16609,Mon-Tue-Wed-Thu-Fri-Sat-Sun_20260126-20270830,16609,,KANNUR,0,,16609,0,0,0
16610,Mon-Tue-Wed-Thu-Fri-Sat-Sun_20260316-20270830,16610,,PALAKKAD JN,0,,16610,0,0,0
16611,Mon-Tue-Wed-Thu-Fri-Sat-Sun_20260615-20270830,16611,,KANNUR,0,,16611,0,0,0
16613,Sun_20260819-20270830,16613,,COIMBATORE JN,0,,16613,0,0,0
16614,Fri_20260819-20270830,16614,,RAJKOT,0,,16614,0,0,0
16615,Mon-Tue-Wed-Thu-Fri-Sat-Sun_20260101-20270830,16615,,COIMBATORE JN,0,,16615,0,0,0
16616,Mon-Tue-Wed-Thu-Fri-Sat-Sun_20260101-20270830,16616,,MANNARGUDI,0,,16616,0,0,0
16617,Wed_20260101-20270830,16617,,COIMBATORE JN,0,,16617,0,0,0
16618,Tue_20260101-20270830,16618,,RAMESWARAM,0,,16618,0,0,0
16619,Sat_20260808-20270830,16619,,DHANBAD JN,0,,16619,0,0,0
16620,Mon_20260601-20270830,16620,,PODANUR JN,0,,16620,0,0,0
16621,Sun_20260315-20270830,16621,,MANGALORE CENTRAL,0,,16621,0,0,0
16622,Sat_20260314-20270830,16622,,RAMESWARAM,0,,16622,0,0,0
16629,Mon-Tue-Wed-Thu-Fri-Sat-Sun_20260101-20270830,16629,,MANGALORE CENTRAL,0,,16629,0,0,0
16630,Mon-Tue-Wed-Thu-Fri-Sat-Sun_20260101-20270830,16630,,THIRUVANANTHAPURAM CENTRAL,0,,16630,0,0,0
16649,Mon-Tue-Wed-Thu-Fri-Sat-Sun_20260316-20270830,16649,,KANNIYAKUMARI,0,,16649,0,0,0
16650,Mon-Tue-Wed-Thu-Fri-Sat-Sun_20260625-20270830,16650,,MANGALORE CENTRAL,0,,16650,0,0,0
16707,Thu_20260326-20270830,16707,,TIRUNELVELI JN,0,,16707,0,0,0
16708,Wed_20260318-20270830,16708,,MANGALORE JUNCTION,0,,16708,0,0,0
16721,Mon-Tue-Wed-Thu-Fri-Sat-Sun_20260101-20270830,16721,,MADURAI JN,0,,16721,0,0,0
16722,Mon-Tue-Wed-Thu-Fri-Sat-Sun_20260101-20270830,16722,,COIMBATORE JN,0,,16722,0,0,0
16729,Mon-Tue-Wed-Thu-Fri-Sat-Sun_20260725-20270830,16729,,PUNALUR,0,,16729,0,0,0
16730,Mon-Tue-Wed-Thu-Fri-Sat-Sun_20260127-20270830,16730,,MADURAI JN,0,,16730,0,0,0
16731,Mon-Tue-Wed-Thu-Fri-Sat-Sun_20260101-20270830,16731,,TIRUCHENDUR,0,,16731,0,0,0
16732,Mon-Tue-Wed-Thu-Fri-Sat-Sun_20260101-20270830,16732,,PALAKKAD JN,0,,16732,0,0,0
16733,Fri_20260819-20270830,16733,,OKHA,0,,16733,0,0,0
16734,Tue_20260819-20270830,16734,,RAMESWARAM,0,,16734,0,0,0
16751,Mon-Tue-Wed-Thu-Fri-Sat-Sun_20260101-20270830,16751,,RAMESWARAM,0,,16751,0,0,0
16752,Mon-Tue-Wed-Thu-Fri-Sat-Sun_20260101-20270830,16752,,CHENNAI EGMORE,0,,16752,0,0,0
16765,Fri-Sun_20260320-20270830,16765,,TUTICORIN,0,,16765,0,0,0
16766,Thu-Sat_20260611-20270830,16766,,METUPALAIYAM,0,,16766,0,0,0
16779,Mon-Wed-Fri-Sat_20260601-20270830,16779,,RAMESWARAM,0,,16779,0,0,0
16780,Tue-Thu-Fri-Sun_20260601-20270830,16780,,TIRUPATI,0,,16780,0,0,0
16787,Mon_20260817-20261018,16787,,SHRI MATA VAISHNO DEVI KATRA,0,,16787,0,0,0
16788,Thu_20260806-20270830,16788,,TIRUNELVELI JN,0,,16788,0,0,0
16791,Mon-Tue-Wed-Thu-Fri-Sat-Sun_20260126-20261001,16791,,PALAKKAD JN,0,,16791,0,0,0
16792,Mon-Tue-Wed-Thu-Fri-Sat-Sun_20260101-20270830,16792,,TUTICORIN,0,,16792,0,0,0
16807,Mon-Thu-Fri-Sat-Sun_20260301-20270830,16807,,TIRUCHCHIRAPPALLI JN.,0,,16807,0,0,0
16808,Mon-Thu-Fri-Sat-Sun_20260301-20270830,16808,,TAMBARAM,0,,16808,0,0,0
16811,Mon-Tue-Wed-Thu-Fri-Sat-Sun_20260101-20270830,16811,,SALEM JN,0,,16811,0,0,0
16812,Mon-Tue-Wed-Thu-Fri-Sat-Sun_20260101-20270830,16812,,MAYILADUTURAI JN,0,,16812,0,0,0
16833,Mon-Tue-Wed-Thu-Fri-Sat-Sun_20260101-20270830,16833,,TIRUCHCHIRAPPALLI JN.,0,,16833,0,0,0
16834,Mon-Tue-Wed-Thu-Fri-Sat-Sun_20260101-20270830,16834,,MAYILADUTURAI JN,0,,16834,0,0,0
16843,Mon-Tue-Wed-Thu-Fri-Sat-Sun_20260101-20270830,16843,,PALGHAT TOWN,0,,16843,0,0,0
16844,Mon-Tue-Wed-Thu-Fri-Sat-Sun_20260101-20270830,16844,,TIRUCHCHIRAPPALLI JN.,0,,16844,0,0,0
16845,Mon-Tue-Wed-Thu-Fri-Sat-Sun_20260101-20270830,16845,,SENGOTTAI,0,,16845,0,0,0
16846,Mon-Tue-Wed-Thu-Fri-Sat-Sun_20260101-20270830,16846,,ERODE JN,0,,16846,0,0,0
16847,Mon-Tue-Wed-Thu-Fri-Sat-Sun_20260328-20270830,16847,,SENGOTTAI,0,,16847,0,0,0
16848,Mon-Tue-Wed-Thu-Fri-Sat-Sun_20260101-20270830,16848,,MAYILADUTURAI JN,0,,16848,0,0,0
16849,Mon-Tue-Wed-Thu-Fri-Sat-Sun_20260406-20270830,16849,,RAMESWARAM,0,,16849,0,0,0
16850,Mon-Tue-Wed-Thu-Fri-Sat-Sun_20260101-20270830,16850,,TIRUCHCHIRAPPALLI JN.,0,,16850,0,0,0
16853,Mon-Tue-Wed-Thu-Fri-Sat-Sun_20260601-20270830,16853,,VILLUPURAM JN,0,,16853,0,0,0
16854,Mon-Tue-Wed-Thu-Fri-Sat-Sun_20260601-20270830,16854,,TIRUPATI,0,,16854,0,0,0
16855,Thu_20260101-20270830,16855,,MANGALORE CENTRAL,0,,16855,0,0,0
16856,Fri_20260101-20270830,16856,,PONDICHERRY,0,,16856,0,0,0
16857,Sat_20260101-20270830,16857,,MANGALORE CENTRAL,0,,16857,0,0,0
16858,Sun_20260101-20270830,16858,,PONDICHERRY,0,,16858,0,0,0
16861,Sun_20260101-20270830,16861,,KANNIYAKUMARI,0,,16861,0,0,0
16862,Mon_20260101-20270830,16862,,PONDICHERRY,0,,16862,0,0,0
16865,Mon-Tue-Wed-Thu-Fri-Sat-Sun_20260316-20270830,16865,,THANJAVUR JN.,0,,16865,0,0,0
16866,Mon-Tue-Wed-Thu-Fri-Sat-Sun_20260316-20270830,16866,,CHENNAI EGMORE,0,,16866,0,0,0
16867,Mon-Tue-Wed-Thu-Fri-Sat-Sun_20260126-20270830,16867,,DINDIGUL JN,0,,16867,0,0,0
16868,Mon-Tue-Wed-Thu-Fri-Sat-Sun_20260126-20270830,16868,,VILLUPURAM JN,0,,16868,0,0,0
16870,Mon-Tue-Wed-Thu-Fri-Sat-Sun_20260601-20270830,16870,,TIRUPATI,0,,16870,0,0,0
17001,Mon-Sat_20260101-20270830,17001,,SECUNDERABAD JN,0,,17001,0,0,0
17002,Fri-Sun_20260101-20270830,17002,,SAINAGAR SHIRDI,0,,17002,0,0,0
17003,Mon-Tue-Wed-Thu-Fri-Sat-Sun_20260101-20270830,17003,,SIRPUR TOWN,0,,17003,0,0,0
17004,Mon-Tue-Wed-Thu-Fri-Sat-Sun_20260101-20270830,17004,,KAZIPET JN,0,,17004,0,0,0
17005,Thu_20260630-20270830,17005,,RAXAUL JN,0,,17005,0,0,0
17006,Sun_20260630-20270830,17006,,HYDERABAD,0,,17006,0,0,0
17007,Tue-Sat_20260630-20270830,17007,,DARBHANGA JN,0,,17007,0,0,0
17008,Tue-Fri_20260630-20270830,17008,,CHARLAPALLI,0,,17008,0,0,0
17009,Mon-Tue-Wed-Thu-Fri-Sat-Sun_20260129-20270830,17009,,HYDERABAD,0,,17009,0,0,0
17011,Mon-Tue-Wed-Thu-Fri-Sat-Sun_20260219-20270830,17011,,SIRPUR KAGHAZNAGAR,0,,17011,0,0,0
17012,Mon-Tue-Wed-Thu-Fri-Sat-Sun_20260128-20270830,17012,,BIDAR,0,,17012,0,0,0
17013,Tue-Fri-Sun_20260101-20270830,17013,,KAZIPET JN,0,,17013,0,0,0
17014,Mon-Thu-Sat_20260101-20270830,17014,,HADAPSAR,0,,17014,0,0,0
17015,Mon-Tue-Wed-Thu-Fri-Sat-Sun_20260601-20270830,17015,,SECUNDERABAD JN,0,,17015,0,0,0
17016,Mon-Tue-Wed-Thu-Fri-Sat-Sun_20260601-20261014,17016,,BHUBANESWAR NEW JN,0,,17016,0,0,0
17019,Tue_20260811-20261231,17019,,HYDERABAD,0,,17019,0,0,0
17020,Sat_20260101-20270830,17020,,HISAR,0,,17020,0,0,0
17021,Thu_20260813-20270830,17021,,GUNTAKAL JN,0,,17021,0,0,0
17022,Fri_20260814-20270830,17022,,HYDERABAD,0,,17022,0,0,0
17023,Mon-Tue-Wed-Thu-Fri-Sat-Sun_20260227-20270830,17023,,KURNOOL CITY,0,,17023,0,0,0
17024,Mon-Tue-Wed-Thu-Fri-Sat-Sun_20260227-20270830,17024,,KACHEGUDA,0,,17024,0,0,0
17027,Mon-Tue-Wed-Thu-Fri-Sat-Sun_20260101-20270830,17027,,KURNOOL CITY,0,,17027,0,0,0
17028,Mon-Tue-Wed-Thu-Fri-Sat-Sun_20260101-20270830,17028,,HYDERABAD,0,,17028,0,0,0
17029,Mon-Tue-Wed-Thu-Fri-Sat-Sun_20260819-20270830,17029,,HYDERABAD,0,,17029,0,0,0
17030,Mon-Tue-Wed-Thu-Fri-Sat-Sun_20260819-20270830,17030,,VIJAYAPURA,0,,17030,0,0,0
17031,Mon_20260810-20270830,17031,,AGARTALA,0,,17031,0,0,0
17032,Fri_20260731-20270830,17032,,CHARLAPALLI,0,,17032,0,0,0
17033,Mon-Tue-Wed-Thu-Fri-Sat-Sun_20260703-20270830,17033,,BALHARSHAH,0,,17033,0,0,0
17034,Mon-Tue-Wed-Thu-Fri-Sat-Sun_20260101-20270830,17034,,BHADRACHALAM RD,0,,17034,0,0,0
17035,Mon-Tue-Wed-Thu-Fri-Sat-Sun_20260219-20270830,17035,,BALHARSHAH,0,,17035,0,0,0
17036,Mon-Tue-Wed-Thu-Fri-Sat-Sun_20260123-20270830,17036,,KAZIPET JN,0,,17036,0,0,0
17039,Wed-Fri_20260724-20270830,17039,,VASCO DA GAMA,0,,17039,0,0,0
17040,Thu-Sat_20260601-20270830,17040,,SECUNDERABAD JN,0,,17040,0,0,0
17041,Tue_20260601-20270830,17041,,THIRUVANANTHAPURAM NORTH,0,,17041,0,0,0
17042,Wed_20260715-20270830,17042,,CHARLAPALLI,0,,17042,0,0,0
17043,Sun_20260601-20270830,17043,,ANAKAPALLE,0,,17043,0,0,0
17044,Mon_20260810-20270830,17044,,SECUNDERABAD JN,0,,17044,0,0,0
17045,Sat_20260601-20270830,17045,,ANAKAPALLE,0,,17045,0,0,0
17046,Sun_20260601-20270830,17046,,CHARLAPALLI,0,,17046,0,0,0
17047,Wed_20260610-20270830,17047,,TIRUCHANUR,0,,17047,0,0,0
17048,Thu_20260611-20270830,17048,,CHARLAPALLI,0,,17048,0,0,0
17049,Mon-Tue-Wed-Thu-Fri-Sat-Sun_20260819-20270830,17049,,HYDERABAD,0,,17049,0,0,0
17050,Mon-Tue-Wed-Thu-Fri-Sat-Sun_20260819-20270830,17050,,SSS HUBBALLI JN,0,,17050,0,0,0
17053,Thu_20260601-20261231,17053,,ANAKAPALLE,0,,17053,0,0,0
17054,Fri_20260601-20270830,17054,,CHARLAPALLI,0,,17054,0,0,0
17057,Mon-Tue-Wed-Thu-Fri-Sat-Sun_20260610-20270830,17057,,LINGAMPALLI,0,,17057,0,0,0
17058,Mon-Tue-Wed-Thu-Fri-Sat-Sun_20260610-20270830,17058,,C SHIVAJI MAH T,0,,17058,0,0,0
17059,Sun_20260601-20270830,17059,,TIRUCHANUR,0,,17059,0,0,0
17060,Mon_20260601-20270830,17060,,CHARLAPALLI,0,,17060,0,0,0
17061,Sat_20260601-20270830,17061,,NARASAPUR,0,,17061,0,0,0
17062,Sun_20260601-20270830,17062,,CHARLAPALLI,0,,17062,0,0,0
17063,Mon-Tue-Wed-Thu-Fri-Sat-Sun_20260717-20270830,17063,,KACHEGUDA,0,,17063,0,0,0
17064,Mon-Tue-Wed-Thu-Fri-Sat-Sun_20260101-20270830,17064,,MANMAD JN,0,,17064,0,0,0
17065,Tue_20260601-20261019,17065,,SHALIMAR,0,,17065,0,0,0
17066,Wed_20260601-20261231,17066,,CHARLAPALLI,0,,17066,0,0,0
17067,Mon_20260601-20270830,17067,,BHUBANESWAR NEW JN,0,,17067,0,0,0
17068,Tue_20260601-20270830,17068,,CHARLAPALLI,0,,17068,0,0,0
17069,Wed_20260601-20261231,17069,,KANNIYAKUMARI,0,,17069,0,0,0
17070,Fri_20260601-20261231,17070,,HYDERABAD,0,,17070,0,0,0
17071,Thu_20260601-20270830,17071,,BELAGAVI,0,,17071,0,0,0
17072,Fri_20260601-20270830,17072,,HYDERABAD,0,,17072,0,0,0
17073,Mon_20260601-20270830,17073,,BELAGAVI,0,,17073,0,0,0
17074,Tue_20260601-20270830,17074,,SECUNDERABAD JN,0,,17074,0,0,0
17075,Sat_20260601-20270830,17075,,BELAGAVI,0,,17075,0,0,0
17076,Sun_20260601-20270830,17076,,CHARLAPALLI,0,,17076,0,0,0
17077,Tue_20260707-20270830,17077,,TIRUCHCHIRAPPALLI JN.,0,,17077,0,0,0
17078,Wed_20260708-20270830,17078,,CHARLAPALLI,0,,17078,0,0,0
17079,Fri_20260724-20270830,17079,,JAIPUR JN.,0,,17079,0,0,0
17080,Sun_20260726-20270830,17080,,HYDERABAD,0,,17080,0,0,0
17201,Mon-Tue-Wed-Thu-Fri-Sat-Sun_20260601-20270830,17201,,SECUNDERABAD JN,0,,17201,0,0,0
17202,Mon-Tue-Wed-Thu-Fri-Sat-Sun_20260601-20270830,17202,,GUNTUR JN,0,,17202,0,0,0
17205,Tue-Thu-Sun_20260601-20270830,17205,,KAKINADA PORT,0,,17205,0,0,0
17206,Mon-Wed-Sat_20260601-20270830,17206,,SAINAGAR SHIRDI,0,,17206,0,0,0
17207,Wed_20260601-20270830,17207,,MACHILIPATNAM,0,,17207,0,0,0
17208,Tue_20260601-20270830,17208,,SAINAGAR SHIRDI,0,,17208,0,0,0
17209,Mon-Tue-Wed-Thu-Fri-Sat-Sun_20260601-20270830,17209,,KAKINADA TOWN,0,,17209,0,0,0
17210,Mon-Tue-Wed-Thu-Fri-Sat-Sun_20260601-20270830,17210,,SMVT BENGALURU,0,,17210,0,0,0
17211,Mon-Wed-Fri_20260722-20270830,17211,,YESVANTPUR JN.,0,,17211,0,0,0
17212,Tue-Thu-Sat_20260601-20270830,17212,,MACHILIPATNAM,0,,17212,0,0,0
17215,Mon-Tue-Wed-Thu-Fri-Sat-Sun_20260601-20270830,17215,,DHARMAVARAM JN,0,,17215,0,0,0
17216,Mon-Tue-Wed-Thu-Fri-Sat-Sun_20260722-20270830,17216,,MACHILIPATNAM,0,,17216,0,0,0
17219,Mon-Tue-Wed-Thu-Fri-Sat-Sun_20260601-20270830,17219,,VISAKHAPATNAM,0,,17219,0,0,0
17220,Mon-Tue-Wed-Thu-Fri-Sat-Sun_20260601-20270830,17220,,MACHILIPATNAM,0,,17220,0,0,0
17221,Wed-Sat_20260805-20270830,17221,,LOKMANYATILAK,0,,17221,0,0,0
17222,Thu-Sun_20260601-20270830,17222,,KAKINADA PORT,0,,17222,0,0,0
17225,Mon-Tue-Wed-Thu-Fri-Sat-Sun_20260601-20270830,17225,,SSS HUBBALLI JN,0,,17225,0,0,0
17226,Mon-Tue-Wed-Thu-Fri-Sat-Sun_20260601-20270830,17226,,NARASAPUR,0,,17226,0,0,0
17227,Mon-Tue-Wed-Thu-Fri-Sat-Sun_20260711-20270830,17227,,GUNTUR JN,0,,17227,0,0,0
17228,Mon-Tue-Wed-Thu-Fri-Sat-Sun_20260610-20270830,17228,,DHONE JN,0,,17228,0,0,0
17231,Fri-Sun_20260601-20270830,17231,,NAGARSOL,0,,17231,0,0,0
17232,Mon-Sat_20260601-20270830,17232,,NARASAPUR,0,,17232,0,0,0
17233,Mon-Tue-Wed-Thu-Fri-Sat-Sun_20260613-20270830,17233,,SIRPUR KAGHAZNAGAR,0,,17233,0,0,0
17234,Mon-Tue-Wed-Thu-Fri-Sat-Sun_20260616-20270830,17234,,SECUNDERABAD JN,0,,17234,0,0,0
17235,Mon-Tue-Wed-Thu-Fri-Sat-Sun_20260610-20270830,17235,,NAGERCOIL JUNCTION,0,,17235,0,0,0
17236,Mon-Tue-Wed-Thu-Fri-Sat-Sun_20260610-20270830,17236,,SMVT BENGALURU,0,,17236,0,0,0
17237,Mon-Tue-Wed-Thu-Fri_20260724-20270830,17237,,PURATCHI THALAIVAR DR. MGR CTL,0,,17237,0,0,0
17238,Mon-Tue-Wed-Thu-Fri_20260724-20270830,17238,,BITRAGUNTA,0,,17238,0,0,0
17239,Mon-Tue-Wed-Thu-Fri-Sat-Sun_20260601-20270830,17239,,VISAKHAPATNAM,0,,17239,0,0,0
17240,Mon-Tue-Wed-Thu-Fri-Sat-Sun_20260601-20270830,17240,,GUNTUR JN,0,,17240,0,0,0
17243,Mon-Tue-Wed-Thu-Fri-Sat-Sun_20260601-20270830,17243,,RAYAGADA,0,,17243,0,0,0
17244,Mon-Tue-Wed-Thu-Fri-Sat-Sun_20260824-20270830,17244,,GUNTUR JN,0,,17244,0,0,0
17247,Mon-Tue-Wed-Thu-Fri-Sat-Sun_20260601-20270830,17247,,DHARMAVARAM JN,0,,17247,0,0,0
17248,Mon-Tue-Wed-Thu-Fri-Sat-Sun_20260601-20270830,17248,,NARASAPUR,0,,17248,0,0,0
17249,Mon-Tue-Wed-Thu-Fri-Sat-Sun_20260808-20270830,17249,,KAKINADA TOWN,0,,17249,0,0,0
17250,Mon-Tue-Wed-Thu-Fri-Sat-Sun_20260601-20270830,17250,,TIRUPATI,0,,17250,0,0,0
17251,Mon-Tue-Wed-Thu-Fri-Sat-Sun_20260601-20270830,17251,,KACHEGUDA,0,,17251,0,0,0
17252,Mon-Tue-Wed-Thu-Fri-Sat-Sun_20260701-20270830,17252,,GUNTUR JN,0,,17252,0,0,0
17253,Mon-Tue-Wed-Thu-Fri-Sat-Sun_20260810-20270830,17253,,CHHATRAPATI SAMBHAJINAGAR,0,,17253,0,0,0
17254,Mon-Tue-Wed-Thu-Fri-Sat-Sun_20260601-20270830,17254,,GUNTUR JN,0,,17254,0,0,0
17255,Mon-Tue-Wed-Thu-Fri-Sat-Sun_20260601-20261008,17255,,LINGAMPALLI,0,,17255,0,0,0
17256,Mon-Tue-Wed-Thu-Fri-Sat-Sun_20260601-20261008,17256,,NARASAPUR,0,,17256,0,0,0
17257,Mon-Tue-Wed-Thu-Fri-Sat-Sun_20260601-20270830,17257,,KAKINADA PORT,0,,17257,0,0,0
17258,Mon-Tue-Wed-Thu-Fri-Sat-Sun_20260601-20270830,17258,,VIJAYAWADA JN,0,,17258,0,0,0
17259,Mon-Tue-Wed-Thu-Fri-Sat-Sun_20260601-20270830,17259,,VIJAYAWADA JN,0,,17259,0,0,0
17260,Mon-Tue-Wed-Thu-Fri-Sat-Sun_20260601-20270830,17260,,GUDUR JN,0,,17260,0,0,0
17261,Mon-Tue-Wed-Thu-Fri-Sat-Sun_20260601-20270830,17261,,TIRUPATI,0,,17261,0,0,0
17262,Mon-Tue-Wed-Thu-Fri-Sat-Sun_20260601-20270830,17262,,GUNTUR JN,0,,17262,0,0,0
17263,Mon-Tue-Wed-Thu-Fri-Sat-Sun_20260601-20270830,17263,,NARASAPUR,0,,17263,0,0,0
17264,Mon-Tue-Wed-Thu-Fri-Sat-Sun_20260601-20270830,17264,,BHIMAVARAM JN,0,,17264,0,0,0
17267,Mon-Tue-Wed-Thu-Fri-Sat-Sun_20260601-20270830,17267,,VISAKHAPATNAM,0,,17267,0,0,0
17268,Mon-Tue-Wed-Thu-Fri-Sat-Sun_20260601-20270830,17268,,KAKINADA PORT,0,,17268,0,0,0
17269,Mon-Tue-Wed-Thu-Fri-Sat-Sun_20260601-20270830,17269,,NARASAPUR,0,,17269,0,0,0
17270,Mon-Tue-Wed-Thu-Fri-Sat-Sun_20260601-20270830,17270,,VIJAYAWADA JN,0,,17270,0,0,0
17281,Mon-Tue-Wed-Thu-Fri-Sat-Sun_20260601-20270830,17281,,NARASAPUR,0,,17281,0,0,0
17282,Mon-Tue-Wed-Thu-Fri-Sat-Sun_20260601-20270830,17282,,GUNTUR JN,0,,17282,0,0,0
17289,Mon-Fri_20260807-20270830,17289,,MYSORE JN,0,,17289,0,0,0
17290,Tue-Sat_20260601-20270830,17290,,KAKINADA TOWN,0,,17290,0,0,0
17291,Wed_20260703-20270830,17291,,TIRUVANNAMALAI,0,,17291,0,0,0
17292,Thu_20260704-20270830,17292,,NARASAPUR,0,,17292,0,0,0
17293,Fri_20260807-20270830,17293,,SMVT BENGALURU,0,,17293,0,0,0
17294,Sat_20260718-20270830,17294,,NARASAPUR,0,,17294,0,0,0
17295,Tue_20260819-20270830,17295,,HISAR,0,,17295,0,0,0
17296,Fri_20260819-20270830,17296,,KAKINADA TOWN,0,,17296,0,0,0
17301,Mon-Tue-Wed-Thu-Fri-Sat-Sun_20260101-20270830,17301,,BELAGAVI,0,,17301,0,0,0
17302,Mon-Tue-Wed-Thu-Fri-Sat-Sun_20260101-20270830,17302,,MYSORE JN,0,,17302,0,0,0
17303,Mon-Tue-Wed-Thu-Fri-Sat-Sun_20260101-20270830,17303,,SINDHANUR,0,,17303,0,0,0
17304,Mon-Tue-Wed-Thu-Fri-Sat-Sun_20260101-20270830,17304,,SSS HUBBALLI JN,0,,17304,0,0,0
17307,Mon-Tue-Wed-Thu-Fri-Sat-Sun_20260819-20270830,17307,,BAGALKOT,0,,17307,0,0,0
17308,Mon-Tue-Wed-Thu-Fri-Sat-Sun_20260819-20270830,17308,,MYSORE JN,0,,17308,0,0,0
17309,Mon-Tue-Wed-Thu-Fri-Sat-Sun_20260723-20270830,17309,,VASCO DA GAMA,0,,17309,0,0,0
17310,Mon-Tue-Wed-Thu-Fri-Sat-Sun_20260101-20270830,17310,,YESVANTPUR JN.,0,,17310,0,0,0
17313,Wed-Fri_20260819-20270830,17313,,PURATCHI THALAIVAR DR. MGR CTL,0,,17313,0,0,0
17314,Thu-Sat_20260827-20270830,17314,,SSS HUBBALLI JN,0,,17314,0,0,0
17315,Mon_20260101-20270830,17315,,VELLANKANNI,0,,17315,0,0,0
17316,Tue_20260728-20270830,17316,,VASCO DA GAMA,0,,17316,0,0,0
17317,Mon-Tue-Wed-Thu-Fri-Sat-Sun_20260317-20270830,17317,,DADAR,0,,17317,0,0,0
17318,Mon-Tue-Wed-Thu-Fri-Sat-Sun_20260731-20270830,17318,,SSS HUBBALLI JN,0,,17318,0,0,0
17321,Fri_20260630-20270830,17321,,JASIDIH JN.,0,,17321,0,0,0
17322,Mon_20260727-20270830,17322,,VASCO DA GAMA,0,,17322,0,0,0
17323,Fri_20260819-20270830,17323,,BANARAS,0,,17323,0,0,0
17324,Sun_20260819-20270830,17324,,SSS HUBBALLI JN,0,,17324,0,0,0
17327,Mon-Tue-Wed-Thu-Fri-Sat-Sun_20260101-20270830,17327,,KUSHTAGI,0,,17327,0,0,0
17328,Mon-Tue-Wed-Thu-Fri-Sat-Sun_20260101-20270830,17328,,SSS HUBBALLI JN,0,,17328,0,0,0
17329,Mon-Tue-Wed-Thu-Fri-Sat-Sun_20260601-20270830,17329,,VIJAYAWADA JN,0,,17329,0,0,0
17330,Mon-Tue-Wed-Thu-Fri-Sat-Sun_20260601-20270830,17330,,SSS HUBBALLI JN,0,,17330,0,0,0
17331,Mon-Tue-Wed-Thu-Fri-Sat-Sun_20260601-20270830,17331,,SSS HUBBALLI JN,0,,17331,0,0,0
17332,Mon-Tue-Wed-Thu-Fri-Sat-Sun_20260501-20270830,17332,,MIRAJ JN.,0,,17332,0,0,0
17333,Mon-Tue-Wed-Thu-Fri-Sat-Sun_20260501-20270830,17333,,CASTLE ROCK,0,,17333,0,0,0
17334,Mon-Tue-Wed-Thu-Fri-Sat-Sun_20260501-20270830,17334,,MIRAJ JN.,0,,17334,0,0,0
17347,Mon-Tue-Wed-Thu-Fri-Sat-Sun_20260101-20270830,17347,,CHITRADURG,0,,17347,0,0,0
17348,Mon-Tue-Wed-Thu-Fri-Sat-Sun_20260101-20270830,17348,,SSS HUBBALLI JN,0,,17348,0,0,0
17363,Mon_20260713-20270830,17363,,YOG NAGARI RISHIKESH,0,,17363,0,0,0
17364,Thu_20260716-20270830,17364,,SSS HUBBALLI JN,0,,17364,0,0,0
17377,Mon-Tue-Wed-Thu-Fri-Sat-Sun_20260825-20270830,17377,,MANGALORE CENTRAL,0,,17377,0,0,0
17378,Mon-Tue-Wed-Thu-Fri-Sat-Sun_20260320-20270830,17378,,VIJAYAPURA,0,,17378,0,0,0
17391,Mon-Tue-Wed-Thu-Fri-Sat-Sun_20260620-20270830,17391,,SINDHANUR,0,,17391,0,0,0
17392,Mon-Tue-Wed-Thu-Fri-Sat-Sun_20260101-20270830,17392,,KSR BENGALURU,0,,17392,0,0,0
17405,Mon-Tue-Wed-Thu-Fri-Sat-Sun_20260821-20270830,17405,,ADILABAD,0,,17405,0,0,0
17406,Mon-Tue-Wed-Thu-Fri-Sat-Sun_20260601-20270830,17406,,TIRUPATI,0,,17406,0,0,0
17407,Tue-Thu-Sun_20260601-20270830,17407,,MANNARGUDI,0,,17407,0,0,0
17408,Mon-Wed-Fri_20260601-20270830,17408,,TIRUPATI,0,,17408,0,0,0
17409,Mon-Tue-Wed-Thu-Fri-Sat-Sun_20260624-20270830,17409,,NANDED,0,,17409,0,0,0
17410,Mon-Tue-Wed-Thu-Fri-Sat-Sun_20260716-20270830,17410,,ADILABAD,0,,17410,0,0,0
17411,Mon-Tue-Wed-Thu-Fri-Sat-Sun_20260610-20270830,17411,,KOLHAPUR,0,,17411,0,0,0
17412,Mon-Tue-Wed-Thu-Fri-Sat-Sun_20260610-20270830,17412,,C SHIVAJI MAH T,0,,17412,0,0,0
17415,Mon-Tue-Wed-Thu-Fri-Sat-Sun_20260825-20270830,17415,,KOLHAPUR,0,,17415,0,0,0
17416,Mon-Tue-Wed-Thu-Fri-Sat-Sun_20260819-20270830,17416,,TIRUPATI,0,,17416,0,0,0
17417,Tue_20260825-20270830,17417,,SAINAGAR SHIRDI,0,,17417,0,0,0
17418,Wed_20260826-20270830,17418,,TIRUPATI,0,,17418,0,0,0
17419,Thu_20260827-20270830,17419,,VASCO DA GAMA,0,,17419,0,0,0
17420,Fri_20260821-20270830,17420,,TIRUPATI,0,,17420,0,0,0
17421,Tue-Fri_20260601-20270830,17421,,KOLLAM JN,0,,17421,0,0,0
17422,Wed-Sat_20260601-20270830,17422,,TIRUPATI,0,,17422,0,0,0
17423,Thu_20260601-20260923,17423,,CHIKKAMAGALURU,0,,17423,0,0,0
17424,Fri_20260601-20270830,17424,,TIRUPATI,0,,17424,0,0,0
17425,Sun_20260601-20270830,17425,,SAINAGAR SHIRDI,0,,17425,0,0,0
17426,Mon_20260817-20270830,17426,,TIRUPATI,0,,17426,0,0,0
17427,Sun_20260601-20270830,17427,,NARASAPUR,0,,17427,0,0,0
17428,Mon_20260601-20270830,17428,,TIRUPATI,0,,17428,0,0,0
17429,Fri_20260807-20270830,17429,,AKOLA JN.,0,,17429,0,0,0
17430,Sun_20260816-20261231,17430,,TIRUPATI,0,,17430,0,0,0
17433,Mon_20260713-20270830,17433,,RAXAUL JN,0,,17433,0,0,0
17434,Thu_20260709-20270830,17434,,TIRUPATI,0,,17434,0,0,0
17435,Mon-Tue-Wed-Thu-Fri-Sat-Sun_20260101-20270830,17435,,KURNOOL CITY,0,,17435,0,0,0
17436,Mon-Tue-Wed-Thu-Fri-Sat-Sun_20260101-20270830,17436,,KACHEGUDA,0,,17436,0,0,0
17437,Sat_20260808-20270830,17437,,PANDHARPUR,0,,17437,0,0,0
17438,Sun_20260816-20270830,17438,,TIRUPATI,0,,17438,0,0,0
17439,Sun_20260809-20270830,17439,,SRIKAKULAM ROAD,0,,17439,0,0,0
17440,Mon_20260629-20270830,17440,,TIRUPATI,0,,17440,0,0,0
17441,Tue_20260616-20270830,17441,,CHARLAPALLI,0,,17441,0,0,0
17442,Wed_20260610-20270830,17442,,TIRUPATI,0,,17442,0,0,0
17443,Thu_20260611-20270830,17443,,CHARLAPALLI,0,,17443,0,0,0
17444,Fri_20260724-20270830,17444,,TIRUPATI,0,,17444,0,0,0
17479,Mon-Wed-Thu-Fri-Sun_20260601-20270830,17479,,TIRUPATI,0,,17479,0,0,0
17480,Mon-Tue-Wed-Fri-Sat_20260601-20261018,17480,,PURI,0,,17480,0,0,0
17481,Tue-Sat_20260601-20270830,17481,,TIRUPATI,0,,17481,0,0,0
17482,Thu-Sun_20260601-20270830,17482,,BILASPUR JN.,0,,17482,0,0,0
17601,Sat_20260822-20270830,17601,,SHRI GANGANAGAR,0,,17601,0,0,0
17602,Tue_20260728-20270830,17602,,KACHEGUDA,0,,17602,0,0,0
17603,Mon-Tue-Wed-Thu-Fri-Sat-Sun_20260601-20270830,17603,,YELAHANKA JN.,0,,17603,0,0,0
17604,Mon-Tue-Wed-Thu-Fri-Sat-Sun_20260601-20270830,17604,,KACHEGUDA,0,,17604,0,0,0
17605,Mon-Tue-Wed-Thu-Fri-Sat-Sun_20260421-20270830,17605,,BHAGAT KI KOTHI,0,,17605,0,0,0
17606,Mon-Tue-Wed-Thu-Fri-Sat-Sun_20260421-20270830,17606,,KACHEGUDA,0,,17606,0,0,0
17607,Thu_20260820-20270830,17607,,TIRUCHANUR,0,,17607,0,0,0
17608,Fri_20260821-20270830,17608,,KACHEGUDA,0,,17608,0,0,0
17609,Sat_20260404-20260911,17609,,PURNA JN,0,,17609,0,0,0
17610,Thu_20260716-20270830,17610,,PATNA JN,0,,17610,0,0,0
17611,Mon-Tue-Wed-Thu-Fri-Sat-Sun_20260101-20270830,17611,,C SHIVAJI MAH T,0,,17611,0,0,0
17612,Mon-Tue-Wed-Thu-Fri-Sat-Sun_20260101-20270830,17612,,NANDED,0,,17612,0,0,0
17613,Mon-Tue-Wed-Thu-Fri-Sat-Sun_20260101-20270830,17613,,NANDED,0,,17613,0,0,0
17614,Mon-Tue-Wed-Thu-Fri-Sat-Sun_20260101-20270830,17614,,PANVEL,0,,17614,0,0,0
17615,Mon_20260706-20261231,17615,,TUTICORIN,0,,17615,0,0,0
17616,Wed_20260601-20270830,17616,,KACHEGUDA,0,,17616,0,0,0
17617,Mon-Tue-Wed-Thu-Fri-Sat-Sun_20260101-20270830,17617,,NANDED,0,,17617,0,0,0
17618,Mon-Tue-Wed-Thu-Fri-Sat-Sun_20260101-20270830,17618,,C SHIVAJI MAH T,0,,17618,0,0,0
17619,Sun_20260101-20270830,17619,,NANDED,0,,17619,0,0,0
17620,Fri_20260101-20270830,17620,,CHHATRAPATI SAMBHAJINAGAR,0,,17620,0,0,0
17621,Fri_20260821-20270830,17621,,TIRUPATI,0,,17621,0,0,0
17622,Sat_20260829-20270830,17622,,CHHATRAPATI SAMBHAJINAGAR,0,,17622,0,0,0
17625,Mon-Tue-Wed-Thu-Fri-Sat-Sun_20260601-20270830,17625,,REPALLE,0,,17625,0,0,0
17626,Mon-Tue-Wed-Thu-Fri-Sat-Sun_20260601-20270830,17626,,VIKARABAD JN,0,,17626,0,0,0
17629,Mon-Tue-Wed-Thu-Fri-Sat-Sun_20260408-20270830,17629,,NANDED,0,,17629,0,0,0
17630,Mon-Tue-Wed-Thu-Fri-Sat-Sun_20260226-20270830,17630,,HADAPSAR,0,,17630,0,0,0
17631,Sun_20260712-20270830,17631,,TANAKPUR,0,,17631,0,0,0
17632,Tue_20260714-20270830,17632,,NANDED,0,,17632,0,0,0
17633,Sat_20260801-20270830,17633,,TIRUCHANUR,0,,17633,0,0,0
17634,Sun_20260802-20270830,17634,,NANDED,0,,17634,0,0,0
17635,Fri_20260619-20270830,17635,,DHARMAVARAM JN,0,,17635,0,0,0
17636,Sun_20260621-20270830,17636,,NANDED,0,,17636,0,0,0
17637,Mon_20260810-20270830,17637,,TIRUCHANUR,0,,17637,0,0,0
17638,Tue_20260601-20270830,17638,,JALNA,0,,17638,0,0,0
17639,Mon_20260309-20270830,17639,,AKOLA JN.,0,,17639,0,0,0
17640,Tue_20260310-20270830,17640,,KACHEGUDA,0,,17640,0,0,0
17641,Tue-Wed-Thu-Fri-Sat-Sun_20260306-20270830,17641,,NARKHER,0,,17641,0,0,0
17642,Mon-Wed-Thu-Fri-Sat-Sun_20260306-20270830,17642,,KACHEGUDA,0,,17642,0,0,0
17643,Tue-Wed-Fri-Sun_20260601-20270830,17643,,KAKINADA PORT,0,,17643,0,0,0
17644,Tue-Wed-Fri-Sun_20260601-20270830,17644,,CHENGALPATTU JN.,0,,17644,0,0,0
17645,Mon-Tue-Wed-Thu-Fri-Sat-Sun_20260601-20270830,17645,,REPALLE,0,,17645,0,0,0
17646,Mon-Tue-Wed-Thu-Fri-Sat-Sun_20260601-20270830,17646,,SECUNDERABAD JN,0,,17646,0,0,0
17647,Mon-Tue-Wed-Thu-Fri-Sat-Sun_20260101-20270830,17647,,PURNA JN,0,,17647,0,0,0
17648,Mon-Tue-Wed-Thu-Fri-Sat-Sun_20260101-20270830,17648,,HYDERABAD,0,,17648,0,0,0
17651,Mon-Wed-Thu-Sat_20260629-20270830,17651,,KACHEGUDA,0,,17651,0,0,0
17652,Mon-Tue-Thu-Sat_20260704-20270830,17652,,CHENGALPATTU JN.,0,,17652,0,0,0
17653,Wed-Fri-Sun_20260703-20270830,17653,,PONDICHERRY,0,,17653,0,0,0
17654,Tue-Fri-Sun_20260629-20270830,17654,,KACHEGUDA,0,,17654,0,0,0
17655,Mon-Thu-Sat_20260601-20270830,17655,,PONDICHERRY,0,,17655,0,0,0
17656,Mon-Thu-Sat_20260601-20270830,17656,,KAKINADA PORT,0,,17656,0,0,0
17659,Mon-Tue-Wed-Thu-Fri-Sat-Sun_20260101-20270830,17659,,BHADRACHALAM RD,0,,17659,0,0,0
17660,Mon-Tue-Wed-Thu-Fri-Sat-Sun_20260101-20270830,17660,,SECUNDERABAD JN,0,,17660,0,0,0
17661,Mon-Tue-Wed-Thu-Fri-Sat-Sun_20260227-20270830,17661,,NAGARSOL,0,,17661,0,0,0
17662,Mon-Tue-Wed-Thu-Fri-Sat-Sun_20260227-20270830,17662,,KACHEGUDA,0,,17662,0,0,0
17663,Mon-Tue-Wed-Thu-Fri-Sat-Sun_20260601-20270830,17663,,JALNA,0,,17663,0,0,0
17664,Mon-Tue-Wed-Thu-Fri-Sat-Sun_20260601-20270830,17664,,RAICHUR,0,,17664,0,0,0
17665,Mon_20260803-20270830,17665,,LOKMANYATILAK,0,,17665,0,0,0
17666,Tue_20260714-20270830,17666,,NANDED,0,,17666,0,0,0
17667,Wed_20260708-20261231,17667,,LOKMANYATILAK,0,,17667,0,0,0
17668,Thu_20260709-20270830,17668,,NANDED,0,,17668,0,0,0
17683,Mon-Tue-Wed-Thu-Fri-Sat-Sun_20260101-20270830,17683,,PURNA JN,0,,17683,0,0,0
17684,Mon-Tue-Wed-Thu-Fri-Sat-Sun_20260101-20270830,17684,,AKOLA JN.,0,,17684,0,0,0
17687,Mon-Tue-Wed-Thu-Fri-Sat-Sun_20260101-20270830,17687,,DHARMABAD,0,,17687,0,0,0
17688,Mon-Tue-Wed-Thu-Fri-Sat-Sun_20260503-20270830,17688,,MANMAD JN,0,,17688,0,0,0
17693,Mon-Tue-Wed-Thu-Fri-Sun_20260601-20270830,17693,,RAICHUR,0,,17693,0,0,0
17694,Mon-Tue-Wed-Thu-Fri-Sun_20260616-20270830,17694,,KACHEGUDA,0,,17694,0,0,0
18003,Mon-Tue-Wed-Thu-Fri-Sat-Sun_20260101-20270830,18003,,ADRA,0,,18003,0,0,0
18004,Mon-Tue-Wed-Thu-Fri-Sat-Sun_20260101-20270830,18004,,HOWRAH JN,0,,18004,0,0,0
18005,Mon-Tue-Wed-Thu-Fri-Sat-Sun_20260829-20270830,18005,,JAGDALPUR,0,,18005,0,0,0
18006,Mon-Tue-Wed-Thu-Fri-Sat-Sun_20260829-20270830,18006,,HOWRAH JN,0,,18006,0,0,0
18007,Mon-Tue-Wed_20260101-20270830,18007,,BHANJPUR,0,,18007,0,0,0
18008,Tue-Wed-Thu_20260101-20270830,18008,,SHALIMAR,0,,18008,0,0,0
18009,Fri_20260626-20261029,18009,,AJMER JN,0,,18009,0,0,0
18010,Sun_20260326-20261031,18010,,SANTRAGACHI JN,0,,18010,0,0,0
18011,Mon-Tue-Wed-Thu-Fri-Sat-Sun_20260101-20270830,18011,,CHAKARADHARPUR,0,,18011,0,0,0
18012,Mon-Tue-Wed-Thu-Fri-Sat-Sun_20260130-20270830,18012,,HOWRAH JN,0,,18012,0,0,0
18013,Mon-Tue-Wed-Thu-Fri-Sat-Sun_20260101-20270830,18013,,BOKARO STEEL CITY,0,,18013,0,0,0
18014,Mon-Tue-Wed-Thu-Fri-Sat-Sun_20260101-20270830,18014,,ADRA,0,,18014,0,0,0
18015,Thu-Sat_20260521-20270830,18015,,BHANJPUR,0,,18015,0,0,0
18016,Mon-Sat_20260523-20270830,18016,,SHALIMAR,0,,18016,0,0,0
18017,Thu-Sat_20260521-20270830,18017,,PURI,0,,18017,0,0,0
18018,Fri-Sun_20260522-20270830,18018,,BHANJPUR,0,,18018,0,0,0
18019,Mon-Tue-Wed-Thu-Fri-Sun_20260101-20270830,18019,,DHANBAD JN,0,,18019,0,0,0
18020,Mon-Tue-Wed-Thu-Fri-Sun_20260101-20270830,18020,,JHARGRAM,0,,18020,0,0,0
18021,Mon-Tue-Wed-Thu-Fri-Sat-Sun_20260528-20270830,18021,,KHURDA ROAD JN,0,,18021,0,0,0
18022,Mon-Tue-Wed-Thu-Fri-Sat-Sun_20260101-20270830,18022,,KHARAGPUR JN,0,,18022,0,0,0
18023,Mon-Tue-Wed-Thu-Fri-Sat-Sun_20260101-20270830,18023,,NSC BOSE J GOMO,0,,18023,0,0,0
18024,Mon-Tue-Wed-Thu-Fri-Sat-Sun_20260101-20270830,18024,,KHARAGPUR JN,0,,18024,0,0,0
18027,Mon-Tue-Wed-Thu-Fri-Sat-Sun_20260101-20270830,18027,,ASANSOL JN.,0,,18027,0,0,0
18028,Mon-Tue-Wed-Thu-Fri-Sat-Sun_20260101-20270830,18028,,KHARAGPUR JN,0,,18028,0,0,0
18029,Mon-Tue-Wed-Thu-Fri-Sat-Sun_20260829-20270830,18029,,SHALIMAR,0,,18029,0,0,0
18030,Mon-Tue-Wed-Thu-Fri-Sat-Sun_20260829-20270830,18030,,LOKMANYATILAK,0,,18030,0,0,0
18033,Mon-Tue-Wed-Thu-Fri-Sun_20260419-20270830,18033,,GHATSILA,0,,18033,0,0,0
18034,Mon-Tue-Wed-Thu-Fri-Sun_20260419-20270830,18034,,HOWRAH JN,0,,18034,0,0,0
18035,Mon-Tue-Wed-Thu-Fri-Sat-Sun_20260101-20270830,18035,,HATIA,0,,18035,0,0,0
18036,Mon-Tue-Wed-Thu-Fri-Sat-Sun_20260102-20270830,18036,,KHARAGPUR JN,0,,18036,0,0,0
18037,Mon-Tue-Wed-Thu-Fri-Sat-Sun_20260528-20270830,18037,,JAJPUR K ROAD,0,,18037,0,0,0
18038,Mon-Tue-Wed-Thu-Fri-Sat-Sun_20260306-20270830,18038,,KHARAGPUR JN,0,,18038,0,0,0
18039,Sun_20260524-20270830,18039,,PURI,0,,18039,0,0,0
18040,Mon_20260525-20270830,18040,,SHALIMAR,0,,18040,0,0,0
18041,Mon_20260601-20270830,18041,,PURATCHI THALAIVAR DR. MGR CTL,0,,18041,0,0,0
18042,Tue_20260602-20270830,18042,,SHALIMAR,0,,18042,0,0,0
18043,Mon-Tue-Wed-Thu-Fri-Sat-Sun_20260306-20270830,18043,,BHADRAKH,0,,18043,0,0,0
18044,Mon-Tue-Wed-Thu-Fri-Sat-Sun_20260306-20270830,18044,,HOWRAH JN,0,,18044,0,0,0
18045,Mon-Tue-Wed-Thu-Fri-Sat-Sun_20260601-20270830,18045,,CHARLAPALLI,0,,18045,0,0,0
18046,Mon-Tue-Wed-Thu-Fri-Sat-Sun_20260601-20261014,18046,,SHALIMAR,0,,18046,0,0,0
18047,Mon-Tue-Thu-Sat_20260723-20270830,18047,,VASCO DA GAMA,0,,18047,0,0,0
18048,Tue-Thu-Fri-Sun_20260602-20261019,18048,,SHALIMAR,0,,18048,0,0,0
18049,Sat_20260326-20270830,18049,,BADAMPAHAR,0,,18049,0,0,0
18050,Sun_20260326-20270830,18050,,SHALIMAR,0,,18050,0,0,0
18051,Sun_20260829-20270830,18051,,ROURKELA,0,,18051,0,0,0
18052,Sun_20260829-20270830,18052,,BADAMPAHAR,0,,18052,0,0,0
18063,Thu_20260601-20270830,18063,,YELAHANKA JN.,0,,18063,0,0,0
18064,Sat_20260606-20261016,18064,,SANTRAGACHI JN,0,,18064,0,0,0
18085,Mon-Tue-Wed-Thu-Fri-Sat-Sun_20260101-20270830,18085,,RANCHI,0,,18085,0,0,0
18086,Mon-Tue-Wed-Thu-Fri-Sat-Sun_20260101-20270830,18086,,KHARAGPUR JN,0,,18086,0,0,0
18101,Wed-Fri-Sun_20260805-20261017,18101,,JAMMUTAVI,0,,18101,0,0,0
18102,Mon-Wed-Sat_20260822-20270830,18102,,TATANAGAR JN,0,,18102,0,0,0
18103,Mon-Wed_20260316-20270830,18103,,AMRITSAR,0,,18103,0,0,0
18104,Wed-Fri_20260318-20270830,18104,,TATANAGAR JN,0,,18104,0,0,0
18105,Tue-Thu-Sat_20260630-20270830,18105,,JAYNAGAR,0,,18105,0,0,0
18106,Wed-Fri-Sun_20260630-20270830,18106,,ROURKELA,0,,18106,0,0,0
18107,Mon-Tue-Wed-Thu-Fri-Sat-Sun_20260601-20270830,18107,,JAGDALPUR,0,,18107,0,0,0
18108,Mon-Tue-Wed-Thu-Fri-Sat-Sun_20260601-20261026,18108,,ROURKELA,0,,18108,0,0,0
18109,Mon-Tue-Wed-Thu-Fri-Sat-Sun_20260829-20270830,18109,,NETAJI SUBHASH,0,,18109,0,0,0
18110,Mon-Tue-Wed-Thu-Fri-Sat-Sun_20260829-20270830,18110,,TATANAGAR JN,0,,18110,0,0,0
18111,Thu_20260601-20270830,18111,,YESVANTPUR JN.,0,,18111,0,0,0
18112,Sun_20260809-20270830,18112,,TATANAGAR JN,0,,18112,0,0,0
18113,Mon-Tue-Wed-Thu-Fri-Sat-Sun_20260829-20270830,18113,,BILASPUR JN.,0,,18113,0,0,0
18114,Mon-Tue-Wed-Thu-Fri-Sat-Sun_20260829-20270830,18114,,TATANAGAR JN,0,,18114,0,0,0
18115,Mon-Tue-Wed-Thu-Fri-Sat-Sun_20260101-20270830,18115,,CHAKARADHARPUR,0,,18115,0,0,0
18116,Mon-Tue-Wed-Thu-Fri-Sat-Sun_20260101-20270830,18116,,NSC BOSE J GOMO,0,,18116,0,0,0
18117,Mon-Tue-Wed-Thu-Fri-Sat-Sun_20260601-20270830,18117,,GUNUPUR,0,,18117,0,0,0
18118,Mon-Tue-Wed-Thu-Fri-Sat-Sun_20260803-20260909,18118,,ROURKELA,0,,18118,0,0,0
18119,Fri_20260630-20270830,18119,,JAYNAGAR,0,,18119,0,0,0
18120,Sat_20260630-20270830,18120,,TATANAGAR JN,0,,18120,0,0,0
18125,Mon-Tue-Wed-Thu-Fri-Sat-Sun_20260303-20270830,18125,,PURI,0,,18125,0,0,0
18126,Mon-Tue-Wed-Thu-Fri-Sat-Sun_20260306-20270830,18126,,ROURKELA,0,,18126,0,0,0
18175,Mon-Tue-Wed-Thu-Fri-Sat-Sun_20260101-20270830,18175,,JHARSUGUDA JN,0,,18175,0,0,0
18176,Mon-Tue-Wed-Thu-Fri-Sat-Sun_20260101-20270830,18176,,HATIA,0,,18176,0,0,0
18181,Mon-Tue-Thu-Fri_20260630-20270830,18181,,THAWE JN,0,,18181,0,0,0
18182,Wed-Thu-Sat-Sun_20260630-20270830,18182,,TATANAGAR JN,0,,18182,0,0,0
18183,Mon-Tue-Wed-Thu-Fri-Sat-Sun_20260829-20270830,18183,,BUXAR,0,,18183,0,0,0
18184,Mon-Tue-Wed-Thu-Fri-Sat-Sun_20260829-20270830,18184,,TATANAGAR JN,0,,18184,0,0,0
18185,Mon_20260817-20270830,18185,,GODDA,0,,18185,0,0,0
18186,Tue_20260630-20270830,18186,,TATANAGAR JN,0,,18186,0,0,0
18189,Mon-Tue-Wed-Thu-Fri-Sat-Sun_20260829-20270830,18189,,ERNAKULAM JN,0,,18189,0,0,0
18190,Mon-Tue-Wed-Thu-Fri-Sat-Sun_20260829-20270830,18190,,TATANAGAR JN,0,,18190,0,0,0
18201,Wed-Fri_20260403-20270830,18201,,NAUTANWA,0,,18201,0,0,0
18202,Fri-Sun_20260403-20270830,18202,,DURG,0,,18202,0,0,0
18203,Tue-Sun_20260213-20270830,18203,,KANPUR CENTRAL,0,,18203,0,0,0
18204,Mon-Wed_20260213-20270830,18204,,DURG,0,,18204,0,0,0
18205,Thu_20260213-20270830,18205,,NAUTANWA,0,,18205,0,0,0
18206,Sat_20260213-20270830,18206,,DURG,0,,18206,0,0,0
18207,Mon_20260213-20270830,18207,,AJMER JN,0,,18207,0,0,0
18208,Tue_20260213-20270830,18208,,DURG,0,,18208,0,0,0
18213,Sun_20260824-20270830,18213,,AJMER JN,0,,18213,0,0,0
18214,Mon_20260213-20270830,18214,,DURG,0,,18214,0,0,0
18233,Mon-Tue-Wed-Thu-Fri-Sat-Sun_20260101-20270830,18233,,BILASPUR JN.,0,,18233,0,0,0
18234,Mon-Tue-Wed-Thu-Fri-Sat-Sun_20260101-20270830,18234,,INDORE JN,0,,18234,0,0,0
18235,Mon-Tue-Wed-Thu-Fri-Sat-Sun_20260213-20270830,18235,,BILASPUR JN.,0,,18235,0,0,0
18236,Mon-Tue-Wed-Thu-Fri-Sat-Sun_20260213-20270830,18236,,BHOPAL JN.,0,,18236,0,0,0
18237,Mon-Tue-Wed-Thu-Fri-Sat-Sun_20260213-20270830,18237,,AMRITSAR,0,,18237,0,0,0
18238,Mon-Tue-Wed-Thu-Fri-Sat-Sun_20260211-20270830,18238,,BILASPUR JN.,0,,18238,0,0,0
18239,Mon-Tue-Wed-Thu-Fri-Sat-Sun_20260213-20270830,18239,,NETAJI SUBHASH,0,,18239,0,0,0
18240,Mon-Tue-Wed-Thu-Fri-Sat-Sun_20260214-20270830,18240,,KORBA,0,,18240,0,0,0
18241,Mon-Tue-Wed-Thu-Fri-Sat-Sun_20260213-20270830,18241,,AMBIKAPUR,0,,18241,0,0,0
18242,Mon-Tue-Wed-Thu-Fri-Sat-Sun_20260213-20270830,18242,,DURG,0,,18242,0,0,0
18247,Mon-Tue-Wed-Thu-Fri-Sat-Sun_20260101-20270830,18247,,REWA,0,,18247,0,0,0
18248,Mon-Tue-Wed-Thu-Fri-Sat-Sun_20260101-20270830,18248,,BILASPUR JN.,0,,18248,0,0,0
18249,Mon-Tue-Wed-Thu-Fri-Sat-Sun_20260801-20270830,18249,,KORBA,0,,18249,0,0,0
18250,Mon-Tue-Wed-Thu-Fri-Sat-Sun_20260801-20270830,18250,,RAIPUR JN.,0,,18250,0,0,0
18257,Mon-Tue-Wed-Thu-Fri-Sat-Sun_20260101-20270830,18257,,CHIRMIRI,0,,18257,0,0,0
18258,Mon-Tue-Wed-Thu-Fri-Sat-Sun_20260101-20270830,18258,,BILASPUR JN.,0,,18258,0,0,0
18261,Wed_20260826-20270830,18261,,YELAHANKA JN.,0,,18261,0,0,0
18262,Thu_20260827-20270830,18262,,BILASPUR JN.,0,,18262,0,0,0
18301,Mon-Tue-Wed-Thu-Fri-Sat-Sun_20260601-20261026,18301,,RAYAGADA,0,,18301,0,0,0
18302,Mon-Tue-Wed-Thu-Fri-Sat-Sun_20260601-20270830,18302,,SAMBALPUR JN.,0,,18302,0,0,0
18303,Mon-Tue-Wed-Thu-Fri-Sat-Sun_20260504-20270830,18303,,PURI,0,,18303,0,0,0
18304,Mon-Tue-Wed-Thu-Fri-Sat-Sun_20260101-20270830,18304,,SAMBALPUR JN.,0,,18304,0,0,0
18309,Mon-Tue-Thu-Sat_20260722-20261016,18309,,JAMMUTAVI,0,,18309,0,0,0
18310,Tue-Thu-Fri-Sun_20260823-20270830,18310,,SAMBALPUR JN.,0,,18310,0,0,0
18311,Sun_20260101-20270830,18311,,BOUDH,0,,18311,0,0,0
18312,Tue_20260101-20270830,18312,,SAMBALPUR JN.,0,,18312,0,0,0
18313,Mon_20260101-20270830,18313,,BHUBANESWAR NEW JN,0,,18313,0,0,0
18314,Mon_20260504-20261101,18314,,BOUDH,0,,18314,0,0,0
18401,Mon-Tue-Wed-Thu-Fri-Sat-Sun_20260528-20270830,18401,,PURI,0,,18401,0,0,0
18402,Mon-Tue-Wed-Thu-Fri-Sat-Sun_20260201-20270830,18402,,BANGRIPOSI,0,,18402,0,0,0
18403,Mon-Tue-Wed-Thu-Fri-Sat-Sun_20260418-20270830,18403,,DHANBAD JN,0,,18403,0,0,0
18404,Mon-Tue-Wed-Thu-Fri-Sat-Sun_20260402-20270830,18404,,BHUBANESWAR,0,,18404,0,0,0
18405,Sat_20260630-20270830,18405,,PATNA JN,0,,18405,0,0,0
18406,Sun_20260630-20270830,18406,,PURI,0,,18406,0,0,0
18407,Mon-Thu-Sat_20260711-20270830,18407,,KORAPUT JN.,0,,18407,0,0,0
18408,Tue-Fri-Sun_20260712-20261026,18408,,PURI,0,,18408,0,0,0
18409,Mon-Tue-Wed-Thu-Fri-Sat-Sun_20260528-20270830,18409,,PURI,0,,18409,0,0,0
18410,Mon-Tue-Wed-Thu-Fri-Sat-Sun_20260130-20270830,18410,,SHALIMAR,0,,18410,0,0,0
18413,Mon-Tue-Wed-Thu-Fri-Sat-Sun_20260101-20270830,18413,,PURI,0,,18413,0,0,0
18414,Mon-Tue-Wed-Thu-Fri-Sat-Sun_20260101-20270830,18414,,PARADEEP,0,,18414,0,0,0
18415,Mon-Tue-Wed-Thu-Fri-Sat-Sun_20260102-20270830,18415,,PURI,0,,18415,0,0,0
18416,Mon-Tue-Wed-Thu-Fri-Sat-Sun_20260102-20270830,18416,,BARBIL,0,,18416,0,0,0
18417,Mon-Tue-Wed-Thu-Fri-Sat-Sun_20260605-20270830,18417,,GUNUPUR,0,,18417,0,0,0
18418,Mon-Tue-Wed-Thu-Fri-Sat-Sun_20260803-20260909,18418,,PURI,0,,18418,0,0,0
18419,Thu_20260702-20270830,18419,,JAYNAGAR,0,,18419,0,0,0
18420,Sat_20260630-20270830,18420,,PURI,0,,18420,0,0,0
18421,Thu_20260101-20261028,18421,,SONEPUR,0,,18421,0,0,0
18422,Fri_20260508-20261029,18422,,PURI,0,,18422,0,0,0
18423,Mon-Tue-Wed-Thu-Fri-Sat-Sun_20260101-20270830,18423,,DASPALLA,0,,18423,0,0,0
18424,Mon-Tue-Wed-Thu-Fri-Sat-Sun_20260101-20270830,18424,,BHUBANESWAR,0,,18424,0,0,0
18425,Mon-Tue-Wed-Thu-Fri-Sat-Sun_20260101-20270830,18425,,DURG,0,,18425,0,0,0
18426,Mon-Tue-Wed-Thu-Fri-Sat-Sun_20260113-20270830,18426,,PURI,0,,18426,0,0,0
18427,Sat_20260314-20270830,18427,,ANAND VIHAR TERMINAL,0,,18427,0,0,0
18428,Sun_20260315-20270830,18428,,PURI,0,,18428,0,0,0
18447,Mon-Tue-Wed-Thu-Fri-Sat-Sun_20260601-20270830,18447,,JAGDALPUR,0,,18447,0,0,0
18448,Mon-Tue-Wed-Thu-Fri-Sat-Sun_20260601-20261014,18448,,BHUBANESWAR,0,,18448,0,0,0
18449,Mon_20260706-20270830,18449,,PATNA JN,0,,18449,0,0,0
18450,Wed_20260701-20270830,18450,,PURI,0,,18450,0,0,0
18451,Mon-Tue-Wed-Thu-Fri-Sat-Sun_20260528-20270830,18451,,PURI,0,,18451,0,0,0
18452,Mon-Tue-Wed-Thu-Fri-Sat-Sun_20260101-20270830,18452,,HATIA,0,,18452,0,0,0
18463,Mon-Tue-Wed-Thu-Fri-Sat-Sun_20260601-20270830,18463,,KSR BENGALURU,0,,18463,0,0,0
18464,Mon-Tue-Wed-Thu-Fri-Sat-Sun_20260601-20261014,18464,,BHUBANESWAR,0,,18464,0,0,0
18477,Mon-Tue-Wed-Thu-Fri-Sat-Sun_20260830-20270830,18477,,YOG NAGARI RISHIKESH,0,,18477,0,0,0
18478,Mon-Tue-Wed-Thu-Fri-Sat-Sun_20260829-20270830,18478,,PURI,0,,18478,0,0,0
18501,Tue_20260601-20270830,18501,,KOLLAM JN,0,,18501,0,0,0
18502,Wed_20260715-20270830,18502,,VISAKHAPATNAM,0,,18502,0,0,0
18503,Thu_20260702-20270830,18503,,SAINAGAR SHIRDI,0,,18503,0,0,0
18504,Fri_20260601-20270830,18504,,VISAKHAPATNAM,0,,18504,0,0,0
18505,Wed_20260601-20270830,18505,,TIRUPATI,0,,18505,0,0,0
18506,Thu_20260601-20270830,18506,,VISAKHAPATNAM,0,,18506,0,0,0
18507,Mon_20260706-20270830,18507,,TIRUPATI,0,,18507,0,0,0
18508,Tue_20260707-20270830,18508,,VISAKHAPATNAM,0,,18508,0,0,0
18509,Sun_20260705-20270830,18509,,SMVT BENGALURU,0,,18509,0,0,0
18510,Mon_20260706-20270830,18510,,VISAKHAPATNAM,0,,18510,0,0,0
18511,Tue-Sat_20260601-20261026,18511,,VISAKHAPATNAM,0,,18511,0,0,0
18512,Mon-Fri_20260807-20270830,18512,,KORAPUT JN.,0,,18512,0,0,0
18515,Mon-Tue-Wed-Thu-Fri-Sat-Sun_20260601-20270830,18515,,KIRANDUL,0,,18515,0,0,0
18516,Mon-Tue-Wed-Thu-Fri-Sat-Sun_20260601-20261026,18516,,VISAKHAPATNAM,0,,18516,0,0,0
18517,Mon-Tue-Wed-Thu-Fri-Sat-Sun_20260601-20270830,18517,,VISAKHAPATNAM,0,,18517,0,0,0
18518,Mon-Tue-Wed-Thu-Fri-Sat-Sun_20260807-20270830,18518,,KORBA,0,,18518,0,0,0
18519,Mon-Tue-Wed-Thu-Fri-Sat-Sun_20260601-20260904,18519,,LOKMANYATILAK,0,,18519,0,0,0
18520,Mon-Tue-Wed-Thu-Fri-Sat-Sun_20260601-20260904,18520,,VISAKHAPATNAM,0,,18520,0,0,0
18521,Mon-Tue-Wed-Thu-Fri-Sat-Sun_20260825-20270830,18521,,GUNTAKAL JN,0,,18521,0,0,0
18522,Mon-Tue-Wed-Thu-Fri-Sat-Sun_20260819-20270830,18522,,VISAKHAPATNAM,0,,18522,0,0,0
18523,Wed-Sun_20260809-20270830,18523,,BANARAS,0,,18523,0,0,0
18524,Mon-Thu_20260601-20270830,18524,,VISAKHAPATNAM,0,,18524,0,0,0
18525,Mon-Tue-Wed-Thu-Fri-Sat-Sun_20260825-20270830,18525,,VISAKHAPATNAM,0,,18525,0,0,0
18526,Mon-Tue-Wed-Thu-Fri-Sat-Sun_20260602-20270830,18526,,BRAHMAPUR,0,,18526,0,0,0
18527,Fri_20260601-20270830,18527,,CHARLAPALLI,0,,18527,0,0,0
18528,Sat_20260601-20270830,18528,,VISAKHAPATNAM,0,,18528,0,0,0
18529,Mon-Tue-Wed-Thu-Fri-Sat-Sun_20260601-20270830,18529,,VISAKHAPATNAM,0,,18529,0,0,0
18530,Mon-Tue-Wed-Thu-Fri-Sat-Sun_20260807-20270830,18530,,DURG,0,,18530,0,0,0
18567,Thu_20260601-20270830,18567,,KOLLAM JN,0,,18567,0,0,0
18568,Fri_20260601-20270830,18568,,VISAKHAPATNAM,0,,18568,0,0,0
18573,Thu_20260601-20270830,18573,,BHAGAT KI KOTHI,0,,18573,0,0,0
18574,Sat_20260601-20270830,18574,,VISAKHAPATNAM,0,,18574,0,0,0
18601,Mon-Tue-Wed-Thu-Fri-Sat-Sun_20260715-20270830,18601,,HATIA,0,,18601,0,0,0
18602,Mon-Tue-Wed-Thu-Fri-Sat-Sun_20260715-20270830,18602,,TATANAGAR JN,0,,18602,0,0,0
18603,Tue-Thu-Sat_20260630-20270830,18603,,GODDA,0,,18603,0,0,0
18604,Wed-Fri-Sun_20260630-20270830,18604,,RANCHI,0,,18604,0,0,0
18609,Wed_20260429-20270830,18609,,LOKMANYATILAK,0,,18609,0,0,0
18610,Fri_20260501-20270830,18610,,RANCHI,0,,18610,0,0,0
18611,Mon-Tue-Thu-Fri-Sat_20260314-20270830,18611,,BANARAS,0,,18611,0,0,0
18612,Tue-Wed-Fri-Sat-Sun_20260314-20270830,18612,,RANCHI,0,,18612,0,0,0
18613,Mon-Thu-Sat_20260629-20270830,18613,,CHOPAN,0,,18613,0,0,0
18614,Wed-Fri-Sun_20260308-20270830,18614,,RANCHI,0,,18614,0,0,0
18615,Mon-Tue-Wed-Thu-Fri-Sat-Sun_20260326-20270830,18615,,HATIA,0,,18615,0,0,0
18616,Mon-Tue-Wed-Thu-Fri-Sat-Sun_20260326-20270830,18616,,HOWRAH JN,0,,18616,0,0,0
18619,Mon-Tue-Wed-Thu-Fri-Sat-Sun_20260703-20270830,18619,,GODDA,0,,18619,0,0,0
18620,Mon-Tue-Wed-Thu-Fri-Sat-Sun_20260703-20270830,18620,,RANCHI,0,,18620,0,0,0
18621,Mon-Tue-Wed-Thu-Fri-Sat-Sun_20260630-20270830,18621,,HATIA,0,,18621,0,0,0
18622,Mon-Tue-Wed-Thu-Fri-Sat-Sun_20260630-20270830,18622,,PATNA JN,0,,18622,0,0,0
18623,Mon-Tue-Wed-Thu-Fri-Sat-Sun_20260101-20270830,18623,,HATIA,0,,18623,0,0,0
18624,Mon-Tue-Wed-Thu-Fri-Sat-Sun_20260101-20270830,18624,,ISLAMPUR,0,,18624,0,0,0
18625,Mon-Tue-Wed-Thu-Fri-Sat-Sun_20260517-20270830,18625,,HATIA,0,,18625,0,0,0
18626,Mon-Tue-Wed-Thu-Fri-Sat-Sun_20260517-20270830,18626,,PURNIA COURT,0,,18626,0,0,0
18627,Mon-Tue-Sun_20260607-20270830,18627,,RANCHI,0,,18627,0,0,0
18628,Mon-Tue-Sun_20260607-20270830,18628,,HOWRAH JN,0,,18628,0,0,0
18629,Fri_20260630-20270830,18629,,GORAKHPUR JN,0,,18629,0,0,0
18630,Sat_20260630-20270830,18630,,RANCHI,0,,18630,0,0,0
18631,Wed-Fri-Sun_20260628-20270830,18631,,CHOPAN,0,,18631,0,0,0
18632,Mon-Thu-Sat_20260101-20270830,18632,,RANCHI,0,,18632,0,0,0
18635,Mon-Tue-Wed-Thu-Fri-Sat_20260318-20270830,18635,,SASARAM,0,,18635,0,0,0
18636,Tue-Wed-Thu-Fri-Sat-Sun_20260314-20270830,18636,,RANCHI,0,,18636,0,0,0
18637,Sat_20260601-20270830,18637,,SMVT BENGALURU,0,,18637,0,0,0
18638,Tue_20260811-20270830,18638,,HATIA,0,,18638,0,0,0
18639,Tue-Fri-Sun_20260315-20270830,18639,,RANCHI,0,,18639,0,0,0
18640,Mon-Thu-Sat_20260314-20270830,18640,,ARA,0,,18640,0,0,0
18641,Tue-Thu_20260707-20270830,18641,,DURG,0,,18641,0,0,0
18642,Wed-Fri_20260429-20270830,18642,,HATIA,0,,18642,0,0,0
18755,Mon-Tue-Wed-Thu-Fri-Sat-Sun_20260101-20270830,18755,,AMBIKAPUR,0,,18755,0,0,0
18756,Mon-Tue-Wed-Thu-Fri-Sat-Sun_20260101-20270830,18756,,SHAHDOL,0,,18756,0,0,0
19001,Mon-Tue-Wed-Thu-Fri-Sat-Sun_20260101-20270830,19001,,SURAT,0,,19001,0,0,0
19002,Mon-Tue-Wed-Thu-Fri-Sat-Sun_20260101-20270830,19002,,VIRAR,0,,19002,0,0,0
19003,Mon-Tue-Wed-Thu-Sat-Sun_20260801-20270830,19003,,BHUSAVAL JN,0,,19003,0,0,0
19004,Mon-Tue-Wed-Thu-Sat-Sun_20260801-20270830,19004,,DADAR,0,,19004,0,0,0
19005,Mon-Tue-Wed-Thu-Fri-Sat-Sun_20260101-20270830,19005,,BHUSAVAL JN,0,,19005,0,0,0
19006,Mon-Tue-Wed-Thu-Fri-Sat-Sun_20260101-20270830,19006,,SURAT,0,,19006,0,0,0
19007,Mon-Tue-Wed-Thu-Fri-Sat-Sun_20260101-20270830,19007,,BHUSAVAL JN,0,,19007,0,0,0
19008,Mon-Tue-Wed-Thu-Fri-Sat-Sun_20260101-20270830,19008,,SURAT,0,,19008,0,0,0
19011,Mon-Tue-Wed-Thu-Fri-Sat-Sun_20260819-20270830,19011,,DAHOD,0,,19011,0,0,0
19012,Mon-Tue-Wed-Thu-Fri-Sat-Sun_20260819-20270830,19012,,VALSAD,0,,19012,0,0,0
19013,Mon-Tue-Wed-Thu-Fri-Sat-Sun_20260603-20270830,19013,,KATNI,0,,19013,0,0,0
19014,Mon-Tue-Wed-Thu-Fri-Sat-Sun_20260101-20270830,19014,,BHUSAVAL JN,0,,19014,0,0,0
19015,Mon-Tue-Wed-Thu-Fri-Sat-Sun_20260819-20270830,19015,,PORBANDAR,0,,19015,0,0,0
19016,Mon-Tue-Wed-Thu-Fri-Sat-Sun_20260819-20270830,19016,,DADAR,0,,19016,0,0,0
19017,Mon-Tue-Wed-Thu-Fri-Sat-Sun_20261012-20270830,19017,,VADNAGAR,0,,19017,0,0,0
19018,Mon-Tue-Wed-Thu-Fri-Sat-Sun_20261013-20270830,19018,,BANDRA TERMINUS,0,,19018,0,0,0
19019,Mon-Tue-Wed-Thu-Fri-Sat-Sun_20260819-20270830,19019,,HARIDWAR JN,0,,19019,0,0,0
19020,Mon-Tue-Wed-Thu-Fri-Sat-Sun_20260819-20260831,19020,,BANDRA TERMINUS,0,,19020,0,0,0
19021,Mon-Tue-Wed-Thu-Fri-Sat-Sun_20260821-20261014,19021,,BRAHMAPUR,0,,19021,0,0,0
19022,Mon-Tue-Wed-Thu-Fri-Sat-Sun_20260821-20270830,19022,,UDHNA JN,0,,19022,0,0,0
19027,Sat_20260819-20270830,19027,,JAMMUTAVI,0,,19027,0,0,0
19028,Mon_20260819-20270830,19028,,BANDRA TERMINUS,0,,19028,0,0,0
19031,Mon-Tue-Wed-Thu-Fri-Sat-Sun_20260416-20270830,19031,,YOG NAGARI RISHIKESH,0,,19031,0,0,0
19032,Mon-Tue-Wed-Thu-Fri-Sat-Sun_20260416-20270830,19032,,SABARMATI BG,0,,19032,0,0,0
19033,Mon-Tue-Wed-Thu-Fri-Sat-Sun_20260819-20270830,19033,,AHMEDABAD JN,0,,19033,0,0,0
19034,Mon-Tue-Wed-Thu-Fri-Sat-Sun_20260819-20270830,19034,,VALSAD,0,,19034,0,0,0
19035,Mon-Tue-Wed-Thu-Fri-Sat-Sun_20260101-20270830,19035,,VATVA,0,,19035,0,0,0
19036,Mon-Tue-Wed-Thu-Fri-Sat-Sun_20260101-20270830,19036,,VADODARA JN,0,,19036,0,0,0
19037,Mon-Tue-Wed-Thu-Fri-Sat-Sun_20260819-20270830,19037,,BARAUNI JN,0,,19037,0,0,0
19038,Mon-Tue-Wed-Thu-Fri-Sat-Sun_20260819-20270830,19038,,BANDRA TERMINUS,0,,19038,0,0,0
19045,Mon-Wed-Thu-Fri-Sun_20260615-20270830,19045,,THAWE JN,0,,19045,0,0,0
19046,Tue-Wed-Fri-Sat-Sun_20260617-20270830,19046,,SURAT,0,,19046,0,0,0
19051,Sat_20260404-20270830,19051,,MUZAFFARPUR JN,0,,19051,0,0,0
19052,Mon_20260406-20270830,19052,,VALSAD,0,,19052,0,0,0
19053,Fri_20260819-20270830,19053,,MUZAFFARPUR JN,0,,19053,0,0,0
19054,Sun_20260819-20270830,19054,,SURAT,0,,19054,0,0,0
19055,Mon-Tue-Wed-Thu-Fri-Sat-Sun_20260827-20270830,19055,,UDHNA JN,0,,19055,0,0,0
19056,Mon-Tue-Wed-Thu-Fri-Sat-Sun_20260827-20270830,19056,,BANDRA TERMINUS,0,,19056,0,0,0
19057,Wed-Sun_20260712-20261020,19057,,MANGALORE JUNCTION,0,,19057,0,0,0
19058,Mon-Thu_20260618-20261020,19058,,SURAT,0,,19058,0,0,0
19091,Mon_20260819-20270830,19091,,GORAKHPUR JN,0,,19091,0,0,0
19092,Tue_20260819-20270830,19092,,BANDRA TERMINUS,0,,19092,0,0,0
19101,Mon-Tue-Wed-Thu-Fri-Sat-Sun_20260101-20270830,19101,,BHARUCH JN,0,,19101,0,0,0
19102,Mon-Tue-Wed-Thu-Fri-Sat-Sun_20260101-20270830,19102,,VIRAR,0,,19102,0,0,0
19103,Mon-Tue-Wed-Thu-Fri-Sat-Sun_20260101-20270830,19103,,KOTA JN,0,,19103,0,0,0
19104,Mon-Tue-Wed-Thu-Fri-Sat-Sun_20260101-20270830,19104,,RATLAM JN,0,,19104,0,0,0
19105,Mon-Tue-Wed-Thu-Fri-Sat-Sun_20260101-20270830,19105,,BHUSAVAL JN,0,,19105,0,0,0
19106,Mon-Tue-Wed-Thu-Fri-Sat-Sun_20260101-20270830,19106,,UDHNA JN,0,,19106,0,0,0
19107,Sun_20260722-20270830,19107,,MARTYR CAPTAIN TUSHAR MAHAJAN,0,,19107,0,0,0
19108,Mon_20260722-20261018,19108,,BHAVNAGAR TERMINUS,0,,19108,0,0,0
19109,Mon-Tue-Wed-Thu-Fri-Sat-Sun_20260101-20270830,19109,,DEEG,0,,19109,0,0,0
19110,Mon-Tue-Wed-Thu-Fri-Sat-Sun_20260101-20270830,19110,,KOTA JN,0,,19110,0,0,0
19119,Mon-Tue-Wed-Thu-Fri-Sat-Sun_20260710-20270830,19119,,VERAVAL,0,,19119,0,0,0
19120,Mon-Tue-Wed-Thu-Fri-Sat-Sun_20260101-20270830,19120,,GANDHINAGAR CAPITAL,0,,19120,0,0,0
19165,Wed-Fri-Sun_20260805-20270830,19165,,DARBHANGA JN,0,,19165,0,0,0
19166,Mon-Wed-Sat_20260805-20270830,19166,,AHMEDABAD JN,0,,19166,0,0,0
19167,Mon-Tue-Thu-Sat_20260803-20270830,19167,,VARANASI CITY,0,,19167,0,0,0
19168,Tue-Thu-Fri-Sun_20260804-20270830,19168,,AHMEDABAD JN,0,,19168,0,0,0
19201,Mon_20260416-20270830,19201,,AYODHYA CANTT,0,,19201,0,0,0
19202,Tue_20260416-20261102,19202,,BHAVNAGAR TERMINUS,0,,19202,0,0,0
19203,Sat_20260819-20270830,19203,,VERAVAL,0,,19203,0,0,0
19204,Fri_20260819-20270830,19204,,BANDRA TERMINUS,0,,19204,0,0,0
19205,Mon-Tue-Wed-Thu-Fri-Sat-Sun_20260727-20270119,19205,,MAHUVA JN,0,,19205,0,0,0
19206,Mon-Tue-Wed-Thu-Fri-Sat-Sun_20260727-20270119,19206,,BHAVANAGAR PARA,0,,19206,0,0,0
19207,Mon-Tue-Wed-Thu-Fri-Sat-Sun_20260101-20270830,19207,,RAJKOT,0,,19207,0,0,0
19208,Mon-Tue-Wed-Thu-Fri-Sat-Sun_20260101-20270830,19208,,PORBANDAR,0,,19208,0,0,0
19209,Mon-Tue-Wed-Thu-Fri-Sat-Sun_20260301-20270830,19209,,OKHA,0,,19209,0,0,0
19210,Mon-Tue-Wed-Thu-Fri-Sat-Sun_20260801-20270830,19210,,BHAVNAGAR TERMINUS,0,,19210,0,0,0
19217,Mon-Tue-Wed-Thu-Fri-Sat-Sun_20260819-20270830,19217,,VERAVAL,0,,19217,0,0,0
19218,Mon-Tue-Wed-Thu-Fri-Sat-Sun_20260819-20270830,19218,,BANDRA TERMINUS,0,,19218,0,0,0
19223,Mon-Tue-Wed-Thu-Fri-Sat-Sun_20260722-20261017,19223,,JAMMUTAVI,0,,19223,0,0,0
19224,Mon-Tue-Wed-Thu-Fri-Sat-Sun_20260722-20261019,19224,,SABARMATI BG,0,,19224,0,0,0
19251,Mon-Tue-Wed-Thu-Fri-Sat-Sun_20260306-20270830,19251,,OKHA,0,,19251,0,0,0
19252,Mon-Tue-Wed-Thu-Fri-Sat-Sun_20260306-20270830,19252,,VERAVAL,0,,19252,0,0,0
19255,Mon-Tue-Thu-Sat-Sun_20260819-20270830,19255,,MAHUVA JN,0,,19255,0,0,0
19256,Mon-Tue-Wed-Fri-Sun_20260819-20270830,19256,,SURAT,0,,19256,0,0,0
19259,Thu_20260819-20261020,19259,,BHAVNAGAR TERMINUS,0,,19259,0,0,0
19260,Tue_20260819-20270830,19260,,THIRUVANANTHAPURAM NORTH,0,,19260,0,0,0
19269,Thu-Fri_20260416-20270830,19269,,MUZAFFARPUR JN,0,,19269,0,0,0
19270,Mon-Sun_20260416-20270830,19270,,PORBANDAR,0,,19270,0,0,0
19271,Mon-Thu_20260507-20270830,19271,,HARIDWAR JN,0,,19271,0,0,0
19272,Wed-Sat_20260507-20270830,19272,,BHAVNAGAR TERMINUS,0,,19272,0,0,0
19301,Sun_20260601-20270830,19301,,YESVANTPUR JN.,0,,19301,0,0,0
19302,Tue_20260601-20270830,19302,,DR. AMBEDKAR NAGAR,0,,19302,0,0,0
19303,Mon-Tue-Wed-Thu-Fri-Sat-Sun_20260101-20270830,19303,,BHOPAL JN.,0,,19303,0,0,0
19304,Mon-Tue-Wed-Thu-Fri-Sat-Sun_20260101-20270830,19304,,INDORE JN,0,,19304,0,0,0
19305,Thu_20260326-20270830,19305,,KAMAKHYA,0,,19305,0,0,0
19306,Sun_20260329-20270830,19306,,DR. AMBEDKAR NAGAR,0,,19306,0,0,0
19307,Thu-Fri_20260101-20270830,19307,,UNA HIMACHAL,0,,19307,0,0,0
19308,Fri-Sat_20260101-20260903,19308,,INDORE JN,0,,19308,0,0,0
19309,Mon-Tue-Wed-Thu-Fri-Sat-Sun_20260317-20270830,19309,,INDORE JN,0,,19309,0,0,0
19310,Mon-Tue-Wed-Thu-Fri-Sat-Sun_20260317-20270830,19310,,GANDHINAGAR CAPITAL,0,,19310,0,0,0
19313,Mon-Wed_20260101-20270830,19313,,PATNA JN,0,,19313,0,0,0
19314,Wed-Fri_20260101-20270830,19314,,INDORE JN,0,,19314,0,0,0
19315,Mon-Tue-Wed-Thu-Fri-Sat-Sun_20260217-20270830,19315,,ASARVA JN,0,,19315,0,0,0
19316,Mon-Tue-Wed-Thu-Fri-Sat-Sun_20260101-20270830,19316,,INDORE JN,0,,19316,0,0,0
19319,Wed_20260317-20270830,19319,,INDORE JN,0,,19319,0,0,0
19320,Tue_20260317-20270830,19320,,VERAVAL,0,,19320,0,0,0
19321,Sat_20260101-20270830,19321,,PATNA JN,0,,19321,0,0,0
19322,Mon_20260101-20270830,19322,,INDORE JN,0,,19322,0,0,0
19323,Mon-Tue-Wed-Thu-Fri-Sat-Sun_20260101-20270830,19323,,BHOPAL JN.,0,,19323,0,0,0
19324,Mon-Tue-Wed-Thu-Fri-Sat-Sun_20260101-20270830,19324,,DR. AMBEDKAR NAGAR,0,,19324,0,0,0
19325,Tue-Fri_20260101-20270830,19325,,AMRITSAR,0,,19325,0,0,0
19326,Thu-Sun_20260101-20260831,19326,,INDORE JN,0,,19326,0,0,0
19327,Mon-Tue-Wed-Thu-Fri-Sat-Sun_20260101-20270830,19327,,UDAIPUR CITY,0,,19327,0,0,0
19328,Mon-Tue-Wed-Thu-Fri-Sat-Sun_20260101-20270830,19328,,RATLAM JN,0,,19328,0,0,0
19333,Sat_20260101-20270830,19333,,BIKANER JN,0,,19333,0,0,0
19334,Sun_20260101-20270830,19334,,INDORE JN,0,,19334,0,0,0
19337,Sun_20260719-20270830,19337,,DELHI SARAI ROHILLA,0,,19337,0,0,0
19338,Mon_20260101-20270830,19338,,INDORE JN,0,,19338,0,0,0
19339,Mon-Tue-Wed-Thu-Fri-Sat-Sun_20260101-20270830,19339,,BHOPAL JN.,0,,19339,0,0,0
19340,Mon-Tue-Wed-Thu-Fri-Sat-Sun_20260101-20270830,19340,,DAHOD,0,,19340,0,0,0
19341,Mon-Tue-Wed-Thu-Fri-Sat-Sun_20260101-20270830,19341,,BINA JN,0,,19341,0,0,0
19342,Mon-Tue-Wed-Thu-Fri-Sat-Sun_20260101-20270830,19342,,NAGDA JN,0,,19342,0,0,0
19343,Mon-Tue-Wed-Thu-Fri-Sat-Sun_20260101-20270830,19343,,NAINPUR JN,0,,19343,0,0,0
19344,Mon-Tue-Wed-Thu-Fri-Sat-Sun_20260101-20270830,19344,,INDORE JN,0,,19344,0,0,0
19345,Mon-Tue-Wed-Thu-Fri-Sat-Sun_20260101-20270830,19345,,BHILWARA,0,,19345,0,0,0
19346,Mon-Tue-Wed-Thu-Fri-Sat-Sun_20260522-20270830,19346,,RATLAM JN,0,,19346,0,0,0
19401,Mon_20260416-20270830,19401,,LUCKNOW JN.,0,,19401,0,0,0
19402,Tue_20260418-20270830,19402,,SABARMATI BG,0,,19402,0,0,0
19403,Mon-Tue-Wed-Thu-Fri-Sat-Sun_20260609-20270830,19403,,DELHI JN.,0,,19403,0,0,0
19404,Mon-Tue-Wed-Thu-Fri-Sat-Sun_20260609-20270830,19404,,BHUJ,0,,19404,0,0,0
19405,Mon-Tue-Wed-Thu-Fri-Sat-Sun_20260728-20270830,19405,,GANDHIDHAM BG,0,,19405,0,0,0
19406,Mon-Tue-Wed-Thu-Fri-Sat-Sun_20260101-20270830,19406,,PALANPUR JN,0,,19406,0,0,0
19407,Mon-Tue-Wed-Thu-Fri-Sat-Sun_20260622-20270830,19407,,LALGARH JN,0,,19407,0,0,0
19408,Mon-Tue-Wed-Thu-Fri-Sat-Sun_20260623-20270830,19408,,SABARMATI BG,0,,19408,0,0,0
19409,Thu-Sat_20260611-20270830,19409,,GORAKHPUR JN,0,,19409,0,0,0
19410,Mon-Sat_20260613-20270830,19410,,SABARMATI BG,0,,19410,0,0,0
19411,Mon-Tue-Wed-Thu-Fri-Sat-Sun_20260725-20270830,19411,,DAULATPUR CHAUK,0,,19411,0,0,0
19413,Wed_20260826-20270830,19413,,KOLKATTA TERMINAL,0,,19413,0,0,0
19414,Sat_20260829-20270830,19414,,AHMEDABAD JN,0,,19414,0,0,0
19415,Sun_20260722-20261024,19415,,SHRI MATA VAISHNO DEVI KATRA,0,,19415,0,0,0
19416,Tue_20260722-20270830,19416,,SABARMATI BG,0,,19416,0,0,0
19417,Mon-Tue-Wed-Thu-Fri-Sat-Sun_20260819-20270830,19417,,VATVA,0,,19417,0,0,0
19418,Mon-Tue-Wed-Thu-Fri-Sat-Sun_20260819-20270830,19418,,BORIVALI,0,,19418,0,0,0
19419,Thu_20260924-20270830,19419,,TIRUCHCHIRAPPALLI JN.,0,,19419,0,0,0
19420,Sun_20260927-20270830,19420,,AHMEDABAD JN,0,,19420,0,0,0
19421,Sun_20260322-20270830,19421,,PATNA JN,0,,19421,0,0,0
19422,Tue_20260317-20270830,19422,,AHMEDABAD JN,0,,19422,0,0,0
19423,Wed_20260826-20270830,19423,,BHAGALPUR,0,,19423,0,0,0
19424,Fri_20260828-20270830,19424,,AHMEDABAD JN,0,,19424,0,0,0
19425,Mon-Tue-Wed-Thu-Fri-Sat-Sun_20260101-20270830,19425,,NANDURBAR,0,,19425,0,0,0
19426,Mon-Tue-Wed-Thu-Fri-Sat-Sun_20260101-20270830,19426,,BORIVALI,0,,19426,0,0,0
19435,Thu_20260819-20270830,19435,,ASANSOL JN.,0,,19435,0,0,0
19436,Sat_20260819-20270830,19436,,AHMEDABAD JN,0,,19436,0,0,0
19483,Mon-Tue-Wed-Fri-Sat-Sun_20260819-20270830,19483,,SAHARSA JN,0,,19483,0,0,0
19484,Mon-Tue-Wed-Thu-Fri-Sun_20260819-20270830,19484,,AHMEDABAD JN,0,,19484,0,0,0
19489,Tue-Wed-Thu-Fri-Sat-Sun_20260317-20270830,19489,,GORAKHPUR JN,0,,19489,0,0,0
19490,Mon-Wed-Thu-Fri-Sat-Sun_20260317-20270830,19490,,AHMEDABAD JN,0,,19490,0,0,0
19525,Wed_20260923-20270830,19525,,NAHARLAGUN,0,,19525,0,0,0
19526,Sat_20260926-20270830,19526,,HAPA,0,,19526,0,0,0
19559,Thu_20260827-20270830,19559,,OKHA,0,,19559,0,0,0
19560,Mon_20260819-20260830,19560,,TIRUPATI,0,,19560,0,0,0
19565,Fri_20260814-20270830,19565,,DEHRADOON,0,,19565,0,0,0
19566,Sun_20260814-20270830,19566,,OKHA,0,,19566,0,0,0
19567,Sun_20260819-20270830,19567,,OKHA,0,,19567,0,0,0
19568,Fri_20260819-20270830,19568,,TUTICORIN,0,,19568,0,0,0
19571,Mon-Tue-Wed-Thu-Fri-Sat-Sun_20260819-20270830,19571,,PORBANDAR,0,,19571,0,0,0
19572,Mon-Tue-Wed-Thu-Fri-Sat-Sun_20260819-20270830,19572,,RAJKOT,0,,19572,0,0,0
19575,Wed_20260317-20270830,19575,,NATHDWARA,0,,19575,0,0,0
19576,Thu_20260820-20270830,19576,,OKHA,0,,19576,0,0,0
19577,Mon-Tue_20260819-20270830,19577,,JAMNAGAR,0,,19577,0,0,0
19578,Fri-Sat_20260819-20270830,19578,,TIRUNELVELI JN,0,,19578,0,0,0
19601,Sat_20260801-20270830,19601,,NEW JALPAIGURI,0,,19601,0,0,0
19602,Mon_20260101-20270830,19602,,UDAIPUR CITY,0,,19602,0,0,0
19603,Sun_20260322-20270830,19603,,GODDA,0,,19603,0,0,0
19604,Tue_20260324-20270830,19604,,DAURAI,0,,19604,0,0,0
19605,Mon-Tue-Wed-Thu-Fri-Sat-Sun_20260101-20270830,19605,,UDAIPUR CITY,0,,19605,0,0,0
19606,Mon-Tue-Wed-Thu-Fri-Sat-Sun_20260101-20261007,19606,,MADAR JN,0,,19606,0,0,0
19607,Thu_20260827-20270830,19607,,MADAR JN,0,,19607,0,0,0
19608,Mon_20260525-20260830,19608,,KOLKATTA TERMINAL,0,,19608,0,0,0
19609,Mon-Thu-Sat_20260227-20270830,19609,,YOG NAGARI RISHIKESH,0,,19609,0,0,0
19610,Tue-Fri-Sun_20260225-20270830,19610,,UDAIPUR CITY,0,,19610,0,0,0
19611,Thu-Sat_20260829-20261021,19611,,AMRITSAR,0,,19611,0,0,0
19612,Tue-Thu_20260825-20260831,19612,,AJMER JN,0,,19612,0,0,0
19613,Mon-Wed_20260226-20270830,19613,,AMRITSAR,0,,19613,0,0,0
19614,Fri-Sun_20260101-20270830,19614,,AJMER JN,0,,19614,0,0,0
19615,Mon_20260504-20270830,19615,,KAMAKHYA,0,,19615,0,0,0
19616,Thu_20260507-20270830,19616,,UDAIPUR CITY,0,,19616,0,0,0
19617,Mon-Tue-Wed-Thu-Fri-Sat-Sun_20260829-20260924,19617,,REWARI JN.,0,,19617,0,0,0
19618,Mon-Tue-Wed-Thu-Fri-Sat-Sun_20260101-20270830,19618,,MADAR JN,0,,19618,0,0,0
19619,Mon-Tue-Wed-Thu-Fri-Sat-Sun_20260101-20270830,19619,,REWARI JN.,0,,19619,0,0,0
19620,Mon-Tue-Wed-Thu-Fri-Sat-Sun_20260302-20270830,19620,,PHULERA,0,,19620,0,0,0
19621,Mon-Tue-Wed-Thu-Fri-Sat-Sun_20260108-20270830,19621,,REWARI JN.,0,,19621,0,0,0
19622,Mon-Tue-Wed-Thu-Fri-Sat-Sun_20260829-20260924,19622,,PHULERA,0,,19622,0,0,0
19623,Fri_20260206-20270830,19623,,DARBHANGA JN,0,,19623,0,0,0
19624,Sun_20260405-20270830,19624,,MADAR JN,0,,19624,0,0,0
19625,Sun_20260830-20270830,19625,,BANDRA TERMINUS,0,,19625,0,0,0
19626,Mon_20260819-20260830,19626,,AJMER JN,0,,19626,0,0,0
19665,Mon-Tue-Wed-Thu-Fri-Sat-Sun_20260723-20270830,19665,,UDAIPUR CITY,0,,19665,0,0,0
19666,Mon-Tue-Wed-Thu-Fri-Sat-Sun_20260724-20270830,19666,,KHAJURAHO,0,,19666,0,0,0
19667,Mon_20260819-20270830,19667,,MYSORE JN,0,,19667,0,0,0
19668,Thu_20260819-20270830,19668,,UDAIPUR CITY,0,,19668,0,0,0
19669,Wed_20260101-20270830,19669,,PATLIPUTRA,0,,19669,0,0,0
19670,Fri_20260101-20270830,19670,,UDAIPUR CITY,0,,19670,0,0,0
19701,Mon-Tue-Wed-Thu-Fri-Sat-Sun_20260118-20270830,19701,,DELHI CANTT,0,,19701,0,0,0
19702,Mon-Tue-Wed-Thu-Fri-Sat-Sun_20260119-20270830,19702,,JAIPUR JN.,0,,19702,0,0,0
19711,Mon-Tue-Wed-Thu-Fri-Sat-Sun_20260620-20261005,19711,,BHOPAL JN.,0,,19711,0,0,0
19712,Mon-Tue-Wed-Thu-Fri-Sat-Sun_20260619-20261004,19712,,KHATIPURA,0,,19712,0,0,0
19713,Sat_20260101-20270830,19713,,KURNOOL CITY,0,,19713,0,0,0
19714,Mon_20260101-20270830,19714,,JAIPUR JN.,0,,19714,0,0,0
19715,Tue-Fri-Sun_20260101-20270830,19715,,GOMTI NAGAR,0,,19715,0,0,0
19716,Mon-Wed-Sat_20260101-20270830,19716,,JAIPUR JN.,0,,19716,0,0,0
19719,Mon-Tue-Wed-Thu-Fri-Sat-Sun_20260513-20270830,19719,,SURATGARH JN,0,,19719,0,0,0
19720,Mon-Tue-Wed-Thu-Fri-Sat-Sun_20260101-20270830,19720,,JAIPUR JN.,0,,19720,0,0,0
19721,Mon-Tue-Wed-Thu-Fri-Sat-Sun_20260828-20270830,19721,,BHARATPUR JN,0,,19721,0,0,0
19722,Mon-Tue-Wed-Thu-Fri-Sat-Sun_20260828-20270830,19722,,JAIPUR JN.,0,,19722,0,0,0
19723,Wed_20260826-20260901,19723,,BANDRA TERMINUS,0,,19723,0,0,0
19724,Thu_20260827-20260902,19724,,JAIPUR JN.,0,,19724,0,0,0
19725,Mon-Tue-Wed-Thu-Sat-Sun_20260624-20270830,19725,,DARBHANGA JN,0,,19725,0,0,0
19726,Mon-Tue-Wed-Thu-Fri-Sat_20260713-20270830,19726,,KHATIPURA,0,,19726,0,0,0
19735,Mon-Tue-Wed-Thu-Fri-Sat-Sun_20260108-20270830,19735,,MARWAR JN,0,,19735,0,0,0
19736,Mon-Tue-Wed-Thu-Fri-Sat-Sun_20260108-20270830,19736,,JAIPUR JN.,0,,19736,0,0,0
19801,Mon_20260101-20270830,19801,,DANAPUR,0,,19801,0,0,0
19802,Tue_20260101-20270830,19802,,SOGARIYA,0,,19802,0,0,0
19803,Sat_20260722-20270830,19803,,SHRI MATA VAISHNO DEVI KATRA,0,,19803,0,0,0
19804,Sun_20260722-20270830,19804,,KOTA JN,0,,19804,0,0,0
19807,Tue-Wed-Fri-Sun_20260206-20270830,19807,,SIRSA,0,,19807,0,0,0
19808,Mon-Wed-Thu-Sat_20260326-20270830,19808,,KOTA JN,0,,19808,0,0,0
19811,Mon-Tue-Wed-Thu-Fri-Sat-Sun_20260101-20270830,19811,,ETAWAH JN,0,,19811,0,0,0
19812,Mon-Tue-Wed-Thu-Fri-Sat-Sun_20260101-20270830,19812,,KOTA JN,0,,19812,0,0,0
19813,Mon-Thu-Sat_20260507-20270830,19813,,SIRSA,0,,19813,0,0,0
19814,Tue-Fri-Sun_20260507-20270830,19814,,KOTA JN,0,,19814,0,0,0
19815,Mon-Tue-Wed-Thu-Fri-Sat-Sun_20260101-20270830,19815,,KOTA JN,0,,19815,0,0,0
19816,Mon-Tue-Wed-Thu-Fri-Sat-Sun_20260101-20270830,19816,,MANDASOR,0,,19816,0,0,0
19817,Mon-Tue-Wed-Thu-Fri-Sat-Sun_20260101-20270830,19817,,AGRA FORT,0,,19817,0,0,0
19818,Mon-Tue-Wed-Thu-Fri-Sat-Sun_20260101-20270830,19818,,RATLAM JN,0,,19818,0,0,0
19819,Mon-Tue-Wed-Thu-Fri-Sat-Sun_20260317-20270830,19819,,KOTA JN,0,,19819,0,0,0
19820,Mon-Tue-Wed-Thu-Fri-Sat-Sun_20260317-20270830,19820,,VADODARA JN,0,,19820,0,0,0
19821,Wed-Sat_20260404-20270830,19821,,KOTA JN,0,,19821,0,0,0
19822,Tue-Fri_20260130-20270830,19822,,ASARVA JN,0,,19822,0,0,0
20101,Mon-Wed-Thu-Fri-Sat-Sun_20260101-20270830,20101,,SECUNDERABAD JN,0,,20101,0,0,0
20102,Mon-Wed-Thu-Fri-Sat-Sun_20260101-20270830,20102,,NAGPUR JN.,0,,20102,0,0,0
20103,Mon-Tue-Wed-Thu-Fri-Sat-Sun_20260607-20270830,20103,,GORAKHPUR JN,0,,20103,0,0,0
20104,Mon-Tue-Wed-Thu-Fri-Sat-Sun_20260608-20270830,20104,,LOKMANYATILAK,0,,20104,0,0,0
20111,Mon-Tue-Wed-Thu-Fri-Sat-Sun_20260615-20261020,20111,,MADGAON JUNCTION,0,,20111,0,0,0
20112,Mon-Tue-Wed-Thu-Fri-Sat-Sun_20260615-20261020,20112,,C SHIVAJI MAH T,0,,20112,0,0,0
20151,Thu_20260101-20270830,20151,,REWA,0,,20151,0,0,0
20152,Wed_20260429-20270830,20152,,HADAPSAR,0,,20152,0,0,0
20153,Fri_20260424-20270830,20153,,REWA,0,,20153,0,0,0
20154,Thu_20260423-20270830,20154,,C SHIVAJI MAH T,0,,20154,0,0,0
20155,Mon-Tue-Wed-Thu-Fri-Sat-Sun_20260101-20270830,20155,,NEW DELHI,0,,20155,0,0,0
20156,Mon-Tue-Wed-Thu-Fri-Sat-Sun_20260101-20270830,20156,,DR. AMBEDKAR NAGAR,0,,20156,0,0,0
20159,Mon_20261026-20270830,20159,,JABALPUR,0,,20159,0,0,0
20160,Fri_20261023-20270830,20160,,COIMBATORE JN,0,,20160,0,0,0
20161,Mon_20260525-20270830,20161,,JABALPUR,0,,20161,0,0,0
20162,Sun_20260524-20270830,20162,,PUNE JN,0,,20162,0,0,0
20163,Sat_20260819-20270830,20163,,JABALPUR,0,,20163,0,0,0
20164,Fri_20260819-20270830,20164,,BANDRA TERMINUS,0,,20164,0,0,0
20171,Mon-Tue-Wed-Thu-Fri-Sun_20260101-20270830,20171,,HAZRAT NIZAMUDDIN JN,0,,20171,0,0,0
20172,Mon-Tue-Wed-Thu-Fri-Sun_20260101-20270830,20172,,RANI KAMALAPATI,0,,20172,0,0,0
20173,Mon-Wed-Thu-Fri-Sat-Sun_20260101-20270830,20173,,REWA,0,,20173,0,0,0
20174,Mon-Wed-Thu-Fri-Sat-Sun_20260101-20270830,20174,,RANI KAMALAPATI,0,,20174,0,0,0
20175,Mon-Tue-Thu-Fri-Sat-Sun_20260723-20270830,20175,,AGRA CANTT JN,0,,20175,0,0,0
20176,Mon-Tue-Thu-Fri-Sat-Sun_20260723-20270830,20176,,BANARAS,0,,20176,0,0,0
20177,Mon-Thu-Fri-Sat-Sun_20260409-20270830,20177,,AGRA CANTT JN,0,,20177,0,0,0
20178,Wed-Thu-Fri-Sat-Sun_20260408-20270830,20178,,ASARVA JN,0,,20178,0,0,0
20401,Mon-Tue-Wed-Thu-Fri-Sat-Sun_20260627-20270830,20401,,LUCKNOW JN.,0,,20401,0,0,0
20402,Mon-Tue-Wed-Thu-Fri-Sat-Sun_20260627-20270830,20402,,VARANASI,0,,20402,0,0,0
20403,Wed-Fri-Sun_20260507-20270830,20403,,LALGARH JN,0,,20403,0,0,0
20404,Mon-Thu-Sat_20260507-20270314,20404,,PRAYAGRAJ JN,0,,20404,0,0,0
20407,Thu_20260319-20270830,20407,,NEW DELHI,0,,20407,0,0,0
20408,Wed_20260812-20270830,20408,,RANCHI,0,,20408,0,0,0
20409,Mon-Tue-Wed-Thu-Fri-Sat-Sun_20260329-20270830,20409,,BATHINDA,0,,20409,0,0,0
20410,Mon-Tue-Wed-Thu-Fri-Sat-Sun_20260329-20270830,20410,,DELHI CANTT,0,,20410,0,0,0
20411,Mon-Tue-Wed-Thu-Fri-Sat-Sun_20260101-20270830,20411,,SAHARANPUR JN.,0,,20411,0,0,0
20412,Mon-Tue-Wed-Thu-Fri-Sat-Sun_20260101-20270830,20412,,DELHI JN.,0,,20412,0,0,0
20413,Tue-Thu_20260101-20270830,20413,,INDORE JN,0,,20413,0,0,0
20414,Wed-Fri_20260101-20270830,20414,,VARANASI,0,,20414,0,0,0
20415,Sun_20260101-20270830,20415,,INDORE JN,0,,20415,0,0,0
20416,Mon_20260101-20270830,20416,,VARANASI,0,,20416,0,0,0
20423,Mon-Tue-Wed-Thu-Fri-Sat-Sun_20260101-20270830,20423,,FIROZPUR CANT,0,,20423,0,0,0
20424,Mon-Tue-Wed-Thu-Fri-Sat-Sun_20260101-20270830,20424,,SEONI,0,,20424,0,0,0
20433,Mon-Tue-Wed-Thu-Fri-Sat-Sun_20260722-20270103,20433,,SHRI MATA VAISHNO DEVI KATRA,0,,20433,0,0,0
20434,Mon-Tue-Wed-Thu-Fri-Sat-Sun_20260815-20270104,20434,,SUBEDARGANJ,0,,20434,0,0,0
20435,Sat_20260822-20270830,20435,,PRAYAGRAJ JN,0,,20435,0,0,0
20436,Fri_20260828-20270830,20436,,LOKMANYATILAK,0,,20436,0,0,0
20437,Mon_20260824-20270830,20437,,UDHNA JN,0,,20437,0,0,0
20438,Tue_20260825-20270830,20438,,PRAYAGRAJ JN,0,,20438,0,0,0
20451,Mon-Tue-Wed-Thu-Fri-Sat-Sun_20260101-20270830,20451,,NEW DELHI,0,,20451,0,0,0
20452,Mon-Tue-Wed-Thu-Fri-Sat-Sun_20260101-20270830,20452,,SOGARIYA,0,,20452,0,0,0
20471,Sun_20260429-20270830,20471,,PURI,0,,20471,0,0,0
20472,Wed_20260429-20270830,20472,,SHRI GANGANAGAR,0,,20472,0,0,0
20473,Mon-Tue-Wed-Thu-Fri-Sat-Sun_20260101-20270830,20473,,UDAIPUR CITY,0,,20473,0,0,0
20474,Mon-Tue-Wed-Thu-Fri-Sat-Sun_20260716-20261013,20474,,DELHI SARAI ROHILLA,0,,20474,0,0,0
20475,Mon_20260819-20270830,20475,,MIRAJ JN.,0,,20475,0,0,0
20476,Tue_20260819-20270830,20476,,BIKANER JN,0,,20476,0,0,0
20481,Wed_20260601-20270830,20481,,TIRUCHCHIRAPPALLI JN.,0,,20481,0,0,0
20482,Sat_20260601-20270830,20482,,JODHPUR JN,0,,20482,0,0,0
20483,Mon-Thu_20260819-20270830,20483,,DADAR,0,,20483,0,0,0
20484,Tue-Fri_20260819-20270830,20484,,BHAGAT KI KOTHI,0,,20484,0,0,0
20485,Mon-Tue-Wed-Thu-Fri-Sat-Sun_20260801-20270830,20485,,SABARMATI BG,0,,20485,0,0,0
20486,Mon-Tue-Wed-Thu-Fri-Sat-Sun_20260611-20270830,20486,,JAISALMER,0,,20486,0,0,0
20487,Mon-Thu_20260803-20270830,20487,,DELHI SARAI ROHILLA,0,,20487,0,0,0
20488,Tue-Fri_20260101-20270830,20488,,BARMER,0,,20488,0,0,0
20489,Tue-Wed-Fri-Sat-Sun_20260606-20270830,20489,,MATHURA JN.,0,,20489,0,0,0
20490,Mon-Wed-Thu-Sat-Sun_20260101-20270830,20490,,BARMER,0,,20490,0,0,0
20491,Mon-Tue-Wed-Thu-Fri-Sat-Sun_20260801-20270830,20491,,SABARMATI BG,0,,20491,0,0,0
20492,Mon-Tue-Wed-Thu-Fri-Sat-Sun_20260101-20270830,20492,,JAISALMER,0,,20492,0,0,0
20493,Wed-Sun_20260601-20270830,20493,,CHANDIGARH,0,,20493,0,0,0
20494,Mon-Fri_20260601-20270830,20494,,MADURAI JN,0,,20494,0,0,0
20495,Mon-Tue-Wed-Thu-Fri-Sat-Sun_20260819-20270830,20495,,HADAPSAR,0,,20495,0,0,0
20496,Mon-Tue-Wed-Thu-Fri-Sat-Sun_20260819-20270830,20496,,JODHPUR JN,0,,20496,0,0,0
20497,Tue_20260616-20270830,20497,,FIROZPUR CANT,0,,20497,0,0,0
20498,Sat_20260613-20261023,20498,,RAMESWARAM,0,,20498,0,0,0
20501,Mon_20260511-20270830,20501,,ANAND VIHAR TERMINAL,0,,20501,0,0,0
20502,Wed_20260506-20270830,20502,,AGARTALA,0,,20502,0,0,0
20503,Tue-Wed-Thu-Sat-Sun_20260506-20270830,20503,,NEW DELHI,0,,20503,0,0,0
20504,Mon-Tue-Wed-Fri-Sat_20260501-20270830,20504,,DIBRUGARH,0,,20504,0,0,0
20505,Mon-Fri_20260508-20270830,20505,,NEW DELHI,0,,20505,0,0,0
20506,Thu-Sun_20260320-20270830,20506,,DIBRUGARH,0,,20506,0,0,0
20507,Fri_20260508-20270830,20507,,ANAND VIHAR TERMINAL,0,,20507,0,0,0
20508,Sun_20260503-20270830,20508,,SAIRANG,0,,20508,0,0,0
20601,Mon-Tue-Wed-Thu-Fri-Sun_20260319-20270830,20601,,BODINAYAKKANUR,0,,20601,0,0,0
20602,Mon-Tue-Wed-Thu-Fri-Sun_20260320-20270830,20602,,PURATCHI THALAIVAR DR. MGR CTL,0,,20602,0,0,0
20603,Wed_20260601-20260922,20603,,NAGERCOIL JUNCTION,0,,20603,0,0,0
20604,Sun_20260719-20261017,20604,,NEW JALPAIGURI,0,,20604,0,0,0
20605,Mon-Tue-Wed-Thu-Fri-Sat-Sun_20260101-20270830,20605,,TIRUCHENDUR,0,,20605,0,0,0
20606,Mon-Tue-Wed-Thu-Fri-Sat-Sun_20260703-20270830,20606,,CHENNAI EGMORE,0,,20606,0,0,0
20607,Mon-Tue-Thu-Fri-Sat-Sun_20260507-20270830,20607,,MYSORE JN,0,,20607,0,0,0
20608,Mon-Tue-Thu-Fri-Sat-Sun_20260507-20270830,20608,,PURATCHI THALAIVAR DR. MGR CTL,0,,20608,0,0,0
20609,Fri_20260601-20270830,20609,,TIRUCHCHIRAPPALLI JN.,0,,20609,0,0,0
20610,Wed_20260603-20261020,20610,,NEW JALPAIGURI,0,,20610,0,0,0
20623,Mon-Tue-Wed-Thu-Fri-Sat-Sun_20260101-20270830,20623,,KSR BENGALURU,0,,20623,0,0,0
20624,Mon-Tue-Wed-Thu-Fri-Sat-Sun_20260101-20270830,20624,,ASHOKAPURAM,0,,20624,0,0,0
20625,Mon-Tue-Thu-Fri-Sun_20260821-20270830,20625,,BHAGAT KI KOTHI,0,,20625,0,0,0
20626,Mon-Wed-Thu-Fri-Sun_20260821-20270830,20626,,PURATCHI THALAIVAR DR. MGR CTL,0,,20626,0,0,0
20627,Mon-Tue-Thu-Fri-Sat-Sun_20260101-20270830,20627,,NAGERCOIL JUNCTION,0,,20627,0,0,0
20628,Mon-Tue-Thu-Fri-Sat-Sun_20260101-20270830,20628,,CHENNAI EGMORE,0,,20628,0,0,0
20629,Mon-Tue-Wed-Thu-Fri-Sat-Sun_20260601-20270830,20629,,THIRUVANANTHAPURAM CENTRAL,0,,20629,0,0,0
20630,Mon-Tue-Wed-Thu-Fri-Sat-Sun_20260808-20270830,20630,,SECUNDERABAD JN,0,,20630,0,0,0
20631,Mon-Tue-Thu-Fri-Sat-Sun_20260101-20270830,20631,,THIRUVANANTHAPURAM CENTRAL,0,,20631,0,0,0
20632,Mon-Tue-Thu-Fri-Sat-Sun_20260101-20270830,20632,,MANGALORE CENTRAL,0,,20632,0,0,0
20633,Mon-Tue-Wed-Fri-Sat-Sun_20260315-20270830,20633,,THIRUVANANTHAPURAM CENTRAL,0,,20633,0,0,0
20634,Mon-Tue-Wed-Fri-Sat-Sun_20260101-20270830,20634,,KASARAGOD,0,,20634,0,0,0
20635,Mon-Tue-Wed-Thu-Fri-Sat-Sun_20260101-20270830,20635,,KOLLAM JN,0,,20635,0,0,0
20636,Mon-Tue-Wed-Thu-Fri-Sat-Sun_20260825-20270830,20636,,CHENNAI EGMORE,0,,20636,0,0,0
20641,Mon-Tue-Wed-Fri-Sat-Sun_20260506-20270830,20641,,COIMBATORE JN,0,,20641,0,0,0
20642,Mon-Tue-Wed-Fri-Sat-Sun_20260506-20270830,20642,,BANGALORE CANT,0,,20642,0,0,0
20643,Mon-Tue-Thu-Fri-Sat-Sun_20260101-20270830,20643,,COIMBATORE JN,0,,20643,0,0,0
20644,Mon-Tue-Thu-Fri-Sat-Sun_20260101-20270830,20644,,PURATCHI THALAIVAR DR. MGR CTL,0,,20644,0,0,0
20645,Mon-Tue-Wed-Fri-Sat-Sun_20260615-20270830,20645,,MANGALORE CENTRAL,0,,20645,0,0,0
20646,Mon-Tue-Wed-Fri-Sat-Sun_20260615-20270830,20646,,MADGAON JUNCTION,0,,20646,0,0,0
20651,Mon-Tue-Wed-Thu-Fri-Sat-Sun_20260101-20270830,20651,,TALGUPPA,0,,20651,0,0,0
20652,Mon-Tue-Wed-Thu-Fri-Sat-Sun_20260101-20270830,20652,,KSR BENGALURU,0,,20652,0,0,0
20653,Mon-Tue-Wed-Thu-Fri-Sat-Sun_20260804-20270830,20653,,BELAGAVI,0,,20653,0,0,0
20654,Mon-Tue-Wed-Thu-Fri-Sat-Sun_20260101-20270830,20654,,KSR BENGALURU,0,,20654,0,0,0
20655,Sat_20260101-20270830,20655,,SSS HUBBALLI JN,0,,20655,0,0,0
20656,Sat_20260101-20270830,20656,,YESVANTPUR JN.,0,,20656,0,0,0
20657,Fri_20260819-20270830,20657,,HAZRAT NIZAMUDDIN JN,0,,20657,0,0,0
20658,Sun_20260819-20270830,20658,,SSS HUBBALLI JN,0,,20658,0,0,0
20659,Mon-Tue-Wed-Thu-Fri-Sat-Sun_20260101-20270830,20659,,KSR BENGALURU,0,,20659,0,0,0
20660,Mon-Tue-Wed-Thu-Fri-Sat-Sun_20260101-20270830,20660,,MYSORE JN,0,,20660,0,0,0
20661,Mon-Wed-Thu-Fri-Sat-Sun_20260315-20270830,20661,,DHARWAR,0,,20661,0,0,0
20662,Mon-Wed-Thu-Fri-Sat-Sun_20260315-20270830,20662,,KSR BENGALURU,0,,20662,0,0,0
20663,Mon-Tue-Wed-Fri-Sat-Sun_20260506-20270830,20663,,PURATCHI THALAIVAR DR. MGR CTL,0,,20663,0,0,0
20664,Mon-Tue-Wed-Fri-Sat-Sun_20260506-20270830,20664,,MYSORE JN,0,,20664,0,0,0
20665,Mon-Wed-Thu-Fri-Sat-Sun_20260101-20270830,20665,,TIRUNELVELI JN,0,,20665,0,0,0
20666,Mon-Wed-Thu-Fri-Sat-Sun_20260101-20270830,20666,,CHENNAI EGMORE,0,,20666,0,0,0
20667,Thu_20260819-20270830,20667,,KHATIPURA,0,,20667,0,0,0
20668,Sat_20260819-20270830,20668,,YESVANTPUR JN.,0,,20668,0,0,0
20669,Wed-Fri-Sun_20260315-20270830,20669,,PUNE JN,0,,20669,0,0,0
20670,Mon-Thu-Sat_20260101-20270830,20670,,SSS HUBBALLI JN,0,,20670,0,0,0
20671,Mon-Wed-Thu-Fri-Sat-Sun_20260506-20270830,20671,,BANGALORE CANT,0,,20671,0,0,0
20672,Mon-Wed-Thu-Fri-Sat-Sun_20260506-20270830,20672,,MADURAI JN,0,,20672,0,0,0
20673,Mon-Thu-Sat_20260101-20270830,20673,,PUNE JN,0,,20673,0,0,0
20674,Wed-Fri-Sun_20260101-20270830,20674,,KOLHAPUR,0,,20674,0,0,0
20675,Mon-Tue-Wed-Thu-Fri-Sat-Sun_20260220-20270830,20675,,MYSORE JN,0,,20675,0,0,0
20676,Mon-Tue-Wed-Thu-Fri-Sat-Sun_20260219-20270830,20676,,BELAGAVI,0,,20676,0,0,0
20677,Mon-Wed-Thu-Fri-Sat-Sun_20260702-20270830,20677,,NARASAPUR,0,,20677,0,0,0
20678,Mon-Wed-Thu-Fri-Sat-Sun_20260601-20270830,20678,,PURATCHI THALAIVAR DR. MGR CTL,0,,20678,0,0,0
20679,Fri_20260101-20270830,20679,,SSS HUBBALLI JN,0,,20679,0,0,0
20680,Thu_20260101-20270830,20680,,PURATCHI THALAIVAR DR. MGR CTL,0,,20680,0,0,0
20681,Wed-Fri-Sat_20260220-20270830,20681,,SENGOTTAI,0,,20681,0,0,0
20682,Thu-Sat-Sun_20260219-20270830,20682,,TAMBARAM,0,,20682,0,0,0
20683,Tue-Thu-Sun_20260202-20270830,20683,,SENGOTTAI,0,,20683,0,0,0
20684,Mon-Wed-Fri_20260131-20270830,20684,,TAMBARAM,0,,20684,0,0,0
20685,Tue_20260825-20270830,20685,,KSR BENGALURU,0,,20685,0,0,0
20686,Sat_20260829-20270830,20686,,GANDHIDHAM BG,0,,20686,0,0,0
20687,Mon-Tue-Wed-Thu-Fri-Sat-Sun_20260802-20270830,20687,,KSR BENGALURU,0,,20687,0,0,0
20688,Mon-Tue-Wed-Thu-Fri-Sat-Sun_20260803-20270830,20688,,SSS HUBBALLI JN,0,,20688,0,0,0
20689,Mon-Tue-Wed-Thu-Fri-Sat-Sun_20260219-20270830,20689,,SHIMOGA TOWN,0,,20689,0,0,0
20690,Mon-Tue-Wed-Thu-Fri-Sat-Sun_20260220-20270830,20690,,YESVANTPUR JN.,0,,20690,0,0,0
20691,Mon-Tue-Wed-Thu-Fri-Sat-Sun_20260210-20270830,20691,,NAGERCOIL JUNCTION,0,,20691,0,0,0
20692,Mon-Tue-Wed-Thu-Fri-Sat-Sun_20260409-20270830,20692,,TAMBARAM,0,,20692,0,0,0
20693,Thu-Sat_20260819-20270830,20693,,KSR BENGALURU,0,,20693,0,0,0
20694,Mon-Wed_20260819-20270830,20694,,JODHPUR JN,0,,20694,0,0,0
20701,Mon-Wed-Thu-Fri-Sat-Sun_20260601-20270830,20701,,TIRUPATI,0,,20701,0,0,0
20702,Mon-Wed-Thu-Fri-Sat-Sun_20260601-20270830,20702,,SECUNDERABAD JN,0,,20702,0,0,0
20703,Mon-Tue-Thu-Fri-Sat-Sun_20260601-20270830,20703,,YESVANTPUR JN.,0,,20703,0,0,0
20704,Mon-Tue-Thu-Fri-Sat-Sun_20260601-20270830,20704,,KACHEGUDA,0,,20704,0,0,0
20705,Mon-Tue-Thu-Fri-Sat-Sun_20260503-20270830,20705,,C SHIVAJI MAH T,0,,20705,0,0,0
20706,Mon-Tue-Wed-Fri-Sat-Sun_20260513-20270830,20706,,NANDED,0,,20706,0,0,0
20707,Tue-Wed-Thu-Fri-Sat-Sun_20260601-20270830,20707,,VISAKHAPATNAM,0,,20707,0,0,0
20708,Tue-Wed-Thu-Fri-Sat-Sun_20260601-20270830,20708,,SECUNDERABAD JN,0,,20708,0,0,0
20801,Mon-Tue-Wed-Thu-Fri-Sat-Sun_20260101-20270830,20801,,NEW DELHI,0,,20801,0,0,0
20802,Mon-Tue-Wed-Thu-Fri-Sat-Sun_20260101-20270830,20802,,ISLAMPUR,0,,20802,0,0,0
20803,Thu_20260819-20270830,20803,,GANDHIDHAM BG,0,,20803,0,0,0
20804,Sun_20260819-20270830,20804,,VISAKHAPATNAM,0,,20804,0,0,0
20805,Mon-Tue-Wed-Thu-Fri-Sat-Sun_20260601-20270830,20805,,NEW DELHI,0,,20805,0,0,0
20806,Mon-Tue-Wed-Thu-Fri-Sat-Sun_20260601-20270830,20806,,VISAKHAPATNAM,0,,20806,0,0,0
20807,Tue-Fri-Sat_20260601-20261019,20807,,AMRITSAR,0,,20807,0,0,0
20808,Wed-Sat-Sun_20260601-20270830,20808,,VISAKHAPATNAM,0,,20808,0,0,0
20809,Mon-Fri-Sun_20260717-20270830,20809,,NANDED,0,,20809,0,0,0
20810,Mon-Tue-Sat_20260808-20270830,20810,,SAMBALPUR JN.,0,,20810,0,0,0
20811,Tue-Wed-Sat_20260714-20270830,20811,,NANDED,0,,20811,0,0,0
20812,Wed-Thu-Sun_20260601-20270830,20812,,VISAKHAPATNAM,0,,20812,0,0,0
20813,Wed_20260429-20270830,20813,,JODHPUR JN,0,,20813,0,0,0
20814,Sat_20260429-20270830,20814,,PURI,0,,20814,0,0,0
20815,Mon_20260706-20270830,20815,,VISAKHAPATNAM,0,,20815,0,0,0
20816,Sun_20260802-20261017,20816,,ADITYAPUR,0,,20816,0,0,0
20817,Sat_20260509-20270830,20817,,NEW DELHI,0,,20817,0,0,0
20818,Sun_20260315-20270830,20818,,BHUBANESWAR,0,,20818,0,0,0
20819,Sun_20260819-20270830,20819,,OKHA,0,,20819,0,0,0
20820,Wed_20260819-20261020,20820,,PURI,0,,20820,0,0,0
20821,Mon_20260429-20270830,20821,,SANTRAGACHI JN,0,,20821,0,0,0
20822,Sat_20260429-20270830,20822,,PUNE JN,0,,20822,0,0,0
20823,Mon-Thu_20260819-20270830,20823,,AJMER JN,0,,20823,0,0,0
20824,Tue-Thu_20260819-20270830,20824,,PURI,0,,20824,0,0,0
20825,Mon-Tue-Wed-Thu-Fri-Sun_20260214-20270830,20825,,NAGPUR JN.,0,,20825,0,0,0
20826,Mon-Tue-Wed-Thu-Fri-Sun_20260213-20270830,20826,,BILASPUR JN.,0,,20826,0,0,0
20827,Thu_20260429-20270830,20827,,SANTRAGACHI JN,0,,20827,0,0,0
20828,Wed_20260429-20270830,20828,,JABALPUR,0,,20828,0,0,0
20829,Mon-Tue-Wed-Fri-Sat-Sun_20260601-20270830,20829,,VISAKHAPATNAM,0,,20829,0,0,0
20830,Mon-Tue-Wed-Fri-Sat-Sun_20260601-20270830,20830,,DURG,0,,20830,0,0,0
20831,Mon-Wed-Fri_20260529-20270830,20831,,SAMBALPUR JN.,0,,20831,0,0,0
20832,Tue-Thu-Sun_20260101-20270830,20832,,SHALIMAR,0,,20832,0,0,0
20833,Mon-Wed-Thu-Fri-Sat-Sun_20260601-20270830,20833,,SECUNDERABAD JN,0,,20833,0,0,0
20834,Mon-Wed-Thu-Fri-Sat-Sun_20260601-20270830,20834,,VISAKHAPATNAM,0,,20834,0,0,0
20835,Mon-Wed-Thu-Fri-Sat-Sun_20260725-20270830,20835,,PURI,0,,20835,0,0,0
20836,Mon-Wed-Thu-Fri-Sat-Sun_20260506-20270830,20836,,ROURKELA,0,,20836,0,0,0
20837,Mon-Tue-Wed-Thu-Fri-Sat-Sun_20260807-20270830,20837,,JUNAGARH ROAD,0,,20837,0,0,0
20838,Mon-Tue-Wed-Thu-Fri-Sat-Sun_20260601-20261014,20838,,BHUBANESWAR,0,,20838,0,0,0
20839,Wed-Sat_20260314-20270830,20839,,NEW DELHI,0,,20839,0,0,0
20840,Mon-Fri_20260316-20270830,20840,,RANCHI,0,,20840,0,0,0
20841,Tue-Wed-Thu-Fri-Sat-Sun_20260601-20270830,20841,,VISAKHAPATNAM,0,,20841,0,0,0
20842,Tue-Wed-Thu-Fri-Sat-Sun_20260602-20270830,20842,,BHUBANESWAR,0,,20842,0,0,0
20843,Mon-Tue_20260328-20270830,20843,,BHAGAT KI KOTHI,0,,20843,0,0,0
20844,Thu-Sat_20260327-20270830,20844,,BILASPUR JN.,0,,20844,0,0,0
20845,Thu-Sat_20260328-20270830,20845,,BIKANER JN,0,,20845,0,0,0
20846,Tue-Sun_20260327-20270830,20846,,BILASPUR JN.,0,,20846,0,0,0
20847,Wed_20260722-20270830,20847,,MARTYR CAPTAIN TUSHAR MAHAJAN,0,,20847,0,0,0
20848,Fri_20260722-20270830,20848,,DURG,0,,20848,0,0,0
20849,Fri_20260601-20270830,20849,,RAMESWARAM,0,,20849,0,0,0
20850,Sun_20260621-20270830,20850,,BHUBANESWAR,0,,20850,0,0,0
20851,Tue_20260601-20270830,20851,,PONDICHERRY,0,,20851,0,0,0
20852,Wed_20260624-20270830,20852,,BHUBANESWAR,0,,20852,0,0,0
20853,Thu_20260601-20270830,20853,,PURATCHI THALAIVAR DR. MGR CTL,0,,20853,0,0,0
20854,Fri_20260601-20261015,20854,,BHUBANESWAR,0,,20854,0,0,0
20857,Fri_20260508-20270830,20857,,SAINAGAR SHIRDI,0,,20857,0,0,0
20858,Sun_20260101-20270830,20858,,PURI,0,,20858,0,0,0
20861,Wed_20260819-20270830,20861,,AHMEDABAD JN,0,,20861,0,0,0
20862,Fri_20260819-20270830,20862,,PURI,0,,20862,0,0,0
20871,Mon-Wed-Thu-Fri-Sat-Sun_20260326-20270830,20871,,ROURKELA,0,,20871,0,0,0
20872,Mon-Wed-Thu-Fri-Sat-Sun_20260326-20270830,20872,,HOWRAH JN,0,,20872,0,0,0
20887,Mon-Wed-Thu-Fri-Sat-Sun_20260302-20270830,20887,,VARANASI,0,,20887,0,0,0
20888,Mon-Wed-Thu-Fri-Sat-Sun_20260302-20260901,20888,,RANCHI,0,,20888,0,0,0
20889,Sat_20260601-20270830,20889,,TIRUPATI,0,,20889,0,0,0
20890,Sun_20260601-20270830,20890,,HOWRAH JN,0,,20890,0,0,0
20891,Mon-Wed-Thu-Fri-Sat-Sun_20260528-20270830,20891,,BRAHMAPUR,0,,20891,0,0,0
20892,Mon-Wed-Thu-Fri-Sat-Sun_20260102-20270830,20892,,TATANAGAR JN,0,,20892,0,0,0
20893,Wed-Thu-Fri-Sat_20260101-20270830,20893,,PATNA JN,0,,20893,0,0,0
20894,Wed-Thu-Fri-Sat_20260101-20270830,20894,,TATANAGAR JN,0,,20894,0,0,0
20897,Mon-Wed-Thu-Fri-Sat-Sun_20260326-20270830,20897,,RANCHI,0,,20897,0,0,0
20898,Mon-Wed-Thu-Fri-Sat-Sun_20260326-20270830,20898,,HOWRAH JN,0,,20898,0,0,0
20901,Mon-Tue-Thu-Fri-Sat-Sun_20260819-20270830,20901,,GANDHINAGAR CAPITAL,0,,20901,0,0,0
20902,Mon-Tue-Thu-Fri-Sat-Sun_20260819-20270830,20902,,MUMBAI CENTRAL,0,,20902,0,0,0
20903,Tue_20260819-20270830,20903,,VARANASI,0,,20903,0,0,0
20904,Thu_20260819-20270830,20904,,EKTA NAGAR,0,,20904,0,0,0
20905,Fri_20260819-20270830,20905,,REWA,0,,20905,0,0,0
20906,Sat_20260819-20270830,20906,,EKTA NAGAR,0,,20906,0,0,0
20907,Mon-Tue-Wed-Thu-Fri-Sat-Sun_20260819-20260918,20907,,BHUJ,0,,20907,0,0,0
20908,Mon-Tue-Wed-Thu-Fri-Sat-Sun_20260819-20260918,20908,,DADAR,0,,20908,0,0,0
20909,Sun_20260819-20270830,20909,,PORBANDAR,0,,20909,0,0,0
20910,Thu_20260819-20270830,20910,,THIRUVANANTHAPURAM NORTH,0,,20910,0,0,0
20911,Mon-Tue-Wed-Thu-Fri-Sat_20260101-20270830,20911,,NAGPUR JN.,0,,20911,0,0,0
20912,Mon-Tue-Wed-Thu-Fri-Sat_20260101-20270830,20912,,INDORE JN,0,,20912,0,0,0
20913,Thu_20260416-20270830,20913,,DELHI SARAI ROHILLA,0,,20913,0,0,0
20914,Fri_20260416-20270830,20914,,RAJKOT,0,,20914,0,0,0
20915,Sun_20260819-20270830,20915,,INDORE JN,0,,20915,0,0,0
20916,Sat_20260819-20270830,20916,,CHARLAPALLI,0,,20916,0,0,0
20917,Tue_20260429-20270830,20917,,PURI,0,,20917,0,0,0
20918,Thu_20260507-20270830,20918,,INDORE JN,0,,20918,0,0,0
20919,Fri_20260819-20270830,20919,,EKTA NAGAR,0,,20919,0,0,0
20920,Wed_20260819-20270830,20920,,PURATCHI THALAIVAR DR. MGR CTL,0,,20920,0,0,0
20921,Sat_20260819-20270830,20921,,LUCKNOW,0,,20921,0,0,0
20922,Sun_20260819-20270830,20922,,BANDRA TERMINUS,0,,20922,0,0,0
20923,Thu_20260819-20270830,20923,,GANDHIDHAM BG,0,,20923,0,0,0
20924,Mon_20260819-20270830,20924,,TIRUNELVELI JN,0,,20924,0,0,0
20925,Thu-Fri-Sun_20260101-20270830,20925,,AMRAVATI,0,,20925,0,0,0
20926,Mon-Fri-Sat_20260101-20270830,20926,,SURAT,0,,20926,0,0,0
20929,Fri_20260101-20270830,20929,,BANARAS,0,,20929,0,0,0
20930,Sun_20260101-20270830,20930,,UDHNA JN,0,,20930,0,0,0
20931,Fri_20260819-20270830,20931,,INDORE JN,0,,20931,0,0,0
20932,Tue_20260819-20270830,20932,,THIRUVANANTHAPURAM NORTH,0,,20932,0,0,0
20933,Tue-Sat_20260101-20270830,20933,,DANAPUR,0,,20933,0,0,0
20934,Wed-Sun_20260101-20270830,20934,,UDHNA JN,0,,20934,0,0,0
20935,Mon_20260317-20270830,20935,,INDORE JN,0,,20935,0,0,0
20936,Sun_20260317-20270830,20936,,GANDHIDHAM BG,0,,20936,0,0,0
20937,Tue-Sat_20260416-20270830,20937,,DELHI SARAI ROHILLA,0,,20937,0,0,0
20938,Mon-Thu_20260418-20270830,20938,,PORBANDAR,0,,20938,0,0,0
20939,Tue_20260416-20270830,20939,,SULTANPUR,0,,20939,0,0,0
20940,Wed_20260722-20270830,20940,,SABARMATI BG,0,,20940,0,0,0
20941,Fri-Sun_20260819-20270830,20941,,GHAZIPUR CITY,0,,20941,0,0,0
20942,Tue-Sun_20260819-20270830,20942,,BANDRA TERMINUS,0,,20942,0,0,0
20943,Thu_20260819-20270830,20943,,BHAGAT KI KOTHI,0,,20943,0,0,0
20944,Fri_20260819-20270830,20944,,BANDRA TERMINUS,0,,20944,0,0,0
20945,Thu-Sat_20260411-20270830,20945,,HAZRAT NIZAMUDDIN JN,0,,20945,0,0,0
20946,Fri-Sun_20260629-20270830,20946,,EKTA NAGAR,0,,20946,0,0,0
20947,Mon-Tue-Wed-Thu-Fri-Sat-Sun_20260702-20270830,20947,,EKTA NAGAR,0,,20947,0,0,0
20948,Mon-Tue-Wed-Thu-Fri-Sat-Sun_20260411-20270830,20948,,AHMEDABAD JN,0,,20948,0,0,0
20949,Mon-Tue-Wed-Thu-Fri-Sat-Sun_20260411-20270830,20949,,EKTA NAGAR,0,,20949,0,0,0
20950,Mon-Tue-Wed-Thu-Fri-Sat-Sun_20260702-20270830,20950,,AHMEDABAD JN,0,,20950,0,0,0
20953,Sun_20260819-20270830,20953,,AHMEDABAD JN,0,,20953,0,0,0
20954,Sat_20260822-20270830,20954,,PURATCHI THALAIVAR DR. MGR CTL,0,,20954,0,0,0
20957,Wed-Fri-Sun_20260311-20270830,20957,,HISAR,0,,20957,0,0,0
20958,Mon-Thu-Sat_20260314-20270830,20958,,INDORE JN,0,,20958,0,0,0
20959,Mon-Tue-Wed-Thu-Fri-Sat-Sun_20260819-20270830,20959,,VADNAGAR,0,,20959,0,0,0
20960,Mon-Tue-Wed-Thu-Fri-Sat-Sun_20260819-20270830,20960,,VALSAD,0,,20960,0,0,0
20961,Tue_20260820-20270830,20961,,BANARAS,0,,20961,0,0,0
20962,Wed_20260819-20270830,20962,,UDHNA JN,0,,20962,0,0,0
20963,Thu_20260806-20270830,20963,,VARANASI,0,,20963,0,0,0
20964,Sat_20260725-20270830,20964,,SABARMATI BG,0,,20964,0,0,0
20965,Mon-Tue-Wed-Thu-Fri-Sat-Sun_20260101-20270830,20965,,BHAVNAGAR TERMINUS,0,,20965,0,0,0
20966,Mon-Tue-Wed-Thu-Fri-Sat-Sun_20260523-20270830,20966,,SABARMATI BG,0,,20966,0,0,0
20967,Wed_20260819-20270830,20967,,PORBANDAR,0,,20967,0,0,0
20968,Tue_20260819-20270830,20968,,SECUNDERABAD JN,0,,20968,0,0,0
20971,Sat_20260429-20270830,20971,,SHALIMAR,0,,20971,0,0,0
20972,Sun_20260726-20270830,20972,,UDAIPUR CITY,0,,20972,0,0,0
20975,Tue_20260317-20270225,20975,,AGRA CANTT JN.,0,,20975,0,0,0
20976,Thu_20260319-20270227,20976,,HOWRAH JN,0,,20976,0,0,0
20977,Mon-Tue-Thu-Fri-Sat-Sun_20260101-20270830,20977,,CHANDIGARH,0,,20977,0,0,0
20978,Mon-Tue-Thu-Fri-Sat-Sun_20260101-20270830,20978,,AJMER JN,0,,20978,0,0,0
20983,Tue-Fri_20260804-20270830,20983,,DELHI SARAI ROHILLA,0,,20983,0,0,0
20984,Wed-Sat_20260812-20270830,20984,,BHUJ,0,,20984,0,0,0
20985,Wed_20260722-20270830,20985,,MARTYR CAPTAIN TUSHAR MAHAJAN,0,,20985,0,0,0
20986,Thu_20260722-20260902,20986,,KOTA JN,0,,20986,0,0,0
20987,Mon-Tue-Wed-Thu-Fri-Sat-Sun_20260101-20270830,20987,,ASARVA JN,0,,20987,0,0,0
20988,Mon-Tue-Wed-Thu-Fri-Sat-Sun_20260101-20270830,20988,,UDAIPUR CITY,0,,20988,0,0,0
20989,Wed-Sat_20260207-20270830,20989,,CHANDIGARH,0,,20989,0,0,0
20990,Thu-Sun_20260101-20270830,20990,,UDAIPUR CITY,0,,20990,0,0,0
20991,Thu_20260827-20260902,20991,,DAUND JN,0,,20991,0,0,0
20992,Fri_20260828-20270830,20992,,AJMER JN,0,,20992,0,0,0
20993,Mon-Tue-Wed-Thu-Fri-Sat-Sun_20260513-20270830,20993,,UDAIPUR CITY,0,,20993,0,0,0
20994,Mon-Tue-Wed-Thu-Fri-Sat-Sun_20260416-20270830,20994,,JAIPUR JN.,0,,20994,0,0,0
20995,Sat_20260819-20270830,20995,,BANDRA TERMINUS,0,,20995,0,0,0
20996,Sun_20260820-20270830,20996,,AJMER JN,0,,20996,0,0,0
21125,Tue-Fri-Sat_20260101-20270830,21125,,BHIND,0,,21125,0,0,0
21126,Wed-Sat-Sun_20260101-20270830,21126,,RATLAM JN,0,,21126,0,0,0
21893,Sun_20260101-20270830,21893,,PATNA JN,0,,21893,0,0,0
21894,Mon_20260101-20270830,21894,,TATANAGAR JN,0,,21894,0,0,0
21895,Mon_20260101-20270830,21895,,PATNA JN,0,,21895,0,0,0
21896,Sun_20260101-20270830,21896,,TATANAGAR JN,0,,21896,0,0,0
21901,Fri_20260819-20270830,21901,,BARMER,0,,21901,0,0,0
21902,Sat_20260820-20270830,21902,,BANDRA TERMINUS,0,,21902,0,0,0
21903,Mon_20260819-20270830,21903,,BIKANER JN,0,,21903,0,0,0
21904,Wed_20260820-20270830,21904,,BANDRA TERMINUS,0,,21904,0,0,0
21907,Wed_20260819-20270830,21907,,KATHGODAM,0,,21907,0,0,0
21908,Thu_20260820-20270830,21908,,MUMBAI CENTRAL,0,,21908,0,0,0
22075,Fri_20261002-20270830,22075,,GORAKHPUR JN,0,,22075,0,0,0
22076,Sun_20261004-20270830,22076,,CHARLAPALLI,0,,22076,0,0,0
22101,Wed_20260819-20270830,22101,,MADURAI JN,0,,22101,0,0,0
22102,Fri_20260601-20270830,22102,,LOKMANYATILAK,0,,22102,0,0,0
22103,Mon_20260406-20270830,22103,,AYODHYA CANTT,0,,22103,0,0,0
22104,Tue_20260407-20270830,22104,,LOKMANYATILAK,0,,22104,0,0,0
22105,Mon-Tue-Wed-Thu-Fri-Sat-Sun_20260101-20270830,22105,,PUNE JN,0,,22105,0,0,0
22106,Mon-Tue-Wed-Thu-Fri-Sat-Sun_20260101-20270830,22106,,C SHIVAJI MAH T,0,,22106,0,0,0
22107,Mon-Tue-Thu-Sun_20260101-20270830,22107,,LATUR,0,,22107,0,0,0
22108,Mon-Tue-Wed-Fri_20260413-20270830,22108,,C SHIVAJI MAH T,0,,22108,0,0,0
22109,Tue_20260512-20270830,22109,,BALHARSHAH,0,,22109,0,0,0
22110,Wed_20260506-20270830,22110,,LOKMANYATILAK,0,,22110,0,0,0
22111,Tue_20260512-20270830,22111,,AYODHYA CANTT,0,,22111,0,0,0
22112,Wed_20260506-20270830,22112,,LOKMANYATILAK,0,,22112,0,0,0
22113,Tue-Sat_20260615-20270830,22113,,THIRUVANANTHAPURAM NORTH,0,,22113,0,0,0
22114,Mon-Thu_20260615-20270830,22114,,LOKMANYATILAK,0,,22114,0,0,0
22115,Thu_20260615-20261020,22115,,KARMALI,0,,22115,0,0,0
22116,Thu_20260615-20261020,22116,,LOKMANYATILAK,0,,22116,0,0,0
22117,Wed_20260101-20270830,22117,,AMRAVATI,0,,22117,0,0,0
22118,Thu_20260101-20270830,22118,,PUNE JN,0,,22118,0,0,0
22119,Tue-Thu-Sat_20260615-20270830,22119,,MADGAON JUNCTION,0,,22119,0,0,0
22120,Wed-Fri-Sun_20260615-20270830,22120,,C SHIVAJI MAH T,0,,22120,0,0,0
22121,Sat_20260101-20270830,22121,,LUCKNOW JN.,0,,22121,0,0,0
22122,Sun_20260104-20270830,22122,,LOKMANYATILAK,0,,22122,0,0,0
22123,Fri_20260101-20270830,22123,,AJNI,0,,22123,0,0,0
22124,Tue_20260414-20270830,22124,,PUNE JN,0,,22124,0,0,0
22125,Sat_20260101-20270830,22125,,AMRITSAR,0,,22125,0,0,0
22126,Mon_20260101-20270830,22126,,NAGPUR JN.,0,,22126,0,0,0
22129,Tue-Sun_20260101-20270830,22129,,AYODHYA CANTT,0,,22129,0,0,0
22130,Mon-Wed_20260101-20270830,22130,,LOKMANYATILAK,0,,22130,0,0,0
22131,Mon_20260406-20260830,22131,,BANARAS,0,,22131,0,0,0
22132,Wed_20260408-20270830,22132,,PUNE JN,0,,22132,0,0,0
22135,Fri_20260601-20270830,22135,,RENIGUNTA JN,0,,22135,0,0,0
22136,Sat_20260601-20270830,22136,,MYSORE JN,0,,22136,0,0,0
22137,Wed-Sat-Sun_20260820-20270830,22137,,AHMEDABAD JN,0,,22137,0,0,0
22138,Mon-Thu-Sun_20260820-20270830,22138,,NAGPUR JN.,0,,22138,0,0,0
22139,Sat_20260101-20270830,22139,,AJNI,0,,22139,0,0,0
22140,Sun_20260719-20270830,22140,,PUNE JN,0,,22140,0,0,0
22141,Thu_20260115-20270830,22141,,NAGPUR JN.,0,,22141,0,0,0
22142,Fri_20260101-20270830,22142,,PUNE JN,0,,22142,0,0,0
22143,Wed-Fri-Sat_20260101-20270830,22143,,BIDAR,0,,22143,0,0,0
22144,Thu-Sat-Sun_20260416-20270830,22144,,C SHIVAJI MAH T,0,,22144,0,0,0
22145,Fri-Sun_20260101-20270830,22145,,REWA,0,,22145,0,0,0
22146,Mon-Sat_20260101-20270830,22146,,BHOPAL JN.,0,,22146,0,0,0
22147,Fri_20260417-20270830,22147,,SAINAGAR SHIRDI,0,,22147,0,0,0
22148,Sat_20260101-20270830,22148,,DADAR,0,,22148,0,0,0
22149,Tue-Fri_20260615-20270830,22149,,PUNE JN,0,,22149,0,0,0
22150,Wed-Sun_20260615-20270830,22150,,ERNAKULAM JN,0,,22150,0,0,0
22151,Fri_20260101-20270830,22151,,KAZIPET JN,0,,22151,0,0,0
22152,Sun_20260101-20270830,22152,,PUNE JN,0,,22152,0,0,0
22153,Mon-Tue-Wed-Thu-Fri-Sat-Sun_20260407-20270830,22153,,SALEM JN,0,,22153,0,0,0
22154,Mon-Tue-Wed-Thu-Fri-Sat-Sun_20260101-20270830,22154,,CHENNAI EGMORE,0,,22154,0,0,0
22155,Mon-Tue-Wed-Thu-Fri-Sat-Sun_20260613-20270830,22155,,KOLHAPUR,0,,22155,0,0,0
22156,Mon-Tue-Wed-Thu-Fri-Sat-Sun_20260101-20270830,22156,,KALABURAGI,0,,22156,0,0,0
22157,Mon-Tue-Wed-Thu-Fri-Sat-Sun_20260819-20270830,22157,,CHENNAI EGMORE,0,,22157,0,0,0
22158,Mon-Tue-Wed-Thu-Fri-Sat-Sun_20260825-20270830,22158,,C SHIVAJI MAH T,0,,22158,0,0,0
22159,Mon-Tue-Wed-Thu-Fri-Sat-Sun_20260819-20270830,22159,,PURATCHI THALAIVAR DR. MGR CTL,0,,22159,0,0,0
22160,Mon-Tue-Wed-Thu-Fri-Sat-Sun_20260825-20270830,22160,,C SHIVAJI MAH T,0,,22160,0,0,0
22161,Mon-Tue-Wed-Thu-Fri-Sat-Sun_20260101-20270830,22161,,DAMOH,0,,22161,0,0,0
22162,Mon-Tue-Wed-Thu-Fri-Sat-Sun_20260101-20270830,22162,,BHOPAL JN.,0,,22162,0,0,0
22163,Mon-Tue-Wed-Thu-Fri-Sat-Sun_20260101-20270830,22163,,KHAJURAHO,0,,22163,0,0,0
22164,Mon-Tue-Wed-Thu-Fri-Sat-Sun_20260101-20270830,22164,,BHOPAL JN.,0,,22164,0,0,0
22165,Tue-Wed-Sat_20260101-20270830,22165,,SINGRAULI,0,,22165,0,0,0
22166,Tue-Thu-Fri_20260101-20270830,22166,,BHOPAL JN.,0,,22166,0,0,0
22167,Wed-Sun_20260101-20270830,22167,,HAZRAT NIZAMUDDIN JN,0,,22167,0,0,0
22168,Mon-Thu_20260101-20270830,22168,,SINGRAULI,0,,22168,0,0,0
22169,Wed_20260429-20270830,22169,,SANTRAGACHI JN,0,,22169,0,0,0
22170,Thu_20260430-20270830,22170,,RANI KAMALAPATI,0,,22170,0,0,0
22171,Sun_20260101-20270830,22171,,RANI KAMALAPATI,0,,22171,0,0,0
22172,Sat_20260101-20270830,22172,,PUNE JN,0,,22172,0,0,0
22173,Tue-Thu-Fri_20260127-20270830,22173,,JABALPUR,0,,22173,0,0,0
22174,Tue-Thu-Fri_20260512-20270830,22174,,CHANDA FORT,0,,22174,0,0,0
22175,Thu_20260101-20270830,22175,,JAIPUR JN.,0,,22175,0,0,0
22176,Fri_20260101-20270830,22176,,NAGPUR JN.,0,,22176,0,0,0
22177,Mon-Tue-Wed-Thu-Fri-Sat-Sun_20260320-20260920,22177,,BANARAS,0,,22177,0,0,0
22178,Mon-Tue-Wed-Thu-Fri-Sat-Sun_20260321-20260920,22178,,C SHIVAJI MAH T,0,,22178,0,0,0
22179,Mon_20260824-20270830,22179,,PURATCHI THALAIVAR DR. MGR CTL,0,,22179,0,0,0
22180,Tue_20260825-20270830,22180,,LOKMANYATILAK,0,,22180,0,0,0
22181,Mon-Tue-Wed-Thu-Fri-Sat-Sun_20260101-20270830,22181,,HAZRAT NIZAMUDDIN JN,0,,22181,0,0,0
22182,Mon-Tue-Wed-Thu-Fri-Sat-Sun_20260101-20270830,22182,,JABALPUR,0,,22182,0,0,0
22183,Wed-Sat_20260101-20270830,22183,,AYODHYA CANTT,0,,22183,0,0,0
22184,Thu-Sun_20260101-20270830,22184,,LOKMANYATILAK,0,,22184,0,0,0
22185,Thu_20260820-20270830,22185,,PUNE JN,0,,22185,0,0,0
22186,Wed_20260820-20270830,22186,,AHMEDABAD JN,0,,22186,0,0,0
22187,Mon-Tue-Wed-Thu-Fri-Sat-Sun_20260218-20270830,22187,,ADHARTAL,0,,22187,0,0,0
22188,Mon-Tue-Wed-Thu-Fri-Sat-Sun_20260217-20270830,22188,,RANI KAMALAPATI,0,,22188,0,0,0
22189,Mon-Tue-Wed-Thu-Fri-Sat-Sun_20260817-20270830,22189,,REWA,0,,22189,0,0,0
22190,Mon-Tue-Wed-Thu-Fri-Sat-Sun_20260817-20270830,22190,,MADAN MAHAL,0,,22190,0,0,0
22191,Mon-Tue-Wed-Thu-Fri-Sat-Sun_20260702-20270830,22191,,JABALPUR,0,,22191,0,0,0
22192,Mon-Tue-Wed-Thu-Fri-Sat-Sun_20260702-20270830,22192,,INDORE JN,0,,22192,0,0,0
22193,Sun_20260820-20270830,22193,,GWALIOR JN.,0,,22193,0,0,0
22194,Sat_20260820-20270830,22194,,DAUND JN,0,,22194,0,0,0
22195,Mon-Sun_20260820-20270830,22195,,BANDRA TERMINUS,0,,22195,0,0,0
22196,Tue-Wed_20260820-20270830,22196,,VIRANGANA LAKSHMIBAI JHANSI JN,0,,22196,0,0,0
22197,Sun_20260630-20270830,22197,,VIRANGANA LAKSHMIBAI JHANSI JN,0,,22197,0,0,0
22198,Fri_20260630-20270830,22198,,KOLKATTA TERMINAL,0,,22198,0,0,0
22199,Wed_20260101-20270830,22199,,BALRAMPUR,0,,22199,0,0,0
22200,Thu_20260101-20270830,22200,,GWALIOR JN.,0,,22200,0,0,0
22201,Mon-Wed-Fri_20260101-20270830,22201,,PURI,0,,22201,0,0,0
22202,Tue-Thu-Sat_20260101-20270830,22202,,SEALDAH,0,,22202,0,0,0
22203,Tue-Thu-Sun_20260601-20270830,22203,,SECUNDERABAD JN,0,,22203,0,0,0
22204,Mon-Wed-Sat_20260601-20270830,22204,,VISAKHAPATNAM,0,,22204,0,0,0
22207,Tue-Fri_20260101-20270830,22207,,THIRUVANANTHAPURAM CENTRAL,0,,22207,0,0,0
22208,Wed-Sun_20260101-20270830,22208,,PURATCHI THALAIVAR DR. MGR CTL,0,,22208,0,0,0
22209,Mon-Fri_20260820-20270830,22209,,HAZRAT NIZAMUDDIN JN,0,,22209,0,0,0
22210,Tue-Sat_20260820-20270830,22210,,MUMBAI CENTRAL,0,,22210,0,0,0
22213,Mon-Wed-Fri_20260630-20270830,22213,,PATNA JN,0,,22213,0,0,0
22214,Tue-Thu-Sat_20260630-20270830,22214,,SHALIMAR,0,,22214,0,0,0
22221,Mon-Tue-Wed-Thu-Fri-Sat-Sun_20260101-20270830,22221,,HAZRAT NIZAMUDDIN JN,0,,22221,0,0,0
22222,Mon-Tue-Wed-Thu-Fri-Sat-Sun_20260101-20270830,22222,,C SHIVAJI MAH T,0,,22222,0,0,0
22223,Mon-Wed-Thu-Fri-Sat-Sun_20260522-20270830,22223,,SAINAGAR SHIRDI,0,,22223,0,0,0
22224,Mon-Wed-Thu-Fri-Sat-Sun_20260522-20270830,22224,,C SHIVAJI MAH T,0,,22224,0,0,0
22225,Mon-Tue-Thu-Fri-Sat-Sun_20260306-20270830,22225,,SOLAPUR JN,0,,22225,0,0,0
22226,Mon-Tue-Wed-Fri-Sat-Sun_20260101-20270830,22226,,C SHIVAJI MAH T,0,,22226,0,0,0
22227,Mon-Wed-Thu-Fri-Sat-Sun_20260306-20270830,22227,,GUWAHATI,0,,22227,0,0,0
22228,Mon-Wed-Thu-Fri-Sat-Sun_20260306-20270830,22228,,NEW JALPAIGURI,0,,22228,0,0,0
22229,Mon-Wed-Fri_20260615-20270830,22229,,MADGAON JUNCTION,0,,22229,0,0,0
22230,Tue-Thu-Sat_20260615-20270830,22230,,C SHIVAJI MAH T,0,,22230,0,0,0
22231,Mon-Tue-Wed-Thu-Sat-Sun_20260601-20270830,22231,,SMVT BENGALURU,0,,22231,0,0,0
22232,Mon-Tue-Wed-Fri-Sat-Sun_20260804-20270830,22232,,KALABURAGI,0,,22232,0,0,0
22233,Mon-Wed-Thu-Fri-Sat-Sun_20260101-20270830,22233,,PATNA JN,0,,22233,0,0,0
22234,Mon-Wed-Thu-Fri-Sat-Sun_20260101-20270830,22234,,NEW JALPAIGURI,0,,22234,0,0,0
22301,Mon-Tue-Thu-Fri-Sat-Sun_20260101-20270830,22301,,NEW JALPAIGURI,0,,22301,0,0,0
22302,Mon-Tue-Thu-Fri-Sat-Sun_20260101-20270830,22302,,HOWRAH JN,0,,22302,0,0,0
22303,Mon-Tue-Wed-Fri-Sat-Sun_20260101-20270830,22303,,GAYA JN,0,,22303,0,0,0
22304,Mon-Tue-Wed-Fri-Sat-Sun_20260101-20270830,22304,,HOWRAH JN,0,,22304,0,0,0
22305,Sun_20260630-20270830,22305,,JASIDIH JN.,0,,22305,0,0,0
22306,Fri_20260630-20270830,22306,,SMVT BENGALURU,0,,22306,0,0,0
22307,Mon-Thu-Fri_20260803-20270830,22307,,BIKANER JN,0,,22307,0,0,0
22308,Wed-Sat-Sun_20260401-20270830,22308,,HOWRAH JN,0,,22308,0,0,0
22309,Mon-Tue-Wed-Thu-Sat-Sun_20260101-20270830,22309,,JAMALPUR JN,0,,22309,0,0,0
22310,Mon-Tue-Wed-Thu-Sat-Sun_20260101-20270830,22310,,HOWRAH JN,0,,22310,0,0,0
22311,Sun_20260201-20270830,22311,,LOKMANYATILAK,0,,22311,0,0,0
22312,Thu_20260101-20270830,22312,,GODDA,0,,22312,0,0,0
22317,Mon_20260722-20270830,22317,,JAMMUTAVI,0,,22317,0,0,0
22318,Wed_20260722-20261020,22318,,SEALDAH,0,,22318,0,0,0
22321,Mon-Tue-Wed-Thu-Fri-Sat-Sun_20260417-20270830,22321,,SIURI,0,,22321,0,0,0
22322,Mon-Tue-Wed-Thu-Fri-Sat-Sun_20260417-20270830,22322,,HOWRAH JN,0,,22322,0,0,0
22323,Thu_20260319-20270830,22323,,GHAZIPUR CITY,0,,22323,0,0,0
22324,Fri_20260320-20270830,22324,,KOLKATTA TERMINAL,0,,22324,0,0,0
22329,Mon-Tue-Wed-Thu-Fri-Sat_20260101-20270830,22329,,ASANSOL JN.,0,,22329,0,0,0
22330,Mon-Tue-Wed-Thu-Fri-Sat_20260101-20270830,22330,,HALDIA,0,,22330,0,0,0
22345,Mon-Tue-Wed-Thu-Sat-Sun_20260101-20270830,22345,,GOMTI NAGAR,0,,22345,0,0,0
22346,Mon-Tue-Wed-Thu-Sat-Sun_20260101-20270830,22346,,PATNA JN,0,,22346,0,0,0
22347,Mon-Tue-Thu-Fri-Sat-Sun_20260630-20270830,22347,,PATNA JN,0,,22347,0,0,0
22348,Mon-Tue-Thu-Fri-Sat-Sun_20260630-20270830,22348,,HOWRAH JN,0,,22348,0,0,0
22349,Mon-Wed-Thu-Fri-Sat-Sun_20260101-20270830,22349,,RANCHI,0,,22349,0,0,0
22350,Mon-Wed-Thu-Fri-Sat-Sun_20260101-20270830,22350,,PATNA JN,0,,22350,0,0,0
22351,Fri_20260601-20270830,22351,,SMVT BENGALURU,0,,22351,0,0,0
22352,Mon_20260601-20270830,22352,,SAHARSA JN,0,,22352,0,0,0
22353,Thu_20260601-20270830,22353,,SMVT BENGALURU,0,,22353,0,0,0
22354,Sun_20260601-20270830,22354,,PATNA JN,0,,22354,0,0,0
22355,Wed-Sun_20260101-20270830,22355,,CHANDIGARH,0,,22355,0,0,0
22356,Mon-Thu_20260101-20270830,22356,,PATLIPUTRA,0,,22356,0,0,0
22357,Fri_20260605-20270830,22357,,GAYA JN,0,,22357,0,0,0
22358,Wed_20260617-20270830,22358,,LOKMANYATILAK,0,,22358,0,0,0
22359,Wed-Sun_20260101-20270830,22359,,C SHIVAJI MAH T,0,,22359,0,0,0
22360,Tue-Fri_20260101-20270830,22360,,PATNA JN,0,,22360,0,0,0
22361,Mon-Tue-Wed-Thu-Fri-Sat-Sun_20260513-20270830,22361,,NEW DELHI,0,,22361,0,0,0
22362,Mon-Tue-Wed-Thu-Fri-Sat-Sun_20260513-20270830,22362,,RAJENDRA NAGAR,0,,22362,0,0,0
22363,Sat_20260829-20270830,22363,,COIMBATORE JN,0,,22363,0,0,0
22364,Tue_20260825-20260831,22364,,DHANBAD JN,0,,22364,0,0,0
22365,Mon-Tue-Wed-Thu-Fri-Sat-Sun_20260901-20270830,22365,,SMVT BENGALURU,0,,22365,0,0,0
22366,Mon-Tue-Wed-Thu-Fri-Sat-Sun_20260903-20270830,22366,,DANAPUR,0,,22366,0,0,0
22387,Mon-Tue-Wed-Thu-Fri-Sat-Sun_20260417-20270830,22387,,DHANBAD JN,0,,22387,0,0,0
22388,Mon-Tue-Wed-Thu-Fri-Sat-Sun_20260417-20270830,22388,,HOWRAH JN,0,,22388,0,0,0
22401,Mon-Wed-Sat_20260722-20261018,22401,,MARTYR CAPTAIN TUSHAR MAHAJAN,0,,22401,0,0,0
22402,Tue-Thu-Sun_20260722-20270830,22402,,DELHI SARAI ROHILLA,0,,22402,0,0,0
22403,Wed_20260601-20270830,22403,,NEW DELHI,0,,22403,0,0,0
22404,Sun_20260601-20270830,22404,,PONDICHERRY,0,,22404,0,0,0
22405,Tue-Thu-Sat_20260103-20270830,22405,,ANAND VIHAR TERMINAL,0,,22405,0,0,0
22406,Mon-Wed-Fri_20260105-20270830,22406,,BHAGALPUR,0,,22406,0,0,0
22407,Thu_20260305-20270830,22407,,HAZRAT NIZAMUDDIN JN,0,,22407,0,0,0
22408,Tue_20260303-20270830,22408,,AMBIKAPUR,0,,22408,0,0,0
22409,Sun_20260315-20270830,22409,,ANAND VIHAR TERMINAL,0,,22409,0,0,0
22410,Sat_20260321-20270830,22410,,GAYA JN,0,,22410,0,0,0
22411,Tue-Sat_20260505-20270830,22411,,ANAND VIHAR TERMINAL,0,,22411,0,0,0
22412,Thu-Sun_20260215-20270830,22412,,NAHARLAGUN,0,,22412,0,0,0
22413,Mon-Sun_20260820-20261020,22413,,HAZRAT NIZAMUDDIN JN,0,,22413,0,0,0
22414,Fri-Sat_20260820-20261020,22414,,MADGAON JUNCTION,0,,22414,0,0,0
22415,Mon-Wed-Thu-Fri-Sat-Sun_20260101-20270830,22415,,NEW DELHI,0,,22415,0,0,0
22416,Mon-Wed-Thu-Fri-Sat-Sun_20260101-20270830,22416,,VARANASI,0,,22416,0,0,0
22417,Tue-Thu-Sat_20260101-20270830,22417,,NEW DELHI,0,,22417,0,0,0
22418,Mon-Wed-Fri_20260101-20270830,22418,,VARANASI,0,,22418,0,0,0
22419,Mon-Wed-Fri-Sun_20260101-20270830,22419,,ANAND VIHAR TERMINAL,0,,22419,0,0,0
22420,Tue-Thu-Sat-Sun_20260101-20270830,22420,,GHAZIPUR CITY,0,,22420,0,0,0
22421,Mon-Tue-Wed-Thu-Fri-Sat-Sun_20260507-20270830,22421,,JODHPUR JN,0,,22421,0,0,0
22422,Mon-Tue-Wed-Thu-Fri-Sat-Sun_20260716-20261013,22422,,DELHI SARAI ROHILLA,0,,22422,0,0,0
22423,Mon_20260101-20270830,22423,,AMRITSAR,0,,22423,0,0,0
22424,Sun_20260517-20270830,22424,,GORAKHPUR JN,0,,22424,0,0,0
22425,Mon-Tue-Thu-Fri-Sat-Sun_20260101-20270830,22425,,ANAND VIHAR TERMINAL,0,,22425,0,0,0
22426,Mon-Tue-Thu-Fri-Sat-Sun_20260101-20270830,22426,,AYODHYA CANTT,0,,22426,0,0,0
22427,Sun_20260201-20270830,22427,,ANAND VIHAR TERMINAL,0,,22427,0,0,0
22428,Sat_20260101-20270830,22428,,BALLIA,0,,22428,0,0,0
22429,Mon-Tue-Wed-Fri-Sat-Sun_20260101-20270830,22429,,PATHANKOT,0,,22429,0,0,0
22430,Mon-Tue-Wed-Thu-Sat-Sun_20260101-20270830,22430,,DELHI JN.,0,,22430,0,0,0
22431,Tue-Sat_20260722-20270830,22431,,MARTYR CAPTAIN TUSHAR MAHAJAN,0,,22431,0,0,0
22432,Wed-Sun_20260722-20270830,22432,,SUBEDARGANJ,0,,22432,0,0,0
22433,Tue-Sat_20260101-20270830,22433,,ANAND VIHAR TERMINAL,0,,22433,0,0,0
22434,Mon-Fri_20260101-20270830,22434,,GHAZIPUR CITY,0,,22434,0,0,0
22435,Mon-Tue-Wed-Fri-Sat-Sun_20260101-20270830,22435,,NEW DELHI,0,,22435,0,0,0
22436,Mon-Tue-Wed-Fri-Sat-Sun_20260101-20270830,22436,,VARANASI,0,,22436,0,0,0
22437,Mon-Wed-Sat_20260101-20270830,22437,,ANAND VIHAR TERMINAL,0,,22437,0,0,0
22438,Tue-Thu-Sun_20260101-20270830,22438,,PRAYAGRAJ JN,0,,22438,0,0,0
22439,Mon-Tue-Thu-Fri-Sat-Sun_20260722-20270830,22439,,SHRI MATA VAISHNO DEVI KATRA,0,,22439,0,0,0
22440,Mon-Tue-Thu-Fri-Sat-Sun_20260722-20270830,22440,,NEW DELHI,0,,22440,0,0,0
22441,Mon-Tue-Wed-Thu-Fri-Sat-Sun_20260101-20270228,22441,,KANPUR CENTRAL,0,,22441,0,0,0
22442,Mon-Tue-Wed-Thu-Fri-Sat-Sun_20260101-20270228,22442,,CHITRAKOT,0,,22442,0,0,0
22443,Wed_20260820-20270830,22443,,BANDRA TERMINUS,0,,22443,0,0,0
22444,Fri_20260820-20270830,22444,,KANPUR CENTRAL,0,,22444,0,0,0
22445,Mon_20260101-20270830,22445,,AMRITSAR,0,,22445,0,0,0
22446,Tue_20260101-20270830,22446,,KANPUR CENTRAL,0,,22446,0,0,0
22447,Mon-Wed-Thu-Fri-Sat-Sun_20260730-20270830,22447,,AMB  ANDAURA,0,,22447,0,0,0
22448,Mon-Wed-Thu-Fri-Sat-Sun_20260729-20270830,22448,,NEW DELHI,0,,22448,0,0,0
22449,Wed-Sat_20260207-20270830,22449,,NEW DELHI,0,,22449,0,0,0
22450,Wed-Sun_20260215-20270830,22450,,GUWAHATI,0,,22450,0,0,0
22451,Mon-Thu_20260820-20270830,22451,,CHANDIGARH,0,,22451,0,0,0
22452,Wed-Sun_20260819-20270830,22452,,BANDRA TERMINUS,0,,22452,0,0,0
22453,Mon-Tue-Wed-Thu-Fri-Sat-Sun_20260101-20270830,22453,,MEERUT CITY,0,,22453,0,0,0
22454,Mon-Tue-Wed-Thu-Fri-Sat-Sun_20260101-20270830,22454,,LUCKNOW,0,,22454,0,0,0
22455,Tue-Sat_20260101-20270830,22455,,KALKA,0,,22455,0,0,0
22456,Thu-Sun_20260702-20270830,22456,,SAINAGAR SHIRDI,0,,22456,0,0,0
22457,Mon-Tue-Wed-Fri-Sat-Sun_20260101-20270830,22457,,DEHRADOON,0,,22457,0,0,0
22458,Mon-Tue-Wed-Fri-Sat-Sun_20260101-20270830,22458,,ANAND VIHAR TERMINAL,0,,22458,0,0,0
22459,Tue_20260630-20270830,22459,,ANAND VIHAR TERMINAL,0,,22459,0,0,0
22460,Mon_20260630-20270830,22460,,MADHUPUR JN.,0,,22460,0,0,0
22461,Mon-Tue-Wed-Thu-Fri-Sat-Sun_20260722-20261018,22461,,SHRI MATA VAISHNO DEVI KATRA,0,,22461,0,0,0
22462,Mon-Tue-Wed-Thu-Fri-Sat-Sun_20260722-20270830,22462,,NEW DELHI,0,,22462,0,0,0
22463,Fri-Sun_20260101-20270830,22463,,BIKANER JN,0,,22463,0,0,0
22464,Tue-Sat_20260718-20261013,22464,,DELHI SARAI ROHILLA,0,,22464,0,0,0
22465,Thu_20260630-20270830,22465,,ANAND VIHAR TERMINAL,0,,22465,0,0,0
22466,Wed_20260630-20270830,22466,,MADHUPUR JN.,0,,22466,0,0,0
22469,Tue-Wed-Thu-Fri-Sat-Sun_20260720-20270830,22469,,HAZRAT NIZAMUDDIN JN,0,,22469,0,0,0
22470,Tue-Wed-Thu-Fri-Sat-Sun_20260720-20270830,22470,,KHAJURAHO,0,,22470,0,0,0
22471,Mon-Tue-Wed-Thu-Fri-Sat-Sun_20260716-20260831,22471,,DELHI SARAI ROHILLA,0,,22471,0,0,0
22472,Mon-Tue-Wed-Thu-Fri-Sat-Sun_20260507-20260831,22472,,LALGARH JN,0,,22472,0,0,0
22473,Mon_20260820-20270830,22473,,BANDRA TERMINUS,0,,22473,0,0,0
22474,Tue_20260820-20270830,22474,,BIKANER JN,0,,22474,0,0,0
22475,Wed_20260820-20270830,22475,,COIMBATORE JN,0,,22475,0,0,0
22476,Sat_20260820-20270830,22476,,HISAR,0,,22476,0,0,0
22477,Mon-Tue-Thu-Fri-Sat-Sun_20260722-20270830,22477,,SHRI MATA VAISHNO DEVI KATRA,0,,22477,0,0,0
22478,Mon-Tue-Thu-Fri-Sat-Sun_20260722-20261019,22478,,NEW DELHI,0,,22478,0,0,0
22479,Tue-Wed-Thu-Sat-Sun_20260101-20270830,22479,,LOHIAN KHAS JN,0,,22479,0,0,0
22480,Tue-Wed-Thu-Sat-Sun_20260101-20270830,22480,,NEW DELHI,0,,22480,0,0,0
22481,Mon-Tue-Wed-Thu-Fri-Sat-Sun_20260801-20270830,22481,,DELHI SARAI ROHILLA,0,,22481,0,0,0
22482,Mon-Tue-Wed-Thu-Fri-Sat-Sun_20260507-20270830,22482,,JODHPUR JN,0,,22482,0,0,0
22483,Mon-Tue-Wed-Thu-Fri-Sat-Sun_20260101-20270830,22483,,GANDHIDHAM BG,0,,22483,0,0,0
22484,Mon-Tue-Wed-Thu-Fri-Sat-Sun_20260101-20270830,22484,,BHAGAT KI KOTHI,0,,22484,0,0,0
22485,Mon-Fri_20260829-20270830,22485,,FIROZPUR CANT,0,,22485,0,0,0
22486,Mon-Fri_20260829-20261231,22486,,NEW DELHI,0,,22486,0,0,0
22487,Mon-Tue-Wed-Thu-Sat-Sun_20260101-20270830,22487,,AMRITSAR,0,,22487,0,0,0
22488,Mon-Tue-Wed-Thu-Sat-Sun_20260101-20270830,22488,,DELHI JN.,0,,22488,0,0,0
22489,Mon-Wed-Thu-Fri-Sat-Sun_20260101-20270830,22489,,MEERUT CITY,0,,22489,0,0,0
22490,Mon-Wed-Thu-Fri-Sat-Sun_20260101-20270830,22490,,VARANASI,0,,22490,0,0,0
22491,Mon-Tue-Wed-Thu-Fri-Sat-Sun_20260716-20261013,22491,,DELHI JN.,0,,22491,0,0,0
22492,Mon-Tue-Wed-Thu-Fri-Sat-Sun_20260502-20270830,22492,,JODHPUR JN,0,,22492,0,0,0
22497,Mon_20260820-20270830,22497,,TIRUCHCHIRAPPALLI JN.,0,,22497,0,0,0
22498,Fri_20260820-20270830,22498,,SHRI GANGANAGAR,0,,22498,0,0,0
22499,Mon-Wed-Thu-Fri-Sat-Sun_20260314-20270830,22499,,VARANASI,0,,22499,0,0,0
22500,Mon-Wed-Thu-Fri-Sat-Sun_20260314-20260901,22500,,DEOGHAR,0,,22500,0,0,0
22501,Tue_20260601-20270830,22501,,NEW TINSUKIA,0,,22501,0,0,0
22502,Fri_20260601-20270830,22502,,SMVT BENGALURU,0,,22502,0,0,0
22503,Mon-Tue-Wed-Thu-Fri-Sat-Sun_20260601-20261014,22503,,DIBRUGARH,0,,22503,0,0,0
22504,Mon-Tue-Wed-Thu-Fri-Sat-Sun_20260608-20270830,22504,,KANNIYAKUMARI,0,,22504,0,0,0
22511,Tue_20260429-20270830,22511,,KAMAKHYA,0,,22511,0,0,0
22512,Sat_20260429-20270830,22512,,LOKMANYATILAK,0,,22512,0,0,0
22533,Mon_20260601-20270830,22533,,YESVANTPUR JN.,0,,22533,0,0,0
22534,Wed_20260601-20270830,22534,,GORAKHPUR JN,0,,22534,0,0,0
22535,Wed_20260601-20270830,22535,,BANARAS,0,,22535,0,0,0
22536,Sun_20260601-20270830,22536,,RAMESWARAM,0,,22536,0,0,0
22537,Mon-Tue-Wed-Thu-Fri-Sat-Sun_20260101-20270830,22537,,LOKMANYATILAK,0,,22537,0,0,0
22538,Mon-Tue-Wed-Thu-Fri-Sat-Sun_20260101-20270830,22538,,GORAKHPUR JN,0,,22538,0,0,0
22539,Tue-Fri_20260101-20270830,22539,,ANAND VIHAR TERMINAL,0,,22539,0,0,0
22540,Wed-Sat_20260101-20270830,22540,,MAU JN,0,,22540,0,0,0
22541,Thu-Sun_20260101-20261031,22541,,ANAND VIHAR TERMINAL,0,,22541,0,0,0
22542,Mon-Fri_20260101-20270830,22542,,BANARAS,0,,22542,0,0,0
22543,Tue_20260820-20270830,22543,,LALKUA JN.,0,,22543,0,0,0
22544,Mon_20260820-20270830,22544,,BANDRA TERMINUS,0,,22544,0,0,0
22545,Tue-Wed-Thu-Fri-Sat-Sun_20260603-20270830,22545,,DEHRADOON,0,,22545,0,0,0
22546,Tue-Wed-Thu-Fri-Sat-Sun_20260628-20270830,22546,,LUCKNOW,0,,22546,0,0,0
22547,Wed-Sat-Sun_20260826-20270830,22547,,GANDHIGRAM,0,,22547,0,0,0
22548,Tue-Fri-Sat_20260827-20270830,22548,,GWALIOR JN.,0,,22548,0,0,0
22549,Mon-Tue-Wed-Thu-Fri-Sun_20260101-20270830,22549,,PRAYAGRAJ JN,0,,22549,0,0,0
22550,Mon-Tue-Wed-Thu-Fri-Sun_20260101-20270830,22550,,GORAKHPUR JN,0,,22550,0,0,0
22551,Sat_20260101-20270830,22551,,JALANDHAR CITY,0,,22551,0,0,0
22552,Sun_20260101-20270830,22552,,DARBHANGA JN,0,,22552,0,0,0
22553,Mon_20260406-20270830,22553,,LOKMANYATILAK,0,,22553,0,0,0
22554,Wed_20260101-20270830,22554,,RAXAUL JN,0,,22554,0,0,0
22563,Thu_20260101-20270830,22563,,UDHNA JN,0,,22563,0,0,0
22564,Sun_20260101-20270830,22564,,JAYNAGAR,0,,22564,0,0,0
22581,Tue-Wed_20260101-20270830,22581,,NEW DELHI,0,,22581,0,0,0
22582,Mon-Tue_20260101-20270830,22582,,BALLIA,0,,22582,0,0,0
22583,Tue_20260101-20270830,22583,,LOKMANYATILAK,0,,22583,0,0,0
22584,Thu_20260101-20270830,22584,,CHHAPRA,0,,22584,0,0,0
22585,Wed_20260317-20270830,22585,,GANDHINAGAR CAPITAL,0,,22585,0,0,0
22586,Thu_20260317-20270830,22586,,BANARAS,0,,22586,0,0,0
22587,Mon-Wed-Sat_20260630-20270830,22587,,BANARAS,0,,22587,0,0,0
22588,Tue-Fri-Sun_20260630-20270830,22588,,SEALDAH,0,,22588,0,0,0
22589,Mon-Tue-Wed-Thu-Fri-Sat-Sun_20260506-20270830,22589,,HADAPSAR,0,,22589,0,0,0
22590,Mon-Tue-Wed-Thu-Fri-Sat-Sun_20260506-20270830,22590,,BANARAS,0,,22590,0,0,0
22601,Wed_20260601-20270830,22601,,SAINAGAR SHIRDI,0,,22601,0,0,0
22602,Fri_20260601-20270830,22602,,PURATCHI THALAIVAR DR. MGR CTL,0,,22602,0,0,0
22603,Thu_20260601-20270830,22603,,VILLUPURAM JN,0,,22603,0,0,0
22604,Tue_20260601-20270830,22604,,KHARAGPUR JN,0,,22604,0,0,0
22605,Mon-Fri_20260601-20270830,22605,,TIRUNELVELI JN,0,,22605,0,0,0
22606,Wed-Sat_20260624-20270830,22606,,PURULIA JN.,0,,22606,0,0,0
22609,Mon-Tue-Wed-Thu-Fri-Sat-Sun_20260101-20270830,22609,,COIMBATORE JN,0,,22609,0,0,0
22610,Mon-Tue-Wed-Thu-Fri-Sat-Sun_20260101-20270830,22610,,MANGALORE CENTRAL,0,,22610,0,0,0
22611,Wed_20260601-20270830,22611,,NEW JALPAIGURI,0,,22611,0,0,0
22612,Fri_20260601-20270830,22612,,PURATCHI THALAIVAR DR. MGR CTL,0,,22612,0,0,0
22613,Sun_20260601-20270830,22613,,AYODHYA CANTT,0,,22613,0,0,0
22614,Wed_20260624-20270830,22614,,RAMESWARAM,0,,22614,0,0,0
22615,Mon-Wed-Thu-Sat_20260601-20270830,22615,,COIMBATORE JN,0,,22615,0,0,0
22616,Tue-Thu-Fri-Sun_20260601-20270830,22616,,TIRUPATI,0,,22616,0,0,0
22617,Tue-Fri-Sun_20260601-20270830,22617,,SMVT BENGALURU,0,,22617,0,0,0
22618,Mon-Wed-Sat_20260601-20270830,22618,,TIRUPATI,0,,22618,0,0,0
22619,Tue_20260601-20270830,22619,,TIRUNELVELI JN,0,,22619,0,0,0
22620,Sun_20260601-20270830,22620,,BILASPUR JN.,0,,22620,0,0,0
22621,Mon-Wed-Sat_20260128-20270830,22621,,KANNIYAKUMARI,0,,22621,0,0,0
22622,Tue-Thu-Sun_20260127-20270830,22622,,RAMESWARAM,0,,22622,0,0,0
22623,Fri-Sun_20260717-20270830,22623,,MADURAI JN,0,,22623,0,0,0
22624,Thu-Sat_20260219-20270830,22624,,TAMBARAM,0,,22624,0,0,0
22625,Mon-Tue-Wed-Thu-Fri-Sat-Sun_20260506-20270830,22625,,KSR BENGALURU,0,,22625,0,0,0
22626,Mon-Tue-Wed-Thu-Fri-Sat-Sun_20260506-20270830,22626,,PURATCHI THALAIVAR DR. MGR CTL,0,,22626,0,0,0
22627,Mon-Tue-Wed-Thu-Fri-Sat-Sun_20260406-20270830,22627,,THIRUVANANTHAPURAM CENTRAL,0,,22627,0,0,0
22628,Mon-Tue-Wed-Thu-Fri-Sat-Sun_20260101-20270830,22628,,TIRUCHCHIRAPPALLI JN.,0,,22628,0,0,0
22629,Thu_20260618-20270830,22629,,TIRUNELVELI JN,0,,22629,0,0,0
22630,Wed_20260617-20270830,22630,,LOKMANYATILAK,0,,22630,0,0,0
22631,Thu_20260601-20270830,22631,,BIKANER JN,0,,22631,0,0,0
22632,Sun_20260601-20270830,22632,,MADURAI JN,0,,22632,0,0,0
22633,Wed_20260820-20270830,22633,,HAZRAT NIZAMUDDIN JN,0,,22633,0,0,0
22634,Fri_20260820-20270830,22634,,THIRUVANANTHAPURAM CENTRAL,0,,22634,0,0,0
22637,Mon-Tue-Wed-Thu-Fri-Sat-Sun_20260630-20270830,22637,,MANGALORE CENTRAL,0,,22637,0,0,0
22638,Mon-Tue-Wed-Thu-Fri-Sat-Sun_20260101-20270830,22638,,PURATCHI THALAIVAR DR. MGR CTL,0,,22638,0,0,0
22639,Mon-Tue-Wed-Thu-Fri-Sat-Sun_20260101-20270830,22639,,ALAPPUZHA,0,,22639,0,0,0
22640,Mon-Tue-Wed-Thu-Fri-Sat-Sun_20260101-20270830,22640,,PURATCHI THALAIVAR DR. MGR CTL,0,,22640,0,0,0
22641,Thu-Sat_20260620-20261014,22641,,SHALIMAR,0,,22641,0,0,0
22642,Tue-Sun_20260601-20270830,22642,,THIRUVANANTHAPURAM CENTRAL,0,,22642,0,0,0
22643,Mon-Tue_20260630-20261018,22643,,PATNA JN,0,,22643,0,0,0
22644,Thu-Fri_20260630-20270830,22644,,ERNAKULAM JN,0,,22644,0,0,0
22645,Mon_20260601-20270830,22645,,THIRUVANANTHAPURAM NORTH,0,,22645,0,0,0
22646,Sat_20260620-20270830,22646,,INDORE JN,0,,22646,0,0,0
22647,Wed-Sat_20260601-20270830,22647,,THIRUVANANTHAPURAM NORTH,0,,22647,0,0,0
22648,Mon-Thu_20260601-20270830,22648,,KORBA,0,,22648,0,0,0
22649,Mon-Tue-Wed-Thu-Fri-Sat-Sun_20260101-20270830,22649,,ERODE JN,0,,22649,0,0,0
22650,Mon-Tue-Wed-Thu-Fri-Sat-Sun_20260207-20270830,22650,,PURATCHI THALAIVAR DR. MGR CTL,0,,22650,0,0,0
22651,Mon-Tue-Wed-Thu-Fri-Sat-Sun_20260126-20261006,22651,,PALAKKAD JN,0,,22651,0,0,0
22652,Mon-Tue-Wed-Thu-Fri-Sat-Sun_20260126-20270830,22652,,PURATCHI THALAIVAR DR. MGR CTL,0,,22652,0,0,0
22653,Fri_20260820-20270830,22653,,HAZRAT NIZAMUDDIN JN,0,,22653,0,0,0
22654,Mon_20260820-20270830,22654,,THIRUVANANTHAPURAM CENTRAL,0,,22654,0,0,0
22655,Wed_20260820-20270830,22655,,HAZRAT NIZAMUDDIN JN,0,,22655,0,0,0
22656,Fri_20260820-20270830,22656,,ERNAKULAM JN,0,,22656,0,0,0
22657,Mon-Wed-Sun_20260203-20270830,22657,,KANNIYAKUMARI,0,,22657,0,0,0
22658,Mon-Tue-Thu_20260130-20270830,22658,,TAMBARAM,0,,22658,0,0,0
22659,Fri_20260820-20270830,22659,,YOG NAGARI RISHIKESH,0,,22659,0,0,0
22660,Mon_20260820-20270830,22660,,THIRUVANANTHAPURAM NORTH,0,,22660,0,0,0
22661,Mon-Tue-Wed-Thu-Fri-Sat-Sun_20260101-20270830,22661,,RAMESWARAM,0,,22661,0,0,0
22662,Mon-Tue-Wed-Thu-Fri-Sat-Sun_20260101-20270830,22662,,CHENNAI EGMORE,0,,22662,0,0,0
22663,Sat_20260820-20270830,22663,,JODHPUR JN,0,,22663,0,0,0
22664,Tue_20260825-20270830,22664,,TAMBARAM,0,,22664,0,0,0
22665,Mon-Tue-Wed-Thu-Fri-Sat-Sun_20260506-20270830,22665,,COIMBATORE JN,0,,22665,0,0,0
22666,Mon-Tue-Wed-Thu-Fri-Sat-Sun_20260506-20270830,22666,,KSR BENGALURU,0,,22666,0,0,0
22667,Mon-Tue-Wed-Thu-Fri-Sat-Sun_20260126-20270830,22667,,COIMBATORE JN,0,,22667,0,0,0
22668,Mon-Tue-Wed-Thu-Fri-Sat-Sun_20260126-20270830,22668,,NAGERCOIL JUNCTION,0,,22668,0,0,0
22669,Sat_20260601-20270830,22669,,PATNA JN,0,,22669,0,0,0
22670,Tue_20260601-20270830,22670,,ERNAKULAM JN,0,,22670,0,0,0
22671,Mon-Tue-Wed-Fri-Sat-Sun_20260101-20270830,22671,,MADURAI JN,0,,22671,0,0,0
22672,Mon-Tue-Wed-Fri-Sat-Sun_20260101-20270830,22672,,CHENNAI EGMORE,0,,22672,0,0,0
22673,Thu_20260601-20270830,22673,,MANNARGUDI,0,,22673,0,0,0
22674,Mon_20260601-20270830,22674,,JODHPUR JN,0,,22674,0,0,0
22675,Mon-Tue-Wed-Thu-Fri-Sat-Sun_20260407-20270830,22675,,TIRUCHCHIRAPPALLI JN.,0,,22675,0,0,0
22676,Mon-Tue-Wed-Thu-Fri-Sat-Sun_20260618-20270830,22676,,CHENNAI EGMORE,0,,22676,0,0,0
22679,Mon-Tue-Wed-Thu-Fri-Sat-Sun_20260509-20270830,22679,,HASSAN,0,,22679,0,0,0
22680,Mon-Tue-Wed-Thu-Fri-Sat-Sun_20260509-20270830,22680,,YESVANTPUR JN.,0,,22680,0,0,0
22681,Wed_20260506-20270830,22681,,PURATCHI THALAIVAR DR. MGR CTL,0,,22681,0,0,0
22682,Thu_20260507-20270830,22682,,MYSORE JN,0,,22682,0,0,0
22683,Mon_20260601-20270830,22683,,LUCKNOW JN.,0,,22683,0,0,0
22684,Thu_20260601-20270830,22684,,YESVANTPUR JN.,0,,22684,0,0,0
22685,Wed-Sat_20260101-20270830,22685,,CHANDIGARH,0,,22685,0,0,0
22686,Tue-Sat_20260101-20270830,22686,,YESVANTPUR JN.,0,,22686,0,0,0
22687,Tue-Thu_20260818-20270830,22687,,VARANASI,0,,22687,0,0,0
22688,Thu-Sat_20260601-20270830,22688,,MYSORE JN,0,,22688,0,0,0
22689,Tue_20260820-20270830,22689,,YESVANTPUR JN.,0,,22689,0,0,0
22690,Sun_20260820-20270830,22690,,AHMEDABAD JN,0,,22690,0,0,0
22691,Mon-Tue-Wed-Thu-Fri-Sat-Sun_20260601-20270830,22691,,HAZRAT NIZAMUDDIN JN,0,,22691,0,0,0
22692,Mon-Tue-Wed-Thu-Fri-Sat-Sun_20260601-20270830,22692,,KSR BENGALURU,0,,22692,0,0,0
22697,Sat_20260110-20270830,22697,,PURATCHI THALAIVAR DR. MGR CTL,0,,22697,0,0,0
22698,Sun_20260111-20270830,22698,,SSS HUBBALLI JN,0,,22698,0,0,0
22705,Tue_20260722-20260831,22705,,JAMMUTAVI,0,,22705,0,0,0
22706,Fri_20260821-20270830,22706,,TIRUPATI,0,,22706,0,0,0
22707,Mon-Thu-Sat_20260601-20270830,22707,,TIRUPATI,0,,22707,0,0,0
22708,Wed-Fri-Sun_20260601-20270830,22708,,VISAKHAPATNAM,0,,22708,0,0,0
22709,Tue_20260101-20270830,22709,,AMB  ANDAURA,0,,22709,0,0,0
22710,Thu_20260101-20270830,22710,,NANDED,0,,22710,0,0,0
22715,Sat_20260601-20270830,22715,,MADURAI JN,0,,22715,0,0,0
22716,Sun_20260601-20270830,22716,,KACHEGUDA,0,,22716,0,0,0
22717,Mon-Wed-Thu_20260819-20270830,22717,,SECUNDERABAD JN,0,,22717,0,0,0
22718,Mon-Tue-Sat_20260820-20261031,22718,,RAJKOT,0,,22718,0,0,0
22723,Thu_20260820-20270830,22723,,SHRI GANGANAGAR,0,,22723,0,0,0
22724,Sat_20260820-20270830,22724,,NANDED,0,,22724,0,0,0
22731,Mon-Tue-Wed-Thu-Fri-Sat-Sun_20260101-20270830,22731,,C SHIVAJI MAH T,0,,22731,0,0,0
22732,Mon-Tue-Wed-Thu-Fri-Sat-Sun_20260101-20270830,22732,,HYDERABAD,0,,22732,0,0,0
22737,Tue-Wed_20260819-20270830,22737,,HISAR,0,,22737,0,0,0
22738,Fri-Sun_20260828-20270830,22738,,SECUNDERABAD JN,0,,22738,0,0,0
22801,Fri_20260601-20270830,22801,,PURATCHI THALAIVAR DR. MGR CTL,0,,22801,0,0,0
22802,Sat_20260601-20270830,22802,,VISAKHAPATNAM,0,,22802,0,0,0
22803,Sat_20260530-20270830,22803,,SAMBALPUR JN.,0,,22803,0,0,0
22804,Fri_20260101-20270830,22804,,SHALIMAR,0,,22804,0,0,0
22805,Sat_20260314-20270830,22805,,ANAND VIHAR TERMINAL,0,,22805,0,0,0
22806,Mon_20260316-20270830,22806,,BHUBANESWAR,0,,22806,0,0,0
22807,Tue-Fri_20260601-20270830,22807,,PURATCHI THALAIVAR DR. MGR CTL,0,,22807,0,0,0
22808,Thu-Sun_20260601-20270830,22808,,SANTRAGACHI JN,0,,22808,0,0,0
22809,Mon_20260601-20270830,22809,,VISAKHAPATNAM,0,,22809,0,0,0
22810,Sun_20260601-20261017,22810,,PARADEEP,0,,22810,0,0,0
22811,Wed-Sun_20260315-20270830,22811,,NEW DELHI,0,,22811,0,0,0
22812,Mon-Fri_20260316-20270830,22812,,BHUBANESWAR,0,,22812,0,0,0
22815,Mon_20260601-20270830,22815,,ERNAKULAM JN,0,,22815,0,0,0
22816,Wed_20260601-20270830,22816,,BILASPUR JN.,0,,22816,0,0,0
22817,Fri_20260601-20261029,22817,,MYSORE JN,0,,22817,0,0,0
22818,Sun_20260607-20261017,22818,,HOWRAH JN,0,,22818,0,0,0
22819,Mon-Tue-Wed-Thu-Fri-Sat-Sun_20260601-20270830,22819,,VISAKHAPATNAM,0,,22819,0,0,0
22820,Mon-Tue-Wed-Thu-Fri-Sat-Sun_20260602-20261020,22820,,BHUBANESWAR NEW JN,0,,22820,0,0,0
22823,Mon-Tue-Thu-Fri_20260326-20270830,22823,,NEW DELHI,0,,22823,0,0,0
22824,Tue-Wed-Thu-Sat_20260326-20270830,22824,,BHUBANESWAR,0,,22824,0,0,0
22825,Tue_20260602-20270830,22825,,PURATCHI THALAIVAR DR. MGR CTL,0,,22825,0,0,0
22826,Wed_20260603-20261020,22826,,SHALIMAR,0,,22826,0,0,0
22827,Sun_20260101-20270830,22827,,SURAT,0,,22827,0,0,0
22828,Tue_20260101-20270830,22828,,PURI,0,,22828,0,0,0
22829,Tue_20260430-20260921,22829,,SHALIMAR,0,,22829,0,0,0
22830,Sat_20260429-20260918,22830,,BHUJ,0,,22830,0,0,0
22831,Wed_20260601-20270830,22831,,YESVANTPUR JN.,0,,22831,0,0,0
22832,Fri_20260601-20270830,22832,,HOWRAH JN,0,,22832,0,0,0
22833,Wed_20260601-20270830,22833,,SMVT BENGALURU,0,,22833,0,0,0
22834,Thu_20260601-20261014,22834,,BHUBANESWAR,0,,22834,0,0,0
22835,Wed_20260603-20270830,22835,,PURI,0,,22835,0,0,0
22836,Tue_20260101-20270830,22836,,SHALIMAR,0,,22836,0,0,0
22837,Mon_20260601-20270830,22837,,ERNAKULAM JN,0,,22837,0,0,0
22838,Wed_20260812-20270830,22838,,HATIA,0,,22838,0,0,0
22839,Mon-Tue-Wed-Thu-Fri-Sat-Sun_20260528-20270830,22839,,BHUBANESWAR,0,,22839,0,0,0
22840,Mon-Tue-Wed-Thu-Fri-Sat-Sun_20260101-20270830,22840,,ROURKELA,0,,22840,0,0,0
22841,Mon_20260601-20270830,22841,,TAMBARAM,0,,22841,0,0,0
22842,Wed_20260601-20261020,22842,,SANTRAGACHI JN,0,,22842,0,0,0
22843,Fri_20260630-20270830,22843,,BUXAR,0,,22843,0,0,0
22844,Sat_20260630-20270830,22844,,BILASPUR JN.,0,,22844,0,0,0
22845,Wed-Sun_20260429-20270830,22845,,HATIA,0,,22845,0,0,0
22846,Mon-Fri_20260429-20270830,22846,,PUNE JN,0,,22846,0,0,0
22847,Sun_20260809-20270830,22847,,LOKMANYATILAK,0,,22847,0,0,0
22848,Tue_20260601-20270830,22848,,VISAKHAPATNAM,0,,22848,0,0,0
22849,Wed_20260603-20270830,22849,,SECUNDERABAD JN,0,,22849,0,0,0
22850,Fri_20260605-20270830,22850,,SHALIMAR,0,,22850,0,0,0
22851,Thu_20260601-20261028,22851,,MANGALORE CENTRAL,0,,22851,0,0,0
22852,Sat_20260601-20261016,22852,,SANTRAGACHI JN,0,,22852,0,0,0
22853,Tue_20260602-20270830,22853,,VISAKHAPATNAM,0,,22853,0,0,0
22854,Wed_20260603-20270830,22854,,SHALIMAR,0,,22854,0,0,0
22855,Sun_20260601-20270830,22855,,TIRUPATI,0,,22855,0,0,0
22856,Mon_20260608-20270830,22856,,SANTRAGACHI JN,0,,22856,0,0,0
22857,Mon_20260326-20270830,22857,,ANAND VIHAR TERMINAL,0,,22857,0,0,0
22858,Tue_20260326-20270830,22858,,SANTRAGACHI JN,0,,22858,0,0,0
22859,Sun_20260601-20270830,22859,,PURATCHI THALAIVAR DR. MGR CTL,0,,22859,0,0,0
22860,Mon_20260601-20261018,22860,,PURI,0,,22860,0,0,0
22861,Tue-Thu-Fri-Sun_20260829-20270830,22861,,KANTABANJI,0,,22861,0,0,0
22862,Mon-Wed-Fri-Sat_20260829-20270830,22862,,HOWRAH JN,0,,22862,0,0,0
22863,Mon_20260601-20270830,22863,,SMVT BENGALURU,0,,22863,0,0,0
22864,Wed_20260603-20270830,22864,,HOWRAH JN,0,,22864,0,0,0
22865,Thu_20260430-20270830,22865,,PURI,0,,22865,0,0,0
22866,Tue_20260429-20270830,22866,,LOKMANYATILAK,0,,22866,0,0,0
22867,Tue-Fri_20260213-20270830,22867,,HAZRAT NIZAMUDDIN JN,0,,22867,0,0,0
22868,Wed-Sat_20260213-20270830,22868,,DURG,0,,22868,0,0,0
22869,Mon_20260601-20270830,22869,,PURATCHI THALAIVAR DR. MGR CTL,0,,22869,0,0,0
22870,Tue_20260601-20270830,22870,,VISAKHAPATNAM,0,,22870,0,0,0
22871,Sun_20260601-20270830,22871,,TIRUPATI,0,,22871,0,0,0
22872,Mon_20260608-20261018,22872,,BHUBANESWAR,0,,22872,0,0,0
22873,Fri_20260605-20270830,22873,,VISAKHAPATNAM,0,,22873,0,0,0
22874,Thu_20260604-20270830,22874,,DIGHA,0,,22874,0,0,0
22875,Mon-Tue-Wed-Fri-Sat_20260601-20270830,22875,,GUNTUR JN,0,,22875,0,0,0
22876,Mon-Tue-Wed-Fri-Sat_20260601-20270830,22876,,VISAKHAPATNAM,0,,22876,0,0,0
22877,Sat_20260601-20270830,22877,,ERNAKULAM JN,0,,22877,0,0,0
22878,Mon_20260601-20261018,22878,,HOWRAH JN,0,,22878,0,0,0
22879,Sat_20260601-20270830,22879,,TIRUPATI,0,,22879,0,0,0
22880,Sun_20260601-20261017,22880,,BHUBANESWAR,0,,22880,0,0,0
22881,Thu_20260601-20270830,22881,,BHUBANESWAR,0,,22881,0,0,0
22882,Tue_20260825-20270830,22882,,PUNE JN,0,,22882,0,0,0
22883,Fri_20260601-20270830,22883,,YESVANTPUR JN.,0,,22883,0,0,0
22884,Sat_20260601-20261016,22884,,PURI,0,,22884,0,0,0
22887,Tue_20260602-20270830,22887,,SMVT BENGALURU,0,,22887,0,0,0
22888,Thu_20260604-20261014,22888,,HOWRAH JN,0,,22888,0,0,0
22889,Sun_20260531-20270830,22889,,PURI,0,,22889,0,0,0
22890,Sat_20260101-20270830,22890,,DIGHA,0,,22890,0,0,0
22891,Wed-Thu-Sat_20260422-20270830,22891,,RANCHI,0,,22891,0,0,0
22892,Wed-Thu-Sat_20260422-20270830,22892,,HOWRAH JN,0,,22892,0,0,0
22893,Sat_20260429-20270830,22893,,HOWRAH JN,0,,22893,0,0,0
22894,Thu_20260702-20270830,22894,,SAINAGAR SHIRDI,0,,22894,0,0,0
22895,Mon-Tue-Wed-Fri-Sat-Sun_20260616-20270830,22895,,PURI,0,,22895,0,0,0
22896,Mon-Tue-Wed-Fri-Sat-Sun_20260101-20270830,22896,,HOWRAH JN,0,,22896,0,0,0
22897,Mon-Tue-Wed-Thu-Fri-Sat-Sun_20260101-20270830,22897,,DIGHA,0,,22897,0,0,0
22898,Mon-Tue-Wed-Thu-Fri-Sat-Sun_20260101-20270830,22898,,HOWRAH JN,0,,22898,0,0,0
22901,Tue-Thu-Sat_20260820-20270830,22901,,UDAIPUR CITY,0,,22901,0,0,0
22902,Wed-Fri-Sun_20260820-20270830,22902,,BANDRA TERMINUS,0,,22902,0,0,0
22903,Wed-Fri-Sun_20260820-20260919,22903,,BHUJ,0,,22903,0,0,0
22904,Mon-Thu-Sat_20260820-20260920,22904,,BANDRA TERMINUS,0,,22904,0,0,0
22905,Sun_20260826-20270830,22905,,SHALIMAR,0,,22905,0,0,0
22906,Tue_20260828-20270830,22906,,OKHA,0,,22906,0,0,0
22907,Fri_20260820-20261020,22907,,HAPA,0,,22907,0,0,0
22908,Wed_20260820-20260901,22908,,MADGAON JUNCTION,0,,22908,0,0,0
22909,Thu_20260820-20270830,22909,,PURI,0,,22909,0,0,0
22910,Sun_20260820-20270830,22910,,VALSAD,0,,22910,0,0,0
22911,Tue-Thu-Sat_20260314-20270830,22911,,HOWRAH JN,0,,22911,0,0,0
22912,Mon-Thu-Sat_20260314-20270830,22912,,INDORE JN,0,,22912,0,0,0
22913,Sun_20260101-20270830,22913,,SAHARSA JN,0,,22913,0,0,0
22914,Tue_20260101-20270830,22914,,BANDRA TERMINUS,0,,22914,0,0,0
22915,Mon_20260820-20270830,22915,,HISAR,0,,22915,0,0,0
22916,Tue_20260820-20270830,22916,,BANDRA TERMINUS,0,,22916,0,0,0
22917,Wed_20260820-20270830,22917,,HARIDWAR JN,0,,22917,0,0,0
22918,Thu_20260820-20260902,22918,,BANDRA TERMINUS,0,,22918,0,0,0
22919,Wed_20260819-20270830,22919,,AHMEDABAD JN,0,,22919,0,0,0
22920,Mon_20260824-20270830,22920,,PURATCHI THALAIVAR DR. MGR CTL,0,,22920,0,0,0
22921,Sun_20260820-20270830,22921,,GORAKHPUR JN,0,,22921,0,0,0
22922,Tue_20260820-20270830,22922,,BANDRA TERMINUS,0,,22922,0,0,0
22923,Mon-Thu-Sat_20260820-20270830,22923,,JAMNAGAR,0,,22923,0,0,0
22924,Tue-Fri-Sun_20260820-20270830,22924,,BANDRA TERMINUS,0,,22924,0,0,0
22925,Mon-Wed-Thu-Fri-Sat-Sun_20260817-20270830,22925,,OKHA,0,,22925,0,0,0
22926,Mon-Wed-Thu-Fri-Sat-Sun_20260817-20270830,22926,,SABARMATI JN,0,,22926,0,0,0
22927,Mon-Tue-Wed-Thu-Fri-Sat-Sun_20260820-20261011,22927,,VADNAGAR,0,,22927,0,0,0
22928,Mon-Tue-Wed-Thu-Fri-Sat-Sun_20260820-20261012,22928,,BANDRA TERMINUS,0,,22928,0,0,0
22929,Mon-Tue-Wed-Thu-Fri-Sat-Sun_20260820-20270830,22929,,VADODARA JN,0,,22929,0,0,0
22930,Mon-Tue-Wed-Thu-Fri-Sat-Sun_20260820-20270830,22930,,DAHANU ROAD,0,,22930,0,0,0
22931,Fri_20260820-20270830,22931,,JAISALMER,0,,22931,0,0,0
22932,Sat_20260820-20270830,22932,,BANDRA TERMINUS,0,,22932,0,0,0
22933,Mon_20260820-20270830,22933,,JAIPUR JN.,0,,22933,0,0,0
22934,Tue_20260820-20270830,22934,,BANDRA TERMINUS,0,,22934,0,0,0
22935,Tue_20260820-20270830,22935,,PALITANA,0,,22935,0,0,0
22936,Wed_20260820-20270830,22936,,BANDRA TERMINUS,0,,22936,0,0,0
22937,Sun_20260820-20270830,22937,,REWA,0,,22937,0,0,0
22938,Mon_20260820-20270830,22938,,RAJKOT,0,,22938,0,0,0
22939,Sat_20260827-20270830,22939,,BILASPUR JN.,0,,22939,0,0,0
22940,Mon_20260827-20270830,22940,,OKHA,0,,22940,0,0,0
22941,Mon_20260722-20270830,22941,,MARTYR CAPTAIN TUSHAR MAHAJAN,0,,22941,0,0,0
22942,Wed_20260722-20260901,22942,,INDORE JN,0,,22942,0,0,0
22943,Mon-Tue-Wed-Thu-Fri-Sat-Sun_20260820-20270830,22943,,INDORE JN,0,,22943,0,0,0
22944,Mon-Tue-Wed-Thu-Fri-Sat-Sun_20260820-20270830,22944,,DAUND JN,0,,22944,0,0,0
22945,Mon-Tue-Wed-Thu-Fri-Sat-Sun_20260819-20270830,22945,,OKHA,0,,22945,0,0,0
22946,Mon-Tue-Wed-Thu-Fri-Sat-Sun_20260820-20270830,22946,,MUMBAI CENTRAL,0,,22946,0,0,0
22947,Tue-Sat_20260101-20270830,22947,,BHAGALPUR,0,,22947,0,0,0
22948,Mon-Thu_20260105-20270830,22948,,SURAT,0,,22948,0,0,0
22949,Wed_20260820-20270830,22949,,DELHI SARAI ROHILLA,0,,22949,0,0,0
22950,Thu_20260820-20270830,22950,,BANDRA TERMINUS,0,,22950,0,0,0
22951,Fri_20260820-20270830,22951,,GANDHIDHAM BG,0,,22951,0,0,0
22952,Thu_20260820-20270830,22952,,BANDRA TERMINUS,0,,22952,0,0,0
22953,Mon-Tue-Wed-Thu-Fri-Sat-Sun_20260820-20270830,22953,,AHMEDABAD JN,0,,22953,0,0,0
22954,Mon-Tue-Wed-Thu-Fri-Sat-Sun_20260820-20270830,22954,,MUMBAI CENTRAL,0,,22954,0,0,0
22955,Mon-Tue-Wed-Thu-Fri-Sat-Sun_20260820-20270830,22955,,BHUJ,0,,22955,0,0,0
22956,Mon-Tue-Wed-Thu-Fri-Sat-Sun_20260820-20270830,22956,,BANDRA TERMINUS,0,,22956,0,0,0
22957,Mon-Tue-Wed-Thu-Fri-Sat-Sun_20260101-20270830,22957,,VERAVAL,0,,22957,0,0,0
22958,Mon-Tue-Wed-Thu-Fri-Sat-Sun_20260101-20270830,22958,,GANDHINAGAR CAPITAL,0,,22958,0,0,0
22959,Mon-Tue-Wed-Thu-Fri-Sat-Sun_20260101-20270830,22959,,JAMNAGAR,0,,22959,0,0,0
22960,Mon-Tue-Wed-Thu-Fri-Sat-Sun_20260101-20270830,22960,,VADODARA JN,0,,22960,0,0,0
22961,Mon-Tue-Wed-Thu-Fri-Sat_20260820-20270830,22961,,AHMEDABAD JN,0,,22961,0,0,0
22962,Mon-Tue-Wed-Thu-Fri-Sat_20260820-20270830,22962,,MUMBAI CENTRAL,0,,22962,0,0,0
22963,Mon_20260820-20270830,22963,,BHAVNAGAR TERMINUS,0,,22963,0,0,0
22964,Sun_20260820-20270830,22964,,BANDRA TERMINUS,0,,22964,0,0,0
22965,Fri_20260820-20270830,22965,,BHAGAT KI KOTHI,0,,22965,0,0,0
22966,Sat_20260820-20270830,22966,,BANDRA TERMINUS,0,,22966,0,0,0
22967,Thu_20260820-20270830,22967,,PRAYAGRAJ JN,0,,22967,0,0,0
22968,Fri_20260820-20270830,22968,,AHMEDABAD JN,0,,22968,0,0,0
22969,Thu_20260806-20270830,22969,,BANARAS,0,,22969,0,0,0
22970,Sat_20260317-20270830,22970,,OKHA,0,,22970,0,0,0
22971,Mon_20260406-20270830,22971,,PATNA JN,0,,22971,0,0,0
22972,Wed_20260408-20270830,22972,,BANDRA TERMINUS,0,,22972,0,0,0
22973,Wed_20260819-20261020,22973,,PURI,0,,22973,0,0,0
22974,Sat_20260820-20270830,22974,,GANDHIDHAM BG,0,,22974,0,0,0
22975,Thu_20260820-20270830,22975,,RAMNAGAR,0,,22975,0,0,0
22976,Fri_20260820-20270830,22976,,BANDRA TERMINUS,0,,22976,0,0,0
22977,Mon-Tue-Wed-Thu-Fri-Sat-Sun_20260618-20270830,22977,,JODHPUR JN,0,,22977,0,0,0
22978,Mon-Tue-Wed-Thu-Fri-Sat-Sun_20260618-20270830,22978,,JAIPUR JN.,0,,22978,0,0,0
22979,Sun_20260820-20270830,22979,,KHADKI,0,,22979,0,0,0
22980,Mon_20260820-20270830,22980,,HISAR,0,,22980,0,0,0
22981,Mon-Tue-Fri-Sat_20260727-20270830,22981,,SHRI GANGANAGAR,0,,22981,0,0,0
22982,Mon-Thu-Fri-Sun_20260521-20270830,22982,,KOTA JN,0,,22982,0,0,0
22983,Mon-Tue-Wed-Thu-Fri-Sat-Sun_20260101-20270830,22983,,INDORE JN,0,,22983,0,0,0
22984,Mon-Tue-Wed-Thu-Fri-Sat-Sun_20260101-20270830,22984,,KOTA JN,0,,22984,0,0,0
22985,Sun_20260524-20270830,22985,,DELHI SARAI ROHILLA,0,,22985,0,0,0
22986,Sun_20260101-20270830,22986,,UDAIPUR CITY,0,,22986,0,0,0
22987,Mon-Tue-Wed-Thu-Fri-Sat-Sun_20260101-20270830,22987,,AGRA FORT,0,,22987,0,0,0
22988,Mon-Tue-Wed-Thu-Fri-Sat-Sun_20260105-20270830,22988,,AJMER JN,0,,22988,0,0,0
22989,Wed-Fri_20260820-20270830,22989,,MAHUVA JN,0,,22989,0,0,0
22990,Thu-Sat_20260820-20270830,22990,,BANDRA TERMINUS,0,,22990,0,0,0
22991,Tue_20260820-20270830,22991,,BHAGAT KI KOTHI,0,,22991,0,0,0
22992,Wed_20260820-20270830,22992,,VALSAD,0,,22992,0,0,0
22997,Wed-Thu-Sun_20260729-20270830,22997,,SHRI GANGANAGAR,0,,22997,0,0,0
22998,Tue-Wed-Sat_20260519-20270830,22998,,JHALAWAR CITY,0,,22998,0,0,0
24203,Mon-Tue-Wed-Thu-Fri-Sat-Sun_20260101-20270830,24203,,LUCKNOW JN.,0,,24203,0,0,0
24204,Mon-Tue-Wed-Thu-Fri-Sat-Sun_20260101-20270830,24204,,VARANASI,0,,24204,0,0,0
25013,Mon-Tue-Wed-Thu-Fri-Sat-Sun_20260101-20270830,25013,,RAMNAGAR,0,,25013,0,0,0
25014,Mon-Tue-Wed-Thu-Fri-Sat-Sun_20260101-20270830,25014,,MORADABAD,0,,25014,0,0,0
25035,Mon-Tue-Wed-Thu-Fri-Sat-Sun_20260501-20270830,25035,,RAMNAGAR,0,,25035,0,0,0
25036,Mon-Tue-Wed-Thu-Fri-Sat-Sun_20260501-20270830,25036,,MORADABAD,0,,25036,0,0,0
26101,Mon-Wed-Thu-Fri-Sat-Sun_20260617-20270830,26101,,AJNI,0,,26101,0,0,0
26102,Tue-Wed-Thu-Fri-Sat-Sun_20260305-20270830,26102,,PUNE JN,0,,26102,0,0,0
26301,Mon-Tue-Thu-Fri-Sat-Sun_20260717-20270830,26301,,DANAPUR,0,,26301,0,0,0
26302,Mon-Wed-Thu-Fri-Sat-Sun_20260717-20270830,26302,,JOGBANI,0,,26302,0,0,0
26401,Mon-Wed-Thu-Fri-Sat-Sun_20260502-20270830,26401,,SRI NAGAR,0,,26401,0,0,0
26402,Mon-Wed-Thu-Fri-Sat-Sun_20260502-20270830,26402,,JAMMUTAVI,0,,26402,0,0,0
26403,Mon-Tue-Thu-Fri-Sat-Sun_20260502-20270830,26403,,SRI NAGAR,0,,26403,0,0,0
26404,Mon-Tue-Thu-Fri-Sat-Sun_20260502-20270830,26404,,JAMMUTAVI,0,,26404,0,0,0
26405,Mon-Tue-Wed-Thu-Fri-Sun_20260722-20270830,26405,,SHRI MATA VAISHNO DEVI KATRA,0,,26405,0,0,0
26406,Mon-Tue-Wed-Thu-Fri-Sun_20260722-20270830,26406,,AMRITSAR,0,,26406,0,0,0
26461,Mon-Tue-Thu-Fri-Sat-Sun_20260516-20270830,26461,,FIROZPUR CANT,0,,26461,0,0,0
26462,Mon-Tue-Thu-Fri-Sat-Sun_20260220-20270830,26462,,DELHI JN.,0,,26462,0,0,0
26471,Mon-Tue-Thu-Fri-Sat-Sun_20260507-20270830,26471,,DELHI CANTT,0,,26471,0,0,0
26472,Mon-Tue-Thu-Fri-Sat-Sun_20260807-20270830,26472,,BIKANER JN,0,,26472,0,0,0
26481,Mon-Wed-Thu-Fri-Sat-Sun_20260530-20270830,26481,,DELHI CANTT,0,,26481,0,0,0
26482,Mon-Wed-Thu-Fri-Sat-Sun_20260329-20270830,26482,,JODHPUR JN,0,,26482,0,0,0
26501,Mon-Tue-Wed-Thu-Fri-Sun_20260101-20270830,26501,,GORAKHPUR JN,0,,26501,0,0,0
26502,Mon-Tue-Wed-Thu-Fri-Sun_20260101-20270830,26502,,PATLIPUTRA,0,,26502,0,0,0
26503,Mon-Wed-Thu-Fri-Sat-Sun_20260101-20270830,26503,,GOMTI NAGAR,0,,26503,0,0,0
26504,Tue-Wed-Thu-Fri-Sat-Sun_20260101-20270830,26504,,SAHARANPUR JN.,0,,26504,0,0,0
26505,Mon-Tue-Wed-Fri-Sat-Sun_20260101-20270830,26505,,BANARAS,0,,26505,0,0,0
26506,Mon-Tue-Wed-Fri-Sat-Sun_20260101-20270830,26506,,KHAJURAHO,0,,26506,0,0,0
26651,Mon-Tue-Thu-Fri-Sat-Sun_20260507-20270830,26651,,ERNAKULAM JN,0,,26651,0,0,0
26652,Mon-Tue-Thu-Fri-Sat-Sun_20260507-20270830,26652,,KSR BENGALURU,0,,26652,0,0,0
26751,Mon-Tue-Thu-Fri-Sat-Sun_20260315-20270830,26751,,KSR BENGALURU,0,,26751,0,0,0
26752,Mon-Tue-Thu-Fri-Sat-Sun_20260101-20270830,26752,,BELAGAVI,0,,26752,0,0,0
26901,Mon-Tue-Wed-Fri-Sat-Sun_20260817-20270830,26901,,VERAVAL,0,,26901,0,0,0
26902,Mon-Tue-Wed-Fri-Sat-Sun_20260817-20270830,26902,,SABARMATI BG,0,,26902,0,0,0
26963,Mon-Wed-Thu-Fri-Sat-Sun_20260323-20270830,26963,,ASARVA JN,0,,26963,0,0,0
26964,Mon-Wed-Thu-Fri-Sat-Sun_20260322-20270830,26964,,UDAIPUR CITY,0,,26964,0,0,0
27575,Mon-Tue-Wed-Fri-Sat-Sun_20260418-20270830,27575,,KAMAKHYA,0,,27575,0,0,0
27576,Mon-Tue-Thu-Fri-Sat-Sun_20260418-20270830,27576,,HOWRAH JN,0,,27576,0,0,0
28181,Wed-Sat-Sun_20260630-20270830,28181,,KATIHAR JN,0,,28181,0,0,0
28182,Mon-Tue-Fri_20260630-20270830,28182,,TATANAGAR JN,0,,28182,0,0,0
30111,Mon-Tue-Wed-Thu-Fri-Sat-Sun_20260101-20270830,30111,,BARRACKPORE,0,,30111,0,0,0
30112,Mon-Tue-Wed-Thu-Fri-Sat-Sun_20260101-20270830,30112,,BALLYGUNGE JN.,0,,30112,0,0,0
30113,Mon-Tue-Wed-Thu-Fri-Sat_20260101-20270830,30113,,KALYANI,0,,30113,0,0,0
30116,Mon-Tue-Wed-Thu-Fri-Sat_20260101-20270830,30116,,BENOY BADAL DINESH BAG,0,,30116,0,0,0
30121,Mon-Tue-Wed-Thu-Fri-Sat-Sun_20260101-20270830,30121,,NAIHATI JN,0,,30121,0,0,0
30122,Mon-Tue-Wed-Thu-Fri-Sat-Sun_20260101-20270830,30122,,BALLYGUNGE JN.,0,,30122,0,0,0
30123,Mon-Tue-Wed-Thu-Fri-Sat-Sun_20260101-20270830,30123,,NAIHATI JN,0,,30123,0,0,0
30128,Mon-Tue-Wed-Thu-Fri-Sat-Sun_20260101-20270830,30128,,MAJERHAT,0,,30128,0,0,0
30135,Mon-Tue-Wed-Thu-Fri-Sat-Sun_20260101-20270830,30135,,RANAGHAT JN,0,,30135,0,0,0
30142,Mon-Tue-Wed-Thu-Fri-Sat-Sun_20260101-20270830,30142,,MAJERHAT,0,,30142,0,0,0
30144,Mon-Tue-Wed-Thu-Fri-Sat-Sun_20260317-20270830,30144,,MAJERHAT,0,,30144,0,0,0
30145,Mon-Tue-Wed-Thu-Fri-Sat-Sun_20260101-20270830,30145,,KRISHNGR CTY JN,0,,30145,0,0,0
30152,Mon-Tue-Wed-Thu-Fri-Sat-Sun_20260101-20270830,30152,,MAJERHAT,0,,30152,0,0,0
30311,Mon-Tue-Wed-Thu-Fri-Sat-Sun_20260101-20270830,30311,,BARASAT,0,,30311,0,0,0
30312,Mon-Tue-Wed-Thu-Fri-Sat-Sun_20260101-20270830,30312,,MAJERHAT,0,,30312,0,0,0
30313,Mon-Tue-Wed-Thu-Fri-Sat-Sun_20260101-20270830,30313,,BARASAT,0,,30313,0,0,0
30314,Mon-Tue-Wed-Thu-Fri-Sat-Sun_20260101-20270830,30314,,MAJERHAT,0,,30314,0,0,0
30317,Mon-Tue-Wed-Thu-Fri-Sat-Sun_20260101-20270830,30317,,DATTAPUKUR,0,,30317,0,0,0
30321,Mon-Tue-Wed-Thu-Fri-Sat-Sun_20260101-20270830,30321,,HASANABAD,0,,30321,0,0,0
30322,Mon-Tue-Wed-Thu-Fri-Sat-Sun_20260101-20270830,30322,,BENOY BADAL DINESH BAG,0,,30322,0,0,0
30324,Mon-Tue-Wed-Thu-Fri-Sat-Sun_20260101-20270830,30324,,MAJERHAT,0,,30324,0,0,0
30331,Mon-Tue-Wed-Thu-Fri-Sat-Sun_20260101-20270830,30331,,HABRA,0,,30331,0,0,0
30332,Mon-Tue-Wed-Thu-Fri-Sat-Sun_20260101-20270830,30332,,MAJERHAT,0,,30332,0,0,0
30333,Mon-Tue-Wed-Thu-Fri-Sat-Sun_20260101-20270830,30333,,HABRA,0,,30333,0,0,0
30342,Mon-Tue-Wed-Thu-Fri-Sat-Sun_20260101-20270830,30342,,MAJERHAT,0,,30342,0,0,0
30344,Mon-Tue-Wed-Thu-Fri-Sat-Sun_20260101-20270830,30344,,MAJERHAT,0,,30344,0,0,0
30346,Mon-Tue-Wed-Thu-Fri-Sat-Sun_20260101-20270830,30346,,MAJERHAT,0,,30346,0,0,0
30351,Mon-Tue-Wed-Thu-Fri-Sat-Sun_20260101-20270830,30351,,BARASAT,0,,30351,0,0,0
30353,Mon-Tue-Wed-Thu-Fri-Sat-Sun_20260101-20270830,30353,,DATTAPUKUR,0,,30353,0,0,0
30357,Mon-Tue-Wed-Thu-Fri-Sat-Sun_20260101-20270830,30357,,MADHYAMGRAM,0,,30357,0,0,0
30358,Mon-Tue-Wed-Thu-Fri-Sat-Sun_20260101-20270830,30358,,MAJERHAT,0,,30358,0,0,0
30361,Mon-Tue-Wed-Thu-Fri-Sat-Sun_20260101-20270830,30361,,HASANABAD,0,,30361,0,0,0
30411,Mon-Tue-Wed-Thu-Fri-Sat-Sun_20260101-20270830,30411,,SEALDAH,0,,30411,0,0,0
30412,Mon-Tue-Wed-Thu-Fri-Sat-Sun_20260101-20270830,30412,,BENOY BADAL DINESH BAG,0,,30412,0,0,0
30416,Mon-Tue-Wed-Thu-Fri-Sat-Sun_20260101-20270830,30416,,BENOY BADAL DINESH BAG,0,,30416,0,0,0
30451,Mon-Tue-Wed-Thu-Fri-Sat-Sun_20260101-20270830,30451,,BARUIPUR JN.,0,,30451,0,0,0
30511,Mon-Tue-Wed-Thu-Fri-Sat-Sun_20260706-20270830,30511,,MAJERHAT,0,,30511,0,0,0
30552,Mon-Tue-Wed-Thu-Fri-Sat-Sun_20260701-20270830,30552,,CANNING,0,,30552,0,0,0
30711,Mon-Tue-Wed-Thu-Fri-Sat-Sun_20260101-20270830,30711,,MAJERHAT,0,,30711,0,0,0
30712,Mon-Tue-Wed-Thu-Fri-Sat-Sun_20260101-20270830,30712,,LAKSHMIKANTPUR,0,,30712,0,0,0
31051,Mon-Tue-Wed-Thu-Fri-Sat-Sun_20260101-20270830,31051,,NAIHATI JN,0,,31051,0,0,0
31053,Mon-Tue-Wed-Thu-Fri-Sat-Sun_20260101-20270830,31053,,NAIHATI JN,0,,31053,0,0,0
31055,Mon-Tue-Wed-Thu-Fri-Sat-Sun_20260101-20270830,31055,,NAIHATI JN,0,,31055,0,0,0
31111,Mon-Tue-Wed-Thu-Fri-Sat-Sun_20260315-20270830,31111,,KATWA,0,,31111,0,0,0
31112,Mon-Tue-Wed-Thu-Fri-Sat-Sun_20260101-20270830,31112,,SEALDAH,0,,31112,0,0,0
31151,Mon-Tue-Wed-Thu-Fri-Sat-Sun_20260417-20270830,31151,,BARDHAMAN,0,,31151,0,0,0
31152,Mon-Tue-Wed-Thu-Fri-Sat-Sun_20260417-20270830,31152,,SEALDAH,0,,31152,0,0,0
31191,Mon-Tue-Wed-Thu-Fri-Sat-Sun_20260101-20270830,31191,,KALYANI SIMANTA,0,,31191,0,0,0
31192,Mon-Tue-Wed-Thu-Fri-Sat-Sun_20260101-20270830,31192,,NAIHATI JN,0,,31192,0,0,0
31213,Mon-Tue-Wed-Thu-Fri-Sat-Sun_20260101-20270830,31213,,BARRACKPORE,0,,31213,0,0,0
31214,Mon-Tue-Wed-Thu-Fri-Sat-Sun_20260101-20270830,31214,,SEALDAH,0,,31214,0,0,0
31215,Mon-Tue-Wed-Thu-Fri-Sat_20260101-20270830,31215,,BARRACKPORE,0,,31215,0,0,0
31216,Mon-Tue-Wed-Thu-Fri-Sat_20260101-20270830,31216,,SEALDAH,0,,31216,0,0,0
31217,Mon-Tue-Wed-Thu-Fri-Sat_20260101-20270830,31217,,BARRACKPORE,0,,31217,0,0,0
31218,Mon-Tue-Wed-Thu-Fri-Sat_20260101-20270830,31218,,SEALDAH,0,,31218,0,0,0
31219,Mon-Tue-Wed-Thu-Fri-Sat_20260101-20270830,31219,,BARRACKPORE,0,,31219,0,0,0
31220,Mon-Tue-Wed-Thu-Fri-Sat_20260101-20270830,31220,,SEALDAH,0,,31220,0,0,0
31221,Mon-Tue-Wed-Thu-Fri-Sat-Sun_20260101-20270830,31221,,BARRACKPORE,0,,31221,0,0,0
31222,Mon-Tue-Wed-Thu-Fri-Sat-Sun_20260101-20270830,31222,,SEALDAH,0,,31222,0,0,0
31223,Mon-Tue-Wed-Thu-Fri-Sat_20260101-20270830,31223,,BARRACKPORE,0,,31223,0,0,0
31224,Mon-Tue-Wed-Thu-Fri-Sat_20260101-20270830,31224,,SEALDAH,0,,31224,0,0,0
31225,Mon-Tue-Wed-Thu-Fri-Sat_20260101-20270830,31225,,BARRACKPORE,0,,31225,0,0,0
31228,Mon-Tue-Wed-Thu-Fri-Sat_20260101-20270830,31228,,SEALDAH,0,,31228,0,0,0
31229,Mon-Tue-Wed-Thu-Fri-Sat_20260101-20270830,31229,,BARRACKPORE,0,,31229,0,0,0
31230,Mon-Tue-Wed-Thu-Fri-Sat_20260101-20270830,31230,,SEALDAH,0,,31230,0,0,0
31231,Mon-Tue-Wed-Thu-Fri-Sat_20260101-20270830,31231,,BARRACKPORE,0,,31231,0,0,0
31232,Mon-Tue-Wed-Thu-Fri-Sat-Sun_20260101-20270830,31232,,SEALDAH,0,,31232,0,0,0
31233,Mon-Tue-Wed-Thu-Fri-Sat-Sun_20260101-20270830,31233,,BARRACKPORE,0,,31233,0,0,0
31236,Mon-Tue-Wed-Thu-Fri-Sat-Sun_20260101-20270830,31236,,SEALDAH,0,,31236,0,0,0
31237,Mon-Tue-Wed-Thu-Fri-Sat-Sun_20260101-20270830,31237,,BARRACKPORE,0,,31237,0,0,0
31238,Mon-Tue-Wed-Thu-Fri-Sat-Sun_20260101-20270830,31238,,SEALDAH,0,,31238,0,0,0
31239,Mon-Tue-Wed-Thu-Fri-Sat-Sun_20260101-20270830,31239,,BARRACKPORE,0,,31239,0,0,0
31240,Mon-Tue-Wed-Thu-Fri-Sat-Sun_20260101-20270830,31240,,SEALDAH,0,,31240,0,0,0
31261,Mon-Tue-Wed-Thu-Fri-Sat-Sun_20260101-20270830,31261,,BARRACKPORE,0,,31261,0,0,0
31311,Mon-Tue-Wed-Thu-Fri-Sat-Sun_20260101-20270830,31311,,KALYANI SIMANTA,0,,31311,0,0,0
31312,Mon-Tue-Wed-Thu-Fri-Sat-Sun_20260101-20270830,31312,,SEALDAH,0,,31312,0,0,0
31313,Mon-Tue-Wed-Thu-Fri-Sat-Sun_20260101-20270830,31313,,KALYANI SIMANTA,0,,31313,0,0,0
31314,Mon-Tue-Wed-Thu-Fri-Sat-Sun_20260101-20270830,31314,,SEALDAH,0,,31314,0,0,0
31315,Mon-Tue-Wed-Thu-Fri-Sat-Sun_20260101-20270830,31315,,KALYANI SIMANTA,0,,31315,0,0,0
31316,Mon-Tue-Wed-Thu-Fri-Sat-Sun_20260101-20270830,31316,,SEALDAH,0,,31316,0,0,0
31317,Mon-Tue-Wed-Thu-Fri-Sat-Sun_20260101-20270830,31317,,KALYANI SIMANTA,0,,31317,0,0,0
31318,Mon-Tue-Wed-Thu-Fri-Sat-Sun_20260101-20270830,31318,,SEALDAH,0,,31318,0,0,0
31319,Mon-Tue-Wed-Thu-Fri-Sat-Sun_20260101-20270830,31319,,KALYANI SIMANTA,0,,31319,0,0,0
31320,Mon-Tue-Wed-Thu-Fri-Sat-Sun_20260101-20270830,31320,,SEALDAH,0,,31320,0,0,0
31321,Mon-Tue-Wed-Thu-Fri-Sat-Sun_20260101-20270830,31321,,KALYANI SIMANTA,0,,31321,0,0,0
31322,Mon-Tue-Wed-Thu-Fri-Sat-Sun_20260101-20270830,31322,,SEALDAH,0,,31322,0,0,0
31323,Mon-Tue-Wed-Thu-Fri-Sat-Sun_20260101-20270830,31323,,KALYANI SIMANTA,0,,31323,0,0,0
31324,Mon-Tue-Wed-Thu-Fri-Sat-Sun_20260101-20270830,31324,,SEALDAH,0,,31324,0,0,0
31325,Mon-Tue-Wed-Thu-Fri-Sat-Sun_20260101-20270830,31325,,KALYANI SIMANTA,0,,31325,0,0,0
31328,Mon-Tue-Wed-Thu-Fri-Sat-Sun_20260101-20270830,31328,,SEALDAH,0,,31328,0,0,0
31329,Mon-Tue-Wed-Thu-Fri-Sat-Sun_20260101-20270830,31329,,KALYANI SIMANTA,0,,31329,0,0,0
31330,Mon-Tue-Wed-Thu-Fri-Sat-Sun_20260101-20270830,31330,,SEALDAH,0,,31330,0,0,0
31331,Mon-Tue-Wed-Thu-Fri-Sat-Sun_20260101-20270830,31331,,KALYANI SIMANTA,0,,31331,0,0,0
31332,Mon-Tue-Wed-Thu-Fri-Sat-Sun_20260101-20270830,31332,,SEALDAH,0,,31332,0,0,0
31333,Mon-Tue-Wed-Thu-Fri-Sat-Sun_20260316-20270830,31333,,KALYANI SIMANTA,0,,31333,0,0,0
31334,Mon-Tue-Wed-Thu-Fri-Sat-Sun_20260101-20270830,31334,,SEALDAH,0,,31334,0,0,0
31335,Mon-Tue-Wed-Thu-Fri-Sat-Sun_20260101-20270830,31335,,KALYANI SIMANTA,0,,31335,0,0,0
31336,Mon-Tue-Wed-Thu-Fri-Sat-Sun_20260101-20270830,31336,,SEALDAH,0,,31336,0,0,0
31337,Mon-Tue-Wed-Thu-Fri-Sat-Sun_20260324-20270830,31337,,KALYANI SIMANTA,0,,31337,0,0,0
31338,Mon-Tue-Wed-Thu-Fri-Sat-Sun_20260101-20270830,31338,,SEALDAH,0,,31338,0,0,0
31339,Mon-Tue-Wed-Thu-Fri-Sat-Sun_20260101-20270830,31339,,KALYANI SIMANTA,0,,31339,0,0,0
31340,Mon-Tue-Wed-Thu-Fri-Sat_20260101-20270830,31340,,SEALDAH,0,,31340,0,0,0
31341,Mon-Tue-Wed-Thu-Fri-Sat-Sun_20260101-20270830,31341,,KALYANI SIMANTA,0,,31341,0,0,0
31342,Mon-Tue-Wed-Thu-Fri-Sat_20260101-20270830,31342,,SEALDAH,0,,31342,0,0,0
31343,Mon-Tue-Wed-Thu-Fri-Sat_20260101-20270830,31343,,KALYANI,0,,31343,0,0,0
31344,Mon-Tue-Wed-Thu-Fri-Sat_20260101-20270830,31344,,SEALDAH,0,,31344,0,0,0
31347,Mon-Tue-Wed-Thu-Fri-Sat_20260101-20270830,31347,,KALYANI,0,,31347,0,0,0
31411,Mon-Tue-Wed-Thu-Fri-Sat-Sun_20260101-20270830,31411,,NAIHATI JN,0,,31411,0,0,0
31412,Mon-Tue-Wed-Thu-Fri-Sat-Sun_20260101-20270830,31412,,SEALDAH,0,,31412,0,0,0
31413,Mon-Tue-Wed-Thu-Fri-Sat_20260101-20270830,31413,,NAIHATI JN,0,,31413,0,0,0
31414,Mon-Tue-Wed-Thu-Fri-Sat-Sun_20260101-20270830,31414,,SEALDAH,0,,31414,0,0,0
31415,Mon-Tue-Wed-Thu-Fri-Sat-Sun_20260101-20270830,31415,,NAIHATI JN,0,,31415,0,0,0
31416,Mon-Tue-Wed-Thu-Fri-Sat_20260101-20270830,31416,,SEALDAH,0,,31416,0,0,0
31417,Mon-Tue-Wed-Thu-Fri-Sat_20260101-20270830,31417,,NAIHATI JN,0,,31417,0,0,0
31418,Mon-Tue-Wed-Thu-Fri-Sat-Sun_20260101-20270830,31418,,SEALDAH,0,,31418,0,0,0
31419,Mon-Tue-Wed-Thu-Fri-Sat-Sun_20260101-20270830,31419,,NAIHATI JN,0,,31419,0,0,0
31420,Mon-Tue-Wed-Thu-Fri-Sat-Sun_20260101-20270830,31420,,SEALDAH,0,,31420,0,0,0
31422,Mon-Tue-Wed-Thu-Fri-Sat-Sun_20260101-20270830,31422,,SEALDAH,0,,31422,0,0,0
31423,Mon-Tue-Wed-Thu-Fri-Sat_20260101-20270830,31423,,NAIHATI JN,0,,31423,0,0,0
31424,Mon-Tue-Wed-Thu-Fri-Sat_20260101-20270830,31424,,SEALDAH,0,,31424,0,0,0
31425,Mon-Tue-Wed-Thu-Fri-Sat_20260101-20270830,31425,,NAIHATI JN,0,,31425,0,0,0
31426,Mon-Tue-Wed-Thu-Fri-Sat-Sun_20260101-20270830,31426,,SEALDAH,0,,31426,0,0,0
31427,Mon-Tue-Wed-Thu-Fri-Sat-Sun_20260101-20270830,31427,,NAIHATI JN,0,,31427,0,0,0
31429,Mon-Tue-Wed-Thu-Fri-Sat-Sun_20260101-20270830,31429,,NAIHATI JN,0,,31429,0,0,0
31430,Mon-Tue-Wed-Thu-Fri-Sat-Sun_20260101-20270830,31430,,SEALDAH,0,,31430,0,0,0
31432,Mon-Tue-Wed-Thu-Fri-Sat_20260101-20270830,31432,,SEALDAH,0,,31432,0,0,0
31433,Mon-Tue-Wed-Thu-Fri-Sat-Sun_20260101-20270830,31433,,NAIHATI JN,0,,31433,0,0,0
31434,Mon-Tue-Wed-Thu-Fri-Sat_20260101-20270830,31434,,SEALDAH,0,,31434,0,0,0
31435,Mon-Tue-Wed-Thu-Fri-Sat_20260101-20270830,31435,,NAIHATI JN,0,,31435,0,0,0
31436,Mon-Tue-Wed-Thu-Fri-Sat-Sun_20260101-20270830,31436,,SEALDAH,0,,31436,0,0,0
31437,Mon-Tue-Wed-Thu-Fri-Sat_20260101-20270830,31437,,NAIHATI JN,0,,31437,0,0,0
31438,Mon-Tue-Wed-Thu-Fri-Sat_20260101-20270830,31438,,SEALDAH,0,,31438,0,0,0
31439,Mon-Tue-Wed-Thu-Fri-Sat-Sun_20260101-20270830,31439,,NAIHATI JN,0,,31439,0,0,0
31440,Mon-Tue-Wed-Thu-Fri-Sat_20260101-20270830,31440,,SEALDAH,0,,31440,0,0,0
31442,Mon-Tue-Wed-Thu-Fri-Sat-Sun_20260101-20270830,31442,,SEALDAH,0,,31442,0,0,0
31443,Mon-Tue-Wed-Thu-Fri-Sat-Sun_20260101-20270830,31443,,NAIHATI JN,0,,31443,0,0,0
31444,Mon-Tue-Wed-Thu-Fri-Sat-Sun_20260101-20270830,31444,,SEALDAH,0,,31444,0,0,0
31445,Mon-Tue-Wed-Thu-Fri-Sat-Sun_20260101-20270830,31445,,NAIHATI JN,0,,31445,0,0,0
31446,Mon-Tue-Wed-Thu-Fri-Sat-Sun_20260101-20270830,31446,,SEALDAH,0,,31446,0,0,0
31447,Mon-Tue-Wed-Thu-Fri-Sat-Sun_20260101-20270830,31447,,NAIHATI JN,0,,31447,0,0,0
31450,Mon-Tue-Wed-Thu-Fri-Sat-Sun_20260101-20270830,31450,,SEALDAH,0,,31450,0,0,0
31471,Mon-Tue-Wed-Thu-Fri-Sat-Sun_20260101-20270830,31471,,NAIHATI JN,0,,31471,0,0,0
31511,Mon-Tue-Wed-Thu-Fri-Sat-Sun_20260101-20270830,31511,,SHANTIPUR,0,,31511,0,0,0
31512,Mon-Tue-Wed-Thu-Fri-Sat-Sun_20260101-20270830,31512,,SEALDAH,0,,31512,0,0,0
31513,Mon-Tue-Wed-Thu-Fri-Sat-Sun_20260324-20270830,31513,,SHANTIPUR,0,,31513,0,0,0
31514,Mon-Tue-Wed-Thu-Fri-Sat-Sun_20260101-20270830,31514,,SEALDAH,0,,31514,0,0,0
31515,Mon-Tue-Wed-Thu-Fri-Sat-Sun_20260101-20270830,31515,,SHANTIPUR,0,,31515,0,0,0
31516,Mon-Tue-Wed-Thu-Fri-Sat-Sun_20260101-20270830,31516,,SEALDAH,0,,31516,0,0,0
31517,Mon-Tue-Wed-Thu-Fri-Sat-Sun_20260101-20270830,31517,,SHANTIPUR,0,,31517,0,0,0
31518,Mon-Tue-Wed-Thu-Fri-Sat-Sun_20260101-20270830,31518,,SEALDAH,0,,31518,0,0,0
31519,Mon-Tue-Wed-Thu-Fri-Sat-Sun_20260324-20270830,31519,,SHANTIPUR,0,,31519,0,0,0
31520,Mon-Tue-Wed-Thu-Fri-Sat-Sun_20260101-20270830,31520,,SEALDAH,0,,31520,0,0,0
31521,Mon-Tue-Wed-Thu-Fri-Sat-Sun_20260101-20270830,31521,,SHANTIPUR,0,,31521,0,0,0
31522,Mon-Tue-Wed-Thu-Fri-Sat-Sun_20260101-20270830,31522,,SEALDAH,0,,31522,0,0,0
31523,Mon-Tue-Wed-Thu-Fri-Sat-Sun_20260101-20270830,31523,,SHANTIPUR,0,,31523,0,0,0
31524,Mon-Tue-Wed-Thu-Fri-Sat-Sun_20260101-20270830,31524,,SEALDAH,0,,31524,0,0,0
31525,Mon-Tue-Wed-Thu-Fri-Sat-Sun_20260324-20270830,31525,,SHANTIPUR,0,,31525,0,0,0
31526,Mon-Tue-Wed-Thu-Fri-Sat-Sun_20260101-20270830,31526,,SEALDAH,0,,31526,0,0,0
31527,Mon-Tue-Wed-Thu-Fri-Sat-Sun_20260101-20270830,31527,,SHANTIPUR,0,,31527,0,0,0
31528,Mon-Tue-Wed-Thu-Fri-Sat-Sun_20260101-20270830,31528,,SEALDAH,0,,31528,0,0,0
31529,Mon-Tue-Wed-Thu-Fri-Sat-Sun_20260101-20270830,31529,,SHANTIPUR,0,,31529,0,0,0
31530,Mon-Tue-Wed-Thu-Fri-Sat-Sun_20260101-20270830,31530,,SEALDAH,0,,31530,0,0,0
31531,Mon-Tue-Wed-Thu-Fri-Sat-Sun_20260101-20270830,31531,,SHANTIPUR,0,,31531,0,0,0
31532,Mon-Tue-Wed-Thu-Fri-Sat-Sun_20260101-20270830,31532,,SEALDAH,0,,31532,0,0,0
31533,Mon-Tue-Wed-Thu-Fri-Sat-Sun_20260101-20270830,31533,,SHANTIPUR,0,,31533,0,0,0
31534,Mon-Tue-Wed-Thu-Fri-Sat-Sun_20260101-20270830,31534,,SEALDAH,0,,31534,0,0,0
31535,Mon-Tue-Wed-Thu-Fri-Sat-Sun_20260101-20270830,31535,,SHANTIPUR,0,,31535,0,0,0
31536,Mon-Tue-Wed-Thu-Fri-Sat-Sun_20260324-20270830,31536,,SEALDAH,0,,31536,0,0,0
31537,Mon-Tue-Wed-Thu-Fri-Sat-Sun_20260101-20270830,31537,,SHANTIPUR,0,,31537,0,0,0
31538,Mon-Tue-Wed-Thu-Fri-Sat-Sun_20260101-20270830,31538,,SEALDAH,0,,31538,0,0,0
31539,Mon-Tue-Wed-Thu-Fri-Sat-Sun_20260101-20270830,31539,,SHANTIPUR,0,,31539,0,0,0
31540,Mon-Tue-Wed-Thu-Fri-Sat-Sun_20260101-20270830,31540,,SEALDAH,0,,31540,0,0,0
31541,Mon-Tue-Wed-Thu-Fri-Sat-Sun_20260101-20270830,31541,,SHANTIPUR,0,,31541,0,0,0
31542,Mon-Tue-Wed-Thu-Fri-Sat-Sun_20260101-20270830,31542,,SEALDAH,0,,31542,0,0,0
31543,Mon-Tue-Wed-Thu-Fri-Sat-Sun_20260101-20270830,31543,,SHANTIPUR,0,,31543,0,0,0
31544,Mon-Tue-Wed-Thu-Fri-Sat-Sun_20260101-20270830,31544,,SEALDAH,0,,31544,0,0,0
31585,Mon-Tue-Wed-Thu-Fri-Sat-Sun_20260101-20270830,31585,,KRISHNGR CTY JN,0,,31585,0,0,0
31586,Mon-Tue-Wed-Thu-Fri-Sat-Sun_20260101-20270830,31586,,SHANTIPUR,0,,31586,0,0,0
31601,Mon-Tue-Wed-Thu-Fri-Sat_20260101-20270830,31601,,RANAGHAT JN,0,,31601,0,0,0
31602,Mon-Tue-Wed-Thu-Fri-Sat_20260101-20270830,31602,,SEALDAH,0,,31602,0,0,0
31611,Mon-Tue-Wed-Thu-Fri-Sat-Sun_20260101-20270830,31611,,RANAGHAT JN,0,,31611,0,0,0
31612,Mon-Tue-Wed-Thu-Fri-Sat-Sun_20260101-20270830,31612,,SEALDAH,0,,31612,0,0,0
31613,Mon-Tue-Wed-Thu-Fri-Sat_20260101-20270830,31613,,RANAGHAT JN,0,,31613,0,0,0
31614,Mon-Tue-Wed-Thu-Fri-Sat-Sun_20260101-20270830,31614,,SEALDAH,0,,31614,0,0,0
31615,Mon-Tue-Wed-Thu-Fri-Sat-Sun_20260101-20270830,31615,,RANAGHAT JN,0,,31615,0,0,0
31616,Mon-Tue-Wed-Thu-Fri-Sat-Sun_20260101-20270830,31616,,SEALDAH,0,,31616,0,0,0
31617,Mon-Tue-Wed-Thu-Fri-Sat-Sun_20260101-20270830,31617,,RANAGHAT JN,0,,31617,0,0,0
31620,Mon-Tue-Wed-Thu-Fri-Sat-Sun_20260101-20270830,31620,,SEALDAH,0,,31620,0,0,0
31621,Mon-Tue-Wed-Thu-Fri-Sat-Sun_20260101-20270830,31621,,RANAGHAT JN,0,,31621,0,0,0
31622,Mon-Tue-Wed-Thu-Fri-Sat-Sun_20260101-20270830,31622,,SEALDAH,0,,31622,0,0,0
31623,Mon-Tue-Wed-Thu-Fri-Sat-Sun_20260101-20270830,31623,,RANAGHAT JN,0,,31623,0,0,0
31624,Mon-Tue-Wed-Thu-Fri-Sat-Sun_20260101-20270830,31624,,SEALDAH,0,,31624,0,0,0
31625,Mon-Tue-Wed-Thu-Fri-Sat-Sun_20260324-20270830,31625,,RANAGHAT JN,0,,31625,0,0,0
31627,Mon-Tue-Wed-Thu-Fri-Sat-Sun_20260101-20270830,31627,,RANAGHAT JN,0,,31627,0,0,0
31628,Mon-Tue-Wed-Thu-Fri-Sat-Sun_20260101-20270830,31628,,SEALDAH,0,,31628,0,0,0
31629,Mon-Tue-Wed-Thu-Fri-Sat-Sun_20260101-20270830,31629,,RANAGHAT JN,0,,31629,0,0,0
31630,Mon-Tue-Wed-Thu-Fri-Sat-Sun_20260101-20270830,31630,,SEALDAH,0,,31630,0,0,0
31631,Mon-Tue-Wed-Thu-Fri-Sat-Sun_20260101-20270830,31631,,RANAGHAT JN,0,,31631,0,0,0
31632,Mon-Tue-Wed-Thu-Fri-Sat-Sun_20260101-20270830,31632,,SEALDAH,0,,31632,0,0,0
31634,Mon-Tue-Wed-Thu-Fri-Sat_20260101-20270830,31634,,SEALDAH,0,,31634,0,0,0
31636,Mon-Tue-Wed-Thu-Fri-Sat-Sun_20260101-20270830,31636,,SEALDAH,0,,31636,0,0,0
31637,Mon-Tue-Wed-Thu-Fri-Sat-Sun_20260101-20270830,31637,,RANAGHAT JN,0,,31637,0,0,0
31638,Mon-Tue-Wed-Thu-Fri-Sat-Sun_20260101-20270830,31638,,SEALDAH,0,,31638,0,0,0
31721,Mon-Tue-Wed-Thu-Fri-Sat-Sun_20260101-20270830,31721,,KRISHNGR CTY JN,0,,31721,0,0,0
31722,Mon-Tue-Wed-Thu-Fri-Sat-Sun_20260324-20270830,31722,,RANAGHAT JN,0,,31722,0,0,0
31723,Mon-Tue-Wed-Thu-Fri-Sat-Sun_20260324-20270830,31723,,KRISHNGR CTY JN,0,,31723,0,0,0
31724,Mon-Tue-Wed-Thu-Fri-Sat-Sun_20260101-20270830,31724,,RANAGHAT JN,0,,31724,0,0,0
31725,Mon-Tue-Wed-Thu-Fri-Sat-Sun_20260101-20270830,31725,,KRISHNGR CTY JN,0,,31725,0,0,0
31726,Mon-Tue-Wed-Thu-Fri-Sat-Sun_20260101-20270830,31726,,RANAGHAT JN,0,,31726,0,0,0
31728,Mon-Tue-Wed-Thu-Fri-Sat-Sun_20260101-20270830,31728,,RANAGHAT JN,0,,31728,0,0,0
31741,Mon-Tue-Wed-Thu-Fri-Sat-Sun_20260101-20270830,31741,,GEDE,0,,31741,0,0,0
31742,Mon-Tue-Wed-Thu-Fri-Sat-Sun_20260101-20270830,31742,,RANAGHAT JN,0,,31742,0,0,0
31743,Mon-Tue-Wed-Thu-Fri-Sat-Sun_20260101-20270830,31743,,GEDE,0,,31743,0,0,0
31744,Mon-Tue-Wed-Thu-Fri-Sat-Sun_20260324-20270830,31744,,RANAGHAT JN,0,,31744,0,0,0
31745,Mon-Tue-Wed-Thu-Fri-Sat-Sun_20260324-20270830,31745,,GEDE,0,,31745,0,0,0
31746,Mon-Tue-Wed-Thu-Fri-Sat-Sun_20260101-20270830,31746,,RANAGHAT JN,0,,31746,0,0,0
31747,Mon-Tue-Wed-Thu-Fri-Sat-Sun_20260101-20270830,31747,,GEDE,0,,31747,0,0,0
31748,Mon-Tue-Wed-Thu-Fri-Sat-Sun_20260101-20270830,31748,,RANAGHAT JN,0,,31748,0,0,0
31749,Mon-Tue-Wed-Thu-Fri-Sat-Sun_20260101-20270830,31749,,GEDE,0,,31749,0,0,0
31751,Mon-Tue-Wed-Thu-Fri-Sat-Sun_20260324-20270830,31751,,GEDE,0,,31751,0,0,0
31752,Mon-Tue-Wed-Thu-Fri-Sat-Sun_20260101-20270830,31752,,RANAGHAT JN,0,,31752,0,0,0
31753,Mon-Tue-Wed-Thu-Fri-Sat-Sun_20260101-20270830,31753,,GEDE,0,,31753,0,0,0
31754,Mon-Tue-Wed-Thu-Fri-Sat-Sun_20260101-20270830,31754,,RANAGHAT JN,0,,31754,0,0,0
31755,Mon-Tue-Wed-Thu-Fri-Sat-Sun_20260101-20270830,31755,,GEDE,0,,31755,0,0,0
31756,Mon-Tue-Wed-Thu-Fri-Sat-Sun_20260101-20270830,31756,,RANAGHAT JN,0,,31756,0,0,0
31757,Mon-Tue-Wed-Thu-Fri-Sat-Sun_20260101-20270830,31757,,GEDE,0,,31757,0,0,0
31758,Mon-Tue-Wed-Thu-Fri-Sat-Sun_20260101-20270830,31758,,RANAGHAT JN,0,,31758,0,0,0
31759,Mon-Tue-Wed-Thu-Fri-Sat-Sun_20260101-20270830,31759,,GEDE,0,,31759,0,0,0
31760,Mon-Tue-Wed-Thu-Fri-Sat-Sun_20260101-20270830,31760,,RANAGHAT JN,0,,31760,0,0,0
31761,Mon-Tue-Wed-Thu-Fri-Sat-Sun_20260316-20270830,31761,,GEDE,0,,31761,0,0,0
31762,Mon-Tue-Wed-Thu-Fri-Sat-Sun_20260316-20270830,31762,,RANAGHAT JN,0,,31762,0,0,0
31764,Mon-Tue-Wed-Thu-Fri-Sat-Sun_20260316-20270830,31764,,RANAGHAT JN,0,,31764,0,0,0
31765,Mon-Tue-Wed-Thu-Fri-Sat-Sun_20260101-20270830,31765,,LALGOLA,0,,31765,0,0,0
31768,Mon-Tue-Wed-Thu-Fri-Sat-Sun_20260101-20270830,31768,,RANAGHAT JN,0,,31768,0,0,0
31769,Mon-Tue-Wed-Thu-Fri-Sat-Sun_20260101-20270830,31769,,LALGOLA,0,,31769,0,0,0
31770,Mon-Tue-Wed-Thu-Fri-Sat-Sun_20260101-20270830,31770,,RANAGHAT JN,0,,31770,0,0,0
31771,Mon-Tue-Wed-Thu-Fri-Sat-Sun_20260101-20270830,31771,,LALGOLA,0,,31771,0,0,0
31772,Mon-Tue-Wed-Thu-Fri-Sat-Sun_20260101-20270830,31772,,RANAGHAT JN,0,,31772,0,0,0
31773,Mon-Tue-Wed-Thu-Fri-Sat-Sun_20260101-20270830,31773,,LALGOLA,0,,31773,0,0,0
31774,Mon-Tue-Wed-Thu-Fri-Sat-Sun_20260101-20270830,31774,,RANAGHAT JN,0,,31774,0,0,0
31776,Mon-Tue-Wed-Thu-Fri-Sat-Sun_20260620-20270830,31776,,BERHAMPORE CRT,0,,31776,0,0,0
31777,Mon-Tue-Wed-Thu-Fri-Sat-Sun_20260620-20270830,31777,,LALGOLA,0,,31777,0,0,0
31781,Mon-Tue-Wed-Thu-Fri-Sat-Sun_20260101-20270830,31781,,SHANTIPUR,0,,31781,0,0,0
31782,Mon-Tue-Wed-Thu-Fri-Sat-Sun_20260101-20270830,31782,,RANAGHAT JN,0,,31782,0,0,0
31783,Mon-Tue-Wed-Thu-Fri-Sat-Sun_20260101-20270830,31783,,SHANTIPUR,0,,31783,0,0,0
31784,Mon-Tue-Wed-Thu-Fri-Sat-Sun_20260324-20270830,31784,,RANAGHAT JN,0,,31784,0,0,0
31785,Mon-Tue-Wed-Thu-Fri-Sat-Sun_20260101-20270830,31785,,SHANTIPUR,0,,31785,0,0,0
31786,Mon-Tue-Wed-Thu-Fri-Sat-Sun_20260101-20270830,31786,,RANAGHAT JN,0,,31786,0,0,0
31787,Mon-Tue-Wed-Thu-Fri-Sat-Sun_20260101-20270830,31787,,SHANTIPUR,0,,31787,0,0,0
31788,Mon-Tue-Wed-Thu-Fri-Sat-Sun_20260101-20270830,31788,,RANAGHAT JN,0,,31788,0,0,0
31790,Mon-Tue-Wed-Thu-Fri-Sat-Sun_20260111-20270830,31790,,RANAGHAT JN,0,,31790,0,0,0
31801,Mon-Tue-Wed-Thu-Fri-Sat_20260101-20270830,31801,,KRISHNGR CTY JN,0,,31801,0,0,0
31802,Mon-Tue-Wed-Thu-Fri-Sat_20260101-20270830,31802,,SEALDAH,0,,31802,0,0,0
31811,Mon-Tue-Wed-Thu-Fri-Sat-Sun_20260101-20270830,31811,,KRISHNGR CTY JN,0,,31811,0,0,0
31812,Mon-Tue-Wed-Thu-Fri-Sat-Sun_20260101-20270830,31812,,SEALDAH,0,,31812,0,0,0
31813,Mon-Tue-Wed-Thu-Fri-Sat_20260101-20270830,31813,,KRISHNGR CTY JN,0,,31813,0,0,0
31814,Mon-Tue-Wed-Thu-Fri-Sat-Sun_20260101-20270830,31814,,SEALDAH,0,,31814,0,0,0
31815,Mon-Tue-Wed-Thu-Fri-Sat-Sun_20260101-20270830,31815,,KRISHNGR CTY JN,0,,31815,0,0,0
31816,Mon-Tue-Wed-Thu-Fri-Sat-Sun_20260324-20270830,31816,,SEALDAH,0,,31816,0,0,0
31817,Mon-Tue-Wed-Thu-Fri-Sat-Sun_20260101-20270830,31817,,KRISHNGR CTY JN,0,,31817,0,0,0
31818,Mon-Tue-Wed-Thu-Fri-Sat-Sun_20260101-20270830,31818,,SEALDAH,0,,31818,0,0,0
31819,Mon-Tue-Wed-Thu-Fri-Sat-Sun_20260101-20270830,31819,,KRISHNGR CTY JN,0,,31819,0,0,0
31820,Mon-Tue-Wed-Thu-Fri-Sat-Sun_20260324-20270830,31820,,SEALDAH,0,,31820,0,0,0
31821,Mon-Tue-Wed-Thu-Fri-Sat-Sun_20260101-20270830,31821,,KRISHNGR CTY JN,0,,31821,0,0,0
31822,Mon-Tue-Wed-Thu-Fri-Sat-Sun_20260101-20270830,31822,,SEALDAH,0,,31822,0,0,0
31824,Mon-Tue-Wed-Thu-Fri-Sat-Sun_20260324-20270830,31824,,SEALDAH,0,,31824,0,0,0
31825,Mon-Tue-Wed-Thu-Fri-Sat-Sun_20260101-20270830,31825,,KRISHNGR CTY JN,0,,31825,0,0,0
31827,Mon-Tue-Wed-Thu-Fri-Sat-Sun_20260324-20270830,31827,,KRISHNGR CTY JN,0,,31827,0,0,0
31828,Mon-Tue-Wed-Thu-Fri-Sat-Sun_20260324-20270830,31828,,SEALDAH,0,,31828,0,0,0
31829,Mon-Tue-Wed-Thu-Fri-Sat-Sun_20260101-20270830,31829,,KRISHNGR CTY JN,0,,31829,0,0,0
31830,Mon-Tue-Wed-Thu-Fri-Sat-Sun_20260101-20270830,31830,,SEALDAH,0,,31830,0,0,0
31831,Mon-Tue-Wed-Thu-Fri-Sat-Sun_20260101-20270830,31831,,KRISHNGR CTY JN,0,,31831,0,0,0
31832,Mon-Tue-Wed-Thu-Fri-Sat-Sun_20260101-20270830,31832,,SEALDAH,0,,31832,0,0,0
31833,Mon-Tue-Wed-Thu-Fri-Sat-Sun_20260324-20270830,31833,,KRISHNGR CTY JN,0,,31833,0,0,0
31834,Mon-Tue-Wed-Thu-Fri-Sat-Sun_20260101-20270830,31834,,SEALDAH,0,,31834,0,0,0
31835,Mon-Tue-Wed-Thu-Fri-Sat-Sun_20260324-20270830,31835,,KRISHNGR CTY JN,0,,31835,0,0,0
31836,Mon-Tue-Wed-Thu-Fri-Sat-Sun_20260101-20270830,31836,,SEALDAH,0,,31836,0,0,0
31837,Mon-Tue-Wed-Thu-Fri-Sat-Sun_20260324-20270830,31837,,KRISHNGR CTY JN,0,,31837,0,0,0
31838,Mon-Tue-Wed-Thu-Fri-Sat_20260324-20270830,31838,,SEALDAH,0,,31838,0,0,0
31840,Mon-Tue-Wed-Thu-Fri-Sat-Sun_20260101-20270830,31840,,SEALDAH,0,,31840,0,0,0
31841,Mon-Tue-Wed-Thu-Fri-Sat-Sun_20260101-20270830,31841,,KRISHNGR CTY JN,0,,31841,0,0,0
31843,Mon-Tue-Wed-Thu-Fri-Sat-Sun_20260711-20270830,31843,,KRISHNGR CTY JN,0,,31843,0,0,0
31844,Mon-Tue-Wed-Thu-Fri-Sat-Sun_20260101-20270830,31844,,SEALDAH,0,,31844,0,0,0
31845,Mon-Tue-Wed-Thu-Fri-Sat_20260101-20270830,31845,,KRISHNGR CTY JN,0,,31845,0,0,0
31846,Mon-Tue-Wed-Thu-Fri-Sat_20260101-20270830,31846,,SEALDAH,0,,31846,0,0,0
31847,Sun_20260101-20270830,31847,,KRISHNGR CTY JN,0,,31847,0,0,0
31848,Sun_20260101-20270830,31848,,SEALDAH,0,,31848,0,0,0
31861,Mon-Tue-Wed-Thu-Fri-Sat-Sun_20260101-20270830,31861,,LALGOLA,0,,31861,0,0,0
31864,Mon-Tue-Wed-Thu-Fri-Sat-Sun_20260101-20270830,31864,,KRISHNGR CTY JN,0,,31864,0,0,0
31881,Mon-Tue-Wed-Thu-Fri-Sat-Sun_20260101-20270830,31881,,AMGHATA,0,,31881,0,0,0
31882,Mon-Tue-Wed-Thu-Fri-Sat-Sun_20260101-20270830,31882,,KRISHNGR CTY JN,0,,31882,0,0,0
31883,Mon-Tue-Wed-Thu-Fri-Sat-Sun_20260101-20270830,31883,,AMGHATA,0,,31883,0,0,0
31884,Mon-Tue-Wed-Thu-Fri-Sat-Sun_20260101-20270830,31884,,KRISHNGR CTY JN,0,,31884,0,0,0
31885,Mon-Tue-Wed-Thu-Fri-Sat-Sun_20260101-20270830,31885,,AMGHATA,0,,31885,0,0,0
31886,Mon-Tue-Wed-Thu-Fri-Sat-Sun_20260101-20270830,31886,,KRISHNGR CTY JN,0,,31886,0,0,0
31887,Mon-Tue-Wed-Thu-Fri-Sat-Sun_20260515-20270830,31887,,AMGHATA,0,,31887,0,0,0
31888,Mon-Tue-Wed-Thu-Fri-Sat-Sun_20260515-20270830,31888,,KRISHNGR CTY JN,0,,31888,0,0,0
31889,Mon-Tue-Wed-Thu-Fri-Sat-Sun_20260515-20270830,31889,,AMGHATA,0,,31889,0,0,0
31890,Mon-Tue-Wed-Thu-Fri-Sat-Sun_20260515-20270830,31890,,KRISHNGR CTY JN,0,,31890,0,0,0
31911,Mon-Tue-Wed-Thu-Fri-Sat-Sun_20260101-20270830,31911,,GEDE,0,,31911,0,0,0
31912,Mon-Tue-Wed-Thu-Fri-Sat-Sun_20260101-20270830,31912,,SEALDAH,0,,31912,0,0,0
31913,Mon-Tue-Wed-Thu-Fri-Sat-Sun_20260101-20270830,31913,,GEDE,0,,31913,0,0,0
31914,Mon-Tue-Wed-Thu-Fri-Sat-Sun_20260101-20270830,31914,,SEALDAH,0,,31914,0,0,0
31915,Mon-Tue-Wed-Thu-Fri-Sat-Sun_20260101-20270830,31915,,GEDE,0,,31915,0,0,0
31916,Mon-Tue-Wed-Thu-Fri-Sat-Sun_20260101-20270830,31916,,SEALDAH,0,,31916,0,0,0
31917,Mon-Tue-Wed-Thu-Fri-Sat-Sun_20260101-20270830,31917,,GEDE,0,,31917,0,0,0
31918,Mon-Tue-Wed-Thu-Fri-Sat-Sun_20260101-20270830,31918,,SEALDAH,0,,31918,0,0,0
31919,Mon-Tue-Wed-Thu-Fri-Sat-Sun_20260101-20270830,31919,,GEDE,0,,31919,0,0,0
31920,Mon-Tue-Wed-Thu-Fri-Sat-Sun_20260101-20270830,31920,,SEALDAH,0,,31920,0,0,0
31921,Mon-Tue-Wed-Thu-Fri-Sat-Sun_20260101-20270830,31921,,GEDE,0,,31921,0,0,0
31922,Mon-Tue-Wed-Thu-Fri-Sat-Sun_20260324-20270830,31922,,SEALDAH,0,,31922,0,0,0
31923,Mon-Tue-Wed-Thu-Fri-Sat-Sun_20260101-20270830,31923,,GEDE,0,,31923,0,0,0
31924,Mon-Tue-Wed-Thu-Fri-Sat-Sun_20260101-20270830,31924,,SEALDAH,0,,31924,0,0,0
31925,Mon-Tue-Wed-Thu-Fri-Sat-Sun_20260101-20270830,31925,,GEDE,0,,31925,0,0,0
31926,Mon-Tue-Wed-Thu-Fri-Sat-Sun_20260101-20270830,31926,,SEALDAH,0,,31926,0,0,0
31927,Mon-Tue-Wed-Thu-Fri-Sat-Sun_20260101-20270830,31927,,GEDE,0,,31927,0,0,0
31928,Mon-Tue-Wed-Thu-Fri-Sat-Sun_20260101-20270830,31928,,SEALDAH,0,,31928,0,0,0
31929,Mon-Tue-Wed-Thu-Fri-Sat-Sun_20260101-20270830,31929,,GEDE,0,,31929,0,0,0
31930,Mon-Tue-Wed-Thu-Fri-Sat-Sun_20260316-20270830,31930,,SEALDAH,0,,31930,0,0,0
31931,Mon-Tue-Wed-Thu-Fri-Sat-Sun_20260316-20270830,31931,,GEDE,0,,31931,0,0,0
31933,Mon-Tue-Wed-Thu-Fri-Sat-Sun_20260316-20270830,31933,,GEDE,0,,31933,0,0,0
32211,Mon-Tue-Wed-Thu-Fri-Sat-Sun_20260101-20270830,32211,,DANKUNI,0,,32211,0,0,0
32212,Mon-Tue-Wed-Thu-Fri-Sat-Sun_20260101-20270830,32212,,SEALDAH,0,,32212,0,0,0
32213,Mon-Tue-Wed-Thu-Fri-Sat-Sun_20260101-20270830,32213,,DANKUNI,0,,32213,0,0,0
32214,Mon-Tue-Wed-Thu-Fri-Sat-Sun_20260101-20270830,32214,,SEALDAH,0,,32214,0,0,0
32215,Mon-Tue-Wed-Thu-Fri-Sat-Sun_20260101-20270830,32215,,DANKUNI,0,,32215,0,0,0
32216,Mon-Tue-Wed-Thu-Fri-Sat-Sun_20260101-20270830,32216,,SEALDAH,0,,32216,0,0,0
32217,Mon-Tue-Wed-Thu-Fri-Sat-Sun_20260101-20270830,32217,,DANKUNI,0,,32217,0,0,0
32218,Mon-Tue-Wed-Thu-Fri-Sat-Sun_20260101-20270830,32218,,SEALDAH,0,,32218,0,0,0
32219,Mon-Tue-Wed-Thu-Fri-Sat-Sun_20260101-20270830,32219,,DANKUNI,0,,32219,0,0,0
32220,Mon-Tue-Wed-Thu-Fri-Sat-Sun_20260101-20270830,32220,,SEALDAH,0,,32220,0,0,0
32221,Mon-Tue-Wed-Thu-Fri-Sat-Sun_20260101-20270830,32221,,DANKUNI,0,,32221,0,0,0
32222,Mon-Tue-Wed-Thu-Fri-Sat-Sun_20260101-20270830,32222,,SEALDAH,0,,32222,0,0,0
32223,Mon-Tue-Wed-Thu-Fri-Sat-Sun_20260101-20270830,32223,,DANKUNI,0,,32223,0,0,0
32224,Mon-Tue-Wed-Thu-Fri-Sat-Sun_20260101-20270830,32224,,SEALDAH,0,,32224,0,0,0
32225,Mon-Tue-Wed-Thu-Fri-Sat_20260101-20270830,32225,,DANKUNI,0,,32225,0,0,0
32226,Mon-Tue-Wed-Thu-Fri-Sat_20260101-20270830,32226,,SEALDAH,0,,32226,0,0,0
32227,Mon-Tue-Wed-Thu-Fri-Sat-Sun_20260101-20270830,32227,,DANKUNI,0,,32227,0,0,0
32228,Mon-Tue-Wed-Thu-Fri-Sat-Sun_20260101-20270830,32228,,SEALDAH,0,,32228,0,0,0
32229,Mon-Tue-Wed-Thu-Fri-Sat_20260101-20270830,32229,,DANKUNI,0,,32229,0,0,0
32230,Mon-Tue-Wed-Thu-Fri-Sat_20260101-20270830,32230,,SEALDAH,0,,32230,0,0,0
32231,Mon-Tue-Wed-Thu-Fri-Sat-Sun_20260101-20270830,32231,,DANKUNI,0,,32231,0,0,0
32232,Mon-Tue-Wed-Thu-Fri-Sat-Sun_20260101-20270830,32232,,SEALDAH,0,,32232,0,0,0
32233,Mon-Tue-Wed-Thu-Fri-Sat-Sun_20260101-20270830,32233,,DANKUNI,0,,32233,0,0,0
32234,Mon-Tue-Wed-Thu-Fri-Sat-Sun_20260101-20270830,32234,,SEALDAH,0,,32234,0,0,0
32235,Mon-Tue-Wed-Thu-Fri-Sat-Sun_20260101-20270830,32235,,DANKUNI,0,,32235,0,0,0
32236,Mon-Tue-Wed-Thu-Fri-Sat-Sun_20260101-20270830,32236,,SEALDAH,0,,32236,0,0,0
32237,Mon-Tue-Wed-Thu-Fri-Sat-Sun_20260101-20270830,32237,,DANKUNI,0,,32237,0,0,0
32238,Mon-Tue-Wed-Thu-Fri-Sat-Sun_20260101-20270830,32238,,SEALDAH,0,,32238,0,0,0
32239,Mon-Tue-Wed-Thu-Fri-Sat-Sun_20260101-20270830,32239,,DANKUNI,0,,32239,0,0,0
32240,Mon-Tue-Wed-Thu-Fri-Sat-Sun_20260101-20270830,32240,,SEALDAH,0,,32240,0,0,0
32241,Mon-Tue-Wed-Thu-Fri-Sat-Sun_20260101-20270830,32241,,DANKUNI,0,,32241,0,0,0
32242,Mon-Tue-Wed-Thu-Fri-Sat-Sun_20260101-20270830,32242,,SEALDAH,0,,32242,0,0,0
32243,Mon-Tue-Wed-Thu-Fri-Sat-Sun_20260101-20270830,32243,,DANKUNI,0,,32243,0,0,0
32245,Mon-Tue-Wed-Thu-Fri-Sat-Sun_20260101-20270830,32245,,DANKUNI,0,,32245,0,0,0
32246,Mon-Tue-Wed-Thu-Fri-Sat-Sun_20260101-20270830,32246,,SEALDAH,0,,32246,0,0,0
32247,Mon-Tue-Wed-Thu-Fri-Sat-Sun_20260101-20270830,32247,,DANKUNI,0,,32247,0,0,0
32248,Mon-Tue-Wed-Thu-Fri-Sat-Sun_20260101-20270830,32248,,SEALDAH,0,,32248,0,0,0
32249,Mon-Tue-Wed-Thu-Fri-Sat-Sun_20260101-20270830,32249,,DANKUNI,0,,32249,0,0,0
32250,Mon-Tue-Wed-Thu-Fri-Sat-Sun_20260101-20270830,32250,,SEALDAH,0,,32250,0,0,0
32252,Mon-Tue-Wed-Thu-Fri-Sat-Sun_20260101-20270830,32252,,SEALDAH,0,,32252,0,0,0
32411,Mon-Tue-Wed-Thu-Fri-Sat-Sun_20260101-20270830,32411,,BARUIPARA,0,,32411,0,0,0
32412,Mon-Tue-Wed-Thu-Fri-Sat-Sun_20260101-20270830,32412,,SEALDAH,0,,32412,0,0,0
32413,Mon-Tue-Wed-Thu-Fri-Sat-Sun_20260101-20270830,32413,,BARUIPARA,0,,32413,0,0,0
32414,Mon-Tue-Wed-Thu-Fri-Sat-Sun_20260101-20270830,32414,,SEALDAH,0,,32414,0,0,0
33061,Mon-Tue-Wed-Thu-Fri-Sat-Sun_20260324-20270830,33061,,BARASAT,0,,33061,0,0,0
33231,Mon-Tue-Wed-Thu-Fri-Sat-Sun_20260101-20270830,33231,,BARRACKPORE,0,,33231,0,0,0
33232,Mon-Tue-Wed-Thu-Fri-Sat-Sun_20260101-20270830,33232,,DUM DUM,0,,33232,0,0,0
33271,Mon-Tue-Wed-Thu-Fri-Sat-Sun_20260702-20270830,33271,,BANGAON JN,0,,33271,0,0,0
33282,Mon-Tue-Wed-Thu-Fri-Sat-Sun_20260101-20270830,33282,,DUM DUM,0,,33282,0,0,0
33311,Mon-Tue-Wed-Thu-Fri-Sat-Sun_20260101-20270830,33311,,HASANABAD,0,,33311,0,0,0
33312,Mon-Tue-Wed-Thu-Fri-Sat-Sun_20260101-20270830,33312,,BARASAT,0,,33312,0,0,0
33313,Mon-Tue-Wed-Thu-Fri-Sat-Sun_20260101-20270830,33313,,HASANABAD,0,,33313,0,0,0
33314,Mon-Tue-Wed-Thu-Fri-Sat-Sun_20260101-20270830,33314,,BARASAT,0,,33314,0,0,0
33315,Mon-Tue-Wed-Thu-Fri-Sat-Sun_20260101-20270830,33315,,HASANABAD,0,,33315,0,0,0
33316,Mon-Tue-Wed-Thu-Fri-Sat-Sun_20260101-20270830,33316,,BARASAT,0,,33316,0,0,0
33317,Mon-Tue-Wed-Thu-Fri-Sat-Sun_20260101-20270830,33317,,HASANABAD,0,,33317,0,0,0
33318,Mon-Tue-Wed-Thu-Fri-Sat-Sun_20260101-20270830,33318,,BARASAT,0,,33318,0,0,0
33319,Mon-Tue-Wed-Thu-Fri-Sat-Sun_20260706-20270830,33319,,HASANABAD,0,,33319,0,0,0
33320,Mon-Tue-Wed-Thu-Fri-Sat-Sun_20260101-20270830,33320,,BARASAT,0,,33320,0,0,0
33321,Mon-Tue-Wed-Thu-Fri-Sat-Sun_20260112-20270830,33321,,HASANABAD,0,,33321,0,0,0
33322,Mon-Tue-Wed-Thu-Fri-Sat-Sun_20260101-20270830,33322,,DUM DUM CANT,0,,33322,0,0,0
33323,Mon-Tue-Wed-Thu-Fri-Sat-Sun_20260101-20270830,33323,,HASANABAD,0,,33323,0,0,0
33324,Mon-Tue-Wed-Thu-Fri-Sat-Sun_20260101-20270830,33324,,BARASAT,0,,33324,0,0,0
33325,Mon-Tue-Wed-Thu-Fri-Sat-Sun_20260101-20270830,33325,,HASANABAD,0,,33325,0,0,0
33326,Mon-Tue-Wed-Thu-Fri-Sat-Sun_20260101-20270830,33326,,BARASAT,0,,33326,0,0,0
33327,Mon-Tue-Wed-Thu-Fri-Sat-Sun_20260101-20270830,33327,,HASANABAD,0,,33327,0,0,0
33328,Mon-Tue-Wed-Thu-Fri-Sat-Sun_20260615-20270830,33328,,BARASAT,0,,33328,0,0,0
33329,Mon-Tue-Wed-Thu-Fri-Sat-Sun_20260101-20270830,33329,,BASIRHAT,0,,33329,0,0,0
33331,Mon-Tue-Wed-Thu-Fri-Sat-Sun_20260101-20270830,33331,,HASANABAD,0,,33331,0,0,0
33351,Mon-Tue-Wed-Thu-Fri-Sat-Sun_20260101-20270830,33351,,HABRA,0,,33351,0,0,0
33357,Mon-Tue-Wed-Thu-Fri-Sat-Sun_20260101-20270830,33357,,DATTAPUKUR,0,,33357,0,0,0
33361,Mon-Tue-Wed-Thu-Fri-Sat-Sun_20260101-20270830,33361,,BANGAON JN,0,,33361,0,0,0
33362,Mon-Tue-Wed-Thu-Fri-Sat-Sun_20260101-20270830,33362,,BARASAT,0,,33362,0,0,0
33363,Mon-Tue-Wed-Thu-Fri-Sat_20260101-20270830,33363,,BANGAON JN,0,,33363,0,0,0
33364,Mon-Tue-Wed-Thu-Fri-Sat-Sun_20260101-20270830,33364,,BARASAT,0,,33364,0,0,0
33365,Mon-Tue-Wed-Thu-Fri-Sat-Sun_20260820-20270830,33365,,BANGAON JN,0,,33365,0,0,0
33366,Mon-Tue-Wed-Thu-Fri-Sat_20260101-20270830,33366,,BARASAT,0,,33366,0,0,0
33367,Mon-Tue-Wed-Thu-Fri-Sat-Sun_20260101-20270830,33367,,BANGAON JN,0,,33367,0,0,0
33368,Mon-Tue-Wed-Thu-Fri-Sat-Sun_20260101-20270830,33368,,DUM DUM CANT,0,,33368,0,0,0
33369,Mon-Tue-Wed-Thu-Fri-Sat-Sun_20260101-20270830,33369,,BANGAON JN,0,,33369,0,0,0
33370,Mon-Tue-Wed-Thu-Fri-Sat-Sun_20260101-20270830,33370,,BARASAT,0,,33370,0,0,0
33372,Mon-Tue-Wed-Thu-Fri-Sat-Sun_20260101-20270830,33372,,BARASAT,0,,33372,0,0,0
33382,Mon-Tue-Wed-Thu-Fri-Sat-Sun_20260701-20270830,33382,,BARASAT,0,,33382,0,0,0
33401,Mon-Tue-Wed-Thu-Fri-Sat_20260101-20270830,33401,,BARASAT,0,,33401,0,0,0
33402,Mon-Tue-Wed-Thu-Fri-Sat_20260101-20270830,33402,,SEALDAH,0,,33402,0,0,0
33411,Mon-Tue-Wed-Thu-Fri-Sat_20260101-20270830,33411,,DUM DUM CANT,0,,33411,0,0,0
33412,Mon-Tue-Wed-Thu-Fri-Sat_20260101-20270830,33412,,SEALDAH,0,,33412,0,0,0
33421,Mon-Tue-Wed-Thu-Fri-Sat_20260101-20270830,33421,,MADHYAMGRAM,0,,33421,0,0,0
33422,Mon-Tue-Wed-Thu-Fri-Sat_20260101-20270830,33422,,SEALDAH,0,,33422,0,0,0
33431,Mon-Tue-Wed-Thu-Fri-Sat-Sun_20260615-20270830,33431,,HASANABAD,0,,33431,0,0,0
33432,Mon-Tue-Wed-Thu-Fri-Sat-Sun_20260101-20270830,33432,,SEALDAH,0,,33432,0,0,0
33433,Mon-Tue-Wed-Thu-Fri-Sat_20260101-20270830,33433,,BARASAT,0,,33433,0,0,0
33434,Mon-Tue-Wed-Thu-Fri-Sat-Sun_20260101-20270830,33434,,SEALDAH,0,,33434,0,0,0
33435,Mon-Tue-Wed-Thu-Fri-Sat-Sun_20260101-20270830,33435,,BARASAT,0,,33435,0,0,0
33436,Mon-Tue-Wed-Thu-Fri-Sat_20260101-20270830,33436,,SEALDAH,0,,33436,0,0,0
33437,Mon-Tue-Wed-Thu-Fri-Sat-Sun_20260706-20270830,33437,,BARASAT,0,,33437,0,0,0
33438,Mon-Tue-Wed-Thu-Fri-Sat-Sun_20260101-20270830,33438,,SEALDAH,0,,33438,0,0,0
33439,Mon-Tue-Wed-Thu-Fri-Sat-Sun_20260101-20270830,33439,,BARASAT,0,,33439,0,0,0
33440,Mon-Tue-Wed-Thu-Fri-Sat-Sun_20260101-20270830,33440,,SEALDAH,0,,33440,0,0,0
33442,Mon-Tue-Wed-Thu-Fri-Sat_20260820-20270830,33442,,SEALDAH,0,,33442,0,0,0
33443,Mon-Tue-Wed-Thu-Fri-Sat-Sun_20260101-20270830,33443,,BARASAT,0,,33443,0,0,0
33445,Mon-Tue-Wed-Thu-Fri-Sat-Sun_20260101-20270830,33445,,BARASAT,0,,33445,0,0,0
33447,Mon-Tue-Wed-Thu-Fri-Sat-Sun_20260101-20270830,33447,,BARASAT,0,,33447,0,0,0
33449,Mon-Tue-Wed-Thu-Fri-Sat_20260820-20270830,33449,,BANGAON JN,0,,33449,0,0,0
33471,Mon-Tue-Wed-Thu-Fri-Sat-Sun_20260101-20270830,33471,,BARASAT,0,,33471,0,0,0
33472,Mon-Tue-Wed-Thu-Fri-Sat-Sun_20260101-20270830,33472,,DUM DUM CANT,0,,33472,0,0,0
33474,Mon-Tue-Wed-Thu-Fri-Sat-Sun_20260707-20270830,33474,,DUM DUM CANT,0,,33474,0,0,0
33511,Mon-Tue-Wed-Thu-Fri-Sat-Sun_20260101-20270830,33511,,HASANABAD,0,,33511,0,0,0
33512,Mon-Tue-Wed-Thu-Fri-Sat-Sun_20260101-20270830,33512,,SEALDAH,0,,33512,0,0,0
33513,Mon-Tue-Wed-Thu-Fri-Sat-Sun_20260101-20270830,33513,,HASANABAD,0,,33513,0,0,0
33514,Mon-Tue-Wed-Thu-Fri-Sat-Sun_20260101-20270830,33514,,SEALDAH,0,,33514,0,0,0
33515,Mon-Tue-Wed-Thu-Fri-Sat-Sun_20260101-20270830,33515,,HASANABAD,0,,33515,0,0,0
33516,Mon-Tue-Wed-Thu-Fri-Sat-Sun_20260101-20270830,33516,,SEALDAH,0,,33516,0,0,0
33517,Mon-Tue-Wed-Thu-Fri-Sat-Sun_20260101-20270830,33517,,HASANABAD,0,,33517,0,0,0
33518,Mon-Tue-Wed-Thu-Fri-Sat-Sun_20260101-20270830,33518,,SEALDAH,0,,33518,0,0,0
33519,Mon-Tue-Wed-Thu-Fri-Sat-Sun_20260101-20270830,33519,,HASANABAD,0,,33519,0,0,0
33520,Mon-Tue-Wed-Thu-Fri-Sat-Sun_20260101-20270830,33520,,SEALDAH,0,,33520,0,0,0
33521,Mon-Tue-Wed-Thu-Fri-Sat_20260101-20270830,33521,,HASANABAD,0,,33521,0,0,0
33522,Mon-Tue-Wed-Thu-Fri-Sat-Sun_20260101-20270830,33522,,SEALDAH,0,,33522,0,0,0
33523,Mon-Tue-Wed-Thu-Fri-Sat-Sun_20260101-20270830,33523,,HASANABAD,0,,33523,0,0,0
33524,Mon-Tue-Wed-Thu-Fri-Sat-Sun_20260101-20270830,33524,,SEALDAH,0,,33524,0,0,0
33525,Mon-Tue-Wed-Thu-Fri-Sat-Sun_20260101-20270830,33525,,HASANABAD,0,,33525,0,0,0
33526,Mon-Tue-Wed-Thu-Fri-Sat_20260101-20270830,33526,,SEALDAH,0,,33526,0,0,0
33527,Mon-Tue-Wed-Thu-Fri-Sat-Sun_20260101-20270830,33527,,HASANABAD,0,,33527,0,0,0
33528,Mon-Tue-Wed-Thu-Fri-Sat-Sun_20260101-20270830,33528,,SEALDAH,0,,33528,0,0,0
33529,Mon-Tue-Wed-Thu-Fri-Sat-Sun_20260101-20270830,33529,,HASANABAD,0,,33529,0,0,0
33530,Mon-Tue-Wed-Thu-Fri-Sat-Sun_20260101-20270830,33530,,SEALDAH,0,,33530,0,0,0
33531,Mon-Tue-Wed-Thu-Fri-Sat-Sun_20260101-20270830,33531,,HASANABAD,0,,33531,0,0,0
33532,Mon-Tue-Wed-Thu-Fri-Sat-Sun_20260101-20270830,33532,,SEALDAH,0,,33532,0,0,0
33533,Mon-Tue-Wed-Thu-Fri-Sat-Sun_20260101-20270830,33533,,HASANABAD,0,,33533,0,0,0
33534,Mon-Tue-Wed-Thu-Fri-Sat-Sun_20260101-20270830,33534,,SEALDAH,0,,33534,0,0,0
33536,Mon-Tue-Wed-Thu-Fri-Sat-Sun_20260101-20270830,33536,,SEALDAH,0,,33536,0,0,0
33538,Mon-Tue-Wed-Thu-Fri-Sat-Sun_20260101-20270830,33538,,SEALDAH,0,,33538,0,0,0
33612,Mon-Tue-Wed-Thu-Fri-Sat-Sun_20260101-20270830,33612,,SEALDAH,0,,33612,0,0,0
33613,Mon-Tue-Wed-Thu-Fri-Sat-Sun_20260101-20270830,33613,,DATTAPUKUR,0,,33613,0,0,0
33615,Mon-Tue-Wed-Thu-Fri-Sat_20260101-20270830,33615,,DATTAPUKUR,0,,33615,0,0,0
33616,Mon-Tue-Wed-Thu-Fri-Sat-Sun_20260101-20270830,33616,,SEALDAH,0,,33616,0,0,0
33617,Mon-Tue-Wed-Thu-Fri-Sat-Sun_20260701-20270830,33617,,BANGAON JN,0,,33617,0,0,0
33618,Mon-Tue-Wed-Thu-Fri-Sat-Sun_20260101-20270830,33618,,SEALDAH,0,,33618,0,0,0
33619,Mon-Tue-Wed-Thu-Fri-Sat-Sun_20260101-20270830,33619,,DATTAPUKUR,0,,33619,0,0,0
33620,Mon-Tue-Wed-Thu-Fri-Sat_20260101-20270830,33620,,SEALDAH,0,,33620,0,0,0
33621,Mon-Tue-Wed-Thu-Fri-Sat-Sun_20260101-20270830,33621,,DATTAPUKUR,0,,33621,0,0,0
33622,Mon-Tue-Wed-Thu-Fri-Sat-Sun_20260701-20270830,33622,,SEALDAH,0,,33622,0,0,0
33623,Mon-Tue-Wed-Thu-Fri-Sat-Sun_20260101-20270830,33623,,DATTAPUKUR,0,,33623,0,0,0
33624,Mon-Tue-Wed-Thu-Fri-Sat-Sun_20260101-20270830,33624,,SEALDAH,0,,33624,0,0,0
33626,Mon-Tue-Wed-Thu-Fri-Sat-Sun_20260101-20270830,33626,,SEALDAH,0,,33626,0,0,0
33628,Mon-Tue-Wed-Thu-Fri-Sat-Sun_20260101-20270830,33628,,SEALDAH,0,,33628,0,0,0
33630,Mon-Tue-Wed-Thu-Fri-Sat-Sun_20260101-20270830,33630,,SEALDAH,0,,33630,0,0,0
33651,Mon-Tue-Wed-Thu-Fri-Sat-Sun_20260101-20270830,33651,,HABRA,0,,33651,0,0,0
33652,Mon-Tue-Wed-Thu-Fri-Sat-Sun_20260101-20270830,33652,,SEALDAH,0,,33652,0,0,0
33653,Mon-Tue-Wed-Thu-Fri-Sat-Sun_20260101-20270830,33653,,HABRA,0,,33653,0,0,0
33654,Mon-Tue-Wed-Thu-Fri-Sat-Sun_20260101-20270830,33654,,SEALDAH,0,,33654,0,0,0
33655,Mon-Tue-Wed-Thu-Fri-Sat-Sun_20260101-20270830,33655,,HABRA,0,,33655,0,0,0
33656,Mon-Tue-Wed-Thu-Fri-Sat-Sun_20260101-20270830,33656,,SEALDAH,0,,33656,0,0,0
33657,Mon-Tue-Wed-Thu-Fri-Sat-Sun_20260101-20270830,33657,,HABRA,0,,33657,0,0,0
33658,Mon-Tue-Wed-Thu-Fri-Sat-Sun_20260101-20270830,33658,,SEALDAH,0,,33658,0,0,0
33659,Mon-Tue-Wed-Thu-Fri-Sat-Sun_20260101-20270830,33659,,HABRA,0,,33659,0,0,0
33660,Mon-Tue-Wed-Thu-Fri-Sat-Sun_20260101-20270830,33660,,SEALDAH,0,,33660,0,0,0
33662,Mon-Tue-Wed-Thu-Fri-Sat-Sun_20260101-20270830,33662,,SEALDAH,0,,33662,0,0,0
33664,Mon-Tue-Wed-Thu-Fri-Sat-Sun_20260101-20270830,33664,,SEALDAH,0,,33664,0,0,0
33681,Mon-Tue-Wed-Thu-Fri-Sat-Sun_20260101-20270830,33681,,GOBARDANGA,0,,33681,0,0,0
33682,Mon-Tue-Wed-Thu-Fri-Sat-Sun_20260101-20270830,33682,,SEALDAH,0,,33682,0,0,0
33685,Mon-Tue-Wed-Thu-Fri-Sat-Sun_20260701-20270830,33685,,BANGAON JN,0,,33685,0,0,0
33686,Mon-Tue-Wed-Thu-Fri-Sat-Sun_20260702-20270830,33686,,SEALDAH,0,,33686,0,0,0
33711,Mon-Tue-Wed-Thu-Fri-Sat-Sun_20260101-20270830,33711,,BANGAON JN,0,,33711,0,0,0
33712,Mon-Tue-Wed-Thu-Fri-Sat-Sun_20260101-20270830,33712,,RANAGHAT JN,0,,33712,0,0,0
33713,Mon-Tue-Wed-Thu-Fri-Sat-Sun_20260101-20270830,33713,,BANGAON JN,0,,33713,0,0,0
33714,Mon-Tue-Wed-Thu-Fri-Sat-Sun_20260101-20270830,33714,,RANAGHAT JN,0,,33714,0,0,0
33715,Mon-Tue-Wed-Thu-Fri-Sat-Sun_20260101-20270830,33715,,BANGAON JN,0,,33715,0,0,0
33716,Mon-Tue-Wed-Thu-Fri-Sat-Sun_20260101-20270830,33716,,RANAGHAT JN,0,,33716,0,0,0
33717,Mon-Tue-Wed-Thu-Fri-Sat-Sun_20260101-20270830,33717,,BANGAON JN,0,,33717,0,0,0
33718,Mon-Tue-Wed-Thu-Fri-Sat-Sun_20260101-20270830,33718,,RANAGHAT JN,0,,33718,0,0,0
33719,Mon-Tue-Wed-Thu-Fri-Sat-Sun_20260101-20270830,33719,,BANGAON JN,0,,33719,0,0,0
33720,Mon-Tue-Wed-Thu-Fri-Sat-Sun_20260101-20270830,33720,,RANAGHAT JN,0,,33720,0,0,0
33721,Mon-Tue-Wed-Thu-Fri-Sat-Sun_20260101-20270830,33721,,BANGAON JN,0,,33721,0,0,0
33722,Mon-Tue-Wed-Thu-Fri-Sat-Sun_20260101-20270830,33722,,RANAGHAT JN,0,,33722,0,0,0
33723,Mon-Tue-Wed-Thu-Fri-Sat-Sun_20260101-20270830,33723,,BANGAON JN,0,,33723,0,0,0
33724,Mon-Tue-Wed-Thu-Fri-Sat-Sun_20260101-20270830,33724,,RANAGHAT JN,0,,33724,0,0,0
33725,Mon-Tue-Wed-Thu-Fri-Sat-Sun_20260101-20270830,33725,,BANGAON JN,0,,33725,0,0,0
33726,Mon-Tue-Wed-Thu-Fri-Sat-Sun_20260101-20270830,33726,,RANAGHAT JN,0,,33726,0,0,0
33727,Mon-Tue-Wed-Thu-Fri-Sat-Sun_20260101-20270830,33727,,BANGAON JN,0,,33727,0,0,0
33728,Mon-Tue-Wed-Thu-Fri-Sat-Sun_20260101-20270830,33728,,RANAGHAT JN,0,,33728,0,0,0
33729,Mon-Tue-Wed-Thu-Fri-Sat-Sun_20260101-20270830,33729,,BANGAON JN,0,,33729,0,0,0
33730,Mon-Tue-Wed-Thu-Fri-Sat-Sun_20260101-20270830,33730,,RANAGHAT JN,0,,33730,0,0,0
33731,Mon-Tue-Wed-Thu-Fri-Sat-Sun_20260101-20270830,33731,,BANGAON JN,0,,33731,0,0,0
33732,Mon-Tue-Wed-Thu-Fri-Sat-Sun_20260101-20270830,33732,,RANAGHAT JN,0,,33732,0,0,0
33733,Mon-Tue-Wed-Thu-Fri-Sat-Sun_20260101-20270830,33733,,BANGAON JN,0,,33733,0,0,0
33734,Mon-Tue-Wed-Thu-Fri-Sat-Sun_20260101-20270830,33734,,RANAGHAT JN,0,,33734,0,0,0
33735,Mon-Tue-Wed-Thu-Fri-Sat-Sun_20260101-20270830,33735,,BANGAON JN,0,,33735,0,0,0
33736,Mon-Tue-Wed-Thu-Fri-Sat-Sun_20260101-20270830,33736,,RANAGHAT JN,0,,33736,0,0,0
33737,Mon-Tue-Wed-Thu-Fri-Sat-Sun_20260101-20270830,33737,,BANGAON JN,0,,33737,0,0,0
33738,Mon-Tue-Wed-Thu-Fri-Sat-Sun_20260101-20270830,33738,,RANAGHAT JN,0,,33738,0,0,0
33739,Mon-Tue-Wed-Thu-Fri-Sat-Sun_20260101-20270830,33739,,BANGAON JN,0,,33739,0,0,0
33740,Mon-Tue-Wed-Thu-Fri-Sat-Sun_20260101-20270830,33740,,RANAGHAT JN,0,,33740,0,0,0
33741,Mon-Tue-Wed-Thu-Fri-Sat-Sun_20260101-20270830,33741,,BANGAON JN,0,,33741,0,0,0
33742,Mon-Tue-Wed-Thu-Fri-Sat-Sun_20260101-20270830,33742,,RANAGHAT JN,0,,33742,0,0,0
33743,Mon-Tue-Wed-Thu-Fri-Sat-Sun_20260101-20270830,33743,,BANGAON JN,0,,33743,0,0,0
33751,Mon-Tue-Wed-Thu-Fri-Sat-Sun_20260101-20270830,33751,,BANGAON JN,0,,33751,0,0,0
33752,Mon-Tue-Wed-Thu-Fri-Sat-Sun_20260101-20270830,33752,,SHANTIPUR,0,,33752,0,0,0
33761,Mon-Tue-Wed-Thu-Fri-Sat_20260101-20270830,33761,,RANAGHAT JN,0,,33761,0,0,0
33762,Mon-Tue-Wed-Thu-Fri-Sat_20260220-20270830,33762,,SEALDAH,0,,33762,0,0,0
33801,Mon-Tue-Wed-Thu-Fri-Sat_20260101-20270830,33801,,BANGAON JN,0,,33801,0,0,0
33802,Mon-Tue-Wed-Thu-Fri-Sat_20260101-20270830,33802,,SEALDAH,0,,33802,0,0,0
33811,Mon-Tue-Wed-Thu-Fri-Sat-Sun_20260101-20270830,33811,,BANGAON JN,0,,33811,0,0,0
33812,Mon-Tue-Wed-Thu-Fri-Sat-Sun_20260101-20270830,33812,,SEALDAH,0,,33812,0,0,0
33813,Mon-Tue-Wed-Thu-Fri-Sat-Sun_20260101-20270830,33813,,BANGAON JN,0,,33813,0,0,0
33814,Mon-Tue-Wed-Thu-Fri-Sat-Sun_20260324-20270830,33814,,SEALDAH,0,,33814,0,0,0
33815,Mon-Tue-Wed-Thu-Fri-Sat-Sun_20260101-20270830,33815,,BANGAON JN,0,,33815,0,0,0
33816,Mon-Tue-Wed-Thu-Fri-Sat-Sun_20260324-20270830,33816,,SEALDAH,0,,33816,0,0,0
33817,Mon-Tue-Wed-Thu-Fri-Sat-Sun_20260324-20270830,33817,,BANGAON JN,0,,33817,0,0,0
33818,Mon-Tue-Wed-Thu-Fri-Sat-Sun_20260101-20270830,33818,,SEALDAH,0,,33818,0,0,0
33819,Mon-Tue-Wed-Thu-Fri-Sat-Sun_20260101-20270830,33819,,BANGAON JN,0,,33819,0,0,0
33820,Mon-Tue-Wed-Thu-Fri-Sat-Sun_20260324-20270830,33820,,SEALDAH,0,,33820,0,0,0
33821,Mon-Tue-Wed-Thu-Fri-Sat-Sun_20260101-20270830,33821,,BANGAON JN,0,,33821,0,0,0
33822,Mon-Tue-Wed-Thu-Fri-Sat-Sun_20260101-20270830,33822,,SEALDAH,0,,33822,0,0,0
33823,Mon-Tue-Wed-Thu-Fri-Sat-Sun_20260101-20270830,33823,,BANGAON JN,0,,33823,0,0,0
33824,Mon-Tue-Wed-Thu-Fri-Sat-Sun_20260101-20270830,33824,,SEALDAH,0,,33824,0,0,0
33825,Mon-Tue-Wed-Thu-Fri-Sat-Sun_20260101-20270830,33825,,BANGAON JN,0,,33825,0,0,0
33826,Mon-Tue-Wed-Thu-Fri-Sat-Sun_20260101-20270830,33826,,SEALDAH,0,,33826,0,0,0
33827,Mon-Tue-Wed-Thu-Fri-Sat-Sun_20260101-20270830,33827,,BANGAON JN,0,,33827,0,0,0
33828,Mon-Tue-Wed-Thu-Fri-Sat-Sun_20260101-20270830,33828,,SEALDAH,0,,33828,0,0,0
33830,Mon-Tue-Wed-Thu-Fri-Sat-Sun_20260101-20270830,33830,,SEALDAH,0,,33830,0,0,0
33831,Mon-Tue-Wed-Thu-Fri-Sat-Sun_20260101-20270830,33831,,BANGAON JN,0,,33831,0,0,0
33832,Mon-Tue-Wed-Thu-Fri-Sat-Sun_20260101-20270830,33832,,SEALDAH,0,,33832,0,0,0
33833,Mon-Tue-Wed-Thu-Fri-Sat-Sun_20260101-20270830,33833,,BANGAON JN,0,,33833,0,0,0
33834,Mon-Tue-Wed-Thu-Fri-Sat-Sun_20260101-20270830,33834,,SEALDAH,0,,33834,0,0,0
33835,Mon-Tue-Wed-Thu-Fri-Sat-Sun_20260101-20270830,33835,,BANGAON JN,0,,33835,0,0,0
33836,Mon-Tue-Wed-Thu-Fri-Sat-Sun_20260101-20270830,33836,,SEALDAH,0,,33836,0,0,0
33837,Mon-Tue-Wed-Thu-Fri-Sat-Sun_20260101-20270830,33837,,BANGAON JN,0,,33837,0,0,0
33839,Mon-Tue-Wed-Thu-Fri-Sat-Sun_20260101-20270830,33839,,BANGAON JN,0,,33839,0,0,0
33840,Mon-Tue-Wed-Thu-Fri-Sat-Sun_20260101-20270830,33840,,SEALDAH,0,,33840,0,0,0
33841,Mon-Tue-Wed-Thu-Fri-Sat-Sun_20260101-20270830,33841,,BANGAON JN,0,,33841,0,0,0
33842,Mon-Tue-Wed-Thu-Fri-Sat-Sun_20260101-20270830,33842,,SEALDAH,0,,33842,0,0,0
33843,Mon-Tue-Wed-Thu-Fri-Sat-Sun_20260101-20270830,33843,,BANGAON JN,0,,33843,0,0,0
33844,Mon-Tue-Wed-Thu-Fri-Sat-Sun_20260101-20270830,33844,,SEALDAH,0,,33844,0,0,0
33845,Mon-Tue-Wed-Thu-Fri-Sat-Sun_20260101-20270830,33845,,BANGAON JN,0,,33845,0,0,0
33846,Mon-Tue-Wed-Thu-Fri-Sat-Sun_20260101-20270830,33846,,SEALDAH,0,,33846,0,0,0
33847,Mon-Tue-Wed-Thu-Fri-Sat-Sun_20260101-20270830,33847,,BANGAON JN,0,,33847,0,0,0
33848,Mon-Tue-Wed-Thu-Fri-Sat-Sun_20260101-20270830,33848,,SEALDAH,0,,33848,0,0,0
33849,Mon-Tue-Wed-Thu-Fri-Sat_20260101-20270830,33849,,BANGAON JN,0,,33849,0,0,0
33850,Mon-Tue-Wed-Thu-Fri-Sat-Sun_20260101-20270830,33850,,SEALDAH,0,,33850,0,0,0
33851,Mon-Tue-Wed-Thu-Fri-Sat-Sun_20260101-20270830,33851,,BANGAON JN,0,,33851,0,0,0
33852,Mon-Tue-Wed-Thu-Fri-Sat-Sun_20260101-20270830,33852,,SEALDAH,0,,33852,0,0,0
33853,Mon-Tue-Wed-Thu-Fri-Sat-Sun_20260101-20270830,33853,,BANGAON JN,0,,33853,0,0,0
33854,Mon-Tue-Wed-Thu-Fri-Sat-Sun_20260101-20270830,33854,,SEALDAH,0,,33854,0,0,0
33855,Mon-Tue-Wed-Thu-Fri-Sat-Sun_20260101-20270830,33855,,BANGAON JN,0,,33855,0,0,0
33856,Mon-Tue-Wed-Thu-Fri-Sat_20260101-20270830,33856,,SEALDAH,0,,33856,0,0,0
33857,Mon-Tue-Wed-Thu-Fri-Sat-Sun_20260101-20270830,33857,,BANGAON JN,0,,33857,0,0,0
33858,Mon-Tue-Wed-Thu-Fri-Sat-Sun_20260101-20270830,33858,,SEALDAH,0,,33858,0,0,0
33859,Mon-Tue-Wed-Thu-Fri-Sat-Sun_20260101-20270830,33859,,BANGAON JN,0,,33859,0,0,0
33860,Mon-Tue-Wed-Thu-Fri-Sat-Sun_20260101-20270830,33860,,SEALDAH,0,,33860,0,0,0
33861,Mon-Tue-Wed-Thu-Fri-Sat-Sun_20260101-20270830,33861,,BANGAON JN,0,,33861,0,0,0
33862,Mon-Tue-Wed-Thu-Fri-Sat-Sun_20260101-20270830,33862,,SEALDAH,0,,33862,0,0,0
33863,Mon-Tue-Wed-Thu-Fri-Sat-Sun_20260101-20270830,33863,,BANGAON JN,0,,33863,0,0,0
33865,Mon-Tue-Wed-Thu-Fri-Sat-Sun_20260101-20270830,33865,,BANGAON JN,0,,33865,0,0,0
33891,Mon-Tue-Wed-Thu-Fri-Sat-Sun_20260101-20270830,33891,,BANGAON JN,0,,33891,0,0,0
33893,Mon-Tue-Wed-Thu-Fri-Sat-Sun_20260101-20270830,33893,,BANGAON JN,0,,33893,0,0,0
34052,Mon-Tue-Wed-Thu-Fri-Sat-Sun_20260101-20270830,34052,,KOMAGATA MARU BUDGE BUDGE,0,,34052,0,0,0
34054,Mon-Tue-Wed-Thu-Fri-Sat-Sun_20260101-20270830,34054,,KOMAGATA MARU BUDGE BUDGE,0,,34054,0,0,0
34056,Mon-Tue-Wed-Thu-Fri-Sat-Sun_20260101-20270830,34056,,KOMAGATA MARU BUDGE BUDGE,0,,34056,0,0,0
34062,Mon-Tue-Wed-Thu-Fri-Sat-Sun_20260101-20270830,34062,,CANNING,0,,34062,0,0,0
34111,Mon-Tue-Wed-Thu-Fri-Sat-Sun_20260101-20270830,34111,,SEALDAH,0,,34111,0,0,0
34112,Mon-Tue-Wed-Thu-Fri-Sat-Sun_20260101-20270830,34112,,KOMAGATA MARU BUDGE BUDGE,0,,34112,0,0,0
34113,Mon-Tue-Wed-Thu-Fri-Sat-Sun_20260101-20270830,34113,,SEALDAH,0,,34113,0,0,0
34114,Mon-Tue-Wed-Thu-Fri-Sat-Sun_20260101-20270830,34114,,KOMAGATA MARU BUDGE BUDGE,0,,34114,0,0,0
34115,Mon-Tue-Wed-Thu-Fri-Sat-Sun_20260101-20270830,34115,,SEALDAH,0,,34115,0,0,0
34116,Mon-Tue-Wed-Thu-Fri-Sat-Sun_20260101-20270830,34116,,KOMAGATA MARU BUDGE BUDGE,0,,34116,0,0,0
34117,Mon-Tue-Wed-Thu-Fri-Sat-Sun_20260101-20270830,34117,,SEALDAH,0,,34117,0,0,0
34118,Mon-Tue-Wed-Thu-Fri-Sat-Sun_20260101-20270830,34118,,KOMAGATA MARU BUDGE BUDGE,0,,34118,0,0,0
34119,Mon-Tue-Wed-Thu-Fri-Sat-Sun_20260101-20270830,34119,,SEALDAH,0,,34119,0,0,0
34120,Mon-Tue-Wed-Thu-Fri-Sat-Sun_20260101-20270830,34120,,KOMAGATA MARU BUDGE BUDGE,0,,34120,0,0,0
34121,Mon-Tue-Wed-Thu-Fri-Sat-Sun_20260101-20270830,34121,,SEALDAH,0,,34121,0,0,0
34122,Mon-Tue-Wed-Thu-Fri-Sat-Sun_20260101-20270830,34122,,KOMAGATA MARU BUDGE BUDGE,0,,34122,0,0,0
34123,Mon-Tue-Wed-Thu-Fri-Sat-Sun_20260101-20270830,34123,,SEALDAH,0,,34123,0,0,0
34124,Mon-Tue-Wed-Thu-Fri-Sat-Sun_20260101-20270830,34124,,KOMAGATA MARU BUDGE BUDGE,0,,34124,0,0,0
34125,Mon-Tue-Wed-Thu-Fri-Sat-Sun_20260101-20270830,34125,,SEALDAH,0,,34125,0,0,0
34126,Mon-Tue-Wed-Thu-Fri-Sat-Sun_20260101-20270830,34126,,KOMAGATA MARU BUDGE BUDGE,0,,34126,0,0,0
34127,Mon-Tue-Wed-Thu-Fri-Sat_20260101-20270830,34127,,SEALDAH,0,,34127,0,0,0
34128,Mon-Tue-Wed-Thu-Fri-Sat_20260101-20270830,34128,,KOMAGATA MARU BUDGE BUDGE,0,,34128,0,0,0
34129,Mon-Tue-Wed-Thu-Fri-Sat-Sun_20260101-20270830,34129,,SEALDAH,0,,34129,0,0,0
34130,Mon-Tue-Wed-Thu-Fri-Sat-Sun_20260101-20270830,34130,,KOMAGATA MARU BUDGE BUDGE,0,,34130,0,0,0
34132,Mon-Tue-Wed-Thu-Fri-Sat-Sun_20260101-20270830,34132,,KOMAGATA MARU BUDGE BUDGE,0,,34132,0,0,0
34133,Mon-Tue-Wed-Thu-Fri-Sat-Sun_20260101-20270830,34133,,SEALDAH,0,,34133,0,0,0
34136,Mon-Tue-Wed-Thu-Fri-Sat-Sun_20260101-20270830,34136,,KOMAGATA MARU BUDGE BUDGE,0,,34136,0,0,0
34137,Mon-Tue-Wed-Thu-Fri-Sat-Sun_20260101-20270830,34137,,SEALDAH,0,,34137,0,0,0
34140,Mon-Tue-Wed-Thu-Fri-Sat-Sun_20260101-20270830,34140,,KOMAGATA MARU BUDGE BUDGE,0,,34140,0,0,0
34141,Mon-Tue-Wed-Thu-Fri-Sat-Sun_20260101-20270830,34141,,SEALDAH,0,,34141,0,0,0
34145,Mon-Tue-Wed-Thu-Fri-Sat-Sun_20260101-20270830,34145,,SEALDAH,0,,34145,0,0,0
34146,Mon-Tue-Wed-Thu-Fri-Sat-Sun_20260101-20270830,34146,,KOMAGATA MARU BUDGE BUDGE,0,,34146,0,0,0
34147,Mon-Tue-Wed-Thu-Fri-Sat-Sun_20260101-20270830,34147,,SEALDAH,0,,34147,0,0,0
34148,Mon-Tue-Wed-Thu-Fri-Sat-Sun_20260101-20270830,34148,,KOMAGATA MARU BUDGE BUDGE,0,,34148,0,0,0
34149,Mon-Tue-Wed-Thu-Fri-Sat-Sun_20260101-20270830,34149,,SEALDAH,0,,34149,0,0,0
34150,Mon-Tue-Wed-Thu-Fri-Sat-Sun_20260101-20270830,34150,,KOMAGATA MARU BUDGE BUDGE,0,,34150,0,0,0
34151,Mon-Tue-Wed-Thu-Fri-Sat-Sun_20260101-20270830,34151,,SEALDAH,0,,34151,0,0,0
34152,Mon-Tue-Wed-Thu-Fri-Sat-Sun_20260101-20270830,34152,,KOMAGATA MARU BUDGE BUDGE,0,,34152,0,0,0
34153,Mon-Tue-Wed-Thu-Fri-Sat-Sun_20260101-20270830,34153,,SEALDAH,0,,34153,0,0,0
34154,Mon-Tue-Wed-Thu-Fri-Sat-Sun_20260101-20270830,34154,,KOMAGATA MARU BUDGE BUDGE,0,,34154,0,0,0
34155,Mon-Tue-Wed-Thu-Fri-Sat-Sun_20260101-20270830,34155,,SEALDAH,0,,34155,0,0,0
34156,Mon-Tue-Wed-Thu-Fri-Sat-Sun_20260101-20270830,34156,,KOMAGATA MARU BUDGE BUDGE,0,,34156,0,0,0
34157,Mon-Tue-Wed-Thu-Fri-Sat-Sun_20260101-20270830,34157,,SEALDAH,0,,34157,0,0,0
34158,Mon-Tue-Wed-Thu-Fri-Sat-Sun_20260101-20270830,34158,,KOMAGATA MARU BUDGE BUDGE,0,,34158,0,0,0
34159,Mon-Tue-Wed-Thu-Fri-Sat-Sun_20260101-20270830,34159,,SEALDAH,0,,34159,0,0,0
34160,Mon-Tue-Wed-Thu-Fri-Sat-Sun_20260101-20270830,34160,,KOMAGATA MARU BUDGE BUDGE,0,,34160,0,0,0
34161,Mon-Tue-Wed-Thu-Fri-Sat-Sun_20260101-20270830,34161,,SEALDAH,0,,34161,0,0,0
34162,Mon-Tue-Wed-Thu-Fri-Sat-Sun_20260101-20270830,34162,,KOMAGATA MARU BUDGE BUDGE,0,,34162,0,0,0
34163,Mon-Tue-Wed-Thu-Fri-Sat-Sun_20260101-20270830,34163,,SEALDAH,0,,34163,0,0,0
34164,Mon-Tue-Wed-Thu-Fri-Sat-Sun_20260101-20270830,34164,,KOMAGATA MARU BUDGE BUDGE,0,,34164,0,0,0
34167,Mon-Tue-Wed-Thu-Fri-Sat-Sun_20260101-20270830,34167,,SEALDAH,0,,34167,0,0,0
34168,Mon-Tue-Wed-Thu-Fri-Sat-Sun_20260101-20270830,34168,,KOMAGATA MARU BUDGE BUDGE,0,,34168,0,0,0
34311,Mon-Tue-Wed-Thu-Fri-Sat_20260706-20270830,34311,,SONARPUR JN.,0,,34311,0,0,0
34312,Mon-Tue-Wed-Thu-Fri-Sat-Sun_20260101-20270830,34312,,BARUIPUR JN.,0,,34312,0,0,0
34313,Mon-Tue-Wed-Thu-Fri-Sat-Sun_20260101-20270830,34313,,SONARPUR JN.,0,,34313,0,0,0
34331,Mon-Tue-Wed-Thu-Fri-Sat-Sun_20260101-20270830,34331,,BARUIPUR JN.,0,,34331,0,0,0
34332,Mon-Tue-Wed-Thu-Fri-Sat-Sun_20260101-20270830,34332,,LAKSHMIKANTPUR,0,,34332,0,0,0
34333,Mon-Tue-Wed-Thu-Fri-Sat-Sun_20260101-20270830,34333,,SONARPUR JN.,0,,34333,0,0,0
34334,Mon-Tue-Wed-Thu-Fri-Sat_20260101-20270830,34334,,LAKSHMIKANTPUR,0,,34334,0,0,0
34336,Mon-Tue-Wed-Thu-Fri-Sat-Sun_20260101-20270830,34336,,SONARPUR JN.,0,,34336,0,0,0
34338,Mon-Tue-Wed-Thu-Fri-Sat-Sun_20260101-20270830,34338,,SONARPUR JN.,0,,34338,0,0,0
34352,Mon-Tue-Wed-Thu-Fri-Sat-Sun_20260101-20270830,34352,,CANNING,0,,34352,0,0,0
34353,Mon-Tue-Wed-Thu-Fri-Sat_20260101-20270830,34353,,SONARPUR JN.,0,,34353,0,0,0
34354,Mon-Tue-Wed-Thu-Fri-Sat-Sun_20260101-20270830,34354,,CANNING,0,,34354,0,0,0
34355,Mon-Tue-Wed-Thu-Fri-Sat_20260101-20270830,34355,,SONARPUR JN.,0,,34355,0,0,0
34356,Mon-Tue-Wed-Thu-Fri-Sat_20260101-20270830,34356,,CANNING,0,,34356,0,0,0
34357,Mon-Tue-Wed-Thu-Fri-Sat-Sun_20260101-20270830,34357,,SONARPUR JN.,0,,34357,0,0,0
34359,Mon-Tue-Wed-Thu-Fri-Sat_20260707-20270830,34359,,SONARPUR JN.,0,,34359,0,0,0
34360,Mon-Tue-Wed-Thu-Fri-Sat_20260101-20270830,34360,,CANNING,0,,34360,0,0,0
34362,Mon-Tue-Wed-Thu-Fri-Sat-Sun_20260101-20270830,34362,,CANNING,0,,34362,0,0,0
34371,Mon-Tue-Wed-Thu-Fri-Sat-Sun_20260101-20270830,34371,,BALLYGUNGE JN.,0,,34371,0,0,0
34391,Mon-Tue-Wed-Thu-Fri-Sat-Sun_20260702-20270830,34391,,SONARPUR JN.,0,,34391,0,0,0
34392,Mon-Tue-Wed-Thu-Fri-Sat-Sun_20260101-20270830,34392,,CHAMPAHATI,0,,34392,0,0,0
34411,Mon-Tue-Wed-Thu-Fri-Sat-Sun_20260101-20270830,34411,,SEALDAH,0,,34411,0,0,0
34412,Mon-Tue-Wed-Thu-Fri-Sat-Sun_20260101-20270830,34412,,SONARPUR JN.,0,,34412,0,0,0
34413,Mon-Tue-Wed-Thu-Fri-Sat-Sun_20260101-20270830,34413,,SEALDAH,0,,34413,0,0,0
34414,Mon-Tue-Wed-Thu-Fri-Sat-Sun_20260101-20270830,34414,,SONARPUR JN.,0,,34414,0,0,0
34415,Mon-Tue-Wed-Thu-Fri-Sat_20260101-20270830,34415,,SEALDAH,0,,34415,0,0,0
34416,Mon-Tue-Wed-Thu-Fri-Sat-Sun_20260101-20270830,34416,,SONARPUR JN.,0,,34416,0,0,0
34417,Mon-Tue-Wed-Thu-Fri-Sat-Sun_20260101-20270830,34417,,SEALDAH,0,,34417,0,0,0
34418,Mon-Tue-Wed-Thu-Fri-Sat_20260101-20270830,34418,,SONARPUR JN.,0,,34418,0,0,0
34419,Mon-Tue-Wed-Thu-Fri-Sat_20260101-20270830,34419,,SEALDAH,0,,34419,0,0,0
34420,Mon-Tue-Wed-Thu-Fri-Sat_20260706-20270830,34420,,CANNING,0,,34420,0,0,0
34423,Mon-Tue-Wed-Thu-Fri-Sat_20260101-20270830,34423,,SEALDAH,0,,34423,0,0,0
34424,Mon-Tue-Wed-Thu-Fri-Sat-Sun_20260101-20270830,34424,,SONARPUR JN.,0,,34424,0,0,0
34425,Mon-Tue-Wed-Thu-Fri-Sat_20260101-20270830,34425,,SEALDAH,0,,34425,0,0,0
34426,Mon-Tue-Wed-Thu-Fri-Sat-Sun_20260101-20270830,34426,,SONARPUR JN.,0,,34426,0,0,0
34427,Mon-Tue-Wed-Thu-Fri-Sat-Sun_20260706-20270830,34427,,SEALDAH,0,,34427,0,0,0
34428,Mon-Tue-Wed-Thu-Fri-Sat-Sun_20260101-20270830,34428,,SONARPUR JN.,0,,34428,0,0,0
34429,Mon-Tue-Wed-Thu-Fri-Sat-Sun_20260101-20270830,34429,,SEALDAH,0,,34429,0,0,0
34431,Mon-Tue-Wed-Thu-Fri-Sat_20260101-20270830,34431,,SEALDAH,0,,34431,0,0,0
34432,Mon-Tue-Wed-Thu-Fri-Sat-Sun_20260101-20270830,34432,,SONARPUR JN.,0,,34432,0,0,0
34434,Mon-Tue-Wed-Thu-Fri-Sat_20260101-20270830,34434,,SONARPUR JN.,0,,34434,0,0,0
34436,Mon-Tue-Wed-Thu-Fri-Sat-Sun_20260101-20270830,34436,,SONARPUR JN.,0,,34436,0,0,0
34438,Mon-Tue-Wed-Thu-Fri-Sat-Sun_20260101-20270830,34438,,SONARPUR JN.,0,,34438,0,0,0
34440,Mon-Tue-Wed-Thu-Fri-Sat_20260707-20270830,34440,,SONARPUR JN.,0,,34440,0,0,0
34501,Mon-Tue-Wed-Thu-Fri-Sat_20260101-20270830,34501,,SEALDAH,0,,34501,0,0,0
34502,Mon-Tue-Wed-Thu-Fri-Sat_20260706-20270830,34502,,CANNING,0,,34502,0,0,0
34511,Mon-Tue-Wed-Thu-Fri-Sat-Sun_20260101-20270830,34511,,SEALDAH,0,,34511,0,0,0
34512,Mon-Tue-Wed-Thu-Fri-Sat-Sun_20260101-20270830,34512,,CANNING,0,,34512,0,0,0
34513,Mon-Tue-Wed-Thu-Fri-Sat-Sun_20260101-20270830,34513,,SEALDAH,0,,34513,0,0,0
34514,Mon-Tue-Wed-Thu-Fri-Sat-Sun_20260101-20270830,34514,,CANNING,0,,34514,0,0,0
34515,Mon-Tue-Wed-Thu-Fri-Sat-Sun_20260101-20270830,34515,,SEALDAH,0,,34515,0,0,0
34516,Mon-Tue-Wed-Thu-Fri-Sat-Sun_20260101-20270830,34516,,CANNING,0,,34516,0,0,0
34517,Mon-Tue-Wed-Thu-Fri-Sat-Sun_20260101-20270830,34517,,SEALDAH,0,,34517,0,0,0
34518,Mon-Tue-Wed-Thu-Fri-Sat-Sun_20260101-20270830,34518,,CANNING,0,,34518,0,0,0
34519,Mon-Tue-Wed-Thu-Fri-Sat-Sun_20260101-20270830,34519,,SEALDAH,0,,34519,0,0,0
34520,Mon-Tue-Wed-Thu-Fri-Sat-Sun_20260101-20270830,34520,,CANNING,0,,34520,0,0,0
34521,Mon-Tue-Wed-Thu-Fri-Sat-Sun_20260324-20270830,34521,,SEALDAH,0,,34521,0,0,0
34522,Mon-Tue-Wed-Thu-Fri-Sat-Sun_20260101-20270830,34522,,CANNING,0,,34522,0,0,0
34523,Mon-Tue-Wed-Thu-Fri-Sat-Sun_20260101-20270830,34523,,SEALDAH,0,,34523,0,0,0
34524,Mon-Tue-Wed-Thu-Fri-Sat-Sun_20260101-20270830,34524,,CANNING,0,,34524,0,0,0
34525,Mon-Tue-Wed-Thu-Fri-Sat-Sun_20260101-20270830,34525,,SEALDAH,0,,34525,0,0,0
34526,Mon-Tue-Wed-Thu-Fri-Sat-Sun_20260101-20270830,34526,,CANNING,0,,34526,0,0,0
34527,Mon-Tue-Wed-Thu-Fri-Sat-Sun_20260324-20270830,34527,,SEALDAH,0,,34527,0,0,0
34528,Mon-Tue-Wed-Thu-Fri-Sat-Sun_20260101-20270830,34528,,CANNING,0,,34528,0,0,0
34529,Mon-Tue-Wed-Thu-Fri-Sat-Sun_20260101-20270830,34529,,SEALDAH,0,,34529,0,0,0
34530,Mon-Tue-Wed-Thu-Fri-Sat_20260101-20270830,34530,,CANNING,0,,34530,0,0,0
34531,Mon-Tue-Wed-Thu-Fri-Sat-Sun_20260101-20270830,34531,,SEALDAH,0,,34531,0,0,0
34532,Mon-Tue-Wed-Thu-Fri-Sat-Sun_20260101-20270830,34532,,CANNING,0,,34532,0,0,0
34533,Mon-Tue-Wed-Thu-Fri-Sat-Sun_20260101-20270830,34533,,SEALDAH,0,,34533,0,0,0
34534,Mon-Tue-Wed-Thu-Fri-Sat-Sun_20260101-20270830,34534,,CANNING,0,,34534,0,0,0
34535,Mon-Tue-Wed-Thu-Fri-Sat-Sun_20260101-20270830,34535,,SEALDAH,0,,34535,0,0,0
34536,Mon-Tue-Wed-Thu-Fri-Sat-Sun_20260324-20270830,34536,,CANNING,0,,34536,0,0,0
34537,Mon-Tue-Wed-Thu-Fri-Sat-Sun_20260101-20270830,34537,,SEALDAH,0,,34537,0,0,0
34538,Mon-Tue-Wed-Thu-Fri-Sat-Sun_20260324-20270830,34538,,CANNING,0,,34538,0,0,0
34539,Mon-Tue-Wed-Thu-Fri-Sat_20260101-20270830,34539,,SEALDAH,0,,34539,0,0,0
34540,Mon-Tue-Wed-Thu-Fri-Sat-Sun_20260101-20270830,34540,,CANNING,0,,34540,0,0,0
34541,Mon-Tue-Wed-Thu-Fri-Sat-Sun_20260101-20270830,34541,,SEALDAH,0,,34541,0,0,0
34542,Mon-Tue-Wed-Thu-Fri-Sat-Sun_20260101-20270830,34542,,CANNING,0,,34542,0,0,0
34543,Mon-Tue-Wed-Thu-Fri-Sat-Sun_20260101-20270830,34543,,SEALDAH,0,,34543,0,0,0
34544,Mon-Tue-Wed-Thu-Fri-Sat-Sun_20260101-20270830,34544,,CANNING,0,,34544,0,0,0
34545,Mon-Tue-Wed-Thu-Fri-Sat-Sun_20260101-20270830,34545,,SEALDAH,0,,34545,0,0,0
34546,Mon-Tue-Wed-Thu-Fri-Sat-Sun_20260101-20270830,34546,,CANNING,0,,34546,0,0,0
34547,Mon-Tue-Wed-Thu-Fri-Sat-Sun_20260101-20270830,34547,,SEALDAH,0,,34547,0,0,0
34548,Mon-Tue-Wed-Thu-Fri-Sat-Sun_20260101-20270830,34548,,CANNING,0,,34548,0,0,0
34549,Mon-Tue-Wed-Thu-Fri-Sat-Sun_20260101-20270830,34549,,SEALDAH,0,,34549,0,0,0
34550,Mon-Tue-Wed-Thu-Fri-Sat-Sun_20260101-20270830,34550,,CANNING,0,,34550,0,0,0
34551,Mon-Tue-Wed-Thu-Fri-Sat-Sun_20260101-20270830,34551,,SEALDAH,0,,34551,0,0,0
34552,Mon-Tue-Wed-Thu-Fri-Sat-Sun_20260101-20270830,34552,,CANNING,0,,34552,0,0,0
34553,Mon-Tue-Wed-Thu-Fri-Sat-Sun_20260101-20270830,34553,,SEALDAH,0,,34553,0,0,0
34554,Mon-Tue-Wed-Thu-Fri-Sat-Sun_20260101-20270830,34554,,CANNING,0,,34554,0,0,0
34555,Mon-Tue-Wed-Thu-Fri-Sat-Sun_20260101-20270830,34555,,SEALDAH,0,,34555,0,0,0
34556,Mon-Tue-Wed-Thu-Fri-Sat-Sun_20260101-20270830,34556,,CANNING,0,,34556,0,0,0
34557,Mon-Tue-Wed-Thu-Fri-Sat-Sun_20260101-20270830,34557,,SEALDAH,0,,34557,0,0,0
34601,Mon-Tue-Wed-Thu-Fri-Sat_20260101-20270830,34601,,SEALDAH,0,,34601,0,0,0
34602,Mon-Tue-Wed-Thu-Fri-Sat_20260101-20270830,34602,,BARUIPUR JN.,0,,34602,0,0,0
34611,Mon-Tue-Wed-Thu-Fri-Sat-Sun_20260101-20270830,34611,,SEALDAH,0,,34611,0,0,0
34612,Mon-Tue-Wed-Thu-Fri-Sat-Sun_20260101-20270830,34612,,BARUIPUR JN.,0,,34612,0,0,0
34613,Mon-Tue-Wed-Thu-Fri-Sat-Sun_20260101-20270830,34613,,SEALDAH,0,,34613,0,0,0
34614,Mon-Tue-Wed-Thu-Fri-Sat-Sun_20260101-20270830,34614,,BARUIPUR JN.,0,,34614,0,0,0
34615,Mon-Tue-Wed-Thu-Fri-Sat_20260101-20270830,34615,,SEALDAH,0,,34615,0,0,0
34616,Mon-Tue-Wed-Thu-Fri-Sat_20260101-20270830,34616,,BARUIPUR JN.,0,,34616,0,0,0
34617,Mon-Tue-Wed-Thu-Fri-Sat_20260101-20270830,34617,,SEALDAH,0,,34617,0,0,0
34618,Mon-Tue-Wed-Thu-Fri-Sat_20260101-20270830,34618,,BARUIPUR JN.,0,,34618,0,0,0
34619,Mon-Tue-Wed-Thu-Fri-Sat-Sun_20260101-20270830,34619,,SEALDAH,0,,34619,0,0,0
34620,Mon-Tue-Wed-Thu-Fri-Sat-Sun_20260101-20270830,34620,,BARUIPUR JN.,0,,34620,0,0,0
34621,Mon-Tue-Wed-Thu-Fri-Sat-Sun_20260101-20270830,34621,,SEALDAH,0,,34621,0,0,0
34622,Mon-Tue-Wed-Thu-Fri-Sat-Sun_20260101-20270830,34622,,BARUIPUR JN.,0,,34622,0,0,0
34623,Mon-Tue-Wed-Thu-Fri-Sat-Sun_20260101-20270830,34623,,SEALDAH,0,,34623,0,0,0
34624,Mon-Tue-Wed-Thu-Fri-Sat-Sun_20260101-20270830,34624,,BARUIPUR JN.,0,,34624,0,0,0
34625,Mon-Tue-Wed-Thu-Fri-Sat-Sun_20260101-20270830,34625,,SEALDAH,0,,34625,0,0,0
34626,Mon-Tue-Wed-Thu-Fri-Sat-Sun_20260706-20270830,34626,,BARUIPUR JN.,0,,34626,0,0,0
34627,Mon-Tue-Wed-Thu-Fri-Sat-Sun_20260101-20270830,34627,,SEALDAH,0,,34627,0,0,0
34628,Mon-Tue-Wed-Thu-Fri-Sat_20260101-20270830,34628,,BARUIPUR JN.,0,,34628,0,0,0
34629,Mon-Tue-Wed-Thu-Fri-Sat_20260101-20270830,34629,,SEALDAH,0,,34629,0,0,0
34632,Mon-Tue-Wed-Thu-Fri-Sat-Sun_20260101-20270830,34632,,BARUIPUR JN.,0,,34632,0,0,0
34633,Mon-Tue-Wed-Thu-Fri-Sat-Sun_20260101-20270830,34633,,SEALDAH,0,,34633,0,0,0
34636,Mon-Tue-Wed-Thu-Fri-Sat-Sun_20260101-20270830,34636,,BARUIPUR JN.,0,,34636,0,0,0
34637,Mon-Tue-Wed-Thu-Fri-Sat-Sun_20260101-20270830,34637,,SEALDAH,0,,34637,0,0,0
34638,Mon-Tue-Wed-Thu-Fri-Sat-Sun_20260101-20270830,34638,,BARUIPUR JN.,0,,34638,0,0,0
34639,Mon-Tue-Wed-Thu-Fri-Sat-Sun_20260101-20270830,34639,,SEALDAH,0,,34639,0,0,0
34640,Mon-Tue-Wed-Thu-Fri-Sat-Sun_20260101-20270830,34640,,BARUIPUR JN.,0,,34640,0,0,0
34641,Mon-Tue-Wed-Thu-Fri-Sat-Sun_20260101-20270830,34641,,SEALDAH,0,,34641,0,0,0
34642,Mon-Tue-Wed-Thu-Fri-Sat-Sun_20260101-20270830,34642,,BARUIPUR JN.,0,,34642,0,0,0
34643,Mon-Tue-Wed-Thu-Fri-Sat-Sun_20260101-20270830,34643,,SEALDAH,0,,34643,0,0,0
34644,Mon-Tue-Wed-Thu-Fri-Sat-Sun_20260101-20270830,34644,,BARUIPUR JN.,0,,34644,0,0,0
34645,Mon-Tue-Wed-Thu-Fri-Sat-Sun_20260101-20270830,34645,,SEALDAH,0,,34645,0,0,0
34646,Mon-Tue-Wed-Thu-Fri-Sat_20260706-20270830,34646,,LAKSHMIKANTPUR,0,,34646,0,0,0
34647,Mon-Tue-Wed-Thu-Fri-Sat-Sun_20260101-20270830,34647,,SEALDAH,0,,34647,0,0,0
34648,Mon-Tue-Wed-Thu-Fri-Sat-Sun_20260101-20270830,34648,,BARUIPUR JN.,0,,34648,0,0,0
34649,Mon-Tue-Wed-Thu-Fri-Sat-Sun_20260101-20270830,34649,,SEALDAH,0,,34649,0,0,0
34650,Mon-Tue-Wed-Thu-Fri-Sat-Sun_20260101-20270830,34650,,BARUIPUR JN.,0,,34650,0,0,0
34651,Mon-Tue-Wed-Thu-Fri-Sat-Sun_20260101-20270830,34651,,SEALDAH,0,,34651,0,0,0
34652,Mon-Tue-Wed-Thu-Fri-Sat-Sun_20260101-20270830,34652,,BARUIPUR JN.,0,,34652,0,0,0
34711,Mon-Tue-Wed-Thu-Fri-Sat-Sun_20260101-20270830,34711,,SEALDAH,0,,34711,0,0,0
34712,Mon-Tue-Wed-Thu-Fri-Sat-Sun_20260101-20270830,34712,,LAKSHMIKANTPUR,0,,34712,0,0,0
34713,Mon-Tue-Wed-Thu-Fri-Sat-Sun_20260101-20270830,34713,,SEALDAH,0,,34713,0,0,0
34714,Mon-Tue-Wed-Thu-Fri-Sat-Sun_20260101-20270830,34714,,LAKSHMIKANTPUR,0,,34714,0,0,0
34715,Mon-Tue-Wed-Thu-Fri-Sat-Sun_20260101-20270830,34715,,SEALDAH,0,,34715,0,0,0
34716,Mon-Tue-Wed-Thu-Fri-Sat-Sun_20260101-20270830,34716,,LAKSHMIKANTPUR,0,,34716,0,0,0
34717,Mon-Tue-Wed-Thu-Fri-Sat-Sun_20260101-20270830,34717,,SEALDAH,0,,34717,0,0,0
34718,Mon-Tue-Wed-Thu-Fri-Sat-Sun_20260101-20270830,34718,,LAKSHMIKANTPUR,0,,34718,0,0,0
34719,Mon-Tue-Wed-Thu-Fri-Sat-Sun_20260101-20270830,34719,,SEALDAH,0,,34719,0,0,0
34720,Mon-Tue-Wed-Thu-Fri-Sat-Sun_20260101-20270830,34720,,LAKSHMIKANTPUR,0,,34720,0,0,0
34721,Mon-Tue-Wed-Thu-Fri-Sat-Sun_20260101-20270830,34721,,SEALDAH,0,,34721,0,0,0
34722,Mon-Tue-Wed-Thu-Fri-Sat-Sun_20260101-20270830,34722,,LAKSHMIKANTPUR,0,,34722,0,0,0
34723,Mon-Tue-Wed-Thu-Fri-Sat-Sun_20260101-20270830,34723,,SEALDAH,0,,34723,0,0,0
34724,Mon-Tue-Wed-Thu-Fri-Sat-Sun_20260101-20270830,34724,,LAKSHMIKANTPUR,0,,34724,0,0,0
34725,Mon-Tue-Wed-Thu-Fri-Sat-Sun_20260101-20270830,34725,,SEALDAH,0,,34725,0,0,0
34726,Mon-Tue-Wed-Thu-Fri-Sat-Sun_20260101-20270830,34726,,LAKSHMIKANTPUR,0,,34726,0,0,0
34727,Mon-Tue-Wed-Thu-Fri-Sat-Sun_20260101-20270830,34727,,SEALDAH,0,,34727,0,0,0
34728,Mon-Tue-Wed-Thu-Fri-Sat-Sun_20260101-20270830,34728,,LAKSHMIKANTPUR,0,,34728,0,0,0
34729,Mon-Tue-Wed-Thu-Fri-Sat-Sun_20260101-20270830,34729,,SEALDAH,0,,34729,0,0,0
34730,Mon-Tue-Wed-Thu-Fri-Sat-Sun_20260101-20270830,34730,,LAKSHMIKANTPUR,0,,34730,0,0,0
34731,Mon-Tue-Wed-Thu-Fri-Sat-Sun_20260101-20270830,34731,,SEALDAH,0,,34731,0,0,0
34732,Mon-Tue-Wed-Thu-Fri-Sat-Sun_20260101-20270830,34732,,LAKSHMIKANTPUR,0,,34732,0,0,0
34733,Mon-Tue-Wed-Thu-Fri-Sat-Sun_20260101-20270830,34733,,SEALDAH,0,,34733,0,0,0
34734,Mon-Tue-Wed-Thu-Fri-Sat-Sun_20260101-20270830,34734,,LAKSHMIKANTPUR,0,,34734,0,0,0
34735,Mon-Tue-Wed-Thu-Fri-Sat-Sun_20260101-20270830,34735,,SEALDAH,0,,34735,0,0,0
34736,Mon-Tue-Wed-Thu-Fri-Sat-Sun_20260101-20270830,34736,,LAKSHMIKANTPUR,0,,34736,0,0,0
34737,Mon-Tue-Wed-Thu-Fri-Sat-Sun_20260101-20270830,34737,,SEALDAH,0,,34737,0,0,0
34738,Mon-Tue-Wed-Thu-Fri-Sat-Sun_20260101-20270830,34738,,LAKSHMIKANTPUR,0,,34738,0,0,0
34739,Mon-Tue-Wed-Thu-Fri-Sat-Sun_20260101-20270830,34739,,SEALDAH,0,,34739,0,0,0
34740,Mon-Tue-Wed-Thu-Fri-Sat-Sun_20260101-20270830,34740,,LAKSHMIKANTPUR,0,,34740,0,0,0
34741,Mon-Tue-Wed-Thu-Fri-Sat-Sun_20260101-20270830,34741,,SEALDAH,0,,34741,0,0,0
34742,Mon-Tue-Wed-Thu-Fri-Sat-Sun_20260101-20270830,34742,,LAKSHMIKANTPUR,0,,34742,0,0,0
34743,Mon-Tue-Wed-Thu-Fri-Sat-Sun_20260101-20270830,34743,,SEALDAH,0,,34743,0,0,0
34744,Mon-Tue-Wed-Thu-Fri-Sat-Sun_20260101-20270830,34744,,LAKSHMIKANTPUR,0,,34744,0,0,0
34745,Mon-Tue-Wed-Thu-Fri-Sat-Sun_20260101-20270830,34745,,SEALDAH,0,,34745,0,0,0
34746,Mon-Tue-Wed-Thu-Fri-Sat-Sun_20260101-20270830,34746,,LAKSHMIKANTPUR,0,,34746,0,0,0
34747,Mon-Tue-Wed-Thu-Fri-Sat-Sun_20260101-20270830,34747,,SEALDAH,0,,34747,0,0,0
34748,Mon-Tue-Wed-Thu-Fri-Sat-Sun_20260101-20270830,34748,,LAKSHMIKANTPUR,0,,34748,0,0,0
34749,Mon-Tue-Wed-Thu-Fri-Sat_20260101-20270830,34749,,SEALDAH,0,,34749,0,0,0
34750,Mon-Tue-Wed-Thu-Fri-Sat-Sun_20260101-20270830,34750,,LAKSHMIKANTPUR,0,,34750,0,0,0
34751,Mon-Tue-Wed-Thu-Fri-Sat-Sun_20260101-20270830,34751,,SEALDAH,0,,34751,0,0,0
34752,Mon-Tue-Wed-Thu-Fri-Sat-Sun_20260101-20270830,34752,,LAKSHMIKANTPUR,0,,34752,0,0,0
34753,Mon-Tue-Wed-Thu-Fri-Sat-Sun_20260101-20270830,34753,,SEALDAH,0,,34753,0,0,0
34754,Mon-Tue-Wed-Thu-Fri-Sat-Sun_20260101-20270830,34754,,LAKSHMIKANTPUR,0,,34754,0,0,0
34755,Mon-Tue-Wed-Thu-Fri-Sat-Sun_20260101-20270830,34755,,SEALDAH,0,,34755,0,0,0
34756,Mon-Tue-Wed-Thu-Fri-Sat-Sun_20260101-20270830,34756,,LAKSHMIKANTPUR,0,,34756,0,0,0
34757,Mon-Tue-Wed-Thu-Fri-Sat-Sun_20260101-20270830,34757,,SEALDAH,0,,34757,0,0,0
34782,Mon-Tue-Wed-Thu-Fri-Sat-Sun_20260101-20270830,34782,,KWAKDWIP,0,,34782,0,0,0
34791,Mon-Tue-Wed-Thu-Fri-Sat-Sun_20260101-20270830,34791,,SEALDAH,0,,34791,0,0,0
34792,Mon-Tue-Wed-Thu-Fri-Sat-Sun_20260101-20270830,34792,,NAMKHANA,0,,34792,0,0,0
34793,Mon-Tue-Wed-Thu-Fri-Sat-Sun_20260324-20270830,34793,,SEALDAH,0,,34793,0,0,0
34794,Mon-Tue-Wed-Thu-Fri-Sat-Sun_20260101-20270830,34794,,NAMKHANA,0,,34794,0,0,0
34795,Mon-Tue-Wed-Thu-Fri-Sat-Sun_20260101-20270830,34795,,SEALDAH,0,,34795,0,0,0
34796,Mon-Tue-Wed-Thu-Fri-Sat-Sun_20260101-20270830,34796,,NAMKHANA,0,,34796,0,0,0
34811,Mon-Tue-Wed-Thu-Fri-Sat-Sun_20260101-20270830,34811,,SEALDAH,0,,34811,0,0,0
34812,Mon-Tue-Wed-Thu-Fri-Sat-Sun_20260101-20270830,34812,,DIAMOND HARBOUR,0,,34812,0,0,0
34813,Mon-Tue-Wed-Thu-Fri-Sat-Sun_20260101-20270830,34813,,SEALDAH,0,,34813,0,0,0
34814,Mon-Tue-Wed-Thu-Fri-Sat-Sun_20260101-20270830,34814,,DIAMOND HARBOUR,0,,34814,0,0,0
34815,Mon-Tue-Wed-Thu-Fri-Sat-Sun_20260101-20270830,34815,,SEALDAH,0,,34815,0,0,0
34816,Mon-Tue-Wed-Thu-Fri-Sat-Sun_20260101-20270830,34816,,DIAMOND HARBOUR,0,,34816,0,0,0
34817,Mon-Tue-Wed-Thu-Fri-Sat-Sun_20260101-20270830,34817,,SEALDAH,0,,34817,0,0,0
34818,Mon-Tue-Wed-Thu-Fri-Sat-Sun_20260101-20270830,34818,,DIAMOND HARBOUR,0,,34818,0,0,0
34819,Mon-Tue-Wed-Thu-Fri-Sat-Sun_20260101-20270830,34819,,SEALDAH,0,,34819,0,0,0
34820,Mon-Tue-Wed-Thu-Fri-Sat-Sun_20260101-20270830,34820,,DIAMOND HARBOUR,0,,34820,0,0,0
34821,Mon-Tue-Wed-Thu-Fri-Sat-Sun_20260101-20270830,34821,,SEALDAH,0,,34821,0,0,0
34822,Mon-Tue-Wed-Thu-Fri-Sat-Sun_20260101-20270830,34822,,DIAMOND HARBOUR,0,,34822,0,0,0
34823,Mon-Tue-Wed-Thu-Fri-Sat-Sun_20260101-20270830,34823,,SEALDAH,0,,34823,0,0,0
34824,Mon-Tue-Wed-Thu-Fri-Sat-Sun_20260101-20270830,34824,,DIAMOND HARBOUR,0,,34824,0,0,0
34825,Mon-Tue-Wed-Thu-Fri-Sat-Sun_20260101-20270830,34825,,SEALDAH,0,,34825,0,0,0
34826,Mon-Tue-Wed-Thu-Fri-Sat-Sun_20260101-20270830,34826,,DIAMOND HARBOUR,0,,34826,0,0,0
34827,Mon-Tue-Wed-Thu-Fri-Sat-Sun_20260101-20270830,34827,,SEALDAH,0,,34827,0,0,0
34828,Mon-Tue-Wed-Thu-Fri-Sat-Sun_20260101-20270830,34828,,DIAMOND HARBOUR,0,,34828,0,0,0
34829,Mon-Tue-Wed-Thu-Fri-Sat-Sun_20260101-20270830,34829,,SEALDAH,0,,34829,0,0,0
34830,Mon-Tue-Wed-Thu-Fri-Sat-Sun_20260101-20270830,34830,,DIAMOND HARBOUR,0,,34830,0,0,0
34831,Mon-Tue-Wed-Thu-Fri-Sat-Sun_20260101-20270830,34831,,SEALDAH,0,,34831,0,0,0
34832,Mon-Tue-Wed-Thu-Fri-Sat-Sun_20260101-20270830,34832,,DIAMOND HARBOUR,0,,34832,0,0,0
34833,Mon-Tue-Wed-Thu-Fri-Sat-Sun_20260101-20270830,34833,,SEALDAH,0,,34833,0,0,0
34834,Mon-Tue-Wed-Thu-Fri-Sat-Sun_20260101-20270830,34834,,DIAMOND HARBOUR,0,,34834,0,0,0
34835,Mon-Tue-Wed-Thu-Fri-Sat-Sun_20260101-20270830,34835,,SEALDAH,0,,34835,0,0,0
34836,Mon-Tue-Wed-Thu-Fri-Sat-Sun_20260101-20270830,34836,,DIAMOND HARBOUR,0,,34836,0,0,0
34837,Mon-Tue-Wed-Thu-Fri-Sat-Sun_20260101-20270830,34837,,SEALDAH,0,,34837,0,0,0
34838,Mon-Tue-Wed-Thu-Fri-Sat-Sun_20260101-20270830,34838,,DIAMOND HARBOUR,0,,34838,0,0,0
34839,Mon-Tue-Wed-Thu-Fri-Sat-Sun_20260101-20270830,34839,,SEALDAH,0,,34839,0,0,0
34840,Mon-Tue-Wed-Thu-Fri-Sat-Sun_20260101-20270830,34840,,DIAMOND HARBOUR,0,,34840,0,0,0
34841,Mon-Tue-Wed-Thu-Fri-Sat-Sun_20260101-20270830,34841,,SEALDAH,0,,34841,0,0,0
34842,Mon-Tue-Wed-Thu-Fri-Sat-Sun_20260101-20270830,34842,,DIAMOND HARBOUR,0,,34842,0,0,0
34843,Mon-Tue-Wed-Thu-Fri-Sat-Sun_20260101-20270830,34843,,SEALDAH,0,,34843,0,0,0
34844,Mon-Tue-Wed-Thu-Fri-Sat-Sun_20260101-20270830,34844,,DIAMOND HARBOUR,0,,34844,0,0,0
34845,Mon-Tue-Wed-Thu-Fri-Sat-Sun_20260101-20270830,34845,,SEALDAH,0,,34845,0,0,0
34846,Mon-Tue-Wed-Thu-Fri-Sat-Sun_20260101-20270830,34846,,DIAMOND HARBOUR,0,,34846,0,0,0
34847,Mon-Tue-Wed-Thu-Fri-Sat-Sun_20260101-20270830,34847,,SEALDAH,0,,34847,0,0,0
34848,Mon-Tue-Wed-Thu-Fri-Sat-Sun_20260101-20270830,34848,,DIAMOND HARBOUR,0,,34848,0,0,0
34849,Mon-Tue-Wed-Thu-Fri-Sat-Sun_20260101-20270830,34849,,SEALDAH,0,,34849,0,0,0
34850,Mon-Tue-Wed-Thu-Fri-Sat-Sun_20260101-20270830,34850,,DIAMOND HARBOUR,0,,34850,0,0,0
34851,Mon-Tue-Wed-Thu-Fri-Sat-Sun_20260101-20270830,34851,,SEALDAH,0,,34851,0,0,0
34852,Mon-Tue-Wed-Thu-Fri-Sat-Sun_20260101-20270830,34852,,DIAMOND HARBOUR,0,,34852,0,0,0
34853,Mon-Tue-Wed-Thu-Fri-Sat-Sun_20260101-20270830,34853,,SEALDAH,0,,34853,0,0,0
34854,Mon-Tue-Wed-Thu-Fri-Sat-Sun_20260101-20270830,34854,,DIAMOND HARBOUR,0,,34854,0,0,0
34855,Mon-Tue-Wed-Thu-Fri-Sat-Sun_20260101-20270830,34855,,SEALDAH,0,,34855,0,0,0
34856,Mon-Tue-Wed-Thu-Fri-Sat-Sun_20260101-20270830,34856,,DIAMOND HARBOUR,0,,34856,0,0,0
34857,Mon-Tue-Wed-Thu-Fri-Sat-Sun_20260101-20270830,34857,,SEALDAH,0,,34857,0,0,0
34858,Mon-Tue-Wed-Thu-Fri-Sat-Sun_20260101-20270830,34858,,DIAMOND HARBOUR,0,,34858,0,0,0
34859,Mon-Tue-Wed-Thu-Fri-Sat-Sun_20260101-20270830,34859,,SEALDAH,0,,34859,0,0,0
34860,Mon-Tue-Wed-Thu-Fri-Sat-Sun_20260101-20270830,34860,,DIAMOND HARBOUR,0,,34860,0,0,0
34861,Mon-Tue-Wed-Thu-Fri-Sat-Sun_20260101-20270830,34861,,SEALDAH,0,,34861,0,0,0
34862,Mon-Tue-Wed-Thu-Fri-Sat_20260707-20270830,34862,,DIAMOND HARBOUR,0,,34862,0,0,0
34863,Mon-Tue-Wed-Thu-Fri-Sat_20260707-20270830,34863,,SEALDAH,0,,34863,0,0,0
34881,Mon-Tue-Wed-Thu-Fri-Sat-Sun_20260101-20270830,34881,,SONARPUR JN.,0,,34881,0,0,0
34882,Mon-Tue-Wed-Thu-Fri-Sat-Sun_20260101-20270830,34882,,DIAMOND HARBOUR,0,,34882,0,0,0
34883,Mon-Tue-Wed-Thu-Fri-Sat-Sun_20260101-20270830,34883,,BALLYGUNGE JN.,0,,34883,0,0,0
34884,Mon-Tue-Wed-Thu-Fri-Sat-Sun_20260101-20270830,34884,,DIAMOND HARBOUR,0,,34884,0,0,0
34885,Mon-Tue-Wed-Thu-Fri-Sat_20260707-20270830,34885,,SONARPUR JN.,0,,34885,0,0,0
34886,Mon-Tue-Wed-Thu-Fri-Sat-Sun_20260101-20270830,34886,,DIAMOND HARBOUR,0,,34886,0,0,0
34888,Mon-Tue-Wed-Thu-Fri-Sat_20260707-20270830,34888,,DIAMOND HARBOUR,0,,34888,0,0,0
34891,Mon-Tue-Wed-Thu-Fri-Sat-Sun_20260101-20270830,34891,,BARUIPUR JN.,0,,34891,0,0,0
34892,Mon-Tue-Wed-Thu-Fri-Sat-Sun_20260101-20270830,34892,,DIAMOND HARBOUR,0,,34892,0,0,0
34898,Mon-Tue-Wed-Thu-Fri-Sat-Sun_20260702-20270830,34898,,DIAMOND HARBOUR,0,,34898,0,0,0
34899,Mon-Tue-Wed-Thu-Fri-Sat-Sun_20260702-20270830,34899,,SEALDAH,0,,34899,0,0,0
34913,Mon-Tue-Wed-Thu-Fri-Sat-Sun_20260101-20270830,34913,,LAKSHMIKANTPUR,0,,34913,0,0,0
34915,Mon-Tue-Wed-Thu-Fri-Sat-Sun_20260101-20270830,34915,,LAKSHMIKANTPUR,0,,34915,0,0,0
34916,Mon-Tue-Wed-Thu-Fri-Sat-Sun_20260101-20270830,34916,,NAMKHANA,0,,34916,0,0,0
34917,Mon-Tue-Wed-Thu-Fri-Sat-Sun_20260101-20270830,34917,,LAKSHMIKANTPUR,0,,34917,0,0,0
34918,Mon-Tue-Wed-Thu-Fri-Sat-Sun_20260324-20270830,34918,,NAMKHANA,0,,34918,0,0,0
34919,Mon-Tue-Wed-Thu-Fri-Sat-Sun_20260324-20270830,34919,,LAKSHMIKANTPUR,0,,34919,0,0,0
34920,Mon-Tue-Wed-Thu-Fri-Sat-Sun_20260324-20270830,34920,,NAMKHANA,0,,34920,0,0,0
34921,Mon-Tue-Wed-Thu-Fri-Sat-Sun_20260101-20270830,34921,,LAKSHMIKANTPUR,0,,34921,0,0,0
34922,Mon-Tue-Wed-Thu-Fri-Sat-Sun_20260101-20270830,34922,,NAMKHANA,0,,34922,0,0,0
34923,Mon-Tue-Wed-Thu-Fri-Sat-Sun_20260101-20270830,34923,,LAKSHMIKANTPUR,0,,34923,0,0,0
34924,Mon-Tue-Wed-Thu-Fri-Sat-Sun_20260101-20270830,34924,,NAMKHANA,0,,34924,0,0,0
34925,Mon-Tue-Wed-Thu-Fri-Sat-Sun_20260101-20270830,34925,,LAKSHMIKANTPUR,0,,34925,0,0,0
34926,Mon-Tue-Wed-Thu-Fri-Sat-Sun_20260101-20270830,34926,,NAMKHANA,0,,34926,0,0,0
34927,Mon-Tue-Wed-Thu-Fri-Sat-Sun_20260101-20270830,34927,,LAKSHMIKANTPUR,0,,34927,0,0,0
34928,Mon-Tue-Wed-Thu-Fri-Sat-Sun_20260101-20270830,34928,,NAMKHANA,0,,34928,0,0,0
34929,Mon-Tue-Wed-Thu-Fri-Sat-Sun_20260101-20270830,34929,,LAKSHMIKANTPUR,0,,34929,0,0,0
34930,Mon-Tue-Wed-Thu-Fri-Sat-Sun_20260101-20270830,34930,,NAMKHANA,0,,34930,0,0,0
34931,Mon-Tue-Wed-Thu-Fri-Sat-Sun_20260101-20270830,34931,,LAKSHMIKANTPUR,0,,34931,0,0,0
34932,Mon-Tue-Wed-Thu-Fri-Sat-Sun_20260101-20270830,34932,,NAMKHANA,0,,34932,0,0,0
34933,Mon-Tue-Wed-Thu-Fri-Sat_20260101-20270830,34933,,LAKSHMIKANTPUR,0,,34933,0,0,0
34934,Mon-Tue-Wed-Thu-Fri-Sat_20260101-20270830,34934,,NAMKHANA,0,,34934,0,0,0
34936,Mon-Tue-Wed-Thu-Fri-Sat-Sun_20260101-20270830,34936,,NAMKHANA,0,,34936,0,0,0
34937,Mon-Tue-Wed-Thu-Fri-Sat-Sun_20260101-20270830,34937,,KWAKDWIP,0,,34937,0,0,0
34938,Mon-Tue-Wed-Thu-Fri-Sat-Sun_20260101-20270830,34938,,NAMKHANA,0,,34938,0,0,0
34981,Mon-Tue-Wed-Thu-Fri-Sat-Sun_20260101-20270830,34981,,LAKSHMIKANTPUR,0,,34981,0,0,0
35011,Mon-Tue-Wed-Thu-Fri-Sat-Sun_20260819-20270830,35011,,KATWA,0,,35011,0,0,0
35012,Mon-Tue-Wed-Thu-Fri-Sat-Sun_20260819-20270830,35012,,BARDHAMAN,0,,35012,0,0,0
35013,Mon-Tue-Wed-Thu-Fri-Sat-Sun_20260819-20270830,35013,,KATWA,0,,35013,0,0,0
35014,Mon-Tue-Wed-Thu-Fri-Sat-Sun_20260819-20270830,35014,,BARDHAMAN,0,,35014,0,0,0
35015,Mon-Tue-Wed-Thu-Fri-Sat-Sun_20260819-20270830,35015,,KATWA,0,,35015,0,0,0
35016,Mon-Tue-Wed-Thu-Fri-Sat-Sun_20260819-20270830,35016,,BARDHAMAN,0,,35016,0,0,0
35017,Mon-Tue-Wed-Thu-Fri-Sat-Sun_20260819-20270830,35017,,KATWA,0,,35017,0,0,0
35018,Mon-Tue-Wed-Thu-Fri-Sat-Sun_20260819-20270830,35018,,BARDHAMAN,0,,35018,0,0,0
35019,Mon-Tue-Wed-Thu-Fri-Sat-Sun_20260819-20270830,35019,,KATWA,0,,35019,0,0,0
35020,Mon-Tue-Wed-Thu-Fri-Sat-Sun_20260819-20270830,35020,,BARDHAMAN,0,,35020,0,0,0
35021,Mon-Tue-Wed-Thu-Fri-Sat-Sun_20260819-20270830,35021,,KATWA,0,,35021,0,0,0
35022,Mon-Tue-Wed-Thu-Fri-Sat-Sun_20260819-20270830,35022,,BARDHAMAN,0,,35022,0,0,0
35023,Mon-Tue-Wed-Thu-Fri-Sat-Sun_20260215-20270830,35023,,KATWA,0,,35023,0,0,0
35024,Mon-Tue-Wed-Thu-Fri-Sat-Sun_20260206-20270830,35024,,BARDHAMAN,0,,35024,0,0,0
35041,Mon-Tue-Wed-Thu-Fri-Sat-Sun_20260421-20270830,35041,,AHAMADPUR JN.,0,,35041,0,0,0
35042,Mon-Tue-Wed-Thu-Fri-Sat-Sun_20260421-20270830,35042,,KATWA,0,,35042,0,0,0
35061,Mon-Tue-Wed-Thu-Fri-Sat-Sun_20260418-20270830,35061,,AZIMGANJ JN,0,,35061,0,0,0
35062,Mon-Tue-Wed-Thu-Fri-Sat-Sun_20260418-20270830,35062,,KATWA,0,,35062,0,0,0
36011,Mon-Tue-Wed-Thu-Fri-Sat_20260101-20270830,36011,,BARUIPARA,0,,36011,0,0,0
36012,Mon-Tue-Wed-Thu-Fri-Sat_20260101-20270830,36012,,HOWRAH JN,0,,36012,0,0,0
36031,Mon-Tue-Wed-Thu-Fri-Sat-Sun_20260101-20270830,36031,,CHANDANPUR,0,,36031,0,0,0
36032,Mon-Tue-Wed-Thu-Fri-Sat-Sun_20260101-20270830,36032,,HOWRAH JN,0,,36032,0,0,0
36033,Mon-Tue-Wed-Thu-Fri-Sat-Sun_20260101-20270830,36033,,CHANDANPUR,0,,36033,0,0,0
36034,Mon-Tue-Wed-Thu-Fri-Sat-Sun_20260101-20270830,36034,,HOWRAH JN,0,,36034,0,0,0
36035,Mon-Tue-Wed-Thu-Fri-Sat-Sun_20260101-20270830,36035,,CHANDANPUR,0,,36035,0,0,0
36036,Mon-Tue-Wed-Thu-Fri-Sat-Sun_20260101-20270830,36036,,HOWRAH JN,0,,36036,0,0,0
36037,Mon-Tue-Wed-Thu-Fri-Sat-Sun_20260101-20270830,36037,,CHANDANPUR,0,,36037,0,0,0
36038,Mon-Tue-Wed-Thu-Fri-Sat-Sun_20260101-20270830,36038,,HOWRAH JN,0,,36038,0,0,0
36071,Mon-Tue-Wed-Thu-Fri-Sat-Sun_20260101-20270830,36071,,GURAP,0,,36071,0,0,0
36072,Mon-Tue-Wed-Thu-Fri-Sat-Sun_20260101-20270830,36072,,HOWRAH JN,0,,36072,0,0,0
36081,Mon-Tue-Wed-Thu-Fri-Sat_20260101-20270830,36081,,MASAGRAM,0,,36081,0,0,0
36082,Mon-Tue-Wed-Thu-Fri-Sat_20260101-20270830,36082,,HOWRAH JN,0,,36082,0,0,0
36083,Sat_20260101-20270830,36083,,MASAGRAM,0,,36083,0,0,0
36084,Sat_20260101-20270830,36084,,HOWRAH JN,0,,36084,0,0,0
36085,Mon-Tue-Wed-Thu-Fri-Sat-Sun_20260101-20270830,36085,,MASAGRAM,0,,36085,0,0,0
36086,Mon-Tue-Wed-Thu-Fri-Sat-Sun_20260101-20270830,36086,,HOWRAH JN,0,,36086,0,0,0
36087,Mon-Tue-Wed-Thu-Fri-Sat-Sun_20260101-20270830,36087,,MASAGRAM,0,,36087,0,0,0
36088,Mon-Tue-Wed-Thu-Fri-Sat-Sun_20260101-20270830,36088,,HOWRAH JN,0,,36088,0,0,0
36811,Mon-Tue-Wed-Thu-Fri-Sat-Sun_20260821-20270830,36811,,BARDHAMAN,0,,36811,0,0,0
36812,Mon-Tue-Wed-Thu-Fri-Sat-Sun_20260101-20270830,36812,,HOWRAH JN,0,,36812,0,0,0
36813,Mon-Tue-Wed-Thu-Fri-Sat-Sun_20260821-20270830,36813,,BARDHAMAN,0,,36813,0,0,0
36814,Mon-Tue-Wed-Thu-Fri-Sat-Sun_20260101-20270830,36814,,HOWRAH JN,0,,36814,0,0,0
36815,Mon-Tue-Wed-Thu-Fri-Sat-Sun_20260101-20270830,36815,,BARDHAMAN,0,,36815,0,0,0
36816,Mon-Tue-Wed-Thu-Fri-Sat-Sun_20260101-20270830,36816,,HOWRAH JN,0,,36816,0,0,0
36817,Mon-Tue-Wed-Thu-Fri-Sat-Sun_20260101-20270830,36817,,BARDHAMAN,0,,36817,0,0,0
36818,Mon-Tue-Wed-Thu-Fri-Sat-Sun_20260101-20270830,36818,,HOWRAH JN,0,,36818,0,0,0
36819,Mon-Tue-Wed-Thu-Fri-Sat-Sun_20260101-20270830,36819,,BARDHAMAN,0,,36819,0,0,0
36820,Mon-Tue-Wed-Thu-Fri-Sat-Sun_20260101-20270830,36820,,HOWRAH JN,0,,36820,0,0,0
36821,Mon-Tue-Wed-Thu-Fri-Sat-Sun_20260101-20270830,36821,,BARDHAMAN,0,,36821,0,0,0
36822,Mon-Tue-Wed-Thu-Fri-Sat-Sun_20260101-20270830,36822,,HOWRAH JN,0,,36822,0,0,0
36823,Mon-Tue-Wed-Thu-Fri-Sat-Sun_20260821-20270830,36823,,BARDHAMAN,0,,36823,0,0,0
36824,Mon-Tue-Wed-Thu-Fri-Sat-Sun_20260101-20270830,36824,,HOWRAH JN,0,,36824,0,0,0
36825,Mon-Tue-Wed-Thu-Fri-Sat-Sun_20260101-20270830,36825,,BARDHAMAN,0,,36825,0,0,0
36826,Mon-Tue-Wed-Thu-Fri-Sat-Sun_20260101-20270830,36826,,HOWRAH JN,0,,36826,0,0,0
36827,Mon-Tue-Wed-Thu-Fri-Sat-Sun_20260101-20270830,36827,,BARDHAMAN,0,,36827,0,0,0
36828,Mon-Tue-Wed-Thu-Fri-Sat-Sun_20260101-20270830,36828,,HOWRAH JN,0,,36828,0,0,0
36829,Mon-Tue-Wed-Thu-Fri-Sat-Sun_20260101-20270830,36829,,BARDHAMAN,0,,36829,0,0,0
36830,Mon-Tue-Wed-Thu-Fri-Sat-Sun_20260101-20270830,36830,,HOWRAH JN,0,,36830,0,0,0
36831,Mon-Tue-Wed-Thu-Fri-Sat-Sun_20260101-20270830,36831,,BARDHAMAN,0,,36831,0,0,0
36832,Mon-Tue-Wed-Thu-Fri-Sat-Sun_20260821-20270830,36832,,HOWRAH JN,0,,36832,0,0,0
36833,Mon-Tue-Wed-Thu-Fri-Sat-Sun_20260101-20270830,36833,,BARDHAMAN,0,,36833,0,0,0
36834,Mon-Tue-Wed-Thu-Fri-Sat-Sun_20260101-20270830,36834,,HOWRAH JN,0,,36834,0,0,0
36835,Mon-Tue-Wed-Thu-Fri-Sat-Sun_20260101-20270830,36835,,BARDHAMAN,0,,36835,0,0,0
36836,Mon-Tue-Wed-Thu-Fri-Sat-Sun_20260101-20270830,36836,,HOWRAH JN,0,,36836,0,0,0
36837,Mon-Tue-Wed-Thu-Fri-Sat-Sun_20260101-20270830,36837,,BARDHAMAN,0,,36837,0,0,0
36838,Mon-Tue-Wed-Thu-Fri-Sat-Sun_20260101-20270830,36838,,HOWRAH JN,0,,36838,0,0,0
36839,Mon-Tue-Wed-Thu-Fri-Sat-Sun_20260821-20270830,36839,,BARDHAMAN,0,,36839,0,0,0
36840,Mon-Tue-Wed-Thu-Fri-Sat-Sun_20260101-20270830,36840,,HOWRAH JN,0,,36840,0,0,0
36841,Mon-Tue-Wed-Thu-Fri-Sat-Sun_20260101-20270830,36841,,BARDHAMAN,0,,36841,0,0,0
36842,Mon-Tue-Wed-Thu-Fri-Sat-Sun_20260821-20270830,36842,,HOWRAH JN,0,,36842,0,0,0
36843,Mon-Tue-Wed-Thu-Fri-Sat-Sun_20260101-20270830,36843,,BARDHAMAN,0,,36843,0,0,0
36844,Mon-Tue-Wed-Thu-Fri-Sat-Sun_20260101-20270830,36844,,HOWRAH JN,0,,36844,0,0,0
36845,Mon-Tue-Wed-Thu-Fri-Sat-Sun_20260101-20270830,36845,,BARDHAMAN,0,,36845,0,0,0
36846,Mon-Tue-Wed-Thu-Fri-Sat-Sun_20260821-20270830,36846,,HOWRAH JN,0,,36846,0,0,0
36847,Mon-Tue-Wed-Thu-Fri-Sat-Sun_20260101-20270830,36847,,BARDHAMAN,0,,36847,0,0,0
36848,Mon-Tue-Wed-Thu-Fri-Sat-Sun_20260101-20270830,36848,,HOWRAH JN,0,,36848,0,0,0
36849,Mon-Tue-Wed-Thu-Fri-Sat-Sun_20260101-20270830,36849,,BARDHAMAN,0,,36849,0,0,0
36850,Mon-Tue-Wed-Thu-Fri-Sat-Sun_20260101-20270830,36850,,HOWRAH JN,0,,36850,0,0,0
36851,Mon-Tue-Wed-Thu-Fri-Sat-Sun_20260101-20270830,36851,,BARDHAMAN,0,,36851,0,0,0
36852,Mon-Tue-Wed-Thu-Fri-Sat-Sun_20260101-20270830,36852,,HOWRAH JN,0,,36852,0,0,0
36853,Mon-Tue-Wed-Thu-Fri-Sat-Sun_20260101-20270830,36853,,BARDHAMAN,0,,36853,0,0,0
36854,Mon-Tue-Wed-Thu-Fri-Sat-Sun_20260101-20270830,36854,,HOWRAH JN,0,,36854,0,0,0
36855,Mon-Tue-Wed-Thu-Fri-Sat-Sun_20260101-20270830,36855,,BARDHAMAN,0,,36855,0,0,0
36856,Mon-Tue-Wed-Thu-Fri-Sat-Sun_20260101-20270830,36856,,HOWRAH JN,0,,36856,0,0,0
36858,Mon-Tue-Wed-Thu-Fri-Sat-Sun_20260101-20270830,36858,,HOWRAH JN,0,,36858,0,0,0
36860,Mon-Tue-Wed-Thu-Fri-Sat-Sun_20260101-20270830,36860,,HOWRAH JN,0,,36860,0,0,0
37011,Mon-Tue-Wed-Thu-Fri-Sat_20260101-20270830,37011,,SERAMPORE,0,,37011,0,0,0
37012,Mon-Tue-Wed-Thu-Fri-Sat_20260101-20270830,37012,,HOWRAH JN,0,,37012,0,0,0
37013,Mon-Tue-Wed-Thu-Fri-Sat_20260101-20270830,37013,,SERAMPORE,0,,37013,0,0,0
37014,Mon-Tue-Wed-Thu-Fri-Sat_20260101-20270830,37014,,HOWRAH JN,0,,37014,0,0,0
37041,Mon-Tue-Wed-Thu-Fri-Sat_20260101-20270830,37041,,SEORAPHULI,0,,37041,0,0,0
37042,Mon-Tue-Wed-Thu-Fri-Sat_20260101-20270830,37042,,HOWRAH JN,0,,37042,0,0,0
37043,Mon-Tue-Wed-Thu-Fri-Sat_20260101-20270830,37043,,SEORAPHULI,0,,37043,0,0,0
37044,Mon-Tue-Wed-Thu-Fri-Sat_20260101-20270830,37044,,HOWRAH JN,0,,37044,0,0,0
37045,Mon-Tue-Wed-Thu-Fri-Sat_20260101-20270830,37045,,SEORAPHULI,0,,37045,0,0,0
37046,Mon-Tue-Wed-Thu-Fri-Sat_20260101-20270830,37046,,HOWRAH JN,0,,37046,0,0,0
37047,Mon-Tue-Wed-Thu-Fri-Sat-Sun_20260101-20270830,37047,,SEORAPHULI,0,,37047,0,0,0
37048,Mon-Tue-Wed-Thu-Fri-Sat-Sun_20260101-20270830,37048,,HOWRAH JN,0,,37048,0,0,0
37049,Mon-Tue-Wed-Thu-Fri-Sat-Sun_20260101-20270830,37049,,SEORAPHULI,0,,37049,0,0,0
37050,Mon-Tue-Wed-Thu-Fri-Sat-Sun_20260101-20270830,37050,,HOWRAH JN,0,,37050,0,0,0
37051,Mon-Tue-Wed-Thu-Fri-Sat_20260101-20270830,37051,,SEORAPHULI,0,,37051,0,0,0
37052,Mon-Tue-Wed-Thu-Fri-Sat_20260101-20270830,37052,,HOWRAH JN,0,,37052,0,0,0
37055,Mon-Tue-Wed-Thu-Fri-Sat-Sun_20260101-20270830,37055,,SEORAPHULI,0,,37055,0,0,0
37056,Mon-Tue-Wed-Thu-Fri-Sat-Sun_20260101-20270830,37056,,HOWRAH JN,0,,37056,0,0,0
37057,Mon-Tue-Wed-Thu-Fri-Sat-Sun_20260101-20270830,37057,,SEORAPHULI,0,,37057,0,0,0
37058,Mon-Tue-Wed-Thu-Fri-Sat-Sun_20260101-20270830,37058,,HOWRAH JN,0,,37058,0,0,0
37059,Mon-Tue-Wed-Thu-Fri-Sat-Sun_20260101-20270830,37059,,SEORAPHULI,0,,37059,0,0,0
37060,Mon-Tue-Wed-Thu-Fri-Sat-Sun_20260101-20270830,37060,,HOWRAH JN,0,,37060,0,0,0
37061,Mon-Tue-Wed-Thu-Fri-Sat_20260101-20270830,37061,,SEORAPHULI,0,,37061,0,0,0
37062,Mon-Tue-Wed-Thu-Fri-Sat_20260101-20270830,37062,,HOWRAH JN,0,,37062,0,0,0
37063,Mon-Tue-Wed-Thu-Fri-Sat_20260101-20270830,37063,,SEORAPHULI,0,,37063,0,0,0
37064,Mon-Tue-Wed-Thu-Fri-Sat_20260101-20270830,37064,,HOWRAH JN,0,,37064,0,0,0
37111,Mon-Tue-Wed-Thu-Fri-Sat-Sun_20260101-20270830,37111,,BELUR MATH,0,,37111,0,0,0
37112,Mon-Tue-Wed-Thu-Fri-Sat-Sun_20260101-20270830,37112,,HOWRAH JN,0,,37112,0,0,0
37117,Mon-Tue-Wed-Thu-Fri-Sat-Sun_20260101-20270830,37117,,BELUR MATH,0,,37117,0,0,0
37118,Mon-Tue-Wed-Thu-Fri-Sat-Sun_20260101-20270830,37118,,HOWRAH JN,0,,37118,0,0,0
37201,Mon-Tue-Wed-Thu-Fri-Sat_20260101-20270830,37201,,BANDEL,0,,37201,0,0,0
37202,Mon-Tue-Wed-Thu-Fri-Sat_20260101-20270830,37202,,HOWRAH JN,0,,37202,0,0,0
37211,Mon-Tue-Wed-Thu-Fri-Sat-Sun_20260101-20270830,37211,,BANDEL,0,,37211,0,0,0
37212,Mon-Tue-Wed-Thu-Fri-Sat-Sun_20260101-20270830,37212,,HOWRAH JN,0,,37212,0,0,0
37213,Mon-Tue-Wed-Thu-Fri-Sat-Sun_20260101-20270830,37213,,BANDEL,0,,37213,0,0,0
37214,Mon-Tue-Wed-Thu-Fri-Sat-Sun_20260101-20270830,37214,,HOWRAH JN,0,,37214,0,0,0
37215,Mon-Tue-Wed-Thu-Fri-Sat-Sun_20260101-20270830,37215,,BANDEL,0,,37215,0,0,0
37216,Mon-Tue-Wed-Thu-Fri-Sat-Sun_20260101-20270830,37216,,HOWRAH JN,0,,37216,0,0,0
37217,Mon-Tue-Wed-Thu-Fri-Sat_20260101-20270830,37217,,BANDEL,0,,37217,0,0,0
37218,Mon-Tue-Wed-Thu-Fri-Sat-Sun_20260101-20270830,37218,,HOWRAH JN,0,,37218,0,0,0
37219,Mon-Tue-Wed-Thu-Fri-Sat-Sun_20260101-20270830,37219,,BANDEL,0,,37219,0,0,0
37220,Mon-Tue-Wed-Thu-Fri-Sat_20260101-20270830,37220,,HOWRAH JN,0,,37220,0,0,0
37221,Mon-Tue-Wed-Thu-Fri-Sat-Sun_20260101-20270830,37221,,BANDEL,0,,37221,0,0,0
37222,Mon-Tue-Wed-Thu-Fri-Sat-Sun_20260101-20270830,37222,,HOWRAH JN,0,,37222,0,0,0
37223,Mon-Tue-Wed-Thu-Fri-Sat_20260101-20270830,37223,,BANDEL,0,,37223,0,0,0
37224,Mon-Tue-Wed-Thu-Fri-Sat-Sun_20260101-20270830,37224,,HOWRAH JN,0,,37224,0,0,0
37225,Mon-Tue-Wed-Thu-Fri-Sat_20260101-20270830,37225,,BANDEL,0,,37225,0,0,0
37226,Mon-Tue-Wed-Thu-Fri-Sat-Sun_20260101-20270830,37226,,HOWRAH JN,0,,37226,0,0,0
37227,Mon-Tue-Wed-Thu-Fri-Sat-Sun_20260101-20270830,37227,,BANDEL,0,,37227,0,0,0
37228,Mon-Tue-Wed-Thu-Fri-Sat-Sun_20260101-20270830,37228,,HOWRAH JN,0,,37228,0,0,0
37229,Mon-Tue-Wed-Thu-Fri-Sat-Sun_20260101-20270830,37229,,BANDEL,0,,37229,0,0,0
37230,Mon-Tue-Wed-Thu-Fri-Sat_20260101-20270830,37230,,HOWRAH JN,0,,37230,0,0,0
37231,Mon-Tue-Wed-Thu-Fri-Sat-Sun_20260101-20270830,37231,,BANDEL,0,,37231,0,0,0
37232,Mon-Tue-Wed-Thu-Fri-Sat-Sun_20260131-20270830,37232,,HOWRAH JN,0,,37232,0,0,0
37233,Mon-Tue-Wed-Thu-Fri-Sat_20260101-20270830,37233,,BANDEL,0,,37233,0,0,0
37234,Mon-Tue-Wed-Thu-Fri-Sat_20260101-20270830,37234,,HOWRAH JN,0,,37234,0,0,0
37235,Mon-Tue-Wed-Thu-Fri-Sat-Sun_20260101-20270830,37235,,BANDEL,0,,37235,0,0,0
37236,Mon-Tue-Wed-Thu-Fri-Sat-Sun_20260101-20270830,37236,,HOWRAH JN,0,,37236,0,0,0
37237,Mon-Tue-Wed-Thu-Fri-Sat-Sun_20260101-20270830,37237,,BANDEL,0,,37237,0,0,0
37238,Mon-Tue-Wed-Thu-Fri-Sat_20260101-20270830,37238,,HOWRAH JN,0,,37238,0,0,0
37239,Mon-Tue-Wed-Thu-Fri-Sat-Sun_20260101-20270830,37239,,BANDEL,0,,37239,0,0,0
37240,Mon-Tue-Wed-Thu-Fri-Sat-Sun_20260101-20270830,37240,,HOWRAH JN,0,,37240,0,0,0
37241,Mon-Tue-Wed-Thu-Fri-Sat-Sun_20260101-20270830,37241,,BANDEL,0,,37241,0,0,0
37242,Mon-Tue-Wed-Thu-Fri-Sat-Sun_20260101-20270830,37242,,HOWRAH JN,0,,37242,0,0,0
37243,Mon-Tue-Wed-Thu-Fri-Sat-Sun_20260101-20270830,37243,,BANDEL,0,,37243,0,0,0
37244,Mon-Tue-Wed-Thu-Fri-Sat-Sun_20260101-20270830,37244,,HOWRAH JN,0,,37244,0,0,0
37245,Mon-Tue-Wed-Thu-Fri-Sat-Sun_20260101-20270830,37245,,BANDEL,0,,37245,0,0,0
37246,Mon-Tue-Wed-Thu-Fri-Sat-Sun_20260101-20270830,37246,,HOWRAH JN,0,,37246,0,0,0
37247,Mon-Tue-Wed-Thu-Fri-Sat-Sun_20260101-20270830,37247,,BANDEL,0,,37247,0,0,0
37248,Mon-Tue-Wed-Thu-Fri-Sat-Sun_20260101-20270830,37248,,HOWRAH JN,0,,37248,0,0,0
37249,Mon-Tue-Wed-Thu-Fri-Sat-Sun_20260101-20270830,37249,,BANDEL,0,,37249,0,0,0
37250,Mon-Tue-Wed-Thu-Fri-Sat-Sun_20260101-20270830,37250,,HOWRAH JN,0,,37250,0,0,0
37251,Mon-Tue-Wed-Thu-Fri-Sat-Sun_20260101-20270830,37251,,BANDEL,0,,37251,0,0,0
37252,Mon-Tue-Wed-Thu-Fri-Sat-Sun_20260101-20270830,37252,,HOWRAH JN,0,,37252,0,0,0
37253,Mon-Tue-Wed-Thu-Fri-Sat-Sun_20260101-20270830,37253,,BANDEL,0,,37253,0,0,0
37254,Mon-Tue-Wed-Thu-Fri-Sat-Sun_20260101-20270830,37254,,HOWRAH JN,0,,37254,0,0,0
37255,Mon-Tue-Wed-Thu-Fri-Sat-Sun_20260101-20270830,37255,,BANDEL,0,,37255,0,0,0
37256,Mon-Tue-Wed-Thu-Fri-Sat-Sun_20260101-20270830,37256,,HOWRAH JN,0,,37256,0,0,0
37257,Mon-Tue-Wed-Thu-Fri-Sat-Sun_20260101-20270830,37257,,BANDEL,0,,37257,0,0,0
37258,Mon-Tue-Wed-Thu-Fri-Sat-Sun_20260101-20270830,37258,,HOWRAH JN,0,,37258,0,0,0
37259,Mon-Tue-Wed-Thu-Fri-Sat-Sun_20260101-20270830,37259,,BANDEL,0,,37259,0,0,0
37260,Mon-Tue-Wed-Thu-Fri-Sat-Sun_20260101-20270830,37260,,HOWRAH JN,0,,37260,0,0,0
37261,Mon-Tue-Wed-Thu-Fri-Sat-Sun_20260101-20270830,37261,,BANDEL,0,,37261,0,0,0
37262,Mon-Tue-Wed-Thu-Fri-Sat_20260101-20270830,37262,,HOWRAH JN,0,,37262,0,0,0
37263,Mon-Tue-Wed-Thu-Fri-Sat-Sun_20260101-20270830,37263,,BANDEL,0,,37263,0,0,0
37264,Mon-Tue-Wed-Thu-Fri-Sat_20260101-20270830,37264,,HOWRAH JN,0,,37264,0,0,0
37265,Mon-Tue-Wed-Thu-Fri-Sat_20260101-20270830,37265,,BANDEL,0,,37265,0,0,0
37266,Mon-Tue-Wed-Thu-Fri-Sat-Sun_20260101-20270830,37266,,HOWRAH JN,0,,37266,0,0,0
37267,Mon-Tue-Wed-Thu-Fri-Sat-Sun_20260101-20270830,37267,,BANDEL,0,,37267,0,0,0
37268,Mon-Tue-Wed-Thu-Fri-Sat-Sun_20260101-20270830,37268,,HOWRAH JN,0,,37268,0,0,0
37269,Mon-Tue-Wed-Thu-Fri-Sat-Sun_20260101-20270830,37269,,BANDEL,0,,37269,0,0,0
37270,Mon-Tue-Wed-Thu-Fri-Sat-Sun_20260101-20270830,37270,,HOWRAH JN,0,,37270,0,0,0
37271,Mon-Tue-Wed-Thu-Fri-Sat-Sun_20260101-20270830,37271,,BANDEL,0,,37271,0,0,0
37272,Mon-Tue-Wed-Thu-Fri-Sat-Sun_20260101-20270830,37272,,HOWRAH JN,0,,37272,0,0,0
37273,Mon-Tue-Wed-Thu-Fri-Sat-Sun_20260101-20270830,37273,,BANDEL,0,,37273,0,0,0
37274,Mon-Tue-Wed-Thu-Fri-Sat-Sun_20260101-20270830,37274,,HOWRAH JN,0,,37274,0,0,0
37275,Mon-Tue-Wed-Thu-Fri-Sat-Sun_20260101-20270830,37275,,BANDEL,0,,37275,0,0,0
37276,Mon-Tue-Wed-Thu-Fri-Sat-Sun_20260101-20270830,37276,,HOWRAH JN,0,,37276,0,0,0
37277,Mon-Tue-Wed-Thu-Fri-Sat-Sun_20260101-20270830,37277,,BANDEL,0,,37277,0,0,0
37278,Mon-Tue-Wed-Thu-Fri-Sat-Sun_20260101-20270830,37278,,HOWRAH JN,0,,37278,0,0,0
37279,Mon-Tue-Wed-Thu-Fri-Sat-Sun_20260101-20270830,37279,,BANDEL,0,,37279,0,0,0
37280,Mon-Tue-Wed-Thu-Fri-Sat-Sun_20260101-20270830,37280,,HOWRAH JN,0,,37280,0,0,0
37281,Mon-Tue-Wed-Thu-Fri-Sat-Sun_20260101-20270830,37281,,BANDEL,0,,37281,0,0,0
37282,Mon-Tue-Wed-Thu-Fri-Sat-Sun_20260101-20270830,37282,,HOWRAH JN,0,,37282,0,0,0
37283,Mon-Tue-Wed-Thu-Fri-Sat-Sun_20260101-20270830,37283,,BANDEL,0,,37283,0,0,0
37284,Mon-Tue-Wed-Thu-Fri-Sat-Sun_20260101-20270830,37284,,HOWRAH JN,0,,37284,0,0,0
37285,Mon-Tue-Wed-Thu-Fri-Sat-Sun_20260101-20270830,37285,,BANDEL,0,,37285,0,0,0
37286,Mon-Tue-Wed-Thu-Fri-Sat-Sun_20260101-20270830,37286,,HOWRAH JN,0,,37286,0,0,0
37287,Mon-Tue-Wed-Thu-Fri-Sat-Sun_20260101-20270830,37287,,BANDEL,0,,37287,0,0,0
37288,Mon-Tue-Wed-Thu-Fri-Sat-Sun_20260101-20270830,37288,,HOWRAH JN,0,,37288,0,0,0
37289,Mon-Tue-Wed-Thu-Fri-Sat-Sun_20260101-20270830,37289,,BANDEL,0,,37289,0,0,0
37290,Mon-Tue-Wed-Thu-Fri-Sat-Sun_20260101-20270830,37290,,HOWRAH JN,0,,37290,0,0,0
37291,Mon-Tue-Wed-Thu-Fri-Sat-Sun_20260101-20270830,37291,,BANDEL,0,,37291,0,0,0
37301,Mon-Tue-Wed-Thu-Fri-Sat-Sun_20260101-20270830,37301,,HARIPAL,0,,37301,0,0,0
37302,Mon-Tue-Wed-Thu-Fri-Sat-Sun_20260101-20270830,37302,,HOWRAH JN,0,,37302,0,0,0
37303,Mon-Tue-Wed-Thu-Fri-Sat-Sun_20260101-20270830,37303,,HARIPAL,0,,37303,0,0,0
37304,Mon-Tue-Wed-Thu-Fri-Sat-Sun_20260101-20270830,37304,,HOWRAH JN,0,,37304,0,0,0
37311,Mon-Tue-Wed-Thu-Fri-Sat-Sun_20260325-20270830,37311,,TARAKESWAR,0,,37311,0,0,0
37312,Mon-Tue-Wed-Thu-Fri-Sat-Sun_20260101-20270830,37312,,HOWRAH JN,0,,37312,0,0,0
37313,Mon-Tue-Wed-Thu-Fri-Sat-Sun_20260101-20270830,37313,,TARAKESWAR,0,,37313,0,0,0
37314,Mon-Tue-Wed-Thu-Fri-Sat-Sun_20260101-20270830,37314,,HOWRAH JN,0,,37314,0,0,0
37315,Mon-Tue-Wed-Thu-Fri-Sat-Sun_20260101-20270830,37315,,TARAKESWAR,0,,37315,0,0,0
37316,Mon-Tue-Wed-Thu-Fri-Sat-Sun_20260101-20270830,37316,,HOWRAH JN,0,,37316,0,0,0
37317,Mon-Tue-Wed-Thu-Fri-Sat-Sun_20260101-20270830,37317,,TARAKESWAR,0,,37317,0,0,0
37318,Mon-Tue-Wed-Thu-Fri-Sat-Sun_20260101-20270830,37318,,HOWRAH JN,0,,37318,0,0,0
37319,Mon-Tue-Wed-Thu-Fri-Sat-Sun_20260101-20270830,37319,,TARAKESWAR,0,,37319,0,0,0
37320,Mon-Tue-Wed-Thu-Fri-Sat-Sun_20260101-20270830,37320,,HOWRAH JN,0,,37320,0,0,0
37321,Mon-Tue-Wed-Thu-Fri-Sat-Sun_20260101-20270830,37321,,TARAKESWAR,0,,37321,0,0,0
37322,Mon-Tue-Wed-Thu-Fri-Sat-Sun_20260101-20270830,37322,,HOWRAH JN,0,,37322,0,0,0
37323,Mon-Tue-Wed-Thu-Fri-Sat-Sun_20260101-20270830,37323,,TARAKESWAR,0,,37323,0,0,0
37324,Mon-Tue-Wed-Thu-Fri-Sat-Sun_20260101-20270830,37324,,HOWRAH JN,0,,37324,0,0,0
37325,Mon-Tue-Wed-Thu-Fri-Sat-Sun_20260101-20270830,37325,,TARAKESWAR,0,,37325,0,0,0
37326,Mon-Tue-Wed-Thu-Fri-Sat-Sun_20260101-20270830,37326,,HOWRAH JN,0,,37326,0,0,0
37327,Mon-Tue-Wed-Thu-Fri-Sat-Sun_20260101-20270830,37327,,TARAKESWAR,0,,37327,0,0,0
37328,Mon-Tue-Wed-Thu-Fri-Sat-Sun_20260101-20270830,37328,,HOWRAH JN,0,,37328,0,0,0
37329,Mon-Tue-Wed-Thu-Fri-Sat-Sun_20260101-20270830,37329,,TARAKESWAR,0,,37329,0,0,0
37330,Mon-Tue-Wed-Thu-Fri-Sat-Sun_20260101-20270830,37330,,HOWRAH JN,0,,37330,0,0,0
37331,Mon-Tue-Wed-Thu-Fri-Sat-Sun_20260104-20270830,37331,,TARAKESWAR,0,,37331,0,0,0
37332,Mon-Tue-Wed-Thu-Fri-Sat-Sun_20260101-20270830,37332,,HOWRAH JN,0,,37332,0,0,0
37333,Mon-Tue-Wed-Thu-Fri-Sat-Sun_20260101-20270830,37333,,TARAKESWAR,0,,37333,0,0,0
37334,Mon-Tue-Wed-Thu-Fri-Sat-Sun_20260101-20270830,37334,,HOWRAH JN,0,,37334,0,0,0
37335,Mon-Tue-Wed-Thu-Fri-Sat-Sun_20260101-20270830,37335,,TARAKESWAR,0,,37335,0,0,0
37336,Mon-Tue-Wed-Thu-Fri-Sat-Sun_20260101-20270830,37336,,HOWRAH JN,0,,37336,0,0,0
37337,Mon-Tue-Wed-Thu-Fri-Sat-Sun_20260101-20270830,37337,,TARAKESWAR,0,,37337,0,0,0
37338,Mon-Tue-Wed-Thu-Fri-Sat-Sun_20260101-20270830,37338,,HOWRAH JN,0,,37338,0,0,0
37339,Mon-Tue-Wed-Thu-Fri-Sat-Sun_20260121-20270830,37339,,TARAKESWAR,0,,37339,0,0,0
37340,Mon-Tue-Wed-Thu-Fri-Sat-Sun_20260101-20270830,37340,,HOWRAH JN,0,,37340,0,0,0
37341,Mon-Tue-Wed-Thu-Fri-Sat-Sun_20260105-20270830,37341,,TARAKESWAR,0,,37341,0,0,0
37342,Mon-Tue-Wed-Thu-Fri-Sat-Sun_20260101-20270830,37342,,HOWRAH JN,0,,37342,0,0,0
37343,Mon-Tue-Wed-Thu-Fri-Sat-Sun_20260101-20270830,37343,,TARAKESWAR,0,,37343,0,0,0
37344,Mon-Tue-Wed-Thu-Fri-Sat-Sun_20260101-20270830,37344,,HOWRAH JN,0,,37344,0,0,0
37345,Mon-Tue-Wed-Thu-Fri-Sat-Sun_20260101-20270830,37345,,TARAKESWAR,0,,37345,0,0,0
37346,Mon-Tue-Wed-Thu-Fri-Sat-Sun_20260101-20270830,37346,,HOWRAH JN,0,,37346,0,0,0
37347,Mon-Tue-Wed-Thu-Fri-Sat-Sun_20260101-20270830,37347,,TARAKESWAR,0,,37347,0,0,0
37348,Mon-Tue-Wed-Thu-Fri-Sat-Sun_20260101-20270830,37348,,HOWRAH JN,0,,37348,0,0,0
37349,Mon-Tue-Wed-Thu-Fri-Sat-Sun_20260101-20270830,37349,,TARAKESWAR,0,,37349,0,0,0
37350,Mon-Tue-Wed-Thu-Fri-Sat-Sun_20260101-20270830,37350,,HOWRAH JN,0,,37350,0,0,0
37351,Mon-Tue-Wed-Thu-Fri-Sat-Sun_20260101-20270830,37351,,TARAKESWAR,0,,37351,0,0,0
37352,Mon-Tue-Wed-Thu-Fri-Sat-Sun_20260101-20270830,37352,,HOWRAH JN,0,,37352,0,0,0
37354,Mon-Tue-Wed-Thu-Fri-Sat-Sun_20260101-20270830,37354,,HOWRAH JN,0,,37354,0,0,0
37356,Mon-Tue-Wed-Thu-Fri-Sat-Sun_20260101-20270830,37356,,HOWRAH JN,0,,37356,0,0,0
37358,Mon-Tue-Wed-Thu-Fri-Sat-Sun_20260101-20270830,37358,,HOWRAH JN,0,,37358,0,0,0
37361,Mon-Tue-Wed-Thu-Fri-Sat-Sun_20260101-20270830,37361,,ARAMBAG,0,,37361,0,0,0
37362,Mon-Tue-Wed-Thu-Fri-Sat-Sun_20260101-20270830,37362,,HOWRAH JN,0,,37362,0,0,0
37363,Mon-Tue-Wed-Thu-Fri-Sat-Sun_20260206-20270830,37363,,ARAMBAG,0,,37363,0,0,0
37364,Mon-Tue-Wed-Thu-Fri-Sat-Sun_20260101-20270830,37364,,HOWRAH JN,0,,37364,0,0,0
37371,Mon-Tue-Wed-Thu-Fri-Sat-Sun_20260101-20270830,37371,,GOGHAT,0,,37371,0,0,0
37372,Mon-Tue-Wed-Thu-Fri-Sat-Sun_20260101-20270830,37372,,HOWRAH JN,0,,37372,0,0,0
37373,Mon-Tue-Wed-Thu-Fri-Sat-Sun_20260101-20270830,37373,,GOGHAT,0,,37373,0,0,0
37374,Mon-Tue-Wed-Thu-Fri-Sat-Sun_20260101-20270830,37374,,HOWRAH JN,0,,37374,0,0,0
37375,Mon-Tue-Wed-Thu-Fri-Sat-Sun_20260101-20270830,37375,,GOGHAT,0,,37375,0,0,0
37376,Mon-Tue-Wed-Thu-Fri-Sat-Sun_20260212-20270830,37376,,HOWRAH JN,0,,37376,0,0,0
37377,Mon-Tue-Wed-Thu-Fri-Sat-Sun_20260101-20270830,37377,,GOGHAT,0,,37377,0,0,0
37378,Mon-Tue-Wed-Thu-Fri-Sat-Sun_20260101-20270830,37378,,HOWRAH JN,0,,37378,0,0,0
37379,Mon-Tue-Wed-Thu-Fri-Sat-Sun_20260108-20270830,37379,,GOGHAT,0,,37379,0,0,0
37380,Mon-Tue-Wed-Thu-Fri-Sat-Sun_20260101-20270830,37380,,HOWRAH JN,0,,37380,0,0,0
37381,Mon-Tue-Wed-Thu-Fri-Sat-Sun_20260104-20270830,37381,,GOGHAT,0,,37381,0,0,0
37382,Mon-Tue-Wed-Thu-Fri-Sat-Sun_20260101-20270830,37382,,HOWRAH JN,0,,37382,0,0,0
37383,Mon-Tue-Wed-Thu-Fri-Sat-Sun_20260104-20270830,37383,,GOGHAT,0,,37383,0,0,0
37384,Mon-Tue-Wed-Thu-Fri-Sat-Sun_20260108-20270830,37384,,HOWRAH JN,0,,37384,0,0,0
37385,Mon-Tue-Wed-Thu-Fri-Sat-Sun_20260206-20270830,37385,,GOGHAT,0,,37385,0,0,0
37387,Mon-Tue-Wed-Thu-Fri-Sat-Sun_20260105-20270830,37387,,GOGHAT,0,,37387,0,0,0
37389,Mon-Tue-Wed-Thu-Fri-Sat-Sun_20260103-20270830,37389,,GOGHAT,0,,37389,0,0,0
37401,Mon-Tue-Wed-Thu-Fri-Sat-Sun_20260101-20270830,37401,,GOGHAT,0,,37401,0,0,0
37402,Mon-Tue-Wed-Thu-Fri-Sat-Sun_20260101-20270830,37402,,TARAKESWAR,0,,37402,0,0,0
37403,Mon-Tue-Wed-Thu-Fri-Sat-Sun_20260101-20270830,37403,,GOGHAT,0,,37403,0,0,0
37404,Mon-Tue-Wed-Thu-Fri-Sat-Sun_20260101-20270830,37404,,TARAKESWAR,0,,37404,0,0,0
37405,Mon-Tue-Wed-Thu-Fri-Sat-Sun_20260101-20270830,37405,,GOGHAT,0,,37405,0,0,0
37406,Mon-Tue-Wed-Thu-Fri-Sat-Sun_20260101-20270830,37406,,TARAKESWAR,0,,37406,0,0,0
37408,Mon-Tue-Wed-Thu-Fri-Sat-Sun_20260101-20270830,37408,,TARAKESWAR,0,,37408,0,0,0
37410,Mon-Tue-Wed-Thu-Fri-Sat-Sun_20260101-20270830,37410,,TARAKESWAR,0,,37410,0,0,0
37412,Mon-Tue-Wed-Thu-Fri-Sat-Sun_20260101-20270830,37412,,TARAKESWAR,0,,37412,0,0,0
37413,Mon-Tue-Wed-Thu-Fri-Sat-Sun_20260101-20270830,37413,,TARAKESWAR,0,,37413,0,0,0
37414,Mon-Tue-Wed-Thu-Fri-Sat-Sun_20260101-20270830,37414,,SEORAPHULI,0,,37414,0,0,0
37415,Mon-Tue-Wed-Thu-Fri-Sat-Sun_20260101-20270830,37415,,TARAKESWAR,0,,37415,0,0,0
37416,Mon-Tue-Wed-Thu-Fri-Sat-Sun_20260101-20270830,37416,,SEORAPHULI,0,,37416,0,0,0
37417,Mon-Tue-Wed-Thu-Fri-Sat-Sun_20260319-20270830,37417,,TARAKESWAR,0,,37417,0,0,0
37418,Mon-Tue-Wed-Thu-Fri-Sat-Sun_20260319-20270830,37418,,SEORAPHULI,0,,37418,0,0,0
37421,Mon-Tue-Wed-Thu-Fri-Sat-Sun_20260103-20270830,37421,,ARAMBAG,0,,37421,0,0,0
37422,Mon-Tue-Wed-Thu-Fri-Sat-Sun_20260101-20270830,37422,,TARAKESWAR,0,,37422,0,0,0
37423,Mon-Tue-Wed-Thu-Fri-Sat-Sun_20260101-20270830,37423,,ARAMBAG,0,,37423,0,0,0
37424,Mon-Tue-Wed-Thu-Fri-Sat-Sun_20260101-20270830,37424,,TARAKESWAR,0,,37424,0,0,0
37511,Mon-Tue-Wed-Thu-Fri-Sat_20260101-20270830,37511,,BANDEL,0,,37511,0,0,0
37512,Mon-Tue-Wed-Thu-Fri-Sat_20260101-20270830,37512,,BALLY,0,,37512,0,0,0
37521,Mon-Tue-Wed-Thu-Fri-Sat-Sun_20260101-20270830,37521,,BANDEL,0,,37521,0,0,0
37522,Mon-Tue-Wed-Thu-Fri-Sat-Sun_20260101-20270830,37522,,NAIHATI JN,0,,37522,0,0,0
37523,Mon-Tue-Wed-Thu-Fri-Sat-Sun_20260101-20270830,37523,,BANDEL,0,,37523,0,0,0
37524,Mon-Tue-Wed-Thu-Fri-Sat-Sun_20260101-20270830,37524,,NAIHATI JN,0,,37524,0,0,0
37525,Mon-Tue-Wed-Thu-Fri-Sat-Sun_20260101-20270830,37525,,BANDEL,0,,37525,0,0,0
37526,Mon-Tue-Wed-Thu-Fri-Sat-Sun_20260101-20270830,37526,,NAIHATI JN,0,,37526,0,0,0
37527,Mon-Tue-Wed-Thu-Fri-Sat-Sun_20260101-20270830,37527,,BANDEL,0,,37527,0,0,0
37528,Mon-Tue-Wed-Thu-Fri-Sat-Sun_20260101-20270830,37528,,NAIHATI JN,0,,37528,0,0,0
37529,Mon-Tue-Wed-Thu-Fri-Sat-Sun_20260101-20270830,37529,,BANDEL,0,,37529,0,0,0
37530,Mon-Tue-Wed-Thu-Fri-Sat-Sun_20260101-20270830,37530,,NAIHATI JN,0,,37530,0,0,0
37531,Mon-Tue-Wed-Thu-Fri-Sat-Sun_20260101-20270830,37531,,BANDEL,0,,37531,0,0,0
37532,Mon-Tue-Wed-Thu-Fri-Sat-Sun_20260101-20270830,37532,,NAIHATI JN,0,,37532,0,0,0
37533,Mon-Tue-Wed-Thu-Fri-Sat-Sun_20260101-20270830,37533,,BANDEL,0,,37533,0,0,0
37534,Mon-Tue-Wed-Thu-Fri-Sat-Sun_20260101-20270830,37534,,NAIHATI JN,0,,37534,0,0,0
37535,Mon-Tue-Wed-Thu-Fri-Sat-Sun_20260101-20270830,37535,,BANDEL,0,,37535,0,0,0
37536,Mon-Tue-Wed-Thu-Fri-Sat-Sun_20260101-20270830,37536,,NAIHATI JN,0,,37536,0,0,0
37537,Mon-Tue-Wed-Thu-Fri-Sat-Sun_20260101-20270830,37537,,BANDEL,0,,37537,0,0,0
37538,Mon-Tue-Wed-Thu-Fri-Sat-Sun_20260101-20270830,37538,,NAIHATI JN,0,,37538,0,0,0
37539,Mon-Tue-Wed-Thu-Fri-Sat-Sun_20260101-20270830,37539,,BANDEL,0,,37539,0,0,0
37540,Mon-Tue-Wed-Thu-Fri-Sat-Sun_20260101-20270830,37540,,NAIHATI JN,0,,37540,0,0,0
37541,Mon-Tue-Wed-Thu-Fri-Sat-Sun_20260101-20270830,37541,,BANDEL,0,,37541,0,0,0
37542,Mon-Tue-Wed-Thu-Fri-Sat-Sun_20260101-20270830,37542,,NAIHATI JN,0,,37542,0,0,0
37543,Mon-Tue-Wed-Thu-Fri-Sat-Sun_20260101-20270830,37543,,BANDEL,0,,37543,0,0,0
37544,Mon-Tue-Wed-Thu-Fri-Sat-Sun_20260101-20270830,37544,,NAIHATI JN,0,,37544,0,0,0
37545,Mon-Tue-Wed-Thu-Fri-Sat-Sun_20260101-20270830,37545,,BANDEL,0,,37545,0,0,0
37546,Mon-Tue-Wed-Thu-Fri-Sat-Sun_20260101-20270830,37546,,NAIHATI JN,0,,37546,0,0,0
37547,Mon-Tue-Wed-Thu-Fri-Sat-Sun_20260101-20270830,37547,,BANDEL,0,,37547,0,0,0
37548,Mon-Tue-Wed-Thu-Fri-Sat-Sun_20260101-20270830,37548,,NAIHATI JN,0,,37548,0,0,0
37549,Mon-Tue-Wed-Thu-Fri-Sat-Sun_20260101-20270830,37549,,BANDEL,0,,37549,0,0,0
37550,Mon-Tue-Wed-Thu-Fri-Sat-Sun_20260101-20270830,37550,,NAIHATI JN,0,,37550,0,0,0
37551,Mon-Tue-Wed-Thu-Fri-Sat-Sun_20260101-20270830,37551,,BANDEL,0,,37551,0,0,0
37552,Mon-Tue-Wed-Thu-Fri-Sat-Sun_20260101-20270830,37552,,NAIHATI JN,0,,37552,0,0,0
37553,Mon-Tue-Wed-Thu-Fri-Sat-Sun_20260101-20270830,37553,,BANDEL,0,,37553,0,0,0
37554,Mon-Tue-Wed-Thu-Fri-Sat-Sun_20260101-20270830,37554,,NAIHATI JN,0,,37554,0,0,0
37555,Mon-Tue-Wed-Thu-Fri-Sat-Sun_20260101-20270830,37555,,BANDEL,0,,37555,0,0,0
37556,Mon-Tue-Wed-Thu-Fri-Sat-Sun_20260101-20270830,37556,,NAIHATI JN,0,,37556,0,0,0
37557,Mon-Tue-Wed-Thu-Fri-Sat-Sun_20260101-20270830,37557,,BANDEL,0,,37557,0,0,0
37558,Mon-Tue-Wed-Thu-Fri-Sat-Sun_20260101-20270830,37558,,NAIHATI JN,0,,37558,0,0,0
37611,Mon-Tue-Wed-Thu-Fri-Sat-Sun_20260417-20270830,37611,,PUNDOOAH,0,,37611,0,0,0
37612,Mon-Tue-Wed-Thu-Fri-Sat-Sun_20260417-20270830,37612,,HOWRAH JN,0,,37612,0,0,0
37614,Mon-Tue-Wed-Thu-Fri-Sat-Sun_20260417-20270830,37614,,HOWRAH JN,0,,37614,0,0,0
37651,Mon-Tue-Wed-Thu-Fri-Sat-Sun_20260417-20270830,37651,,MEMARI,0,,37651,0,0,0
37652,Mon-Tue-Wed-Thu-Fri-Sat-Sun_20260417-20270830,37652,,HOWRAH JN,0,,37652,0,0,0
37655,Mon-Tue-Wed-Thu-Fri-Sat-Sun_20260417-20270830,37655,,MEMARI,0,,37655,0,0,0
37656,Mon-Tue-Wed-Thu-Fri-Sat-Sun_20260417-20270830,37656,,HOWRAH JN,0,,37656,0,0,0
37657,Mon-Tue-Wed-Thu-Fri-Sat-Sun_20260417-20270830,37657,,MEMARI,0,,37657,0,0,0
37658,Mon-Tue-Wed-Thu-Fri-Sat-Sun_20260417-20270830,37658,,HOWRAH JN,0,,37658,0,0,0
37711,Mon-Tue-Wed-Thu-Fri-Sat-Sun_20260417-20270830,37711,,PUNDOOAH,0,,37711,0,0,0
37731,Mon-Tue-Wed-Thu-Fri-Sat_20260417-20270830,37731,,MEMARI,0,,37731,0,0,0
37732,Mon-Tue-Wed-Thu-Fri-Sat_20260417-20270830,37732,,BANDEL,0,,37732,0,0,0
37741,Mon-Tue-Wed-Thu-Fri-Sat-Sun_20260101-20270830,37741,,KATWA,0,,37741,0,0,0
37742,Mon-Tue-Wed-Thu-Fri-Sat-Sun_20260315-20270830,37742,,BANDEL,0,,37742,0,0,0
37743,Mon-Tue-Wed-Thu-Fri-Sat-Sun_20260315-20270830,37743,,KATWA,0,,37743,0,0,0
37744,Mon-Tue-Wed-Thu-Fri-Sat-Sun_20260101-20270830,37744,,BANDEL,0,,37744,0,0,0
37745,Mon-Tue-Wed-Thu-Fri-Sat-Sun_20260315-20270830,37745,,KATWA,0,,37745,0,0,0
37746,Mon-Tue-Wed-Thu-Fri-Sat-Sun_20260101-20270830,37746,,BANDEL,0,,37746,0,0,0
37747,Mon-Tue-Wed-Thu-Fri-Sat-Sun_20260101-20270830,37747,,KATWA,0,,37747,0,0,0
37748,Mon-Tue-Wed-Thu-Fri-Sat-Sun_20260315-20270830,37748,,BANDEL,0,,37748,0,0,0
37749,Mon-Tue-Wed-Thu-Fri-Sat-Sun_20260315-20270830,37749,,KATWA,0,,37749,0,0,0
37750,Mon-Tue-Wed-Thu-Fri-Sat-Sun_20260315-20270830,37750,,BANDEL,0,,37750,0,0,0
37751,Mon-Tue-Wed-Thu-Fri-Sat-Sun_20260315-20270830,37751,,KATWA,0,,37751,0,0,0
37752,Mon-Tue-Wed-Thu-Fri-Sat-Sun_20260101-20270830,37752,,BANDEL,0,,37752,0,0,0
37753,Mon-Tue-Wed-Thu-Fri-Sat-Sun_20260507-20270830,37753,,KATWA,0,,37753,0,0,0
37754,Mon-Tue-Wed-Thu-Fri-Sat-Sun_20260101-20270830,37754,,BANDEL,0,,37754,0,0,0
37755,Mon-Tue-Wed-Thu-Fri-Sat-Sun_20260101-20270830,37755,,KATWA,0,,37755,0,0,0
37756,Mon-Tue-Wed-Thu-Fri-Sat-Sun_20260101-20270830,37756,,BANDEL,0,,37756,0,0,0
37757,Mon-Tue-Wed-Thu-Fri-Sat-Sun_20260315-20270830,37757,,KATWA,0,,37757,0,0,0
37758,Mon-Tue-Wed-Thu-Fri-Sat-Sun_20260101-20270830,37758,,BANDEL,0,,37758,0,0,0
37781,Mon-Tue-Wed-Thu-Fri-Sat-Sun_20260417-20270830,37781,,BARDHAMAN,0,,37781,0,0,0
37782,Mon-Tue-Wed-Thu-Fri-Sat-Sun_20260417-20270830,37782,,BANDEL,0,,37782,0,0,0
37783,Mon-Tue-Wed-Thu-Fri-Sat-Sun_20260417-20270830,37783,,BARDHAMAN,0,,37783,0,0,0
37784,Mon-Tue-Wed-Thu-Fri-Sat_20260417-20270830,37784,,BANDEL,0,,37784,0,0,0
37785,Mon-Tue-Wed-Thu-Fri-Sat-Sun_20260417-20270830,37785,,BARDHAMAN,0,,37785,0,0,0
37786,Mon-Tue-Wed-Thu-Fri-Sat-Sun_20260417-20270830,37786,,BANDEL,0,,37786,0,0,0
37811,Mon-Tue-Wed-Thu-Fri-Sat-Sun_20260417-20270830,37811,,BARDHAMAN,0,,37811,0,0,0
37812,Mon-Tue-Wed-Thu-Fri-Sat-Sun_20260417-20270830,37812,,HOWRAH JN,0,,37812,0,0,0
37813,Mon-Tue-Wed-Thu-Fri-Sat-Sun_20260417-20270830,37813,,BARDHAMAN,0,,37813,0,0,0
37814,Mon-Tue-Wed-Thu-Fri-Sat-Sun_20260417-20270830,37814,,HOWRAH JN,0,,37814,0,0,0
37815,Mon-Tue-Wed-Thu-Fri-Sat-Sun_20260417-20270830,37815,,BARDHAMAN,0,,37815,0,0,0
37816,Mon-Tue-Wed-Thu-Fri-Sat-Sun_20260417-20270830,37816,,HOWRAH JN,0,,37816,0,0,0
37817,Mon-Tue-Wed-Thu-Fri-Sat-Sun_20260417-20270830,37817,,BARDHAMAN,0,,37817,0,0,0
37818,Mon-Tue-Wed-Thu-Fri-Sat-Sun_20260417-20270830,37818,,HOWRAH JN,0,,37818,0,0,0
37819,Mon-Tue-Wed-Thu-Fri-Sat-Sun_20260417-20270830,37819,,BARDHAMAN,0,,37819,0,0,0
37820,Mon-Tue-Wed-Thu-Fri-Sat-Sun_20260417-20270830,37820,,HOWRAH JN,0,,37820,0,0,0
37821,Mon-Tue-Wed-Thu-Fri-Sat-Sun_20260417-20270830,37821,,BARDHAMAN,0,,37821,0,0,0
37822,Mon-Tue-Wed-Thu-Fri-Sat-Sun_20260417-20270830,37822,,HOWRAH JN,0,,37822,0,0,0
37823,Mon-Tue-Wed-Thu-Fri-Sat-Sun_20260417-20270830,37823,,BARDHAMAN,0,,37823,0,0,0
37824,Mon-Tue-Wed-Thu-Fri-Sat-Sun_20260417-20270830,37824,,HOWRAH JN,0,,37824,0,0,0
37825,Mon-Tue-Wed-Thu-Fri-Sat-Sun_20260417-20270830,37825,,BARDHAMAN,0,,37825,0,0,0
37826,Mon-Tue-Wed-Thu-Fri-Sat-Sun_20260417-20270830,37826,,HOWRAH JN,0,,37826,0,0,0
37827,Mon-Tue-Wed-Thu-Fri-Sat-Sun_20260417-20270830,37827,,BARDHAMAN,0,,37827,0,0,0
37828,Mon-Tue-Wed-Thu-Fri-Sat-Sun_20260417-20270830,37828,,HOWRAH JN,0,,37828,0,0,0
37829,Mon-Tue-Wed-Thu-Fri-Sat-Sun_20260417-20270830,37829,,BARDHAMAN,0,,37829,0,0,0
37830,Mon-Tue-Wed-Thu-Fri-Sat-Sun_20260417-20270830,37830,,HOWRAH JN,0,,37830,0,0,0
37831,Mon-Tue-Wed-Thu-Fri-Sat-Sun_20260417-20270830,37831,,BARDHAMAN,0,,37831,0,0,0
37832,Mon-Tue-Wed-Thu-Fri-Sat-Sun_20260417-20270830,37832,,HOWRAH JN,0,,37832,0,0,0
37833,Sat_20260418-20270830,37833,,BARDHAMAN,0,,37833,0,0,0
37834,Mon-Tue-Wed-Thu-Fri-Sat-Sun_20260417-20270830,37834,,HOWRAH JN,0,,37834,0,0,0
37835,Mon-Tue-Wed-Thu-Fri-Sun_20260417-20270830,37835,,BARDHAMAN,0,,37835,0,0,0
37836,Mon-Tue-Wed-Thu-Fri-Sat-Sun_20260417-20270830,37836,,HOWRAH JN,0,,37836,0,0,0
37837,Mon-Tue-Wed-Thu-Fri-Sat-Sun_20260417-20270830,37837,,BARDHAMAN,0,,37837,0,0,0
37838,Mon-Tue-Wed-Thu-Fri-Sat-Sun_20260417-20270830,37838,,HOWRAH JN,0,,37838,0,0,0
37839,Mon-Tue-Wed-Thu-Fri-Sat-Sun_20260417-20270830,37839,,BARDHAMAN,0,,37839,0,0,0
37840,Mon-Tue-Wed-Thu-Fri-Sat-Sun_20260417-20270830,37840,,HOWRAH JN,0,,37840,0,0,0
37841,Mon-Tue-Wed-Thu-Fri-Sat-Sun_20260417-20270830,37841,,BARDHAMAN,0,,37841,0,0,0
37842,Mon-Tue-Wed-Thu-Fri-Sat-Sun_20260417-20270830,37842,,HOWRAH JN,0,,37842,0,0,0
37843,Mon-Tue-Wed-Thu-Fri-Sat-Sun_20260417-20270830,37843,,BARDHAMAN,0,,37843,0,0,0
37844,Mon-Tue-Wed-Thu-Fri-Sun_20260417-20270830,37844,,HOWRAH JN,0,,37844,0,0,0
37845,Mon-Tue-Wed-Thu-Fri-Sat_20260417-20270830,37845,,BARDHAMAN,0,,37845,0,0,0
37846,Sat_20260418-20270830,37846,,HOWRAH JN,0,,37846,0,0,0
37847,Mon-Tue-Wed-Thu-Fri-Sat-Sun_20260417-20270830,37847,,BARDHAMAN,0,,37847,0,0,0
37848,Mon-Tue-Wed-Thu-Fri-Sat-Sun_20260417-20270830,37848,,HOWRAH JN,0,,37848,0,0,0
37849,Mon-Tue-Wed-Thu-Fri-Sat-Sun_20260417-20270830,37849,,BARDHAMAN,0,,37849,0,0,0
37850,Mon-Tue-Wed-Thu-Fri-Sat-Sun_20260417-20270830,37850,,HOWRAH JN,0,,37850,0,0,0
37851,Mon-Tue-Wed-Thu-Fri-Sat-Sun_20260417-20270830,37851,,BARDHAMAN,0,,37851,0,0,0
37852,Mon-Tue-Wed-Thu-Fri-Sat-Sun_20260417-20270830,37852,,HOWRAH JN,0,,37852,0,0,0
37853,Mon-Tue-Wed-Thu-Fri-Sat-Sun_20260417-20270830,37853,,BARDHAMAN,0,,37853,0,0,0
37854,Mon-Tue-Wed-Thu-Fri-Sat-Sun_20260417-20270830,37854,,HOWRAH JN,0,,37854,0,0,0
37855,Mon-Tue-Wed-Thu-Fri-Sat-Sun_20260417-20270830,37855,,BARDHAMAN,0,,37855,0,0,0
37857,Mon-Tue-Wed-Thu-Fri-Sat-Sun_20260417-20270830,37857,,BARDHAMAN,0,,37857,0,0,0
37911,Mon-Tue-Wed-Thu-Fri-Sat-Sun_20260101-20270830,37911,,KATWA,0,,37911,0,0,0
37912,Mon-Tue-Wed-Thu-Fri-Sat-Sun_20260315-20270830,37912,,HOWRAH JN,0,,37912,0,0,0
37913,Mon-Tue-Wed-Thu-Fri-Sat-Sun_20260101-20270830,37913,,KATWA,0,,37913,0,0,0
37914,Mon-Tue-Wed-Thu-Fri-Sat-Sun_20260315-20270830,37914,,HOWRAH JN,0,,37914,0,0,0
37915,Mon-Tue-Wed-Thu-Fri-Sat-Sun_20260101-20270830,37915,,KATWA,0,,37915,0,0,0
37916,Mon-Tue-Wed-Thu-Fri-Sat-Sun_20260204-20270830,37916,,HOWRAH JN,0,,37916,0,0,0
37917,Mon-Tue-Wed-Thu-Fri-Sat-Sun_20260101-20270830,37917,,KATWA,0,,37917,0,0,0
37918,Mon-Tue-Wed-Thu-Fri-Sat-Sun_20260101-20270830,37918,,HOWRAH JN,0,,37918,0,0,0
37919,Mon-Tue-Wed-Thu-Fri-Sat-Sun_20260101-20270830,37919,,KATWA,0,,37919,0,0,0
37920,Mon-Tue-Wed-Thu-Fri-Sat-Sun_20260315-20270830,37920,,HOWRAH JN,0,,37920,0,0,0
37921,Mon-Tue-Wed-Thu-Fri-Sat-Sun_20260315-20270830,37921,,KATWA,0,,37921,0,0,0
37922,Mon-Tue-Wed-Thu-Fri-Sat-Sun_20260101-20270830,37922,,HOWRAH JN,0,,37922,0,0,0
37923,Mon-Tue-Wed-Thu-Fri-Sat-Sun_20260315-20270830,37923,,KATWA,0,,37923,0,0,0
37924,Mon-Tue-Wed-Thu-Fri-Sat-Sun_20260315-20270830,37924,,HOWRAH JN,0,,37924,0,0,0
37925,Mon-Tue-Wed-Thu-Fri-Sat-Sun_20260315-20270830,37925,,KATWA,0,,37925,0,0,0
37926,Mon-Tue-Wed-Thu-Fri-Sat-Sun_20260101-20270830,37926,,HOWRAH JN,0,,37926,0,0,0
37927,Mon-Tue-Wed-Thu-Fri-Sat-Sun_20260315-20270830,37927,,KATWA,0,,37927,0,0,0
37928,Mon-Tue-Wed-Thu-Fri-Sat-Sun_20260315-20270830,37928,,HOWRAH JN,0,,37928,0,0,0
38032,Mon-Tue-Wed-Thu-Fri-Sat_20260101-20270830,38032,,SHALIMAR,0,,38032,0,0,0
38033,Mon-Tue-Wed-Thu-Fri-Sat_20260101-20270830,38033,,SANTRAGACHI JN,0,,38033,0,0,0
38034,Mon-Tue-Wed-Thu-Fri-Sat-Sun_20260101-20270830,38034,,SHALIMAR,0,,38034,0,0,0
38051,Mon-Tue-Wed-Thu-Fri-Sat-Sun_20260114-20270830,38051,,HALDIA,0,,38051,0,0,0
38052,Mon-Tue-Wed-Thu-Fri-Sat-Sun_20260101-20270830,38052,,HOWRAH JN,0,,38052,0,0,0
38053,Mon-Tue-Wed-Thu-Fri-Sat-Sun_20260101-20270830,38053,,HALDIA,0,,38053,0,0,0
38054,Mon-Tue-Wed-Thu-Fri-Sat-Sun_20260101-20270830,38054,,PANSKURA,0,,38054,0,0,0
38055,Mon-Tue-Wed-Thu-Fri-Sat-Sun_20260101-20270830,38055,,HALDIA,0,,38055,0,0,0
38056,Mon-Tue-Wed-Thu-Fri-Sat-Sun_20260101-20270830,38056,,HOWRAH JN,0,,38056,0,0,0
38057,Mon-Tue-Wed-Thu-Fri-Sat-Sun_20260104-20270830,38057,,HALDIA,0,,38057,0,0,0
38058,Mon-Tue-Wed-Thu-Fri-Sat-Sun_20260101-20270830,38058,,HOWRAH JN,0,,38058,0,0,0
38103,Mon-Tue-Wed-Thu-Fri-Sat_20260101-20270830,38103,,ULUBARIA,0,,38103,0,0,0
38104,Mon-Tue-Wed-Thu-Fri-Sat_20260101-20270830,38104,,HOWRAH JN,0,,38104,0,0,0
38105,Mon-Tue-Wed-Thu-Fri-Sat_20260101-20270830,38105,,ULUBARIA,0,,38105,0,0,0
38106,Mon-Tue-Wed-Thu-Fri-Sat_20260101-20270830,38106,,HOWRAH JN,0,,38106,0,0,0
38202,Mon-Tue-Wed-Thu-Fri-Sat-Sun_20260101-20270830,38202,,HOWRAH JN,0,,38202,0,0,0
38204,Mon-Tue-Wed-Thu-Fri-Sat-Sun_20260101-20270830,38204,,HOWRAH JN,0,,38204,0,0,0
38301,Mon-Tue-Wed-Thu-Fri-Sat-Sun_20260101-20270830,38301,,MECHEDA,0,,38301,0,0,0
38302,Mon-Tue-Wed-Thu-Fri-Sat-Sun_20260101-20270830,38302,,HOWRAH JN,0,,38302,0,0,0
38303,Mon-Tue-Wed-Thu-Fri-Sat_20260101-20270830,38303,,MECHEDA,0,,38303,0,0,0
38304,Mon-Tue-Wed-Thu-Fri-Sat-Sun_20260101-20270830,38304,,HOWRAH JN,0,,38304,0,0,0
38305,Mon-Tue-Wed-Thu-Fri-Sat-Sun_20260101-20270830,38305,,MECHEDA,0,,38305,0,0,0
38306,Mon-Tue-Wed-Thu-Fri-Sat_20260101-20270830,38306,,HOWRAH JN,0,,38306,0,0,0
38308,Mon-Tue-Wed-Thu-Fri-Sat_20260101-20270830,38308,,HOWRAH JN,0,,38308,0,0,0
38309,Mon-Tue-Wed-Thu-Fri-Sat-Sun_20260101-20270830,38309,,MECHEDA,0,,38309,0,0,0
38310,Mon-Tue-Wed-Thu-Fri-Sat-Sun_20260101-20270830,38310,,SANTRAGACHI JN,0,,38310,0,0,0
38311,Mon-Tue-Wed-Thu-Fri-Sat-Sun_20260101-20270830,38311,,MECHEDA,0,,38311,0,0,0
38312,Mon-Tue-Wed-Thu-Fri-Sat_20260101-20270830,38312,,HOWRAH JN,0,,38312,0,0,0
38313,Mon-Tue-Wed-Thu-Fri-Sat_20260101-20270830,38313,,MECHEDA,0,,38313,0,0,0
38314,Mon-Tue-Wed-Thu-Fri-Sat-Sun_20260101-20270830,38314,,HOWRAH JN,0,,38314,0,0,0
38315,Mon-Tue-Wed-Thu-Fri-Sat-Sun_20260101-20270830,38315,,MECHEDA,0,,38315,0,0,0
38316,Mon-Tue-Wed-Thu-Fri-Sat-Sun_20260101-20270830,38316,,SANTRAGACHI JN,0,,38316,0,0,0
38317,Mon-Tue-Wed-Thu-Fri-Sat-Sun_20260101-20270830,38317,,MECHEDA,0,,38317,0,0,0
38319,Mon-Tue-Wed-Thu-Fri-Sat_20260105-20270830,38319,,MECHEDA,0,,38319,0,0,0
38321,Mon-Tue-Wed-Thu-Fri-Sat-Sun_20260101-20270830,38321,,MECHEDA,0,,38321,0,0,0
38402,Mon-Tue-Wed-Thu-Fri-Sat-Sun_20260101-20270830,38402,,HOWRAH JN,0,,38402,0,0,0
38403,Mon-Tue-Wed-Thu-Fri-Sat_20260101-20270830,38403,,PANSKURA,0,,38403,0,0,0
38404,Mon-Tue-Wed-Thu-Fri-Sat-Sun_20260101-20270830,38404,,HOWRAH JN,0,,38404,0,0,0
38405,Mon-Tue-Wed-Thu-Fri-Sat-Sun_20260101-20270830,38405,,PANSKURA,0,,38405,0,0,0
38406,Mon-Tue-Wed-Thu-Fri-Sat-Sun_20260101-20270830,38406,,HOWRAH JN,0,,38406,0,0,0
38408,Mon-Tue-Wed-Thu-Fri-Sat_20260101-20270830,38408,,HOWRAH JN,0,,38408,0,0,0
38409,Mon-Tue-Wed-Thu-Fri-Sat_20260101-20270830,38409,,PANSKURA,0,,38409,0,0,0
38410,Mon-Tue-Wed-Thu-Fri-Sat-Sun_20260101-20270830,38410,,SANTRAGACHI JN,0,,38410,0,0,0
38411,Mon-Tue-Wed-Thu-Fri-Sat-Sun_20260101-20270830,38411,,PANSKURA,0,,38411,0,0,0
38412,Mon-Tue-Wed-Thu-Fri-Sat_20260101-20270830,38412,,HOWRAH JN,0,,38412,0,0,0
38413,Mon-Tue-Wed-Thu-Fri-Sat-Sun_20260101-20270830,38413,,PANSKURA,0,,38413,0,0,0
38414,Mon-Tue-Wed-Thu-Fri-Sat_20260101-20270830,38414,,HOWRAH JN,0,,38414,0,0,0
38415,Mon-Tue-Wed-Thu-Fri-Sat-Sun_20260101-20270830,38415,,PANSKURA,0,,38415,0,0,0
38417,Mon-Tue-Wed-Thu-Fri-Sat_20260213-20270830,38417,,PANSKURA,0,,38417,0,0,0
38418,Mon-Tue-Wed-Thu-Fri-Sat-Sun_20260101-20270830,38418,,SANTRAGACHI JN,0,,38418,0,0,0
38419,Mon-Tue-Wed-Thu-Fri-Sat-Sun_20260101-20270830,38419,,PANSKURA,0,,38419,0,0,0
38420,Mon-Tue-Wed-Thu-Fri-Sat_20260101-20270830,38420,,HOWRAH JN,0,,38420,0,0,0
38421,Mon-Tue-Wed-Thu-Fri-Sat_20260101-20270830,38421,,PANSKURA,0,,38421,0,0,0
38422,Mon-Tue-Wed-Thu-Fri-Sat-Sun_20260101-20270830,38422,,HOWRAH JN,0,,38422,0,0,0
38423,Mon-Tue-Wed-Thu-Fri-Sat-Sun_20260101-20270830,38423,,PANSKURA,0,,38423,0,0,0
38425,Mon-Tue-Wed-Thu-Fri-Sat-Sun_20260101-20270830,38425,,PANSKURA,0,,38425,0,0,0
38426,Mon-Tue-Wed-Thu-Fri-Sat_20260101-20270830,38426,,HOWRAH JN,0,,38426,0,0,0
38428,Mon-Tue-Wed-Thu-Fri-Sat-Sun_20260101-20270830,38428,,HOWRAH JN,0,,38428,0,0,0
38429,Mon-Tue-Wed-Thu-Fri-Sat-Sun_20260101-20270830,38429,,PANSKURA,0,,38429,0,0,0
38430,Mon-Tue-Wed-Thu-Fri-Sat-Sun_20260101-20270830,38430,,HOWRAH JN,0,,38430,0,0,0
38431,Mon-Tue-Wed-Thu-Fri-Sat-Sun_20260101-20270830,38431,,PANSKURA,0,,38431,0,0,0
38432,Mon-Tue-Wed-Thu-Fri-Sat-Sun_20260101-20270830,38432,,HOWRAH JN,0,,38432,0,0,0
38433,Mon-Tue-Wed-Thu-Fri-Sat-Sun_20260101-20270830,38433,,PANSKURA,0,,38433,0,0,0
38434,Mon-Tue-Wed-Thu-Fri-Sat_20260101-20270830,38434,,SANTRAGACHI JN,0,,38434,0,0,0
38435,Mon-Tue-Wed-Thu-Fri-Sat_20260101-20270830,38435,,PANSKURA,0,,38435,0,0,0
38436,Mon-Tue-Wed-Thu-Fri-Sat_20260101-20270830,38436,,HOWRAH JN,0,,38436,0,0,0
38437,Mon-Tue-Wed-Thu-Fri-Sat-Sun_20260101-20270830,38437,,PANSKURA,0,,38437,0,0,0
38438,Mon-Tue-Wed-Thu-Fri-Sat-Sun_20260101-20270830,38438,,HOWRAH JN,0,,38438,0,0,0
38439,Mon-Tue-Wed-Thu-Fri-Sat-Sun_20260101-20270830,38439,,PANSKURA,0,,38439,0,0,0
38440,Mon-Tue-Wed-Thu-Fri-Sat-Sun_20260101-20270830,38440,,HOWRAH JN,0,,38440,0,0,0
38441,Mon-Tue-Wed-Thu-Fri-Sat-Sun_20260101-20270830,38441,,PANSKURA,0,,38441,0,0,0
38442,Mon-Tue-Wed-Thu-Fri-Sat-Sun_20260101-20270830,38442,,HOWRAH JN,0,,38442,0,0,0
38443,Mon-Tue-Wed-Thu-Fri-Sat_20260101-20270830,38443,,PANSKURA,0,,38443,0,0,0
38444,Mon-Tue-Wed-Thu-Fri-Sat-Sun_20260101-20270830,38444,,HOWRAH JN,0,,38444,0,0,0
38445,Mon-Tue-Wed-Thu-Fri-Sat_20260101-20270830,38445,,PANSKURA,0,,38445,0,0,0
38448,Mon-Tue-Wed-Thu-Fri-Sat-Sun_20260101-20270830,38448,,HOWRAH JN,0,,38448,0,0,0
38449,Mon-Tue-Wed-Thu-Fri-Sat_20260101-20270830,38449,,PANSKURA,0,,38449,0,0,0
38450,Mon-Tue-Wed-Thu-Fri-Sat_20260101-20270830,38450,,HOWRAH JN,0,,38450,0,0,0
38451,Mon-Tue-Wed-Thu-Fri-Sat_20260101-20270830,38451,,PANSKURA,0,,38451,0,0,0
38453,Mon-Tue-Wed-Thu-Fri-Sat-Sun_20260101-20270830,38453,,PANSKURA,0,,38453,0,0,0
38454,Mon-Tue-Wed-Thu-Fri-Sat-Sun_20260101-20270830,38454,,HOWRAH JN,0,,38454,0,0,0
38455,Mon-Tue-Wed-Thu-Fri-Sat-Sun_20260101-20270830,38455,,PANSKURA,0,,38455,0,0,0
38456,Mon-Tue-Wed-Thu-Fri-Sat_20260101-20270830,38456,,HOWRAH JN,0,,38456,0,0,0
38501,Mon-Tue-Wed-Thu-Fri-Sat-Sun_20260101-20270830,38501,,BALICHAK,0,,38501,0,0,0
38502,Mon-Tue-Wed-Thu-Fri-Sat-Sun_20260101-20270830,38502,,HOWRAH JN,0,,38502,0,0,0
38702,Mon-Tue-Wed-Thu-Fri-Sat-Sun_20260121-20270830,38702,,HOWRAH JN,0,,38702,0,0,0
38703,Mon-Tue-Wed-Thu-Fri-Sat_20260101-20270830,38703,,KHARAGPUR JN,0,,38703,0,0,0
38704,Mon-Tue-Wed-Thu-Fri-Sat-Sun_20260101-20270830,38704,,HOWRAH JN,0,,38704,0,0,0
38705,Mon-Tue-Wed-Thu-Fri-Sat-Sun_20260101-20270830,38705,,KHARAGPUR JN,0,,38705,0,0,0
38706,Mon-Tue-Wed-Thu-Fri-Sat-Sun_20260101-20270830,38706,,HOWRAH JN,0,,38706,0,0,0
38707,Mon-Tue-Wed-Thu-Fri-Sat-Sun_20260101-20270830,38707,,KHARAGPUR JN,0,,38707,0,0,0
38708,Mon-Tue-Wed-Thu-Fri-Sat_20260101-20270830,38708,,HOWRAH JN,0,,38708,0,0,0
38711,Mon-Tue-Wed-Thu-Fri-Sat-Sun_20260101-20270830,38711,,KHARAGPUR JN,0,,38711,0,0,0
38713,Mon-Tue-Wed-Thu-Fri-Sat_20260101-20270830,38713,,KHARAGPUR JN,0,,38713,0,0,0
38714,Mon-Tue-Wed-Thu-Fri-Sat-Sun_20260101-20270830,38714,,HOWRAH JN,0,,38714,0,0,0
38716,Mon-Tue-Wed-Thu-Fri-Sat-Sun_20260101-20270830,38716,,HOWRAH JN,0,,38716,0,0,0
38717,Mon-Tue-Wed-Thu-Fri-Sat_20260101-20270830,38717,,KHARAGPUR JN,0,,38717,0,0,0
38719,Mon-Tue-Wed-Thu-Fri-Sat-Sun_20260101-20270830,38719,,KHARAGPUR JN,0,,38719,0,0,0
38720,Mon-Tue-Wed-Thu-Fri-Sat-Sun_20260101-20270830,38720,,HOWRAH JN,0,,38720,0,0,0
38721,Mon-Tue-Wed-Thu-Fri-Sat-Sun_20260101-20270830,38721,,KHARAGPUR JN,0,,38721,0,0,0
38722,Mon-Tue-Wed-Thu-Fri-Sat_20260101-20270830,38722,,HOWRAH JN,0,,38722,0,0,0
38724,Mon-Tue-Wed-Thu-Fri-Sat_20260101-20270830,38724,,HOWRAH JN,0,,38724,0,0,0
38725,Mon-Tue-Wed-Thu-Fri-Sat-Sun_20260121-20270830,38725,,KHARAGPUR JN,0,,38725,0,0,0
38727,Mon-Tue-Wed-Thu-Fri-Sat-Sun_20260101-20270830,38727,,KHARAGPUR JN,0,,38727,0,0,0
38728,Mon-Tue-Wed-Thu-Fri-Sat-Sun_20260104-20270830,38728,,HOWRAH JN,0,,38728,0,0,0
38730,Mon-Tue-Wed-Thu-Fri-Sat-Sun_20260101-20270830,38730,,HOWRAH JN,0,,38730,0,0,0
38801,Mon-Tue-Wed-Thu-Fri-Sat-Sun_20260101-20270830,38801,,MIDNAPORE,0,,38801,0,0,0
38802,Mon-Tue-Wed-Thu-Fri-Sat-Sun_20260101-20270830,38802,,HOWRAH JN,0,,38802,0,0,0
38803,Mon-Tue-Wed-Thu-Fri-Sat-Sun_20260101-20270830,38803,,MIDNAPORE,0,,38803,0,0,0
38804,Mon-Tue-Wed-Thu-Fri-Sat-Sun_20250101-20270830,38804,,HOWRAH JN,0,,38804,0,0,0
38805,Mon-Tue-Wed-Thu-Fri-Sat-Sun_20260106-20270830,38805,,MIDNAPORE,0,,38805,0,0,0
38806,Mon-Tue-Wed-Thu-Fri-Sat-Sun_20260101-20270830,38806,,HOWRAH JN,0,,38806,0,0,0
38807,Mon-Tue-Wed-Thu-Fri-Sat-Sun_20260101-20270830,38807,,MIDNAPORE,0,,38807,0,0,0
38808,Mon-Tue-Wed-Thu-Fri-Sat-Sun_20260122-20270830,38808,,HOWRAH JN,0,,38808,0,0,0
38809,Mon-Tue-Wed-Thu-Fri-Sat-Sun_20260101-20270830,38809,,MIDNAPORE,0,,38809,0,0,0
38810,Mon-Tue-Wed-Thu-Fri-Sat-Sun_20260101-20270830,38810,,HOWRAH JN,0,,38810,0,0,0
38811,Mon-Tue-Wed-Thu-Fri-Sat-Sun_20260101-20270830,38811,,MIDNAPORE,0,,38811,0,0,0
38812,Mon-Tue-Wed-Thu-Fri-Sat-Sun_20260101-20270830,38812,,HOWRAH JN,0,,38812,0,0,0
38813,Mon-Tue-Wed-Thu-Fri-Sat-Sun_20260101-20270830,38813,,MIDNAPORE,0,,38813,0,0,0
38814,Mon-Tue-Wed-Thu-Fri-Sat-Sun_20260101-20270830,38814,,HOWRAH JN,0,,38814,0,0,0
38815,Mon-Tue-Wed-Thu-Fri-Sat-Sun_20260101-20270830,38815,,MIDNAPORE,0,,38815,0,0,0
38816,Mon-Tue-Wed-Thu-Fri-Sat-Sun_20260101-20270830,38816,,HOWRAH JN,0,,38816,0,0,0
38817,Mon-Tue-Wed-Thu-Fri-Sat-Sun_20260101-20270830,38817,,MIDNAPORE,0,,38817,0,0,0
38818,Mon-Tue-Wed-Thu-Fri-Sat-Sun_20260101-20270830,38818,,HOWRAH JN,0,,38818,0,0,0
38819,Mon-Tue-Wed-Thu-Fri-Sat-Sun_20260101-20270830,38819,,MIDNAPORE,0,,38819,0,0,0
38820,Mon-Tue-Wed-Thu-Fri-Sat-Sun_20260101-20270830,38820,,HOWRAH JN,0,,38820,0,0,0
38821,Mon-Tue-Wed-Thu-Fri-Sat-Sun_20260101-20270830,38821,,MIDNAPORE,0,,38821,0,0,0
38822,Mon-Tue-Wed-Thu-Fri-Sat-Sun_20260101-20270830,38822,,HOWRAH JN,0,,38822,0,0,0
38823,Mon-Tue-Wed-Thu-Fri-Sat-Sun_20260101-20270830,38823,,MIDNAPORE,0,,38823,0,0,0
38824,Mon-Tue-Wed-Thu-Fri-Sat-Sun_20260101-20270830,38824,,HOWRAH JN,0,,38824,0,0,0
38825,Mon-Tue-Wed-Thu-Fri-Sat-Sun_20260101-20270830,38825,,MIDNAPORE,0,,38825,0,0,0
38826,Mon-Tue-Wed-Thu-Fri-Sat-Sun_20260101-20270830,38826,,HOWRAH JN,0,,38826,0,0,0
38827,Mon-Tue-Wed-Thu-Fri-Sat-Sun_20260101-20270830,38827,,MIDNAPORE,0,,38827,0,0,0
38828,Mon-Tue-Wed-Thu-Fri-Sat-Sun_20260101-20270830,38828,,HOWRAH JN,0,,38828,0,0,0
38829,Mon-Tue-Wed-Thu-Fri-Sat-Sun_20260101-20270830,38829,,MIDNAPORE,0,,38829,0,0,0
38830,Mon-Tue-Wed-Thu-Fri-Sat-Sun_20260101-20270830,38830,,HOWRAH JN,0,,38830,0,0,0
38831,Mon-Tue-Wed-Thu-Fri-Sat-Sun_20260101-20270830,38831,,MIDNAPORE,0,,38831,0,0,0
38832,Mon-Tue-Wed-Thu-Fri-Sat-Sun_20260101-20270830,38832,,KHARAGPUR JN,0,,38832,0,0,0
38903,Mon-Tue-Wed-Thu-Fri-Sat-Sun_20260101-20270830,38903,,AMTA,0,,38903,0,0,0
38904,Mon-Tue-Wed-Thu-Fri-Sat-Sun_20260101-20270830,38904,,HOWRAH JN,0,,38904,0,0,0
38905,Mon-Tue-Wed-Thu-Fri-Sat-Sun_20260101-20270830,38905,,AMTA,0,,38905,0,0,0
38906,Mon-Tue-Wed-Thu-Fri-Sat-Sun_20260101-20270830,38906,,HOWRAH JN,0,,38906,0,0,0
38907,Mon-Tue-Wed-Thu-Fri-Sat-Sun_20260101-20270830,38907,,AMTA,0,,38907,0,0,0
38908,Mon-Tue-Wed-Thu-Fri-Sat-Sun_20260104-20270830,38908,,HOWRAH JN,0,,38908,0,0,0
38909,Mon-Tue-Wed-Thu-Fri-Sat_20260101-20270830,38909,,AMTA,0,,38909,0,0,0
38910,Mon-Tue-Wed-Thu-Fri-Sat-Sun_20260101-20270830,38910,,HOWRAH JN,0,,38910,0,0,0
38911,Mon-Tue-Wed-Thu-Fri-Sat_20260101-20270830,38911,,AMTA,0,,38911,0,0,0
38912,Mon-Tue-Wed-Thu-Fri-Sat-Sun_20260101-20270830,38912,,HOWRAH JN,0,,38912,0,0,0
38913,Mon-Tue-Wed-Thu-Fri-Sat-Sun_20260101-20270830,38913,,AMTA,0,,38913,0,0,0
38914,Mon-Tue-Wed-Thu-Fri-Sat_20260101-20270830,38914,,HOWRAH JN,0,,38914,0,0,0
38915,Mon-Tue-Wed-Thu-Fri-Sat-Sun_20260101-20270830,38915,,AMTA,0,,38915,0,0,0
38916,Mon-Tue-Wed-Thu-Fri-Sat_20260101-20270830,38916,,HOWRAH JN,0,,38916,0,0,0
38917,Mon-Tue-Wed-Thu-Fri-Sat_20260101-20270830,38917,,AMTA,0,,38917,0,0,0
38918,Mon-Tue-Wed-Thu-Fri-Sat-Sun_20260101-20270830,38918,,HOWRAH JN,0,,38918,0,0,0
38919,Mon-Tue-Wed-Thu-Fri-Sat-Sun_20260101-20270830,38919,,AMTA,0,,38919,0,0,0
38920,Mon-Tue-Wed-Thu-Fri-Sat-Sun_20260101-20270830,38920,,HOWRAH JN,0,,38920,0,0,0
38921,Mon-Tue-Wed-Thu-Fri-Sat-Sun_20260123-20270830,38921,,AMTA,0,,38921,0,0,0
38922,Mon-Tue-Wed-Thu-Fri-Sat_20260101-20270830,38922,,HOWRAH JN,0,,38922,0,0,0
38923,Mon-Tue-Wed-Thu-Fri-Sat-Sun_20260101-20270830,38923,,AMTA,0,,38923,0,0,0
38924,Mon-Tue-Wed-Thu-Fri-Sat-Sun_20260101-20270830,38924,,HOWRAH JN,0,,38924,0,0,0
40001,Mon-Tue-Wed-Thu-Fri-Sat_20260625-20270830,40001,,TAMBARAM,0,,40001,0,0,0
40002,Mon-Tue-Wed-Thu-Fri-Sat_20260814-20270830,40002,,CHENNAI BEACH,0,,40002,0,0,0
40003,Mon-Tue-Wed-Thu-Fri-Sat_20260625-20270830,40003,,TAMBARAM,0,,40003,0,0,0
40004,Mon-Tue-Wed-Thu-Fri-Sat_20260819-20270830,40004,,CHENNAI BEACH,0,,40004,0,0,0
40005,Mon-Tue-Wed-Thu-Fri-Sat_20260625-20270830,40005,,TAMBARAM,0,,40005,0,0,0
40006,Mon-Tue-Wed-Thu-Fri-Sat_20260819-20270830,40006,,CHENNAI BEACH,0,,40006,0,0,0
40007,Mon-Tue-Wed-Thu-Fri-Sat_20260625-20270830,40007,,TAMBARAM,0,,40007,0,0,0
40008,Mon-Tue-Wed-Thu-Fri-Sat_20260819-20270830,40008,,CHENNAI BEACH,0,,40008,0,0,0
40009,Mon-Tue-Wed-Thu-Fri-Sat_20260625-20270830,40009,,TAMBARAM,0,,40009,0,0,0
40010,Mon-Tue-Wed-Thu-Fri-Sat_20260819-20270830,40010,,CHENNAI BEACH,0,,40010,0,0,0
40011,Mon-Tue-Wed-Thu-Fri-Sat_20260625-20270830,40011,,TAMBARAM,0,,40011,0,0,0
40012,Mon-Tue-Wed-Thu-Fri-Sat_20260625-20270830,40012,,CHENNAI BEACH,0,,40012,0,0,0
40013,Mon-Tue-Wed-Thu-Fri-Sat_20260625-20270830,40013,,TAMBARAM,0,,40013,0,0,0
40014,Mon-Tue-Wed-Thu-Fri-Sat_20260819-20270830,40014,,CHENNAI BEACH,0,,40014,0,0,0
40015,Mon-Tue-Wed-Thu-Fri-Sat_20260625-20270830,40015,,TAMBARAM,0,,40015,0,0,0
40016,Mon-Tue-Wed-Thu-Fri-Sat_20260819-20270830,40016,,CHENNAI BEACH,0,,40016,0,0,0
40017,Mon-Tue-Wed-Thu-Fri-Sat_20260625-20270830,40017,,TAMBARAM,0,,40017,0,0,0
40018,Mon-Tue-Wed-Thu-Fri-Sat_20260819-20270830,40018,,CHENNAI BEACH,0,,40018,0,0,0
40019,Mon-Tue-Wed-Thu-Fri-Sat_20260625-20270830,40019,,TAMBARAM,0,,40019,0,0,0
40020,Mon-Tue-Wed-Thu-Fri-Sat_20260814-20270830,40020,,CHENNAI BEACH,0,,40020,0,0,0
40021,Mon-Tue-Wed-Thu-Fri-Sat_20260625-20270830,40021,,TAMBARAM,0,,40021,0,0,0
40022,Mon-Tue-Wed-Thu-Fri-Sat_20260819-20270830,40022,,CHENNAI BEACH,0,,40022,0,0,0
40023,Mon-Tue-Wed-Thu-Fri-Sat_20260625-20270830,40023,,TAMBARAM,0,,40023,0,0,0
40024,Mon-Tue-Wed-Thu-Fri-Sat_20260815-20270830,40024,,CHENNAI BEACH,0,,40024,0,0,0
40025,Mon-Tue-Wed-Thu-Fri-Sat_20260625-20270830,40025,,TAMBARAM,0,,40025,0,0,0
40026,Mon-Tue-Wed-Thu-Fri-Sat_20260819-20270830,40026,,CHENNAI BEACH,0,,40026,0,0,0
40027,Mon-Tue-Wed-Thu-Fri-Sat_20260625-20270830,40027,,TAMBARAM,0,,40027,0,0,0
40028,Mon-Tue-Wed-Thu-Fri-Sat_20260819-20270830,40028,,CHENNAI BEACH,0,,40028,0,0,0
40029,Mon-Tue-Wed-Thu-Fri-Sat_20260625-20270830,40029,,TAMBARAM,0,,40029,0,0,0
40030,Mon-Tue-Wed-Thu-Fri-Sat_20260819-20270830,40030,,CHENNAI BEACH,0,,40030,0,0,0
40031,Mon-Tue-Wed-Thu-Fri-Sat_20260625-20270830,40031,,TAMBARAM,0,,40031,0,0,0
40032,Mon-Tue-Wed-Thu-Fri-Sat_20260819-20270830,40032,,CHENNAI BEACH,0,,40032,0,0,0
40033,Mon-Tue-Wed-Thu-Fri-Sat_20260625-20270830,40033,,TAMBARAM,0,,40033,0,0,0
40034,Mon-Tue-Wed-Thu-Fri-Sat_20260819-20270830,40034,,CHENNAI BEACH,0,,40034,0,0,0
40035,Mon-Tue-Wed-Thu-Fri-Sat_20260625-20270830,40035,,TAMBARAM,0,,40035,0,0,0
40036,Mon-Tue-Wed-Thu-Fri-Sat_20260819-20270830,40036,,CHENNAI BEACH,0,,40036,0,0,0
40037,Mon-Tue-Wed-Thu-Fri-Sat_20260625-20270830,40037,,TAMBARAM,0,,40037,0,0,0
40038,Mon-Tue-Wed-Thu-Fri-Sat_20260819-20270830,40038,,CHENNAI BEACH,0,,40038,0,0,0
40039,Mon-Tue-Wed-Thu-Fri-Sat_20260625-20270830,40039,,TAMBARAM,0,,40039,0,0,0
40040,Mon-Tue-Wed-Thu-Fri-Sat_20260625-20270830,40040,,CHENNAI BEACH,0,,40040,0,0,0
40041,Mon-Tue-Wed-Thu-Fri-Sat_20260625-20270830,40041,,TAMBARAM,0,,40041,0,0,0
40042,Mon-Tue-Wed-Thu-Fri-Sat_20260819-20270830,40042,,CHENNAI BEACH,0,,40042,0,0,0
40043,Mon-Tue-Wed-Thu-Fri-Sat_20260625-20270830,40043,,TAMBARAM,0,,40043,0,0,0
40044,Mon-Tue-Wed-Thu-Fri-Sat_20260819-20270830,40044,,CHENNAI BEACH,0,,40044,0,0,0
40045,Mon-Tue-Wed-Thu-Fri-Sat_20260625-20270830,40045,,TAMBARAM,0,,40045,0,0,0
40046,Mon-Tue-Wed-Thu-Fri-Sat_20260625-20270830,40046,,CHENNAI BEACH,0,,40046,0,0,0
40047,Mon-Tue-Wed-Thu-Fri-Sat_20260625-20270830,40047,,TAMBARAM,0,,40047,0,0,0
40048,Mon-Tue-Wed-Thu-Fri-Sat_20260625-20270830,40048,,CHENNAI BEACH,0,,40048,0,0,0
40049,Mon-Tue-Wed-Thu-Fri-Sat_20260625-20270830,40049,,TAMBARAM,0,,40049,0,0,0
40050,Mon-Tue-Wed-Thu-Fri-Sat_20260819-20270830,40050,,CHENNAI BEACH,0,,40050,0,0,0
40051,Mon-Tue-Wed-Thu-Fri-Sat_20260625-20270830,40051,,TAMBARAM,0,,40051,0,0,0
40052,Mon-Tue-Wed-Thu-Fri-Sat_20260819-20270830,40052,,CHENNAI BEACH,0,,40052,0,0,0
40053,Mon-Tue-Wed-Thu-Fri-Sat_20260625-20270830,40053,,TAMBARAM,0,,40053,0,0,0
40054,Mon-Tue-Wed-Thu-Fri-Sat_20260819-20270830,40054,,CHENNAI BEACH,0,,40054,0,0,0
40055,Mon-Tue-Wed-Thu-Fri-Sat_20260625-20270830,40055,,TAMBARAM,0,,40055,0,0,0
40056,Mon-Tue-Wed-Thu-Fri-Sat_20260625-20270830,40056,,CHENNAI BEACH,0,,40056,0,0,0
40057,Mon-Tue-Wed-Thu-Fri-Sat_20260625-20270830,40057,,TAMBARAM,0,,40057,0,0,0
40058,Mon-Tue-Wed-Thu-Fri-Sat_20260819-20270830,40058,,CHENNAI BEACH,0,,40058,0,0,0
40059,Mon-Tue-Wed-Thu-Fri-Sat_20260625-20270830,40059,,TAMBARAM,0,,40059,0,0,0
40060,Mon-Tue-Wed-Thu-Fri-Sat_20260819-20270830,40060,,CHENNAI BEACH,0,,40060,0,0,0
40061,Mon-Tue-Wed-Thu-Fri-Sat_20260625-20270830,40061,,TAMBARAM,0,,40061,0,0,0
40062,Mon-Tue-Wed-Thu-Fri-Sat_20260625-20270830,40062,,CHENNAI BEACH,0,,40062,0,0,0
40063,Mon-Tue-Wed-Thu-Fri-Sat_20260819-20270830,40063,,TAMBARAM,0,,40063,0,0,0
40064,Mon-Tue-Wed-Thu-Fri-Sat_20260625-20270830,40064,,CHENNAI BEACH,0,,40064,0,0,0
40065,Mon-Tue-Wed-Thu-Fri-Sat_20260819-20270830,40065,,TAMBARAM,0,,40065,0,0,0
40066,Mon-Tue-Wed-Thu-Fri-Sat_20260625-20270830,40066,,CHENNAI BEACH,0,,40066,0,0,0
40067,Mon-Tue-Wed-Thu-Fri-Sat_20260819-20270830,40067,,TAMBARAM,0,,40067,0,0,0
40068,Mon-Tue-Wed-Thu-Fri-Sat_20260625-20270830,40068,,CHENNAI BEACH,0,,40068,0,0,0
40069,Mon-Tue-Wed-Thu-Fri-Sat_20260625-20270830,40069,,TAMBARAM,0,,40069,0,0,0
40070,Mon-Tue-Wed-Thu-Fri-Sat_20260625-20270830,40070,,CHENNAI BEACH,0,,40070,0,0,0
40071,Mon-Tue-Wed-Thu-Fri-Sat_20260625-20270830,40071,,TAMBARAM,0,,40071,0,0,0
40072,Mon-Tue-Wed-Thu-Fri-Sat_20260625-20270830,40072,,CHENNAI BEACH,0,,40072,0,0,0
40073,Mon-Tue-Wed-Thu-Fri-Sat_20260625-20270830,40073,,TAMBARAM,0,,40073,0,0,0
40074,Mon-Tue-Wed-Thu-Fri-Sat_20260625-20270830,40074,,CHENNAI BEACH,0,,40074,0,0,0
40075,Mon-Tue-Wed-Thu-Fri-Sat_20260625-20270830,40075,,TAMBARAM,0,,40075,0,0,0
40076,Mon-Tue-Wed-Thu-Fri-Sat_20260625-20270830,40076,,CHENNAI BEACH,0,,40076,0,0,0
40077,Mon-Tue-Wed-Thu-Fri-Sat_20260625-20270830,40077,,TAMBARAM,0,,40077,0,0,0
40078,Mon-Tue-Wed-Thu-Fri-Sat_20260625-20270830,40078,,CHENNAI BEACH,0,,40078,0,0,0
40079,Mon-Tue-Wed-Thu-Fri-Sat_20260625-20270830,40079,,TAMBARAM,0,,40079,0,0,0
40080,Mon-Tue-Wed-Thu-Fri-Sat_20260625-20270830,40080,,CHENNAI BEACH,0,,40080,0,0,0
40081,Mon-Tue-Wed-Thu-Fri-Sat_20260625-20270830,40081,,TAMBARAM,0,,40081,0,0,0
40082,Mon-Tue-Wed-Thu-Fri-Sat_20260625-20270830,40082,,CHENNAI BEACH,0,,40082,0,0,0
40083,Mon-Tue-Wed-Thu-Fri-Sat_20260625-20270830,40083,,TAMBARAM,0,,40083,0,0,0
40084,Mon-Tue-Wed-Thu-Fri-Sat_20260625-20270830,40084,,CHENNAI BEACH,0,,40084,0,0,0
40085,Mon-Tue-Wed-Thu-Fri-Sat_20260625-20270830,40085,,TAMBARAM,0,,40085,0,0,0
40086,Mon-Tue-Wed-Thu-Fri-Sat_20260625-20270830,40086,,CHENNAI BEACH,0,,40086,0,0,0
40087,Mon-Tue-Wed-Thu-Fri-Sat_20260625-20270830,40087,,TAMBARAM,0,,40087,0,0,0
40088,Mon-Tue-Wed-Thu-Fri-Sat_20260625-20270830,40088,,CHENNAI BEACH,0,,40088,0,0,0
40089,Mon-Tue-Wed-Thu-Fri-Sat_20260625-20270830,40089,,TAMBARAM,0,,40089,0,0,0
40090,Mon-Tue-Wed-Thu-Fri-Sat_20260625-20270830,40090,,CHENNAI BEACH,0,,40090,0,0,0
40091,Mon-Tue-Wed-Thu-Fri-Sat_20260625-20270830,40091,,TAMBARAM,0,,40091,0,0,0
40092,Mon-Tue-Wed-Thu-Fri-Sat_20260625-20270830,40092,,CHENNAI BEACH,0,,40092,0,0,0
40094,Mon-Tue-Wed-Thu-Fri-Sat_20260625-20270830,40094,,CHENNAI BEACH,0,,40094,0,0,0
40096,Mon-Tue-Wed-Thu-Fri-Sat_20260815-20270830,40096,,CHENNAI BEACH,0,,40096,0,0,0
40201,Mon-Tue-Wed-Thu-Fri-Sat_20260815-20270830,40201,,GUDUVANCHERI,0,,40201,0,0,0
40202,Mon-Tue-Wed-Thu-Fri-Sat_20260625-20270830,40202,,CHENNAI BEACH,0,,40202,0,0,0
40203,Mon-Tue-Wed-Thu-Fri-Sat_20260819-20270830,40203,,GUDUVANCHERI,0,,40203,0,0,0
40204,Mon-Tue-Wed-Thu-Fri-Sat_20260625-20270830,40204,,CHENNAI BEACH,0,,40204,0,0,0
40205,Mon-Tue-Wed-Thu-Fri-Sat_20260815-20270830,40205,,GUDUVANCHERI,0,,40205,0,0,0
40206,Mon-Tue-Wed-Thu-Fri-Sat_20260625-20270830,40206,,CHENNAI BEACH,0,,40206,0,0,0
40207,Mon-Tue-Wed-Thu-Fri-Sat_20260814-20270830,40207,,GUDUVANCHERI,0,,40207,0,0,0
40208,Mon-Tue-Wed-Thu-Fri-Sat_20260625-20270830,40208,,CHENNAI BEACH,0,,40208,0,0,0
40209,Mon-Tue-Wed-Thu-Fri-Sat_20260814-20270830,40209,,GUDUVANCHERI,0,,40209,0,0,0
40251,Sun_20260625-20270830,40251,,GUDUVANCHERI,0,,40251,0,0,0
40252,Sun_20260625-20270830,40252,,TAMBARAM,0,,40252,0,0,0
40253,Sun_20260823-20270830,40253,,GUDUVANCHERI,0,,40253,0,0,0
40254,Sun_20260625-20270830,40254,,TAMBARAM,0,,40254,0,0,0
40255,Sun_20260823-20270830,40255,,GUDUVANCHERI,0,,40255,0,0,0
40256,Sun_20260625-20270830,40256,,TAMBARAM,0,,40256,0,0,0
40257,Sun_20260823-20270830,40257,,GUDUVANCHERI,0,,40257,0,0,0
40258,Sun_20260625-20270830,40258,,TAMBARAM,0,,40258,0,0,0
40259,Sun_20260823-20270830,40259,,GUDUVANCHERI,0,,40259,0,0,0
40260,Sun_20260625-20270830,40260,,TAMBARAM,0,,40260,0,0,0
40301,Sun_20260816-20270830,40301,,TAMBARAM,0,,40301,0,0,0
40302,Sun_20260816-20270830,40302,,CHENNAI BEACH,0,,40302,0,0,0
40303,Sun_20260816-20270830,40303,,TAMBARAM,0,,40303,0,0,0
40304,Sun_20260816-20270830,40304,,CHENNAI BEACH,0,,40304,0,0,0
40305,Sun_20260816-20270830,40305,,TAMBARAM,0,,40305,0,0,0
40306,Sun_20260816-20270830,40306,,CHENNAI BEACH,0,,40306,0,0,0
40307,Sun_20260823-20270830,40307,,TAMBARAM,0,,40307,0,0,0
40308,Sun_20260816-20270830,40308,,CHENNAI BEACH,0,,40308,0,0,0
40309,Sun_20260823-20270830,40309,,TAMBARAM,0,,40309,0,0,0
40310,Sun_20260816-20270830,40310,,CHENNAI BEACH,0,,40310,0,0,0
40311,Sun_20260823-20270830,40311,,TAMBARAM,0,,40311,0,0,0
40312,Sun_20260816-20270830,40312,,CHENNAI BEACH,0,,40312,0,0,0
40313,Sun_20260823-20270830,40313,,TAMBARAM,0,,40313,0,0,0
40314,Sun_20260816-20270830,40314,,CHENNAI BEACH,0,,40314,0,0,0
40315,Sun_20260823-20270830,40315,,TAMBARAM,0,,40315,0,0,0
40316,Sun_20260823-20270830,40316,,CHENNAI BEACH,0,,40316,0,0,0
40317,Sun_20260823-20270830,40317,,TAMBARAM,0,,40317,0,0,0
40318,Sun_20260823-20270830,40318,,CHENNAI BEACH,0,,40318,0,0,0
40319,Sun_20260823-20270830,40319,,TAMBARAM,0,,40319,0,0,0
40320,Sun_20260823-20270830,40320,,CHENNAI BEACH,0,,40320,0,0,0
40321,Sun_20260823-20270830,40321,,TAMBARAM,0,,40321,0,0,0
40322,Sun_20260823-20270830,40322,,CHENNAI BEACH,0,,40322,0,0,0
40323,Sun_20260823-20270830,40323,,TAMBARAM,0,,40323,0,0,0
40324,Sun_20260823-20270830,40324,,CHENNAI BEACH,0,,40324,0,0,0
40325,Sun_20260823-20270830,40325,,TAMBARAM,0,,40325,0,0,0
40326,Sun_20260823-20270830,40326,,CHENNAI BEACH,0,,40326,0,0,0
40327,Sun_20260823-20270830,40327,,TAMBARAM,0,,40327,0,0,0
40328,Sun_20260823-20270830,40328,,CHENNAI BEACH,0,,40328,0,0,0
40329,Sun_20260823-20270830,40329,,TAMBARAM,0,,40329,0,0,0
40330,Sun_20260823-20270830,40330,,CHENNAI BEACH,0,,40330,0,0,0
40331,Sun_20260823-20270830,40331,,TAMBARAM,0,,40331,0,0,0
40332,Sun_20260823-20270830,40332,,CHENNAI BEACH,0,,40332,0,0,0
40333,Sun_20260823-20270830,40333,,TAMBARAM,0,,40333,0,0,0
40334,Sun_20260823-20270830,40334,,CHENNAI BEACH,0,,40334,0,0,0
40335,Sun_20260823-20270830,40335,,TAMBARAM,0,,40335,0,0,0
40336,Sun_20260823-20270830,40336,,CHENNAI BEACH,0,,40336,0,0,0
40337,Sun_20260823-20270830,40337,,TAMBARAM,0,,40337,0,0,0
40338,Sun_20260823-20270830,40338,,CHENNAI BEACH,0,,40338,0,0,0
40339,Sun_20260823-20270830,40339,,TAMBARAM,0,,40339,0,0,0
40340,Sun_20260823-20270830,40340,,CHENNAI BEACH,0,,40340,0,0,0
40341,Sun_20260823-20270830,40341,,TAMBARAM,0,,40341,0,0,0
40342,Sun_20260823-20270830,40342,,CHENNAI BEACH,0,,40342,0,0,0
40343,Sun_20260823-20270830,40343,,TAMBARAM,0,,40343,0,0,0
40344,Sun_20260823-20270830,40344,,CHENNAI BEACH,0,,40344,0,0,0
40345,Sun_20260823-20270830,40345,,TAMBARAM,0,,40345,0,0,0
40346,Sun_20260823-20270830,40346,,CHENNAI BEACH,0,,40346,0,0,0
40347,Sun_20260823-20270830,40347,,TAMBARAM,0,,40347,0,0,0
40348,Sun_20260823-20270830,40348,,CHENNAI BEACH,0,,40348,0,0,0
40349,Sun_20260823-20270830,40349,,TAMBARAM,0,,40349,0,0,0
40350,Sun_20260823-20270830,40350,,CHENNAI BEACH,0,,40350,0,0,0
40351,Sun_20260823-20270830,40351,,TAMBARAM,0,,40351,0,0,0
40352,Sun_20260823-20270830,40352,,CHENNAI BEACH,0,,40352,0,0,0
40353,Sun_20260823-20270830,40353,,TAMBARAM,0,,40353,0,0,0
40354,Sun_20260823-20270830,40354,,CHENNAI BEACH,0,,40354,0,0,0
40355,Sun_20260823-20270830,40355,,TAMBARAM,0,,40355,0,0,0
40356,Sun_20260823-20270830,40356,,CHENNAI BEACH,0,,40356,0,0,0
40357,Sun_20260823-20270830,40357,,TAMBARAM,0,,40357,0,0,0
40358,Sun_20260823-20270830,40358,,CHENNAI BEACH,0,,40358,0,0,0
40359,Sun_20260823-20270830,40359,,TAMBARAM,0,,40359,0,0,0
40360,Sun_20260823-20270830,40360,,CHENNAI BEACH,0,,40360,0,0,0
40361,Sun_20260823-20270830,40361,,TAMBARAM,0,,40361,0,0,0
40362,Sun_20260823-20270830,40362,,CHENNAI BEACH,0,,40362,0,0,0
40363,Sun_20260823-20270830,40363,,TAMBARAM,0,,40363,0,0,0
40364,Sun_20260823-20270830,40364,,CHENNAI BEACH,0,,40364,0,0,0
40365,Sun_20260823-20270830,40365,,TAMBARAM,0,,40365,0,0,0
40366,Sun_20260823-20270830,40366,,CHENNAI BEACH,0,,40366,0,0,0
40367,Sun_20260823-20270830,40367,,TAMBARAM,0,,40367,0,0,0
40368,Sun_20260823-20270830,40368,,CHENNAI BEACH,0,,40368,0,0,0
40369,Sun_20260823-20270830,40369,,TAMBARAM,0,,40369,0,0,0
40370,Sun_20260823-20270830,40370,,CHENNAI BEACH,0,,40370,0,0,0
40371,Sun_20260823-20270830,40371,,TAMBARAM,0,,40371,0,0,0
40372,Sun_20260823-20270830,40372,,CHENNAI BEACH,0,,40372,0,0,0
40373,Sun_20260823-20270830,40373,,TAMBARAM,0,,40373,0,0,0
40374,Sun_20260823-20270830,40374,,CHENNAI BEACH,0,,40374,0,0,0
40375,Sun_20260823-20270830,40375,,TAMBARAM,0,,40375,0,0,0
40376,Sun_20260823-20270830,40376,,CHENNAI BEACH,0,,40376,0,0,0
40377,Sun_20260823-20270830,40377,,TAMBARAM,0,,40377,0,0,0
40378,Sun_20260823-20270830,40378,,CHENNAI BEACH,0,,40378,0,0,0
40379,Sun_20260823-20270830,40379,,TAMBARAM,0,,40379,0,0,0
40380,Sun_20260823-20270830,40380,,CHENNAI BEACH,0,,40380,0,0,0
40381,Sun_20260823-20270830,40381,,TAMBARAM,0,,40381,0,0,0
40382,Sun_20260823-20270830,40382,,CHENNAI BEACH,0,,40382,0,0,0
40383,Sun_20260823-20270830,40383,,TAMBARAM,0,,40383,0,0,0
40384,Sun_20260823-20270830,40384,,CHENNAI BEACH,0,,40384,0,0,0
40385,Sun_20260823-20270830,40385,,TAMBARAM,0,,40385,0,0,0
40386,Sun_20260823-20270830,40386,,CHENNAI BEACH,0,,40386,0,0,0
40388,Sun_20260823-20270830,40388,,CHENNAI BEACH,0,,40388,0,0,0
40390,Sun_20260823-20270830,40390,,CHENNAI BEACH,0,,40390,0,0,0
40392,Sun_20260625-20270830,40392,,CHENNAI BEACH,0,,40392,0,0,0
40393,Sun_20260818-20270830,40393,,TAMBARAM,0,,40393,0,0,0
40394,Sun_20260823-20270830,40394,,CHENNAI BEACH,0,,40394,0,0,0
40396,Sun_20260823-20270830,40396,,CHENNAI BEACH,0,,40396,0,0,0
40397,Sun_20260818-20270830,40397,,TAMBARAM,0,,40397,0,0,0
40399,Sun_20260818-20270830,40399,,TAMBARAM,0,,40399,0,0,0
40501,Mon-Tue-Wed-Thu-Fri-Sat_20260625-20270830,40501,,CHENGALPATTU JN.,0,,40501,0,0,0
40502,Mon-Tue-Wed-Thu-Fri-Sat_20260815-20270830,40502,,CHENNAI BEACH,0,,40502,0,0,0
40503,Mon-Tue-Wed-Thu-Fri-Sat_20260625-20270830,40503,,CHENGALPATTU JN.,0,,40503,0,0,0
40504,Mon-Tue-Wed-Thu-Fri-Sat_20260815-20270830,40504,,CHENNAI BEACH,0,,40504,0,0,0
40505,Mon-Tue-Wed-Thu-Fri-Sat_20260625-20270830,40505,,CHENGALPATTU JN.,0,,40505,0,0,0
40506,Mon-Tue-Wed-Thu-Fri-Sat_20260814-20270830,40506,,CHENNAI BEACH,0,,40506,0,0,0
40507,Mon-Tue-Wed-Thu-Fri-Sat_20260625-20270830,40507,,CHENGALPATTU JN.,0,,40507,0,0,0
40508,Mon-Tue-Wed-Thu-Fri-Sat_20260814-20270830,40508,,CHENNAI BEACH,0,,40508,0,0,0
40509,Mon-Tue-Wed-Thu-Fri-Sat_20260625-20270830,40509,,CHENGALPATTU JN.,0,,40509,0,0,0
40510,Mon-Tue-Wed-Thu-Fri-Sat_20260814-20270830,40510,,CHENNAI BEACH,0,,40510,0,0,0
40511,Mon-Tue-Wed-Thu-Fri-Sat_20260625-20270830,40511,,CHENGALPATTU JN.,0,,40511,0,0,0
40512,Mon-Tue-Wed-Thu-Fri-Sat_20260815-20270830,40512,,CHENNAI BEACH,0,,40512,0,0,0
40513,Mon-Tue-Wed-Thu-Fri-Sat_20260818-20270830,40513,,CHENGALPATTU JN.,0,,40513,0,0,0
40514,Mon-Tue-Wed-Thu-Fri-Sat_20260815-20270830,40514,,CHENNAI BEACH,0,,40514,0,0,0
40515,Mon-Tue-Wed-Thu-Fri-Sat_20260625-20270830,40515,,CHENGALPATTU JN.,0,,40515,0,0,0
40516,Mon-Tue-Wed-Thu-Fri-Sat_20260815-20270830,40516,,CHENNAI BEACH,0,,40516,0,0,0
40517,Mon-Tue-Wed-Thu-Fri-Sat_20260625-20270830,40517,,CHENGALPATTU JN.,0,,40517,0,0,0
40518,Mon-Tue-Wed-Thu-Fri-Sat_20260819-20270830,40518,,CHENNAI BEACH,0,,40518,0,0,0
40519,Mon-Tue-Wed-Thu-Fri-Sat_20260625-20270830,40519,,CHENGALPATTU JN.,0,,40519,0,0,0
40520,Mon-Tue-Wed-Thu-Fri-Sat_20260818-20270830,40520,,CHENNAI BEACH,0,,40520,0,0,0
40521,Mon-Tue-Wed-Thu-Fri-Sat_20260625-20270830,40521,,CHENGALPATTU JN.,0,,40521,0,0,0
40522,Mon-Tue-Wed-Thu-Fri-Sat_20260814-20270830,40522,,CHENNAI BEACH,0,,40522,0,0,0
40523,Mon-Tue-Wed-Thu-Fri-Sat_20260625-20270830,40523,,CHENGALPATTU JN.,0,,40523,0,0,0
40524,Mon-Tue-Wed-Thu-Fri-Sat_20260819-20270830,40524,,CHENNAI BEACH,0,,40524,0,0,0
40525,Mon-Tue-Wed-Thu-Fri-Sat_20260625-20270830,40525,,CHENGALPATTU JN.,0,,40525,0,0,0
40526,Mon-Tue-Wed-Thu-Fri-Sat_20260819-20270830,40526,,CHENNAI BEACH,0,,40526,0,0,0
40527,Mon-Tue-Wed-Thu-Fri-Sat_20260625-20270830,40527,,CHENGALPATTU JN.,0,,40527,0,0,0
40528,Mon-Tue-Wed-Thu-Fri-Sat_20260819-20270830,40528,,CHENNAI BEACH,0,,40528,0,0,0
40529,Mon-Tue-Wed-Thu-Fri-Sat_20260625-20270830,40529,,CHENGALPATTU JN.,0,,40529,0,0,0
40530,Mon-Tue-Wed-Thu-Fri-Sat_20260815-20270830,40530,,CHENNAI BEACH,0,,40530,0,0,0
40531,Mon-Tue-Wed-Thu-Fri-Sat_20260625-20270830,40531,,CHENGALPATTU JN.,0,,40531,0,0,0
40532,Mon-Tue-Wed-Thu-Fri-Sat_20260819-20270830,40532,,CHENNAI BEACH,0,,40532,0,0,0
40533,Mon-Tue-Wed-Thu-Fri-Sat_20260625-20270830,40533,,CHENGALPATTU JN.,0,,40533,0,0,0
40534,Mon-Tue-Wed-Thu-Fri-Sat_20260818-20270830,40534,,CHENNAI BEACH,0,,40534,0,0,0
40535,Mon-Tue-Wed-Thu-Fri-Sat_20260819-20270830,40535,,CHENGALPATTU JN.,0,,40535,0,0,0
40536,Mon-Tue-Wed-Thu-Fri-Sat_20260819-20270830,40536,,CHENNAI BEACH,0,,40536,0,0,0
40537,Mon-Tue-Wed-Thu-Fri-Sat_20260625-20270830,40537,,CHENGALPATTU JN.,0,,40537,0,0,0
40538,Mon-Tue-Wed-Thu-Fri-Sat_20260818-20270830,40538,,CHENNAI BEACH,0,,40538,0,0,0
40539,Mon-Tue-Wed-Thu-Fri-Sat_20260819-20270830,40539,,CHENGALPATTU JN.,0,,40539,0,0,0
40540,Mon-Tue-Wed-Thu-Fri-Sat_20260625-20270830,40540,,CHENNAI BEACH,0,,40540,0,0,0
40541,Mon-Tue-Wed-Thu-Fri-Sat_20260819-20270830,40541,,CHENGALPATTU JN.,0,,40541,0,0,0
40542,Mon-Tue-Wed-Thu-Fri-Sat_20260625-20270830,40542,,CHENNAI BEACH,0,,40542,0,0,0
40543,Mon-Tue-Wed-Thu-Fri-Sat_20260819-20270830,40543,,CHENGALPATTU JN.,0,,40543,0,0,0
40544,Mon-Tue-Wed-Thu-Fri-Sat_20260625-20270830,40544,,CHENNAI BEACH,0,,40544,0,0,0
40545,Mon-Tue-Wed-Thu-Fri-Sat_20260819-20270830,40545,,CHENGALPATTU JN.,0,,40545,0,0,0
40546,Mon-Tue-Wed-Thu-Fri-Sat_20260625-20270830,40546,,CHENNAI BEACH,0,,40546,0,0,0
40547,Mon-Tue-Wed-Thu-Fri-Sat_20260819-20270830,40547,,CHENGALPATTU JN.,0,,40547,0,0,0
40548,Mon-Tue-Wed-Thu-Fri-Sat_20260819-20270830,40548,,CHENNAI BEACH,0,,40548,0,0,0
40549,Mon-Tue-Wed-Thu-Fri-Sat_20260625-20270830,40549,,CHENGALPATTU JN.,0,,40549,0,0,0
40550,Mon-Tue-Wed-Thu-Fri-Sat_20260819-20270830,40550,,CHENNAI BEACH,0,,40550,0,0,0
40551,Mon-Tue-Wed-Thu-Fri-Sat_20260819-20270830,40551,,CHENGALPATTU JN.,0,,40551,0,0,0
40552,Mon-Tue-Wed-Thu-Fri-Sat_20260625-20270830,40552,,CHENNAI BEACH,0,,40552,0,0,0
40553,Mon-Tue-Wed-Thu-Fri-Sat_20260625-20270830,40553,,CHENGALPATTU JN.,0,,40553,0,0,0
40554,Mon-Tue-Wed-Thu-Fri-Sat_20260819-20270830,40554,,CHENNAI BEACH,0,,40554,0,0,0
40555,Mon-Tue-Wed-Thu-Fri-Sat_20260625-20270830,40555,,CHENGALPATTU JN.,0,,40555,0,0,0
40556,Mon-Tue-Wed-Thu-Fri-Sat_20260625-20270830,40556,,CHENNAI BEACH,0,,40556,0,0,0
40557,Mon-Tue-Wed-Thu-Fri-Sat_20260819-20270830,40557,,CHENGALPATTU JN.,0,,40557,0,0,0
40558,Mon-Tue-Wed-Thu-Fri-Sat_20260819-20270830,40558,,CHENNAI BEACH,0,,40558,0,0,0
40559,Mon-Tue-Wed-Thu-Fri-Sat_20260819-20270830,40559,,CHENGALPATTU JN.,0,,40559,0,0,0
40560,Mon-Tue-Wed-Thu-Fri-Sat_20260819-20270830,40560,,CHENNAI BEACH,0,,40560,0,0,0
40561,Mon-Tue-Wed-Thu-Fri-Sat_20260819-20270830,40561,,CHENGALPATTU JN.,0,,40561,0,0,0
40562,Mon-Tue-Wed-Thu-Fri-Sat_20260819-20270830,40562,,CHENNAI BEACH,0,,40562,0,0,0
40563,Mon-Tue-Wed-Thu-Fri-Sat_20260819-20270830,40563,,CHENGALPATTU JN.,0,,40563,0,0,0
40564,Mon-Tue-Wed-Thu-Fri-Sat_20260819-20270830,40564,,CHENNAI BEACH,0,,40564,0,0,0
40565,Mon-Tue-Wed-Thu-Fri-Sat_20260819-20270830,40565,,CHENGALPATTU JN.,0,,40565,0,0,0
40566,Mon-Tue-Wed-Thu-Fri-Sat_20260819-20270830,40566,,CHENNAI BEACH,0,,40566,0,0,0
40567,Mon-Tue-Wed-Thu-Fri-Sat_20260819-20270830,40567,,CHENGALPATTU JN.,0,,40567,0,0,0
40568,Mon-Tue-Wed-Thu-Fri-Sat_20260819-20270830,40568,,CHENNAI BEACH,0,,40568,0,0,0
40569,Mon-Tue-Wed-Thu-Fri-Sat_20260819-20270830,40569,,CHENGALPATTU JN.,0,,40569,0,0,0
40570,Mon-Tue-Wed-Thu-Fri-Sat_20260625-20270830,40570,,CHENNAI BEACH,0,,40570,0,0,0
40571,Mon-Tue-Wed-Thu-Fri-Sat_20260819-20270830,40571,,CHENGALPATTU JN.,0,,40571,0,0,0
40572,Mon-Tue-Wed-Thu-Fri-Sat_20260819-20270830,40572,,CHENNAI BEACH,0,,40572,0,0,0
40581,Mon-Tue-Wed-Thu-Fri-Sat_20260625-20270830,40581,,CHENGALPATTU JN.,0,,40581,0,0,0
40582,Mon-Tue-Wed-Thu-Fri-Sat_20260625-20270830,40582,,TAMBARAM,0,,40582,0,0,0
40592,Mon-Tue-Wed-Thu-Fri-Sat_20260815-20270830,40592,,TAMBARAM,0,,40592,0,0,0
40601,Sun_20260816-20270830,40601,,CHENGALPATTU JN.,0,,40601,0,0,0
40602,Sun_20260816-20270830,40602,,CHENNAI BEACH,0,,40602,0,0,0
40603,Sun_20260816-20270830,40603,,CHENGALPATTU JN.,0,,40603,0,0,0
40604,Sun_20260816-20270830,40604,,CHENNAI BEACH,0,,40604,0,0,0
40605,Sun_20260816-20270830,40605,,CHENGALPATTU JN.,0,,40605,0,0,0
40606,Sun_20260816-20270830,40606,,CHENNAI BEACH,0,,40606,0,0,0
40607,Sun_20260816-20270830,40607,,CHENGALPATTU JN.,0,,40607,0,0,0
40608,Sun_20260816-20270830,40608,,CHENNAI BEACH,0,,40608,0,0,0
40609,Sun_20260816-20270830,40609,,CHENGALPATTU JN.,0,,40609,0,0,0
40610,Sun_20260816-20270830,40610,,CHENNAI BEACH,0,,40610,0,0,0
40611,Sun_20260823-20270830,40611,,CHENGALPATTU JN.,0,,40611,0,0,0
40612,Sun_20260816-20270830,40612,,CHENNAI BEACH,0,,40612,0,0,0
40613,Sun_20260823-20270830,40613,,CHENGALPATTU JN.,0,,40613,0,0,0
40614,Sun_20260823-20270830,40614,,CHENNAI BEACH,0,,40614,0,0,0
40615,Sun_20260823-20270830,40615,,CHENGALPATTU JN.,0,,40615,0,0,0
40616,Sun_20260823-20270830,40616,,CHENNAI BEACH,0,,40616,0,0,0
40617,Sun_20260823-20270830,40617,,CHENGALPATTU JN.,0,,40617,0,0,0
40618,Sun_20260823-20270830,40618,,CHENNAI BEACH,0,,40618,0,0,0
40619,Sun_20260823-20270830,40619,,CHENGALPATTU JN.,0,,40619,0,0,0
40620,Sun_20260823-20270830,40620,,CHENNAI BEACH,0,,40620,0,0,0
40621,Sun_20260823-20270830,40621,,CHENGALPATTU JN.,0,,40621,0,0,0
40622,Sun_20260823-20270830,40622,,CHENNAI BEACH,0,,40622,0,0,0
40623,Sun_20260823-20270830,40623,,CHENGALPATTU JN.,0,,40623,0,0,0
40624,Sun_20260823-20270830,40624,,CHENNAI BEACH,0,,40624,0,0,0
40625,Sun_20260823-20270830,40625,,CHENGALPATTU JN.,0,,40625,0,0,0
40626,Sun_20260823-20270830,40626,,CHENNAI BEACH,0,,40626,0,0,0
40627,Sun_20260816-20270830,40627,,CHENGALPATTU JN.,0,,40627,0,0,0
40628,Sun_20260823-20270830,40628,,CHENNAI BEACH,0,,40628,0,0,0
40629,Sun_20260823-20270830,40629,,CHENGALPATTU JN.,0,,40629,0,0,0
40630,Sun_20260823-20270830,40630,,CHENNAI BEACH,0,,40630,0,0,0
40631,Sun_20260823-20270830,40631,,CHENGALPATTU JN.,0,,40631,0,0,0
40632,Sun_20260823-20270830,40632,,CHENNAI BEACH,0,,40632,0,0,0
40633,Sun_20260823-20270830,40633,,CHENGALPATTU JN.,0,,40633,0,0,0
40634,Sun_20260823-20270830,40634,,CHENNAI BEACH,0,,40634,0,0,0
40635,Sun_20260823-20270830,40635,,CHENGALPATTU JN.,0,,40635,0,0,0
40636,Sun_20260823-20270830,40636,,CHENNAI BEACH,0,,40636,0,0,0
40637,Sun_20260823-20270830,40637,,CHENGALPATTU JN.,0,,40637,0,0,0
40638,Sun_20260823-20270830,40638,,CHENNAI BEACH,0,,40638,0,0,0
40639,Sun_20260823-20270830,40639,,CHENGALPATTU JN.,0,,40639,0,0,0
40640,Sun_20260823-20270830,40640,,CHENNAI BEACH,0,,40640,0,0,0
40641,Sun_20260823-20270830,40641,,CHENGALPATTU JN.,0,,40641,0,0,0
40642,Sun_20260823-20270830,40642,,CHENNAI BEACH,0,,40642,0,0,0
40643,Sun_20260823-20270830,40643,,CHENGALPATTU JN.,0,,40643,0,0,0
40644,Sun_20260823-20270830,40644,,CHENNAI BEACH,0,,40644,0,0,0
40645,Sun_20260823-20270830,40645,,CHENGALPATTU JN.,0,,40645,0,0,0
40646,Sun_20260823-20270830,40646,,CHENNAI BEACH,0,,40646,0,0,0
40647,Sun_20260823-20270830,40647,,CHENGALPATTU JN.,0,,40647,0,0,0
40648,Sun_20260823-20270830,40648,,CHENNAI BEACH,0,,40648,0,0,0
40649,Sun_20260823-20270830,40649,,CHENGALPATTU JN.,0,,40649,0,0,0
40650,Sun_20260823-20270830,40650,,CHENNAI BEACH,0,,40650,0,0,0
40651,Sun_20260823-20270830,40651,,CHENGALPATTU JN.,0,,40651,0,0,0
40652,Sun_20260823-20270830,40652,,CHENNAI BEACH,0,,40652,0,0,0
40653,Sun_20260823-20270830,40653,,CHENGALPATTU JN.,0,,40653,0,0,0
40654,Sun_20260823-20270830,40654,,CHENNAI BEACH,0,,40654,0,0,0
40655,Sun_20260823-20270830,40655,,CHENGALPATTU JN.,0,,40655,0,0,0
40656,Sun_20260625-20270830,40656,,CHENNAI BEACH,0,,40656,0,0,0
40657,Sun_20260823-20270830,40657,,CHENGALPATTU JN.,0,,40657,0,0,0
40658,Sun_20260823-20270830,40658,,CHENNAI BEACH,0,,40658,0,0,0
40659,Sun_20260823-20270830,40659,,CHENGALPATTU JN.,0,,40659,0,0,0
40660,Sun_20260823-20270830,40660,,CHENNAI BEACH,0,,40660,0,0,0
40661,Sun_20260823-20270830,40661,,CHENGALPATTU JN.,0,,40661,0,0,0
40662,Sun_20260823-20270830,40662,,CHENNAI BEACH,0,,40662,0,0,0
40701,Mon-Tue-Wed-Thu-Fri-Sat_20260625-20270830,40701,,KANCHIPURAM,0,,40701,0,0,0
40702,Mon-Tue-Wed-Thu-Fri-Sat_20260814-20270830,40702,,CHENNAI BEACH,0,,40702,0,0,0
40703,Mon-Tue-Wed-Thu-Fri-Sat_20260818-20270830,40703,,KANCHIPURAM,0,,40703,0,0,0
40704,Mon-Tue-Wed-Thu-Fri-Sat_20260815-20270830,40704,,CHENNAI BEACH,0,,40704,0,0,0
40751,Sun_20260816-20270830,40751,,KANCHIPURAM,0,,40751,0,0,0
40752,Sun_20260816-20270830,40752,,CHENNAI BEACH,0,,40752,0,0,0
40753,Sun_20260816-20270830,40753,,KANCHIPURAM,0,,40753,0,0,0
40754,Sun_20260816-20270830,40754,,CHENNAI BEACH,0,,40754,0,0,0
40801,Mon-Tue-Wed-Thu-Fri-Sat_20260625-20270830,40801,,TIRUMALPUR,0,,40801,0,0,0
40802,Mon-Tue-Wed-Thu-Fri-Sat_20260818-20270830,40802,,CHENNAI BEACH,0,,40802,0,0,0
40803,Mon-Tue-Wed-Thu-Fri-Sat_20260625-20270830,40803,,TIRUMALPUR,0,,40803,0,0,0
40804,Mon-Tue-Wed-Thu-Fri-Sat_20260815-20270830,40804,,CHENNAI BEACH,0,,40804,0,0,0
40805,Mon-Tue-Wed-Thu-Fri-Sat_20260815-20270830,40805,,TIRUMALPUR,0,,40805,0,0,0
40806,Mon-Tue-Wed-Thu-Fri-Sat_20260815-20270830,40806,,CHENNAI BEACH,0,,40806,0,0,0
40851,Sun_20260816-20270830,40851,,TIRUMALPUR,0,,40851,0,0,0
40852,Sun_20260816-20270830,40852,,CHENNAI BEACH,0,,40852,0,0,0
40853,Sun_20260816-20270830,40853,,TIRUMALPUR,0,,40853,0,0,0
40854,Sun_20260816-20270830,40854,,CHENNAI BEACH,0,,40854,0,0,0
40855,Sun_20260816-20270830,40855,,TIRUMALPUR,0,,40855,0,0,0
40856,Sun_20260816-20270830,40856,,CHENNAI BEACH,0,,40856,0,0,0
40901,Mon-Tue-Wed-Thu-Fri-Sat_20260818-20270830,40901,,ARAKKONAM JN.,0,,40901,0,0,0
40902,Mon-Tue-Wed-Thu-Fri-Sat_20260815-20270830,40902,,CHENNAI BEACH,0,,40902,0,0,0
40903,Mon-Tue-Wed-Thu-Fri-Sat_20260814-20270830,40903,,ARAKKONAM JN.,0,,40903,0,0,0
40904,Mon-Tue-Wed-Thu-Fri-Sat_20260814-20270830,40904,,CHENNAI BEACH,0,,40904,0,0,0
40905,Mon-Tue-Wed-Thu-Fri-Sat_20260814-20270830,40905,,ARAKKONAM JN.,0,,40905,0,0,0
40906,Mon-Tue-Wed-Thu-Fri-Sat_20260818-20270830,40906,,CHENNAI BEACH,0,,40906,0,0,0
40951,Sun_20260816-20270830,40951,,ARAKKONAM JN.,0,,40951,0,0,0
40952,Sun_20260816-20270830,40952,,CHENNAI BEACH,0,,40952,0,0,0
40953,Sun_20260816-20270830,40953,,ARAKKONAM JN.,0,,40953,0,0,0
40954,Sun_20260816-20270830,40954,,CHENNAI BEACH,0,,40954,0,0,0
40955,Sun_20260816-20270830,40955,,ARAKKONAM JN.,0,,40955,0,0,0
40956,Sun_20260816-20270830,40956,,CHENNAI BEACH,0,,40956,0,0,0
41001,Mon-Tue-Wed-Thu-Fri-Sat-Sun_20260601-20270830,41001,,ST THOMAS MOUNT(MRTS),0,,41001,0,0,0
41002,Mon-Tue-Wed-Thu-Fri-Sat-Sun_20260730-20270830,41002,,CHENNAI BEACH,0,,41002,0,0,0
41003,Mon-Tue-Wed-Thu-Fri-Sat-Sun_20260601-20270830,41003,,ST THOMAS MOUNT(MRTS),0,,41003,0,0,0
41004,Mon-Tue-Wed-Thu-Fri-Sat-Sun_20260514-20270830,41004,,CHENNAI BEACH,0,,41004,0,0,0
41005,Mon-Tue-Wed-Thu-Fri-Sat-Sun_20260601-20270830,41005,,ST THOMAS MOUNT(MRTS),0,,41005,0,0,0
41006,Mon-Tue-Wed-Thu-Fri-Sat-Sun_20260514-20270830,41006,,CHENNAI BEACH,0,,41006,0,0,0
41007,Mon-Tue-Wed-Thu-Fri-Sat-Sun_20260601-20270830,41007,,ST THOMAS MOUNT(MRTS),0,,41007,0,0,0
41008,Mon-Tue-Wed-Thu-Fri-Sat-Sun_20260514-20270830,41008,,CHENNAI BEACH,0,,41008,0,0,0
41009,Mon-Tue-Wed-Thu-Fri-Sat-Sun_20260601-20270830,41009,,ST THOMAS MOUNT(MRTS),0,,41009,0,0,0
41010,Mon-Tue-Wed-Thu-Fri-Sat-Sun_20260514-20270830,41010,,CHENNAI BEACH,0,,41010,0,0,0
41011,Mon-Tue-Wed-Thu-Fri-Sat-Sun_20260601-20270830,41011,,ST THOMAS MOUNT(MRTS),0,,41011,0,0,0
41012,Mon-Tue-Wed-Thu-Fri-Sat-Sun_20260514-20270830,41012,,CHENNAI BEACH,0,,41012,0,0,0
41013,Mon-Tue-Wed-Thu-Fri-Sat-Sun_20260601-20270830,41013,,ST THOMAS MOUNT(MRTS),0,,41013,0,0,0
41014,Mon-Tue-Wed-Thu-Fri-Sat-Sun_20260514-20270830,41014,,CHENNAI BEACH,0,,41014,0,0,0
41015,Mon-Tue-Wed-Thu-Fri-Sat-Sun_20260601-20270830,41015,,ST THOMAS MOUNT(MRTS),0,,41015,0,0,0
41016,Mon-Tue-Wed-Thu-Fri-Sat-Sun_20260514-20270830,41016,,CHENNAI BEACH,0,,41016,0,0,0
41017,Mon-Tue-Wed-Thu-Fri-Sat-Sun_20260601-20270830,41017,,ST THOMAS MOUNT(MRTS),0,,41017,0,0,0
41018,Mon-Tue-Wed-Thu-Fri-Sat-Sun_20260514-20270830,41018,,CHENNAI BEACH,0,,41018,0,0,0
41019,Mon-Tue-Wed-Thu-Fri-Sat-Sun_20260601-20270830,41019,,ST THOMAS MOUNT(MRTS),0,,41019,0,0,0
41020,Mon-Tue-Wed-Thu-Fri-Sat-Sun_20260514-20270830,41020,,CHENNAI BEACH,0,,41020,0,0,0
41021,Mon-Tue-Wed-Thu-Fri-Sat-Sun_20260601-20270830,41021,,ST THOMAS MOUNT(MRTS),0,,41021,0,0,0
41022,Mon-Tue-Wed-Thu-Fri-Sat-Sun_20260514-20270830,41022,,CHENNAI BEACH,0,,41022,0,0,0
41023,Mon-Tue-Wed-Thu-Fri-Sat-Sun_20260601-20270830,41023,,ST THOMAS MOUNT(MRTS),0,,41023,0,0,0
41024,Mon-Tue-Wed-Thu-Fri-Sat-Sun_20260514-20270830,41024,,CHENNAI BEACH,0,,41024,0,0,0
41025,Mon-Tue-Wed-Thu-Fri-Sat-Sun_20260601-20270830,41025,,ST THOMAS MOUNT(MRTS),0,,41025,0,0,0
41026,Mon-Tue-Wed-Thu-Fri-Sat-Sun_20260514-20270830,41026,,CHENNAI BEACH,0,,41026,0,0,0
41027,Mon-Tue-Wed-Thu-Fri-Sat-Sun_20260601-20270830,41027,,ST THOMAS MOUNT(MRTS),0,,41027,0,0,0
41028,Mon-Tue-Wed-Thu-Fri-Sat-Sun_20260514-20270830,41028,,CHENNAI BEACH,0,,41028,0,0,0
41029,Mon-Tue-Wed-Thu-Fri-Sat-Sun_20260601-20270830,41029,,ST THOMAS MOUNT(MRTS),0,,41029,0,0,0
41030,Mon-Tue-Wed-Thu-Fri-Sat-Sun_20260514-20270830,41030,,CHENNAI BEACH,0,,41030,0,0,0
41031,Mon-Tue-Wed-Thu-Fri-Sat-Sun_20260601-20270830,41031,,ST THOMAS MOUNT(MRTS),0,,41031,0,0,0
41032,Mon-Tue-Wed-Thu-Fri-Sat-Sun_20260514-20270830,41032,,CHENNAI BEACH,0,,41032,0,0,0
41033,Mon-Tue-Wed-Thu-Fri-Sat-Sun_20260601-20270830,41033,,ST THOMAS MOUNT(MRTS),0,,41033,0,0,0
41034,Mon-Tue-Wed-Thu-Fri-Sat-Sun_20260514-20270830,41034,,CHENNAI BEACH,0,,41034,0,0,0
41035,Mon-Tue-Wed-Thu-Fri-Sat-Sun_20260601-20270830,41035,,ST THOMAS MOUNT(MRTS),0,,41035,0,0,0
41036,Mon-Tue-Wed-Thu-Fri-Sat-Sun_20260514-20270830,41036,,CHENNAI BEACH,0,,41036,0,0,0
41037,Mon-Tue-Wed-Thu-Fri-Sat-Sun_20260601-20270830,41037,,ST THOMAS MOUNT(MRTS),0,,41037,0,0,0
41038,Mon-Tue-Wed-Thu-Fri-Sat-Sun_20260514-20270830,41038,,CHENNAI BEACH,0,,41038,0,0,0
41039,Mon-Tue-Wed-Thu-Fri-Sat-Sun_20260601-20270830,41039,,ST THOMAS MOUNT(MRTS),0,,41039,0,0,0
41040,Mon-Tue-Wed-Thu-Fri-Sat-Sun_20260514-20270830,41040,,CHENNAI BEACH,0,,41040,0,0,0
41041,Mon-Tue-Wed-Thu-Fri-Sat-Sun_20260601-20270830,41041,,ST THOMAS MOUNT(MRTS),0,,41041,0,0,0
41042,Mon-Tue-Wed-Thu-Fri-Sat-Sun_20260514-20270830,41042,,CHENNAI BEACH,0,,41042,0,0,0
41043,Mon-Tue-Wed-Thu-Fri-Sat-Sun_20260815-20270830,41043,,ST THOMAS MOUNT(MRTS),0,,41043,0,0,0
41044,Mon-Tue-Wed-Thu-Fri-Sat-Sun_20260514-20270830,41044,,CHENNAI BEACH,0,,41044,0,0,0
41045,Mon-Tue-Wed-Thu-Fri-Sat-Sun_20260601-20270830,41045,,ST THOMAS MOUNT(MRTS),0,,41045,0,0,0
41046,Mon-Tue-Wed-Thu-Fri-Sat-Sun_20260514-20270830,41046,,CHENNAI BEACH,0,,41046,0,0,0
41047,Mon-Tue-Wed-Thu-Fri-Sat-Sun_20260601-20270830,41047,,ST THOMAS MOUNT(MRTS),0,,41047,0,0,0
41048,Mon-Tue-Wed-Thu-Fri-Sat-Sun_20260514-20270830,41048,,CHENNAI BEACH,0,,41048,0,0,0
41049,Mon-Tue-Wed-Thu-Fri-Sat-Sun_20260601-20270830,41049,,ST THOMAS MOUNT(MRTS),0,,41049,0,0,0
41050,Mon-Tue-Wed-Thu-Fri-Sat-Sun_20260514-20270830,41050,,CHENNAI BEACH,0,,41050,0,0,0
41051,Mon-Tue-Wed-Thu-Fri-Sat-Sun_20260601-20270830,41051,,ST THOMAS MOUNT(MRTS),0,,41051,0,0,0
41052,Mon-Tue-Wed-Thu-Fri-Sat-Sun_20260514-20270830,41052,,CHENNAI BEACH,0,,41052,0,0,0
41053,Mon-Tue-Wed-Thu-Fri-Sat-Sun_20260601-20270830,41053,,ST THOMAS MOUNT(MRTS),0,,41053,0,0,0
41054,Mon-Tue-Wed-Thu-Fri-Sat-Sun_20260514-20270830,41054,,CHENNAI BEACH,0,,41054,0,0,0
41055,Mon-Tue-Wed-Thu-Fri-Sat-Sun_20260601-20270830,41055,,ST THOMAS MOUNT(MRTS),0,,41055,0,0,0
41056,Mon-Tue-Wed-Thu-Fri-Sat-Sun_20260514-20270830,41056,,CHENNAI BEACH,0,,41056,0,0,0
41057,Mon-Tue-Wed-Thu-Fri-Sat-Sun_20260601-20270830,41057,,ST THOMAS MOUNT(MRTS),0,,41057,0,0,0
41058,Mon-Tue-Wed-Thu-Fri-Sat-Sun_20260514-20270830,41058,,CHENNAI BEACH,0,,41058,0,0,0
41059,Mon-Tue-Wed-Thu-Fri-Sat-Sun_20260601-20270830,41059,,ST THOMAS MOUNT(MRTS),0,,41059,0,0,0
41060,Mon-Tue-Wed-Thu-Fri-Sat-Sun_20260514-20270830,41060,,CHENNAI BEACH,0,,41060,0,0,0
41061,Mon-Tue-Wed-Thu-Fri-Sat-Sun_20260601-20270830,41061,,ST THOMAS MOUNT(MRTS),0,,41061,0,0,0
41062,Mon-Tue-Wed-Thu-Fri-Sat-Sun_20260514-20270830,41062,,CHENNAI BEACH,0,,41062,0,0,0
41063,Mon-Tue-Wed-Thu-Fri-Sat-Sun_20260601-20270830,41063,,ST THOMAS MOUNT(MRTS),0,,41063,0,0,0
41064,Mon-Tue-Wed-Thu-Fri-Sat-Sun_20260514-20270830,41064,,CHENNAI BEACH,0,,41064,0,0,0
41065,Mon-Tue-Wed-Thu-Fri-Sat-Sun_20260601-20270830,41065,,ST THOMAS MOUNT(MRTS),0,,41065,0,0,0
41066,Mon-Tue-Wed-Thu-Fri-Sat-Sun_20260514-20270830,41066,,CHENNAI BEACH,0,,41066,0,0,0
41067,Mon-Tue-Wed-Thu-Fri-Sat-Sun_20260601-20270830,41067,,ST THOMAS MOUNT(MRTS),0,,41067,0,0,0
41068,Mon-Tue-Wed-Thu-Fri-Sat-Sun_20260514-20270830,41068,,CHENNAI BEACH,0,,41068,0,0,0
41069,Mon-Tue-Wed-Thu-Fri-Sat-Sun_20260601-20270830,41069,,ST THOMAS MOUNT(MRTS),0,,41069,0,0,0
41070,Mon-Tue-Wed-Thu-Fri-Sat-Sun_20260514-20270830,41070,,CHENNAI BEACH,0,,41070,0,0,0
41071,Mon-Tue-Wed-Thu-Fri-Sat-Sun_20260601-20270830,41071,,ST THOMAS MOUNT(MRTS),0,,41071,0,0,0
41072,Mon-Tue-Wed-Thu-Fri-Sat-Sun_20260514-20270830,41072,,CHENNAI BEACH,0,,41072,0,0,0
41073,Mon-Tue-Wed-Thu-Fri-Sat-Sun_20260601-20270830,41073,,ST THOMAS MOUNT(MRTS),0,,41073,0,0,0
41074,Mon-Tue-Wed-Thu-Fri-Sat-Sun_20260514-20270830,41074,,CHENNAI BEACH,0,,41074,0,0,0
41075,Mon-Tue-Wed-Thu-Fri-Sat-Sun_20260601-20270830,41075,,ST THOMAS MOUNT(MRTS),0,,41075,0,0,0
41076,Mon-Tue-Wed-Thu-Fri-Sat-Sun_20260514-20270830,41076,,CHENNAI BEACH,0,,41076,0,0,0
41077,Mon-Tue-Wed-Thu-Fri-Sat-Sun_20260601-20270830,41077,,ST THOMAS MOUNT(MRTS),0,,41077,0,0,0
41078,Mon-Tue-Wed-Thu-Fri-Sat-Sun_20260514-20270830,41078,,CHENNAI BEACH,0,,41078,0,0,0
41079,Mon-Tue-Wed-Thu-Fri-Sat-Sun_20260601-20270830,41079,,ST THOMAS MOUNT(MRTS),0,,41079,0,0,0
41080,Mon-Tue-Wed-Thu-Fri-Sat-Sun_20260514-20270830,41080,,CHENNAI BEACH,0,,41080,0,0,0
41081,Mon-Tue-Wed-Thu-Fri-Sat-Sun_20260815-20270830,41081,,ST THOMAS MOUNT(MRTS),0,,41081,0,0,0
41082,Mon-Tue-Wed-Thu-Fri-Sat-Sun_20260815-20270830,41082,,CHENNAI BEACH,0,,41082,0,0,0
41083,Mon-Tue-Wed-Thu-Fri-Sat-Sun_20260601-20270830,41083,,ST THOMAS MOUNT(MRTS),0,,41083,0,0,0
41084,Mon-Tue-Wed-Thu-Fri-Sat-Sun_20260815-20270830,41084,,CHENNAI BEACH,0,,41084,0,0,0
41085,Mon-Tue-Wed-Thu-Fri-Sat-Sun_20260815-20270830,41085,,ST THOMAS MOUNT(MRTS),0,,41085,0,0,0
41086,Mon-Tue-Wed-Thu-Fri-Sat-Sun_20260814-20270830,41086,,CHENNAI BEACH,0,,41086,0,0,0
41201,Mon-Tue-Wed-Thu-Fri-Sat-Sun_20260601-20270830,41201,,VELACHERRY,0,,41201,0,0,0
41202,Mon-Tue-Wed-Thu-Fri-Sat-Sun_20260314-20270830,41202,,CHENNAI BEACH,0,,41202,0,0,0
41203,Mon-Tue-Wed-Thu-Fri-Sat-Sun_20260601-20270830,41203,,VELACHERRY,0,,41203,0,0,0
41204,Mon-Tue-Wed-Thu-Fri-Sat-Sun_20260314-20270830,41204,,CHENNAI BEACH,0,,41204,0,0,0
41205,Mon-Tue-Wed-Thu-Fri-Sat-Sun_20260601-20270830,41205,,VELACHERRY,0,,41205,0,0,0
41206,Mon-Tue-Wed-Thu-Fri-Sat-Sun_20260601-20270830,41206,,CHENNAI BEACH,0,,41206,0,0,0
41301,Mon-Tue-Wed-Thu-Fri-Sat-Sun_20260514-20270830,41301,,ST THOMAS MOUNT,0,,41301,0,0,0
41302,Mon-Tue-Wed-Thu-Fri-Sat-Sun_20260514-20270830,41302,,VELACHERRY,0,,41302,0,0,0
41303,Mon-Tue-Wed-Thu-Fri-Sat-Sun_20260514-20270830,41303,,ST THOMAS MOUNT,0,,41303,0,0,0
41304,Mon-Tue-Wed-Thu-Fri-Sat-Sun_20260514-20270830,41304,,VELACHERRY,0,,41304,0,0,0
41305,Mon-Tue-Wed-Thu-Fri-Sat-Sun_20260514-20270830,41305,,ST THOMAS MOUNT,0,,41305,0,0,0
41306,Mon-Tue-Wed-Thu-Fri-Sat-Sun_20260514-20270830,41306,,VELACHERRY,0,,41306,0,0,0
42001,Mon-Tue-Wed-Thu-Fri-Sat-Sun_20260101-20270830,42001,,GUMMIDIPUNDI,0,,42001,0,0,0
42002,Mon-Tue-Wed-Thu-Fri-Sat-Sun_20260101-20270830,42002,,CHENNAI CENTRAL SUBURBAN STATION,0,,42002,0,0,0
42003,Mon-Tue-Wed-Thu-Fri-Sat-Sun_20260101-20270830,42003,,GUMMIDIPUNDI,0,,42003,0,0,0
42004,Mon-Tue-Wed-Thu-Fri-Sat-Sun_20260101-20270830,42004,,CHENNAI CENTRAL SUBURBAN STATION,0,,42004,0,0,0
42005,Mon-Tue-Wed-Thu-Fri-Sat-Sun_20260101-20270830,42005,,GUMMIDIPUNDI,0,,42005,0,0,0
42006,Mon-Tue-Wed-Thu-Fri-Sat-Sun_20260101-20270830,42006,,CHENNAI CENTRAL SUBURBAN STATION,0,,42006,0,0,0
42007,Mon-Tue-Wed-Thu-Fri-Sat-Sun_20260101-20270830,42007,,GUMMIDIPUNDI,0,,42007,0,0,0
42008,Mon-Tue-Wed-Thu-Fri-Sat-Sun_20260101-20270830,42008,,CHENNAI CENTRAL SUBURBAN STATION,0,,42008,0,0,0
42009,Mon-Tue-Wed-Thu-Fri-Sat-Sun_20260101-20270830,42009,,GUMMIDIPUNDI,0,,42009,0,0,0
42010,Mon-Tue-Wed-Thu-Fri-Sat-Sun_20260101-20270830,42010,,CHENNAI CENTRAL SUBURBAN STATION,0,,42010,0,0,0
42011,Mon-Tue-Wed-Thu-Fri-Sat-Sun_20260101-20270830,42011,,GUMMIDIPUNDI,0,,42011,0,0,0
42012,Mon-Tue-Wed-Thu-Fri-Sat-Sun_20260101-20270830,42012,,CHENNAI CENTRAL SUBURBAN STATION,0,,42012,0,0,0
42013,Mon-Tue-Wed-Thu-Fri-Sat-Sun_20260101-20270830,42013,,GUMMIDIPUNDI,0,,42013,0,0,0
42014,Mon-Tue-Wed-Thu-Fri-Sat-Sun_20260101-20270830,42014,,CHENNAI CENTRAL SUBURBAN STATION,0,,42014,0,0,0
42015,Mon-Tue-Wed-Thu-Fri-Sat-Sun_20260101-20270830,42015,,GUMMIDIPUNDI,0,,42015,0,0,0
42016,Mon-Tue-Wed-Thu-Fri-Sat-Sun_20260101-20270830,42016,,CHENNAI CENTRAL SUBURBAN STATION,0,,42016,0,0,0
42017,Mon-Tue-Wed-Thu-Fri-Sat-Sun_20260101-20270830,42017,,GUMMIDIPUNDI,0,,42017,0,0,0
42018,Mon-Tue-Wed-Thu-Fri-Sat-Sun_20260101-20270830,42018,,CHENNAI CENTRAL SUBURBAN STATION,0,,42018,0,0,0
42019,Mon-Tue-Wed-Thu-Fri-Sat-Sun_20260101-20270830,42019,,GUMMIDIPUNDI,0,,42019,0,0,0
42020,Mon-Tue-Wed-Thu-Fri-Sat-Sun_20260101-20270830,42020,,CHENNAI CENTRAL SUBURBAN STATION,0,,42020,0,0,0
42021,Mon-Tue-Wed-Thu-Fri-Sat-Sun_20260101-20270830,42021,,GUMMIDIPUNDI,0,,42021,0,0,0
42022,Mon-Tue-Wed-Thu-Fri-Sat-Sun_20260101-20270830,42022,,CHENNAI CENTRAL SUBURBAN STATION,0,,42022,0,0,0
42023,Mon-Tue-Wed-Thu-Fri-Sat-Sun_20260101-20270830,42023,,GUMMIDIPUNDI,0,,42023,0,0,0
42024,Mon-Tue-Wed-Thu-Fri-Sat-Sun_20260101-20270830,42024,,CHENNAI CENTRAL SUBURBAN STATION,0,,42024,0,0,0
42025,Mon-Tue-Wed-Thu-Fri-Sat-Sun_20260101-20270830,42025,,GUMMIDIPUNDI,0,,42025,0,0,0
42026,Mon-Tue-Wed-Thu-Fri-Sat-Sun_20260101-20270830,42026,,CHENNAI CENTRAL SUBURBAN STATION,0,,42026,0,0,0
42027,Mon-Tue-Wed-Thu-Fri-Sat-Sun_20260101-20270830,42027,,GUMMIDIPUNDI,0,,42027,0,0,0
42028,Mon-Tue-Wed-Thu-Fri-Sat-Sun_20260101-20270830,42028,,CHENNAI CENTRAL SUBURBAN STATION,0,,42028,0,0,0
42029,Mon-Tue-Wed-Thu-Fri-Sat-Sun_20260101-20270830,42029,,GUMMIDIPUNDI,0,,42029,0,0,0
42030,Mon-Tue-Wed-Thu-Fri-Sat-Sun_20260101-20270830,42030,,CHENNAI CENTRAL SUBURBAN STATION,0,,42030,0,0,0
42031,Mon-Tue-Wed-Thu-Fri-Sat-Sun_20260101-20270830,42031,,GUMMIDIPUNDI,0,,42031,0,0,0
42032,Mon-Tue-Wed-Thu-Fri-Sat-Sun_20260101-20270830,42032,,CHENNAI CENTRAL SUBURBAN STATION,0,,42032,0,0,0
42033,Mon-Tue-Wed-Thu-Fri-Sat-Sun_20260101-20270830,42033,,GUMMIDIPUNDI,0,,42033,0,0,0
42034,Mon-Tue-Wed-Thu-Fri-Sat-Sun_20260101-20270830,42034,,CHENNAI CENTRAL SUBURBAN STATION,0,,42034,0,0,0
42035,Mon-Tue-Wed-Thu-Fri-Sat-Sun_20260101-20270830,42035,,GUMMIDIPUNDI,0,,42035,0,0,0
42036,Mon-Tue-Wed-Thu-Fri-Sat-Sun_20260101-20270830,42036,,CHENNAI CENTRAL SUBURBAN STATION,0,,42036,0,0,0
42037,Mon-Tue-Wed-Thu-Fri-Sat-Sun_20260101-20270830,42037,,GUMMIDIPUNDI,0,,42037,0,0,0
42038,Mon-Tue-Wed-Thu-Fri-Sat-Sun_20260101-20270830,42038,,CHENNAI CENTRAL SUBURBAN STATION,0,,42038,0,0,0
42040,Mon-Tue-Wed-Thu-Fri-Sat-Sun_20260101-20270830,42040,,CHENNAI CENTRAL SUBURBAN STATION,0,,42040,0,0,0
42042,Mon-Tue-Wed-Thu-Fri-Sat-Sun_20260814-20270830,42042,,CHENNAI CENTRAL SUBURBAN STATION,0,,42042,0,0,0
42301,Mon-Tue-Wed-Thu-Fri-Sat-Sun_20260101-20270830,42301,,PONNERI,0,,42301,0,0,0
42302,Mon-Tue-Wed-Thu-Fri-Sat-Sun_20260101-20270830,42302,,CHENNAI CENTRAL SUBURBAN STATION,0,,42302,0,0,0
42401,Mon-Tue-Wed-Thu-Fri-Sat-Sun_20260101-20270830,42401,,SULLURUPETA,0,,42401,0,0,0
42402,Mon-Tue-Wed-Thu-Fri-Sat-Sun_20260101-20270830,42402,,CHENNAI CENTRAL SUBURBAN STATION,0,,42402,0,0,0
42403,Mon-Tue-Wed-Thu-Fri-Sat-Sun_20260101-20270830,42403,,SULLURUPETA,0,,42403,0,0,0
42404,Mon-Tue-Wed-Thu-Fri-Sat-Sun_20260721-20270830,42404,,CHENNAI CENTRAL SUBURBAN STATION,0,,42404,0,0,0
42406,Mon-Tue-Wed-Thu-Fri-Sat-Sun_20260101-20270830,42406,,CHENNAI CENTRAL SUBURBAN STATION,0,,42406,0,0,0
42407,Mon-Tue-Wed-Thu-Fri-Sat-Sun_20260101-20270830,42407,,SULLURUPETA,0,,42407,0,0,0
42408,Mon-Tue-Wed-Thu-Fri-Sat-Sun_20260101-20270830,42408,,CHENNAI CENTRAL SUBURBAN STATION,0,,42408,0,0,0
42410,Mon-Tue-Wed-Thu-Fri-Sat-Sun_20260820-20270830,42410,,CHENNAI CENTRAL SUBURBAN STATION,0,,42410,0,0,0
42411,Mon-Tue-Wed-Thu-Fri-Sat-Sun_20260101-20270830,42411,,SULLURUPETA,0,,42411,0,0,0
42413,Mon-Tue-Wed-Thu-Fri-Sat-Sun_20260101-20270830,42413,,SULLURUPETA,0,,42413,0,0,0
42414,Mon-Tue-Wed-Thu-Fri-Sat-Sun_20260101-20270830,42414,,CHENNAI CENTRAL SUBURBAN STATION,0,,42414,0,0,0
42415,Mon-Tue-Wed-Thu-Fri-Sat-Sun_20260101-20270830,42415,,SULLURUPETA,0,,42415,0,0,0
42416,Mon-Tue-Wed-Thu-Fri-Sat-Sun_20260101-20270830,42416,,CHENNAI CENTRAL SUBURBAN STATION,0,,42416,0,0,0
42418,Mon-Tue-Wed-Thu-Fri-Sat-Sun_20260820-20270830,42418,,CHENNAI CENTRAL SUBURBAN STATION,0,,42418,0,0,0
42419,Mon-Tue-Wed-Thu-Fri-Sat-Sun_20260101-20270830,42419,,SULLURUPETA,0,,42419,0,0,0
42421,Mon-Tue-Wed-Thu-Fri-Sat-Sun_20260101-20270830,42421,,SULLURUPETA,0,,42421,0,0,0
42422,Mon-Tue-Wed-Thu-Fri-Sat-Sun_20260101-20270830,42422,,CHENNAI CENTRAL SUBURBAN STATION,0,,42422,0,0,0
42423,Mon-Tue-Wed-Thu-Fri-Sat-Sun_20260101-20270830,42423,,SULLURUPETA,0,,42423,0,0,0
42425,Mon-Tue-Wed-Thu-Fri-Sat-Sun_20260101-20270830,42425,,SULLURUPETA,0,,42425,0,0,0
42427,Mon-Tue-Wed-Thu-Fri-Sat-Sun_20260820-20270830,42427,,SULLURUPETA,0,,42427,0,0,0
42501,Mon-Tue-Wed-Thu-Fri-Sat_20260815-20270830,42501,,GUMMIDIPUNDI,0,,42501,0,0,0
42502,Mon-Tue-Wed-Thu-Fri-Sat_20260625-20270830,42502,,CHENGALPATTU JN.,0,,42502,0,0,0
42521,Mon-Tue-Wed-Thu-Fri-Sat_20260815-20270830,42521,,GUMMIDIPUNDI,0,,42521,0,0,0
42522,Mon-Tue-Wed-Thu-Fri-Sat_20260814-20270830,42522,,TAMBARAM,0,,42522,0,0,0
42601,Mon-Tue-Wed-Thu-Fri-Sat-Sun_20260101-20270830,42601,,GUMMIDIPUNDI,0,,42601,0,0,0
42602,Mon-Tue-Wed-Thu-Fri-Sat-Sun_20260101-20270830,42602,,CHENNAI BEACH,0,,42602,0,0,0
42603,Mon-Tue-Wed-Thu-Fri-Sat-Sun_20260101-20270830,42603,,GUMMIDIPUNDI,0,,42603,0,0,0
42604,Mon-Tue-Wed-Thu-Fri-Sat-Sun_20260101-20270830,42604,,CHENNAI BEACH,0,,42604,0,0,0
42605,Mon-Tue-Wed-Thu-Fri-Sat-Sun_20260101-20270830,42605,,GUMMIDIPUNDI,0,,42605,0,0,0
42606,Mon-Tue-Wed-Thu-Fri-Sat-Sun_20260101-20270830,42606,,CHENNAI BEACH,0,,42606,0,0,0
42607,Mon-Tue-Wed-Thu-Fri-Sat-Sun_20260101-20270830,42607,,GUMMIDIPUNDI,0,,42607,0,0,0
42608,Mon-Tue-Wed-Thu-Fri-Sat-Sun_20260814-20270830,42608,,CHENNAI BEACH,0,,42608,0,0,0
42609,Mon-Tue-Wed-Thu-Fri-Sat-Sun_20260101-20270830,42609,,GUMMIDIPUNDI,0,,42609,0,0,0
42610,Mon-Tue-Wed-Thu-Fri-Sat-Sun_20260101-20270830,42610,,CHENNAI BEACH,0,,42610,0,0,0
42611,Mon-Tue-Wed-Thu-Fri-Sat-Sun_20260101-20270830,42611,,GUMMIDIPUNDI,0,,42611,0,0,0
42613,Mon-Tue-Wed-Thu-Fri-Sat-Sun_20260820-20270830,42613,,GUMMIDIPUNDI,0,,42613,0,0,0
42701,Mon-Tue-Wed-Thu-Fri-Sat-Sun_20260101-20270830,42701,,PONNERI,0,,42701,0,0,0
42702,Mon-Tue-Wed-Thu-Fri-Sat-Sun_20260101-20270830,42702,,CHENNAI BEACH,0,,42702,0,0,0
42802,Mon-Tue-Wed-Thu-Fri-Sat-Sun_20260101-20270830,42802,,CHENNAI BEACH,0,,42802,0,0,0
42804,Mon-Tue-Wed-Thu-Fri-Sat-Sun_20260101-20270830,42804,,CHENNAI BEACH,0,,42804,0,0,0
43001,Mon-Tue-Wed-Thu-Fri-Sat-Sun_20260101-20270830,43001,,AVADI,0,,43001,0,0,0
43002,Mon-Tue-Wed-Thu-Fri-Sat-Sun_20260820-20270830,43002,,CHENNAI CENTRAL SUBURBAN STATION,0,,43002,0,0,0
43003,Mon-Tue-Wed-Thu-Fri-Sat-Sun_20260101-20270830,43003,,AVADI,0,,43003,0,0,0
43005,Mon-Tue-Wed-Thu-Fri-Sat-Sun_20260101-20270830,43005,,AVADI,0,,43005,0,0,0
43006,Mon-Tue-Wed-Thu-Fri-Sat-Sun_20260101-20270830,43006,,CHENNAI CENTRAL SUBURBAN STATION,0,,43006,0,0,0
43007,Mon-Tue-Wed-Thu-Fri-Sat-Sun_20260101-20270830,43007,,AVADI,0,,43007,0,0,0
43009,Mon-Tue-Wed-Thu-Fri-Sat-Sun_20260101-20270830,43009,,AVADI,0,,43009,0,0,0
43010,Mon-Tue-Wed-Thu-Fri-Sat-Sun_20260101-20270830,43010,,CHENNAI CENTRAL SUBURBAN STATION,0,,43010,0,0,0
43011,Mon-Tue-Wed-Thu-Fri-Sat-Sun_20260101-20270830,43011,,AVADI,0,,43011,0,0,0
43012,Mon-Tue-Wed-Thu-Fri-Sat-Sun_20260815-20270830,43012,,CHENNAI CENTRAL SUBURBAN STATION,0,,43012,0,0,0
43013,Mon-Tue-Wed-Thu-Fri-Sat-Sun_20260815-20270830,43013,,AVADI,0,,43013,0,0,0
43014,Mon-Tue-Wed-Thu-Fri-Sat-Sun_20260815-20270830,43014,,CHENNAI CENTRAL SUBURBAN STATION,0,,43014,0,0,0
43016,Mon-Tue-Wed-Thu-Fri-Sat-Sun_20260101-20270830,43016,,CHENNAI CENTRAL SUBURBAN STATION,0,,43016,0,0,0
43101,Mon-Tue-Wed-Thu-Fri-Sat-Sun_20260101-20270830,43101,,PATTABIRAM E DEPOT,0,,43101,0,0,0
43102,Mon-Tue-Wed-Thu-Fri-Sat-Sun_20260101-20270830,43102,,CHENNAI CENTRAL SUBURBAN STATION,0,,43102,0,0,0
43103,Mon-Tue-Wed-Thu-Fri-Sat-Sun_20260101-20270830,43103,,PATTABIRAM E DEPOT,0,,43103,0,0,0
43104,Mon-Tue-Wed-Thu-Fri-Sat-Sun_20260101-20270830,43104,,CHENNAI CENTRAL SUBURBAN STATION,0,,43104,0,0,0
43105,Mon-Tue-Wed-Thu-Fri-Sat-Sun_20260101-20270830,43105,,PATTABIRAM E DEPOT,0,,43105,0,0,0
43106,Mon-Tue-Wed-Thu-Fri-Sat-Sun_20260101-20270830,43106,,CHENNAI CENTRAL SUBURBAN STATION,0,,43106,0,0,0
43107,Mon-Tue-Wed-Thu-Fri-Sat-Sun_20260101-20270830,43107,,PATTABIRAM E DEPOT,0,,43107,0,0,0
43108,Mon-Tue-Wed-Thu-Fri-Sat-Sun_20260101-20270830,43108,,CHENNAI CENTRAL SUBURBAN STATION,0,,43108,0,0,0
43109,Mon-Tue-Wed-Thu-Fri-Sat-Sun_20260101-20270830,43109,,PATTABIRAM E DEPOT,0,,43109,0,0,0
43110,Mon-Tue-Wed-Thu-Fri-Sat-Sun_20260101-20270830,43110,,CHENNAI CENTRAL SUBURBAN STATION,0,,43110,0,0,0
43111,Mon-Tue-Wed-Thu-Fri-Sat-Sun_20260101-20270830,43111,,PATTABIRAM E DEPOT,0,,43111,0,0,0
43112,Mon-Tue-Wed-Thu-Fri-Sat-Sun_20260101-20270830,43112,,CHENNAI CENTRAL SUBURBAN STATION,0,,43112,0,0,0
43113,Mon-Tue-Wed-Thu-Fri-Sat-Sun_20260101-20270830,43113,,PATTABIRAM E DEPOT,0,,43113,0,0,0
43114,Mon-Tue-Wed-Thu-Fri-Sat-Sun_20260101-20270830,43114,,CHENNAI CENTRAL SUBURBAN STATION,0,,43114,0,0,0
43115,Mon-Tue-Wed-Thu-Fri-Sat-Sun_20260101-20270830,43115,,PATTABIRAM E DEPOT,0,,43115,0,0,0
43116,Mon-Tue-Wed-Thu-Fri-Sat-Sun_20260101-20270830,43116,,CHENNAI CENTRAL SUBURBAN STATION,0,,43116,0,0,0
43117,Mon-Tue-Wed-Thu-Fri-Sat-Sun_20260101-20270830,43117,,PATTABIRAM E DEPOT,0,,43117,0,0,0
43118,Mon-Tue-Wed-Thu-Fri-Sat-Sun_20260101-20270830,43118,,CHENNAI CENTRAL SUBURBAN STATION,0,,43118,0,0,0
43119,Mon-Tue-Wed-Thu-Fri-Sat-Sun_20260101-20270830,43119,,PATTABIRAM E DEPOT,0,,43119,0,0,0
43120,Mon-Tue-Wed-Thu-Fri-Sat-Sun_20260101-20270830,43120,,CHENNAI CENTRAL SUBURBAN STATION,0,,43120,0,0,0
43121,Mon-Tue-Wed-Thu-Fri-Sat-Sun_20260101-20270830,43121,,PATTABIRAM E DEPOT,0,,43121,0,0,0
43122,Mon-Tue-Wed-Thu-Fri-Sat-Sun_20260101-20270830,43122,,CHENNAI CENTRAL SUBURBAN STATION,0,,43122,0,0,0
43123,Mon-Tue-Wed-Thu-Fri-Sat-Sun_20260101-20270830,43123,,PATTABIRAM E DEPOT,0,,43123,0,0,0
43124,Mon-Tue-Wed-Thu-Fri-Sat-Sun_20260101-20270830,43124,,CHENNAI CENTRAL SUBURBAN STATION,0,,43124,0,0,0
43126,Mon-Tue-Wed-Thu-Fri-Sat-Sun_20260101-20270830,43126,,CHENNAI CENTRAL SUBURBAN STATION,0,,43126,0,0,0
43201,Mon-Tue-Wed-Thu-Fri-Sat-Sun_20260101-20270830,43201,,TIRUVALLUR,0,,43201,0,0,0
43202,Mon-Tue-Wed-Thu-Fri-Sat-Sun_20260101-20270830,43202,,CHENNAI CENTRAL SUBURBAN STATION,0,,43202,0,0,0
43203,Mon-Tue-Wed-Thu-Fri-Sat-Sun_20260101-20270830,43203,,TIRUVALLUR,0,,43203,0,0,0
43204,Mon-Tue-Wed-Thu-Fri-Sat-Sun_20260101-20270830,43204,,CHENNAI CENTRAL SUBURBAN STATION,0,,43204,0,0,0
43205,Mon-Tue-Wed-Thu-Fri-Sat-Sun_20260101-20270830,43205,,TIRUVALLUR,0,,43205,0,0,0
43206,Mon-Tue-Wed-Thu-Fri-Sat-Sun_20260101-20270830,43206,,CHENNAI CENTRAL SUBURBAN STATION,0,,43206,0,0,0
43207,Mon-Tue-Wed-Thu-Fri-Sat-Sun_20260101-20270830,43207,,TIRUVALLUR,0,,43207,0,0,0
43208,Mon-Tue-Wed-Thu-Fri-Sat-Sun_20260101-20270830,43208,,CHENNAI CENTRAL SUBURBAN STATION,0,,43208,0,0,0
43209,Mon-Tue-Wed-Thu-Fri-Sat-Sun_20260101-20270830,43209,,TIRUVALLUR,0,,43209,0,0,0
43210,Mon-Tue-Wed-Thu-Fri-Sat-Sun_20260101-20270830,43210,,CHENNAI CENTRAL SUBURBAN STATION,0,,43210,0,0,0
43211,Mon-Tue-Wed-Thu-Fri-Sat-Sun_20260101-20270830,43211,,TIRUVALLUR,0,,43211,0,0,0
43212,Mon-Tue-Wed-Thu-Fri-Sat-Sun_20260101-20270830,43212,,CHENNAI CENTRAL SUBURBAN STATION,0,,43212,0,0,0
43213,Mon-Tue-Wed-Thu-Fri-Sat-Sun_20260101-20270830,43213,,TIRUVALLUR,0,,43213,0,0,0
43214,Mon-Tue-Wed-Thu-Fri-Sat-Sun_20260101-20270830,43214,,CHENNAI CENTRAL SUBURBAN STATION,0,,43214,0,0,0
43215,Mon-Tue-Wed-Thu-Fri-Sat-Sun_20260101-20270830,43215,,TIRUVALLUR,0,,43215,0,0,0
43216,Mon-Tue-Wed-Thu-Fri-Sat-Sun_20260815-20270830,43216,,CHENNAI CENTRAL SUBURBAN STATION,0,,43216,0,0,0
43217,Mon-Tue-Wed-Thu-Fri-Sat-Sun_20260101-20270830,43217,,TIRUVALLUR,0,,43217,0,0,0
43218,Mon-Tue-Wed-Thu-Fri-Sat-Sun_20260101-20270830,43218,,CHENNAI CENTRAL SUBURBAN STATION,0,,43218,0,0,0
43219,Mon-Tue-Wed-Thu-Fri-Sat-Sun_20260101-20270830,43219,,TIRUVALLUR,0,,43219,0,0,0
43220,Mon-Tue-Wed-Thu-Fri-Sat-Sun_20260101-20270830,43220,,CHENNAI CENTRAL SUBURBAN STATION,0,,43220,0,0,0
43221,Mon-Tue-Wed-Thu-Fri-Sat-Sun_20260101-20270830,43221,,TIRUVALLUR,0,,43221,0,0,0
43222,Mon-Tue-Wed-Thu-Fri-Sat-Sun_20260101-20270830,43222,,CHENNAI CENTRAL SUBURBAN STATION,0,,43222,0,0,0
43223,Mon-Tue-Wed-Thu-Fri-Sat-Sun_20260101-20270830,43223,,TIRUVALLUR,0,,43223,0,0,0
43224,Mon-Tue-Wed-Thu-Fri-Sat-Sun_20260101-20270830,43224,,CHENNAI CENTRAL SUBURBAN STATION,0,,43224,0,0,0
43225,Mon-Tue-Wed-Thu-Fri-Sat-Sun_20260101-20270830,43225,,TIRUVALLUR,0,,43225,0,0,0
43226,Mon-Tue-Wed-Thu-Fri-Sat-Sun_20260101-20270830,43226,,CHENNAI CENTRAL SUBURBAN STATION,0,,43226,0,0,0
43227,Mon-Tue-Wed-Thu-Fri-Sat-Sun_20260101-20270830,43227,,TIRUVALLUR,0,,43227,0,0,0
43228,Mon-Tue-Wed-Thu-Fri-Sat-Sun_20260101-20270830,43228,,CHENNAI CENTRAL SUBURBAN STATION,0,,43228,0,0,0
43229,Mon-Tue-Wed-Thu-Fri-Sat-Sun_20260101-20270830,43229,,TIRUVALLUR,0,,43229,0,0,0
43230,Mon-Tue-Wed-Thu-Fri-Sat-Sun_20260101-20270830,43230,,CHENNAI CENTRAL SUBURBAN STATION,0,,43230,0,0,0
43231,Mon-Tue-Wed-Thu-Fri-Sat-Sun_20260101-20270830,43231,,TIRUVALLUR,0,,43231,0,0,0
43232,Mon-Tue-Wed-Thu-Fri-Sat-Sun_20260101-20270830,43232,,CHENNAI CENTRAL SUBURBAN STATION,0,,43232,0,0,0
43233,Mon-Tue-Wed-Thu-Fri-Sat-Sun_20260101-20270830,43233,,TIRUVALLUR,0,,43233,0,0,0
43234,Mon-Tue-Wed-Thu-Fri-Sat-Sun_20260101-20270830,43234,,CHENNAI CENTRAL SUBURBAN STATION,0,,43234,0,0,0
43235,Mon-Tue-Wed-Thu-Fri-Sat-Sun_20260101-20270830,43235,,TIRUVALLUR,0,,43235,0,0,0
43236,Mon-Tue-Wed-Thu-Fri-Sat-Sun_20260101-20270830,43236,,CHENNAI CENTRAL SUBURBAN STATION,0,,43236,0,0,0
43237,Mon-Tue-Wed-Thu-Fri-Sat-Sun_20260814-20270830,43237,,TIRUVALLUR,0,,43237,0,0,0
43238,Mon-Tue-Wed-Thu-Fri-Sat-Sun_20260101-20270830,43238,,CHENNAI CENTRAL SUBURBAN STATION,0,,43238,0,0,0
43239,Mon-Tue-Wed-Thu-Fri-Sat-Sun_20260101-20270830,43239,,TIRUVALLUR,0,,43239,0,0,0
43240,Mon-Tue-Wed-Thu-Fri-Sat-Sun_20260101-20270830,43240,,CHENNAI CENTRAL SUBURBAN STATION,0,,43240,0,0,0
43241,Mon-Tue-Wed-Thu-Fri-Sat-Sun_20260101-20270830,43241,,TIRUVALLUR,0,,43241,0,0,0
43242,Mon-Tue-Wed-Thu-Fri-Sat-Sun_20260101-20270830,43242,,CHENNAI CENTRAL SUBURBAN STATION,0,,43242,0,0,0
43243,Mon-Tue-Wed-Thu-Fri-Sat-Sun_20260815-20270830,43243,,TIRUVALLUR,0,,43243,0,0,0
43244,Mon-Tue-Wed-Thu-Fri-Sat-Sun_20260101-20270830,43244,,CHENNAI CENTRAL SUBURBAN STATION,0,,43244,0,0,0
43245,Mon-Tue-Wed-Thu-Fri-Sat-Sun_20260820-20270830,43245,,TIRUVALLUR,0,,43245,0,0,0
43246,Mon-Tue-Wed-Thu-Fri-Sat-Sun_20260101-20270830,43246,,CHENNAI CENTRAL SUBURBAN STATION,0,,43246,0,0,0
43247,Mon-Tue-Wed-Thu-Fri-Sat-Sun_20260101-20270830,43247,,TIRUVALLUR,0,,43247,0,0,0
43248,Mon-Tue-Wed-Thu-Fri-Sat-Sun_20260101-20270830,43248,,CHENNAI CENTRAL SUBURBAN STATION,0,,43248,0,0,0
43249,Mon-Tue-Wed-Thu-Fri-Sat-Sun_20260101-20270830,43249,,TIRUVALLUR,0,,43249,0,0,0
43250,Mon-Tue-Wed-Thu-Fri-Sat-Sun_20260101-20270830,43250,,CHENNAI CENTRAL SUBURBAN STATION,0,,43250,0,0,0
43251,Mon-Tue-Wed-Thu-Fri-Sat-Sun_20260101-20270830,43251,,TIRUVALLUR,0,,43251,0,0,0
43252,Mon-Tue-Wed-Thu-Fri-Sat-Sun_20260101-20270830,43252,,CHENNAI CENTRAL SUBURBAN STATION,0,,43252,0,0,0
43253,Mon-Tue-Wed-Thu-Fri-Sat-Sun_20260815-20270830,43253,,TIRUVALLUR,0,,43253,0,0,0
43254,Mon-Tue-Wed-Thu-Fri-Sat-Sun_20260101-20270830,43254,,CHENNAI CENTRAL SUBURBAN STATION,0,,43254,0,0,0
43401,Mon-Tue-Wed-Thu-Fri-Sat-Sun_20260101-20270830,43401,,ARAKKONAM JN.,0,,43401,0,0,0
43402,Mon-Tue-Wed-Thu-Fri-Sat-Sun_20260101-20270830,43402,,CHENNAI CENTRAL SUBURBAN STATION,0,,43402,0,0,0
43403,Mon-Tue-Wed-Thu-Fri-Sat-Sun_20260101-20270830,43403,,ARAKKONAM JN.,0,,43403,0,0,0
43404,Mon-Tue-Wed-Thu-Fri-Sat-Sun_20260815-20270830,43404,,CHENNAI CENTRAL SUBURBAN STATION,0,,43404,0,0,0
43407,Mon-Tue-Wed-Thu-Fri-Sat-Sun_20260808-20270830,43407,,ARAKKONAM JN.,0,,43407,0,0,0
43408,Mon-Tue-Wed-Thu-Fri-Sat-Sun_20260101-20270830,43408,,CHENNAI CENTRAL SUBURBAN STATION,0,,43408,0,0,0
43409,Mon-Tue-Wed-Thu-Fri-Sat-Sun_20260101-20270830,43409,,ARAKKONAM JN.,0,,43409,0,0,0
43410,Mon-Tue-Wed-Thu-Fri-Sat-Sun_20260101-20270830,43410,,CHENNAI CENTRAL SUBURBAN STATION,0,,43410,0,0,0
43411,Mon-Tue-Wed-Thu-Fri-Sat-Sun_20260808-20270830,43411,,ARAKKONAM JN.,0,,43411,0,0,0
43412,Mon-Tue-Wed-Thu-Fri-Sat-Sun_20260101-20270830,43412,,CHENNAI CENTRAL SUBURBAN STATION,0,,43412,0,0,0
43413,Mon-Tue-Wed-Thu-Fri-Sat-Sun_20260808-20270830,43413,,ARAKKONAM JN.,0,,43413,0,0,0
43414,Mon-Tue-Wed-Thu-Fri-Sat-Sun_20260101-20270830,43414,,CHENNAI CENTRAL SUBURBAN STATION,0,,43414,0,0,0
43415,Mon-Tue-Wed-Thu-Fri-Sat-Sun_20260101-20270830,43415,,ARAKKONAM JN.,0,,43415,0,0,0
43417,Mon-Tue-Wed-Thu-Fri-Sat-Sun_20260820-20270830,43417,,ARAKKONAM JN.,0,,43417,0,0,0
43418,Mon-Tue-Wed-Thu-Fri-Sat-Sun_20260808-20270830,43418,,CHENNAI CENTRAL SUBURBAN STATION,0,,43418,0,0,0
43420,Mon-Tue-Wed-Thu-Fri-Sat-Sun_20260101-20270830,43420,,CHENNAI CENTRAL SUBURBAN STATION,0,,43420,0,0,0
43421,Mon-Tue-Wed-Thu-Fri-Sat-Sun_20260101-20270830,43421,,ARAKKONAM JN.,0,,43421,0,0,0
43422,Mon-Tue-Wed-Thu-Fri-Sat-Sun_20260808-20270830,43422,,CHENNAI CENTRAL SUBURBAN STATION,0,,43422,0,0,0
43423,Mon-Tue-Wed-Thu-Fri-Sat-Sun_20260101-20270830,43423,,ARAKKONAM JN.,0,,43423,0,0,0
43424,Mon-Tue-Wed-Thu-Fri-Sat-Sun_20260808-20270830,43424,,CHENNAI CENTRAL SUBURBAN STATION,0,,43424,0,0,0
43425,Mon-Tue-Wed-Thu-Fri-Sat-Sun_20260815-20270830,43425,,ARAKKONAM JN.,0,,43425,0,0,0
43426,Mon-Tue-Wed-Thu-Fri-Sat-Sun_20260101-20270830,43426,,CHENNAI CENTRAL SUBURBAN STATION,0,,43426,0,0,0
43427,Mon-Tue-Wed-Thu-Fri-Sat-Sun_20260101-20270830,43427,,ARAKKONAM JN.,0,,43427,0,0,0
43428,Mon-Tue-Wed-Thu-Fri-Sat-Sun_20260101-20270830,43428,,CHENNAI CENTRAL SUBURBAN STATION,0,,43428,0,0,0
43429,Mon-Tue-Wed-Thu-Fri-Sat-Sun_20260101-20270830,43429,,ARAKKONAM JN.,0,,43429,0,0,0
43432,Mon-Tue-Wed-Thu-Fri-Sat-Sun_20260101-20270830,43432,,CHENNAI CENTRAL SUBURBAN STATION,0,,43432,0,0,0
43433,Mon-Tue-Wed-Thu-Fri-Sat-Sun_20260101-20270830,43433,,ARAKKONAM JN.,0,,43433,0,0,0
43434,Mon-Tue-Wed-Thu-Fri-Sat-Sun_20260814-20270830,43434,,CHENNAI CENTRAL SUBURBAN STATION,0,,43434,0,0,0
43435,Mon-Tue-Wed-Thu-Fri-Sat-Sun_20260101-20270830,43435,,ARAKKONAM JN.,0,,43435,0,0,0
43438,Mon-Tue-Wed-Thu-Fri-Sat-Sun_20260101-20270830,43438,,CHENNAI CENTRAL SUBURBAN STATION,0,,43438,0,0,0
43439,Mon-Tue-Wed-Thu-Fri-Sat-Sun_20260627-20270830,43439,,ARAKKONAM JN.,0,,43439,0,0,0
43440,Mon-Tue-Wed-Thu-Fri-Sat-Sun_20260815-20270830,43440,,CHENNAI CENTRAL SUBURBAN STATION,0,,43440,0,0,0
43441,Mon-Tue-Wed-Thu-Fri-Sat-Sun_20260820-20270830,43441,,ARAKKONAM JN.,0,,43441,0,0,0
43442,Mon-Tue-Wed-Thu-Fri-Sat-Sun_20260820-20270830,43442,,CHENNAI CENTRAL SUBURBAN STATION,0,,43442,0,0,0
43501,Mon-Tue-Wed-Thu-Fri-Sat-Sun_20260101-20270830,43501,,TIRUTTANI,0,,43501,0,0,0
43502,Mon-Tue-Wed-Thu-Fri-Sat-Sun_20260101-20270830,43502,,CHENNAI CENTRAL SUBURBAN STATION,0,,43502,0,0,0
43503,Mon-Tue-Wed-Thu-Fri-Sat-Sun_20260101-20270830,43503,,TIRUTTANI,0,,43503,0,0,0
43504,Mon-Tue-Wed-Thu-Fri-Sat-Sun_20260101-20270830,43504,,CHENNAI CENTRAL SUBURBAN STATION,0,,43504,0,0,0
43505,Mon-Tue-Wed-Thu-Fri-Sat-Sun_20260815-20270830,43505,,TIRUTTANI,0,,43505,0,0,0
43506,Mon-Tue-Wed-Thu-Fri-Sat-Sun_20260604-20270830,43506,,CHENNAI CENTRAL SUBURBAN STATION,0,,43506,0,0,0
43507,Mon-Tue-Wed-Thu-Fri-Sat-Sun_20260101-20270830,43507,,TIRUTTANI,0,,43507,0,0,0
43509,Mon-Tue-Wed-Thu-Fri-Sat-Sun_20260101-20270830,43509,,TIRUTTANI,0,,43509,0,0,0
43510,Mon-Tue-Wed-Thu-Fri-Sat-Sun_20260101-20270830,43510,,CHENNAI CENTRAL SUBURBAN STATION,0,,43510,0,0,0
43511,Mon-Tue-Wed-Thu-Fri-Sat-Sun_20260101-20270830,43511,,TIRUTTANI,0,,43511,0,0,0
43512,Mon-Tue-Wed-Thu-Fri-Sat-Sun_20260101-20270830,43512,,CHENNAI CENTRAL SUBURBAN STATION,0,,43512,0,0,0
43513,Mon-Tue-Wed-Thu-Fri-Sat-Sun_20260101-20270830,43513,,TIRUTTANI,0,,43513,0,0,0
43514,Mon-Tue-Wed-Thu-Fri-Sat-Sun_20260815-20270830,43514,,CHENNAI CENTRAL SUBURBAN STATION,0,,43514,0,0,0
43515,Mon-Tue-Wed-Thu-Fri-Sat-Sun_20260815-20270830,43515,,TIRUTTANI,0,,43515,0,0,0
43516,Mon-Tue-Wed-Thu-Fri-Sat-Sun_20260101-20270830,43516,,CHENNAI CENTRAL SUBURBAN STATION,0,,43516,0,0,0
43517,Mon-Tue-Wed-Thu-Fri-Sat-Sun_20260814-20270830,43517,,TIRUTTANI,0,,43517,0,0,0
43518,Mon-Tue-Wed-Thu-Fri-Sat-Sun_20260101-20270830,43518,,CHENNAI CENTRAL SUBURBAN STATION,0,,43518,0,0,0
43519,Mon-Tue-Wed-Thu-Fri-Sat-Sun_20260815-20270830,43519,,TIRUTTANI,0,,43519,0,0,0
43520,Mon-Tue-Wed-Thu-Fri-Sat-Sun_20260101-20270830,43520,,CHENNAI CENTRAL SUBURBAN STATION,0,,43520,0,0,0
43522,Mon-Tue-Wed-Thu-Fri-Sat-Sun_20260820-20270830,43522,,CHENNAI CENTRAL SUBURBAN STATION,0,,43522,0,0,0
43524,Mon-Tue-Wed-Thu-Fri-Sat-Sun_20260820-20270830,43524,,CHENNAI CENTRAL SUBURBAN STATION,0,,43524,0,0,0
43551,Mon-Tue-Wed-Thu-Fri-Sat-Sun_20260101-20270830,43551,,TIRUTTANI,0,,43551,0,0,0
43552,Mon-Tue-Wed-Thu-Fri-Sat-Sun_20260101-20270830,43552,,ARAKKONAM JN.,0,,43552,0,0,0
43553,Mon-Tue-Wed-Thu-Fri-Sat-Sun_20260101-20270830,43553,,TIRUTTANI,0,,43553,0,0,0
43554,Mon-Tue-Wed-Thu-Fri-Sat-Sun_20260815-20270830,43554,,ARAKKONAM JN.,0,,43554,0,0,0
43601,Mon-Tue-Wed-Thu-Fri-Sat-Sun_20260815-20270830,43601,,AVADI,0,,43601,0,0,0
43602,Mon-Tue-Wed-Thu-Fri-Sat-Sun_20260101-20270830,43602,,CHENNAI BEACH,0,,43602,0,0,0
43603,Mon-Tue-Wed-Thu-Fri-Sat-Sun_20260101-20270830,43603,,AVADI,0,,43603,0,0,0
43604,Mon-Tue-Wed-Thu-Fri-Sat-Sun_20260101-20270830,43604,,CHENNAI BEACH,0,,43604,0,0,0
43605,Mon-Tue-Wed-Thu-Fri-Sat-Sun_20260815-20270830,43605,,AVADI,0,,43605,0,0,0
43606,Mon-Tue-Wed-Thu-Fri-Sat-Sun_20260101-20270830,43606,,CHENNAI BEACH,0,,43606,0,0,0
43607,Mon-Tue-Wed-Thu-Fri-Sat-Sun_20260814-20270830,43607,,AVADI,0,,43607,0,0,0
43608,Mon-Tue-Wed-Thu-Fri-Sat-Sun_20260101-20270830,43608,,CHENNAI BEACH,0,,43608,0,0,0
43609,Mon-Tue-Wed-Thu-Fri-Sat-Sun_20260101-20270830,43609,,AVADI,0,,43609,0,0,0
43610,Mon-Tue-Wed-Thu-Fri-Sat-Sun_20260101-20270830,43610,,CHENNAI BEACH,0,,43610,0,0,0
43611,Mon-Tue-Wed-Thu-Fri-Sat-Sun_20260101-20270830,43611,,AVADI,0,,43611,0,0,0
43612,Mon-Tue-Wed-Thu-Fri-Sat-Sun_20260101-20270830,43612,,CHENNAI BEACH,0,,43612,0,0,0
43613,Mon-Tue-Wed-Thu-Fri-Sat-Sun_20260101-20270830,43613,,AVADI,0,,43613,0,0,0
43614,Mon-Tue-Wed-Thu-Fri-Sat-Sun_20260101-20270830,43614,,CHENNAI BEACH,0,,43614,0,0,0
43616,Mon-Tue-Wed-Thu-Fri-Sat-Sun_20260101-20270830,43616,,CHENNAI BEACH,0,,43616,0,0,0
43618,Mon-Tue-Wed-Thu-Fri-Sat-Sun_20260101-20270830,43618,,CHENNAI BEACH,0,,43618,0,0,0
43620,Mon-Tue-Wed-Thu-Fri-Sat-Sun_20260101-20270830,43620,,CHENNAI BEACH,0,,43620,0,0,0
43622,Mon-Tue-Wed-Thu-Fri-Sat-Sun_20260101-20270830,43622,,CHENNAI BEACH,0,,43622,0,0,0
43624,Mon-Tue-Wed-Thu-Fri-Sat-Sun_20260101-20270830,43624,,CHENNAI BEACH,0,,43624,0,0,0
43701,Mon-Tue-Wed-Thu-Fri-Sat-Sun_20260815-20270830,43701,,TIRUVALLUR,0,,43701,0,0,0
43702,Mon-Tue-Wed-Thu-Fri-Sat-Sun_20260101-20270830,43702,,CHENNAI BEACH,0,,43702,0,0,0
43703,Mon-Tue-Wed-Thu-Fri-Sat-Sun_20260101-20270830,43703,,TIRUVALLUR,0,,43703,0,0,0
43704,Mon-Tue-Wed-Thu-Fri-Sat-Sun_20260101-20270830,43704,,CHENNAI BEACH,0,,43704,0,0,0
43705,Mon-Tue-Wed-Thu-Fri-Sat-Sun_20260101-20270830,43705,,TIRUVALLUR,0,,43705,0,0,0
43706,Mon-Tue-Wed-Thu-Fri-Sat-Sun_20260101-20270830,43706,,CHENNAI BEACH,0,,43706,0,0,0
43707,Mon-Tue-Wed-Thu-Fri-Sat-Sun_20260101-20270830,43707,,TIRUVALLUR,0,,43707,0,0,0
43708,Mon-Tue-Wed-Thu-Fri-Sat-Sun_20260101-20270830,43708,,CHENNAI BEACH,0,,43708,0,0,0
43709,Mon-Tue-Wed-Thu-Fri-Sat-Sun_20260101-20270830,43709,,TIRUVALLUR,0,,43709,0,0,0
43710,Mon-Tue-Wed-Thu-Fri-Sat-Sun_20260101-20270830,43710,,CHENNAI BEACH,0,,43710,0,0,0
43711,Mon-Tue-Wed-Thu-Fri-Sat-Sun_20260101-20270830,43711,,TIRUVALLUR,0,,43711,0,0,0
43712,Mon-Tue-Wed-Thu-Fri-Sat-Sun_20260815-20270830,43712,,CHENNAI BEACH,0,,43712,0,0,0
43713,Mon-Tue-Wed-Thu-Fri-Sat-Sun_20260815-20270830,43713,,TIRUVALLUR,0,,43713,0,0,0
43715,Mon-Tue-Wed-Thu-Fri-Sat-Sun_20260101-20270830,43715,,TIRUVALLUR,0,,43715,0,0,0
43717,Mon-Tue-Wed-Thu-Fri-Sat-Sun_20260101-20270830,43717,,TIRUVALLUR,0,,43717,0,0,0
43719,Mon-Tue-Wed-Thu-Fri-Sat-Sun_20260101-20270830,43719,,TIRUVALLUR,0,,43719,0,0,0
43751,Mon-Tue-Wed-Thu-Fri-Sat-Sun_20260101-20270830,43751,,PATTABIRAM E DEPOT,0,,43751,0,0,0
43752,Mon-Tue-Wed-Thu-Fri-Sat-Sun_20260101-20270830,43752,,CHENNAI BEACH,0,,43752,0,0,0
43753,Mon-Tue-Wed-Thu-Fri-Sat-Sun_20260101-20270830,43753,,PATTABIRAM E DEPOT,0,,43753,0,0,0
43754,Mon-Tue-Wed-Thu-Fri-Sat-Sun_20260101-20270830,43754,,CHENNAI BEACH,0,,43754,0,0,0
43755,Mon-Tue-Wed-Thu-Fri-Sat-Sun_20260101-20270830,43755,,PATTABIRAM E DEPOT,0,,43755,0,0,0
43757,Mon-Tue-Wed-Thu-Fri-Sat-Sun_20260101-20270830,43757,,PATTABIRAM E DEPOT,0,,43757,0,0,0
43801,Mon-Tue-Wed-Thu-Fri-Sat-Sun_20260101-20270830,43801,,ARAKKONAM JN.,0,,43801,0,0,0
43802,Mon-Tue-Wed-Thu-Fri-Sat-Sun_20260815-20270830,43802,,CHENNAI BEACH,0,,43802,0,0,0
43803,Mon-Tue-Wed-Thu-Fri-Sat-Sun_20260101-20270830,43803,,ARAKKONAM JN.,0,,43803,0,0,0
43804,Mon-Tue-Wed-Thu-Fri-Sat_20260101-20270830,43804,,CHENNAI BEACH,0,,43804,0,0,0
43805,Mon-Tue-Wed-Thu-Fri-Sat_20260815-20270830,43805,,ARAKKONAM JN.,0,,43805,0,0,0
43806,Mon-Tue-Wed-Thu-Fri-Sat-Sun_20260101-20270830,43806,,CHENNAI BEACH,0,,43806,0,0,0
43808,Mon-Tue-Wed-Thu-Fri-Sat-Sun_20260101-20270830,43808,,CHENNAI BEACH,0,,43808,0,0,0
43820,Mon-Tue-Wed-Thu-Fri-Sat-Sun_20260101-20270830,43820,,CHENNAI BEACH,0,,43820,0,0,0
43821,Mon-Tue-Wed-Thu-Fri-Sat-Sun_20260101-20270830,43821,,TIRUTTANI,0,,43821,0,0,0
43823,Mon-Tue-Wed-Thu-Fri-Sat-Sun_20260101-20270830,43823,,TIRUTTANI,0,,43823,0,0,0
43832,Mon-Tue-Wed-Thu-Fri-Sat-Sun_20260820-20270830,43832,,AVADI,0,,43832,0,0,0
43834,Mon-Tue-Wed-Thu-Fri-Sat-Sun_20260101-20270830,43834,,AVADI,0,,43834,0,0,0
43836,Mon-Tue-Wed-Thu-Fri-Sat-Sun_20260101-20270830,43836,,AVADI,0,,43836,0,0,0
43841,Mon-Tue-Wed-Thu-Fri-Sat-Sun_20260814-20270830,43841,,ARAKKONAM JN.,0,,43841,0,0,0
43851,Mon-Tue-Wed-Thu-Fri-Sat-Sun_20260101-20270830,43851,,TIRUVALLUR,0,,43851,0,0,0
43852,Mon-Tue-Wed-Thu-Fri-Sat-Sun_20260604-20270830,43852,,PONNERI,0,,43852,0,0,0
43861,Mon-Tue-Wed-Thu-Fri-Sat-Sun_20260101-20270830,43861,,TIRUVALLUR,0,,43861,0,0,0
43862,Mon-Tue-Wed-Thu-Fri-Sat-Sun_20260815-20270830,43862,,ENNORE,0,,43862,0,0,0
43871,Mon-Tue-Wed-Thu-Fri-Sat-Sun_20260820-20270830,43871,,PATTABIRAM,0,,43871,0,0,0
43872,Mon-Tue-Wed-Thu-Fri-Sat-Sun_20260101-20270830,43872,,CHENNAI CENTRAL SUBURBAN STATION,0,,43872,0,0,0
43882,Mon-Tue-Wed-Thu-Fri-Sat-Sun_20260101-20270830,43882,,CHENNAI CENTRAL SUBURBAN STATION,0,,43882,0,0,0
43892,Mon-Tue-Wed-Thu-Fri-Sat-Sun_20260101-20270830,43892,,AVADI,0,,43892,0,0,0
43901,Mon-Tue-Wed-Thu-Fri-Sat-Sun_20260101-20270830,43901,,KADAMBATTUR,0,,43901,0,0,0
43902,Mon-Tue-Wed-Thu-Fri-Sat-Sun_20260101-20270830,43902,,CHENNAI CENTRAL SUBURBAN STATION,0,,43902,0,0,0
43912,Mon-Tue-Wed-Thu-Fri-Sat-Sun_20260101-20270830,43912,,CHENNAI BEACH,0,,43912,0,0,0
43921,Mon-Tue-Wed-Thu-Fri-Sat-Sun_20260101-20270830,43921,,KADAMBATTUR,0,,43921,0,0,0
44001,Mon-Tue-Wed-Thu-Fri-Sat-Sun_20260815-20270830,44001,,CHENGALPATTU JN.,0,,44001,0,0,0
44002,Mon-Tue-Wed-Thu-Fri-Sat-Sun_20260815-20270830,44002,,ARAKKONAM JN.,0,,44002,0,0,0
44003,Mon-Tue-Wed-Thu-Fri-Sat-Sun_20260815-20270830,44003,,CHENGALPATTU JN.,0,,44003,0,0,0
44004,Mon-Tue-Wed-Thu-Fri-Sat-Sun_20260815-20270830,44004,,ARAKKONAM JN.,0,,44004,0,0,0
47101,Mon-Tue-Wed-Thu-Fri-Sat-Sun_20260101-20270830,47101,,LINGAMPALLI,0,,47101,0,0,0
47102,Mon-Tue-Wed-Thu-Fri-Sat-Sun_20260101-20270830,47102,,LINGAMPALLI,0,,47102,0,0,0
47103,Mon-Tue-Wed-Thu-Fri-Sat-Sun_20260101-20270830,47103,,LINGAMPALLI,0,,47103,0,0,0
47104,Mon-Tue-Wed-Thu-Fri-Sat-Sun_20260101-20270830,47104,,LINGAMPALLI,0,,47104,0,0,0
47111,Mon-Tue-Wed-Thu-Fri-Sat-Sun_20260101-20270830,47111,,LINGAMPALLI,0,,47111,0,0,0
47119,Mon-Tue-Wed-Thu-Fri-Sat-Sun_20260101-20270830,47119,,LINGAMPALLI,0,,47119,0,0,0
47120,Mon-Tue-Wed-Thu-Fri_20260101-20270830,47120,,LINGAMPALLI,0,,47120,0,0,0
47121,Mon-Tue-Wed-Thu-Fri-Sat-Sun_20260101-20270830,47121,,LINGAMPALLI,0,,47121,0,0,0
47122,Mon-Tue-Wed-Thu-Fri-Sat-Sun_20260101-20270830,47122,,LINGAMPALLI,0,,47122,0,0,0
47125,Mon-Tue-Wed-Thu-Fri-Sat-Sun_20260101-20270830,47125,,LINGAMPALLI,0,,47125,0,0,0
47126,Mon-Tue-Wed-Thu-Fri-Sat-Sun_20260101-20270830,47126,,HYDERABAD,0,,47126,0,0,0
47128,Mon-Tue-Wed-Thu-Fri-Sat-Sun_20260101-20270830,47128,,HYDERABAD,0,,47128,0,0,0
47130,Mon-Tue-Wed-Thu-Fri-Sat-Sun_20260101-20270830,47130,,HYDERABAD,0,,47130,0,0,0
47140,Mon-Tue-Wed-Thu-Fri_20260101-20270830,47140,,HYDERABAD,0,,47140,0,0,0
47142,Mon-Tue-Wed-Thu-Fri-Sat-Sun_20260101-20270830,47142,,HYDERABAD,0,,47142,0,0,0
47143,Mon-Tue-Wed-Thu-Fri-Sat-Sun_20260101-20270830,47143,,HYDERABAD,0,,47143,0,0,0
47145,Mon-Tue-Wed-Thu-Fri-Sat-Sun_20260101-20270830,47145,,HYDERABAD,0,,47145,0,0,0
47146,Mon-Tue-Wed-Thu-Fri-Sat-Sun_20260101-20270830,47146,,HYDERABAD,0,,47146,0,0,0
47150,Mon-Tue-Wed-Thu-Fri_20260101-20270830,47150,,LINGAMPALLI,0,,47150,0,0,0
47151,Mon-Tue-Wed-Thu-Fri-Sat-Sun_20260101-20270830,47151,,LINGAMPALLI,0,,47151,0,0,0
47153,Mon-Tue-Wed-Thu-Fri-Sat-Sun_20260101-20270830,47153,,LINGAMPALLI,0,,47153,0,0,0
47154,Mon-Tue-Wed-Thu-Fri-Sat-Sun_20260101-20270830,47154,,TELAPUR,0,,47154,0,0,0
47155,Mon-Tue-Wed-Thu-Fri-Sat-Sun_20260101-20270830,47155,,RAMACHANDRAPURAM TS,0,,47155,0,0,0
47156,Mon-Tue-Wed-Thu-Fri-Sat-Sun_20260101-20270830,47156,,MEDCHAL,0,,47156,0,0,0
47157,Mon-Tue-Wed-Thu-Fri_20260814-20270830,47157,,LINGAMPALLI,0,,47157,0,0,0
47159,Mon-Tue-Wed-Thu-Fri-Sat-Sun_20260101-20270830,47159,,UMDANAGAR,0,,47159,0,0,0
47160,Mon-Tue-Wed-Thu-Fri-Sat-Sun_20260101-20270830,47160,,LINGAMPALLI,0,,47160,0,0,0
47163,Mon-Tue-Wed-Thu-Fri-Sat-Sun_20260101-20270830,47163,,LINGAMPALLI,0,,47163,0,0,0
47164,Mon-Tue-Wed-Thu-Fri_20260101-20270830,47164,,LINGAMPALLI,0,,47164,0,0,0
47165,Mon-Tue-Wed-Thu-Fri-Sat-Sun_20260101-20270830,47165,,TELAPUR,0,,47165,0,0,0
47166,Mon-Tue-Wed-Thu-Fri_20260101-20270830,47166,,LINGAMPALLI,0,,47166,0,0,0
47167,Mon-Tue-Wed-Thu-Fri-Sat-Sun_20260101-20270830,47167,,LINGAMPALLI,0,,47167,0,0,0
47170,Mon-Tue-Wed-Thu-Fri_20260101-20270830,47170,,LINGAMPALLI,0,,47170,0,0,0
47173,Mon-Tue-Wed-Thu-Fri-Sat-Sun_20260101-20270830,47173,,UMDANAGAR,0,,47173,0,0,0
47175,Mon-Tue-Wed-Thu-Fri-Sat-Sun_20260101-20270830,47175,,FALAKNUMA,0,,47175,0,0,0
47176,Mon-Tue-Wed-Thu-Fri-Sat-Sun_20260101-20270830,47176,,UMDANAGAR,0,,47176,0,0,0
47177,Mon-Tue-Wed-Thu-Fri-Sat-Sun_20260101-20270830,47177,,FALAKNUMA,0,,47177,0,0,0
47178,Mon-Tue-Wed-Thu-Fri-Sat-Sun_20260101-20270830,47178,,UMDANAGAR,0,,47178,0,0,0
47179,Mon-Tue-Wed-Thu-Fri_20260101-20270830,47179,,FALAKNUMA,0,,47179,0,0,0
47184,Mon-Tue-Wed-Thu-Fri-Sat-Sun_20260101-20270830,47184,,FALAKNUMA,0,,47184,0,0,0
47185,Mon-Tue-Wed-Thu-Fri-Sat-Sun_20260101-20270830,47185,,FALAKNUMA,0,,47185,0,0,0
47187,Mon-Tue-Wed-Thu-Fri_20260101-20270830,47187,,FALAKNUMA,0,,47187,0,0,0
47188,Mon-Tue-Wed-Thu-Fri-Sat-Sun_20260101-20270830,47188,,FALAKNUMA,0,,47188,0,0,0
47190,Mon-Tue-Wed-Thu-Fri_20260101-20270830,47190,,FALAKNUMA,0,,47190,0,0,0
47191,Mon-Tue-Wed-Thu-Fri_20260101-20270830,47191,,FALAKNUMA,0,,47191,0,0,0
47192,Mon-Tue-Wed-Thu-Fri-Sat-Sun_20260101-20270830,47192,,FALAKNUMA,0,,47192,0,0,0
47193,Mon-Tue-Wed-Thu-Fri-Sat-Sun_20260101-20270830,47193,,SECUNDERABAD JN,0,,47193,0,0,0
47194,Mon-Tue-Wed-Thu-Fri-Sat-Sun_20260101-20270830,47194,,UMDANAGAR,0,,47194,0,0,0
47195,Mon-Tue-Wed-Thu-Fri_20260101-20270830,47195,,SECUNDERABAD JN,0,,47195,0,0,0
47201,Mon-Tue-Wed-Thu-Fri-Sat-Sun_20260101-20270830,47201,,HYDERABAD,0,,47201,0,0,0
47203,Mon-Tue-Wed-Thu-Fri_20260101-20270830,47203,,LINGAMPALLI,0,,47203,0,0,0
47206,Mon-Tue-Wed-Thu-Fri-Sat-Sun_20260101-20270830,47206,,HYDERABAD,0,,47206,0,0,0
47207,Mon-Tue-Wed-Thu-Fri-Sat-Sun_20260101-20270830,47207,,TELAPUR,0,,47207,0,0,0
47210,Mon-Tue-Wed-Thu-Fri_20260101-20270830,47210,,UMDANAGAR,0,,47210,0,0,0
47211,Mon-Tue-Wed-Thu-Fri-Sat-Sun_20260101-20270830,47211,,TELAPUR,0,,47211,0,0,0
47212,Mon-Tue-Wed-Thu-Fri-Sat-Sun_20260101-20270830,47212,,FALAKNUMA,0,,47212,0,0,0
47213,Mon-Tue-Wed-Thu-Fri-Sat-Sun_20260101-20270830,47213,,UMDANAGAR,0,,47213,0,0,0
47217,Mon-Tue-Wed-Thu-Fri-Sat-Sun_20260101-20270830,47217,,FALAKNUMA,0,,47217,0,0,0
47218,Mon-Tue-Wed-Thu-Fri-Sat-Sun_20260101-20270830,47218,,RAMACHANDRAPURAM TS,0,,47218,0,0,0
47220,Mon-Tue-Wed-Thu-Fri-Sat-Sun_20260101-20270830,47220,,LINGAMPALLI,0,,47220,0,0,0
47222,Mon-Tue-Wed-Thu-Fri-Sat-Sun_20260101-20270830,47222,,LINGAMPALLI,0,,47222,0,0,0
47225,Mon-Tue-Wed-Thu-Fri-Sat-Sun_20260101-20270830,47225,,MEDCHAL,0,,47225,0,0,0
47226,Mon-Tue-Wed-Thu-Fri-Sat-Sun_20260101-20270830,47226,,TELAPUR,0,,47226,0,0,0
47227,Mon-Tue-Wed-Thu-Fri-Sat-Sun_20260101-20270830,47227,,MEDCHAL,0,,47227,0,0,0
47228,Mon-Tue-Wed-Thu-Fri-Sat-Sun_20260101-20270830,47228,,SECUNDERABAD JN,0,,47228,0,0,0
47229,Mon-Tue-Wed-Thu-Fri-Sat-Sun_20260101-20270830,47229,,MEDCHAL,0,,47229,0,0,0
47231,Mon-Tue-Wed-Thu-Fri-Sat_20260101-20270830,47231,,SECUNDERABAD JN,0,,47231,0,0,0
47232,Mon-Tue-Wed-Thu-Fri-Sat_20260101-20270830,47232,,MEDCHAL,0,,47232,0,0,0
47233,Mon-Tue-Wed-Thu-Fri-Sat_20260101-20270830,47233,,HYDERABAD,0,,47233,0,0,0
47234,Mon-Tue-Wed-Thu-Fri-Sat_20260101-20270830,47234,,MEDCHAL,0,,47234,0,0,0
47235,Mon-Tue-Wed-Thu-Fri-Sat-Sun_20260101-20270830,47235,,SANATNAGAR,0,,47235,0,0,0
47236,Mon-Tue-Wed-Thu-Fri-Sat-Sun_20260101-20270830,47236,,GHATKESAR,0,,47236,0,0,0
47237,Mon-Tue-Wed-Thu-Fri-Sat_20260101-20270830,47237,,SECUNDERABAD JN,0,,47237,0,0,0
47238,Mon-Tue-Wed-Thu-Fri-Sat_20260101-20270830,47238,,MEDCHAL,0,,47238,0,0,0
47241,Mon-Tue-Wed-Thu-Fri-Sat-Sun_20260101-20270830,47241,,FALAKNUMA,0,,47241,0,0,0
47242,Mon-Tue-Wed-Thu-Fri-Sat_20260101-20270830,47242,,SECUNDERABAD JN,0,,47242,0,0,0
47243,Mon-Tue-Wed-Thu-Fri-Sat-Sun_20260101-20270830,47243,,MEDCHAL,0,,47243,0,0,0
47244,Mon-Tue-Wed-Thu-Fri-Sat_20260101-20270830,47244,,MEDCHAL,0,,47244,0,0,0
47245,Mon-Tue-Wed-Thu-Fri-Sat_20260101-20270830,47245,,MEDCHAL,0,,47245,0,0,0
47246,Mon-Tue-Wed-Thu-Fri-Sat-Sun_20260101-20270830,47246,,SECUNDERABAD JN,0,,47246,0,0,0
47247,Mon-Tue-Wed-Thu-Fri-Sat-Sun_20260101-20270830,47247,,UMDANAGAR,0,,47247,0,0,0
47248,Mon-Tue-Wed-Thu-Fri-Sat-Sun_20260101-20270830,47248,,SECUNDERABAD JN,0,,47248,0,0,0
47249,Mon-Tue-Wed-Thu-Fri-Sat-Sun_20260101-20270830,47249,,UMDANAGAR,0,,47249,0,0,0
47250,Mon-Tue-Wed-Thu-Fri_20260101-20270830,47250,,UMDANAGAR,0,,47250,0,0,0
47251,Mon-Tue-Wed-Thu-Fri-Sat_20260101-20270830,47251,,FALAKNUMA,0,,47251,0,0,0
47252,Mon-Tue-Wed-Thu-Fri-Sat-Sun_20260101-20270830,47252,,SECUNDERABAD JN,0,,47252,0,0,0
47253,Mon-Tue-Wed-Thu-Fri-Sat-Sun_20260101-20270830,47253,,RAMACHANDRAPURAM TS,0,,47253,0,0,0
47254,Mon-Tue-Wed-Thu-Fri-Sat-Sun_20260101-20270830,47254,,GHATKESAR,0,,47254,0,0,0
49001,Mon-Tue-Wed-Thu-Fri-Sat_20260601-20270830,49001,,CHENGALPATTU JN.,0,,49001,0,0,0
49002,Mon-Tue-Wed-Thu-Fri-Sat_20260601-20270830,49002,,CHENNAI BEACH,0,,49002,0,0,0
49003,Mon-Tue-Wed-Thu-Fri-Sat_20260601-20270830,49003,,TAMBARAM,0,,49003,0,0,0
49004,Mon-Tue-Wed-Thu-Fri-Sun_20260601-20270830,49004,,CHENNAI BEACH,0,,49004,0,0,0
49005,Mon-Tue-Wed-Thu-Fri-Sun_20260607-20270830,49005,,TAMBARAM,0,,49005,0,0,0
49006,Mon-Tue-Wed-Thu-Fri-Sat-Sun_20260601-20270830,49006,,CHENNAI BEACH,0,,49006,0,0,0
49007,Mon-Tue-Wed-Thu-Fri-Sat_20260601-20270830,49007,,CHENGALPATTU JN.,0,,49007,0,0,0
49008,Mon-Tue-Wed-Thu-Fri-Sat_20260601-20270830,49008,,TAMBARAM,0,,49008,0,0,0
49009,Sun_20260607-20270830,49009,,TAMBARAM,0,,49009,0,0,0
50103,Mon-Tue-Wed-Thu-Fri-Sat-Sun_20260615-20261020,50103,,RATNAGIRI,0,,50103,0,0,0
50104,Mon-Tue-Wed-Thu-Fri-Sat-Sun_20260615-20261020,50104,,DIVA,0,,50104,0,0,0
50107,Mon-Tue-Wed-Thu-Fri-Sat-Sun_20260615-20261020,50107,,MADGAON JUNCTION,0,,50107,0,0,0
50108,Mon-Tue-Wed-Thu-Fri-Sat-Sun_20260615-20261020,50108,,SAWANTWADI ROAD,0,,50108,0,0,0
51101,Mon-Tue-Wed-Thu-Fri-Sun_20260301-20270830,51101,,KHAMGAON,0,,51101,0,0,0
51102,Mon-Tue-Wed-Thu-Fri-Sun_20260301-20270830,51102,,JALAMB JN.,0,,51102,0,0,0
51103,Mon-Tue-Wed-Thu-Fri-Sun_20260301-20270830,51103,,KHAMGAON,0,,51103,0,0,0
51104,Mon-Tue-Wed-Thu-Fri-Sun_20260301-20270830,51104,,JALAMB JN.,0,,51104,0,0,0
51105,Mon-Tue-Wed-Thu-Fri-Sun_20260301-20270830,51105,,KHAMGAON,0,,51105,0,0,0
51106,Mon-Tue-Wed-Thu-Fri-Sun_20260301-20270830,51106,,JALAMB JN.,0,,51106,0,0,0
51107,Mon-Tue-Wed-Thu-Fri-Sun_20260301-20270830,51107,,KHAMGAON,0,,51107,0,0,0
51108,Mon-Tue-Wed-Thu-Fri-Sun_20260301-20270830,51108,,JALAMB JN.,0,,51108,0,0,0
51119,Mon-Wed-Thu-Fri-Sun_20260301-20270830,51119,,KALAMB,0,,51119,0,0,0
51120,Mon-Tue-Thu-Fri-Sat_20260228-20270830,51120,,WARDHA JN,0,,51120,0,0,0
51301,Mon-Tue-Wed-Fri-Sat_20260828-20270830,51301,,KALABURAGI,0,,51301,0,0,0
51302,Mon-Tue-Wed-Fri-Sat_20260828-20270830,51302,,DAUND JN,0,,51302,0,0,0
51303,Thu-Sun_20260830-20270830,51303,,KALABURAGI,0,,51303,0,0,0
51304,Thu-Sun_20260830-20270830,51304,,DAUND JN,0,,51304,0,0,0
51401,Mon-Tue-Wed-Thu-Fri-Sat-Sun_20260311-20270830,51401,,BARAMATI,0,,51401,0,0,0
51402,Mon-Tue-Wed-Thu-Fri-Sat-Sun_20260311-20270830,51402,,DAUND JN,0,,51402,0,0,0
51683,Mon-Tue-Wed-Thu-Fri-Sat_20260228-20270830,51683,,BIR,0,,51683,0,0,0
51684,Mon-Tue-Wed-Thu-Fri-Sat_20260228-20270830,51684,,KHANDWA JUNCTION,0,,51684,0,0,0
51685,Mon-Tue-Wed-Thu-Fri-Sat_20260228-20270830,51685,,BIR,0,,51685,0,0,0
51686,Mon-Tue-Wed-Thu-Fri-Sat_20260228-20270830,51686,,KHANDWA JUNCTION,0,,51686,0,0,0
51687,Mon-Tue-Wed-Thu-Fri-Sat_20260228-20270830,51687,,BIR,0,,51687,0,0,0
51688,Mon-Tue-Wed-Thu-Fri-Sat_20260228-20270830,51688,,KHANDWA JUNCTION,0,,51688,0,0,0
51703,Mon-Tue-Wed-Thu-Fri-Sat-Sun_20260510-20270830,51703,,MANDLA FORT,0,,51703,0,0,0
51704,Mon-Tue-Wed-Thu-Fri-Sat-Sun_20260510-20270830,51704,,JABALPUR,0,,51704,0,0,0
51705,Mon-Tue-Wed-Thu-Fri-Sat-Sun_20260510-20270830,51705,,MANDLA FORT,0,,51705,0,0,0
51706,Mon-Tue-Wed-Thu-Fri-Sat-Sun_20260509-20270830,51706,,JABALPUR,0,,51706,0,0,0
51707,Mon-Tue-Wed-Thu-Fri-Sat-Sun_20260510-20270830,51707,,GONDIA JN,0,,51707,0,0,0
51708,Mon-Tue-Wed-Thu-Fri-Sat-Sun_20260228-20270830,51708,,JABALPUR,0,,51708,0,0,0
51755,Tue-Thu-Sat_20260228-20270830,51755,,ANUPPUR JN,0,,51755,0,0,0
51756,Tue-Thu-Sat_20260228-20270830,51756,,CHIRMIRI,0,,51756,0,0,0
51861,Mon-Tue-Wed-Thu-Fri-Sat-Sun_20260629-20270830,51861,,KONCH,0,,51861,0,0,0
51862,Mon-Tue-Wed-Thu-Fri-Sat-Sun_20260629-20270830,51862,,AIT,0,,51862,0,0,0
51863,Mon-Tue-Wed-Thu-Fri-Sat-Sun_20260629-20270313,51863,,KONCH,0,,51863,0,0,0
51864,Mon-Tue-Wed-Thu-Fri-Sat-Sun_20260629-20270830,51864,,AIT,0,,51864,0,0,0
51865,Mon-Tue-Wed-Thu-Fri-Sat-Sun_20260629-20270830,51865,,KONCH,0,,51865,0,0,0
51866,Mon-Tue-Wed-Thu-Fri-Sat-Sun_20260629-20270830,51866,,AIT,0,,51866,0,0,0
51867,Mon-Tue-Wed-Thu-Fri-Sat-Sun_20260629-20270313,51867,,KONCH,0,,51867,0,0,0
51868,Mon-Tue-Wed-Thu-Fri-Sat-Sun_20260629-20270830,51868,,AIT,0,,51868,0,0,0
51869,Mon-Tue-Wed-Thu-Fri-Sat-Sun_20260629-20270830,51869,,KONCH,0,,51869,0,0,0
51870,Mon-Tue-Wed-Thu-Fri-Sat-Sun_20260629-20270830,51870,,AIT,0,,51870,0,0,0
51883,Mon-Tue-Wed-Thu-Fri-Sat-Sun_20260101-20270830,51883,,GWALIOR JN.,0,,51883,0,0,0
51884,Mon-Tue-Wed-Thu-Fri-Sat-Sun_20260101-20270830,51884,,BINA JN,0,,51884,0,0,0
51885,Mon-Tue-Wed-Thu-Fri-Sat-Sun_20260101-20270830,51885,,DAMOH,0,,51885,0,0,0
51886,Mon-Tue-Wed-Thu-Fri-Sat-Sun_20260101-20270830,51886,,BINA JN,0,,51886,0,0,0
51901,Mon-Tue-Wed-Thu-Fri-Sat-Sun_20260101-20270331,51901,,ETAH,0,,51901,0,0,0
51902,Mon-Tue-Wed-Thu-Fri-Sat-Sun_20260101-20270830,51902,,AGRA FORT,0,,51902,0,0,0
51903,Mon-Tue-Wed-Thu-Fri-Sat-Sun_20260101-20270830,51903,,ETAH,0,,51903,0,0,0
51904,Mon-Tue-Wed-Thu-Fri-Sat-Sun_20260101-20270830,51904,,TUNDLA JN,0,,51904,0,0,0
51905,Mon-Tue-Wed-Thu-Fri-Sat-Sun_20260101-20270830,51905,,TUNDLA JN,0,,51905,0,0,0
51906,Mon-Tue-Wed-Thu-Fri-Sat-Sun_20260101-20270830,51906,,FARRUKHABAD,0,,51906,0,0,0
51907,Mon-Tue-Wed-Thu-Fri-Sat_20260101-20270830,51907,,BHARATPUR JN,0,,51907,0,0,0
51908,Mon-Tue-Wed-Thu-Fri-Sat_20260101-20270830,51908,,IDGAH JN,0,,51908,0,0,0
51909,Mon-Tue-Wed-Thu-Fri-Sat_20260101-20270830,51909,,BHARATPUR JN,0,,51909,0,0,0
51910,Mon-Tue-Wed-Thu-Fri-Sat_20260101-20270830,51910,,IDGAH JN,0,,51910,0,0,0
51971,Mon-Tue-Wed-Thu-Fri-Sat-Sun_20260101-20270830,51971,,ALWAR JUNCTION,0,,51971,0,0,0
51972,Mon-Tue-Wed-Thu-Fri-Sat-Sun_20260101-20270830,51972,,MATHURA JN.,0,,51972,0,0,0
51973,Mon-Tue-Wed-Thu-Fri-Sat-Sun_20260101-20270830,51973,,JAIPUR JN.,0,,51973,0,0,0
51974,Mon-Tue-Wed-Thu-Fri-Sat-Sun_20260101-20270830,51974,,MATHURA JN.,0,,51974,0,0,0
52001,Mon-Tue-Wed-Thu-Fri-Sat-Sun_20260101-20270830,52001,,WAGHAI,0,,52001,0,0,0
52002,Mon-Tue-Wed-Thu-Fri-Sat-Sun_20260101-20270830,52002,,BILIMORA JN,0,,52002,0,0,0
52003,Mon-Tue-Wed-Thu-Fri-Sat-Sun_20260101-20270830,52003,,WAGHAI,0,,52003,0,0,0
52004,Mon-Tue-Wed-Thu-Fri-Sat-Sun_20260101-20270830,52004,,BILIMORA JN,0,,52004,0,0,0
52075,Mon-Tue-Wed-Thu-Fri-Sat-Sun_20260101-20270830,52075,,KHAMBLI GHAT,0,,52075,0,0,0
52076,Mon-Tue-Wed-Thu-Fri-Sat-Sun_20260101-20270830,52076,,MARWAR JN,0,,52076,0,0,0
52103,Mon-Tue-Wed-Thu-Fri-Sat-Sun_20260101-20270830,52103,,MATHERAN,0,,52103,0,0,0
52104,Mon-Tue-Wed-Thu-Fri-Sat-Sun_20260101-20270830,52104,,NERAL (NG),0,,52104,0,0,0
52105,Mon-Tue-Wed-Thu-Fri-Sat-Sun_20260101-20270830,52105,,MATHERAN,0,,52105,0,0,0
52106,Mon-Tue-Wed-Thu-Fri-Sat-Sun_20260101-20270830,52106,,NERAL (NG),0,,52106,0,0,0
52153,Mon-Tue-Wed-Thu-Fri-Sat-Sun_20260101-20270830,52153,,MATHERAN,0,,52153,0,0,0
52154,Mon-Tue-Wed-Thu-Fri-Sat-Sun_20260101-20270830,52154,,AMAN LODGE,0,,52154,0,0,0
52155,Mon-Tue-Wed-Thu-Fri-Sat-Sun_20260101-20270830,52155,,MATHERAN,0,,52155,0,0,0
52156,Mon-Tue-Wed-Thu-Fri-Sat-Sun_20260101-20270830,52156,,AMAN LODGE,0,,52156,0,0,0
52157,Mon-Tue-Wed-Thu-Fri-Sat-Sun_20260101-20270830,52157,,MATHERAN,0,,52157,0,0,0
52158,Mon-Tue-Wed-Thu-Fri-Sat-Sun_20260101-20270830,52158,,AMAN LODGE,0,,52158,0,0,0
52159,Mon-Tue-Wed-Thu-Fri-Sat-Sun_20260101-20270830,52159,,MATHERAN,0,,52159,0,0,0
52160,Mon-Tue-Wed-Thu-Fri-Sat-Sun_20260101-20270830,52160,,AMAN LODGE,0,,52160,0,0,0
52161,Mon-Tue-Wed-Thu-Fri-Sat-Sun_20260101-20270830,52161,,MATHERAN,0,,52161,0,0,0
52162,Mon-Tue-Wed-Thu-Fri-Sat-Sun_20260101-20270830,52162,,AMAN LODGE,0,,52162,0,0,0
52163,Mon-Tue-Wed-Thu-Fri-Sat-Sun_20260101-20270830,52163,,MATHERAN,0,,52163,0,0,0
52164,Mon-Tue-Wed-Thu-Fri-Sat-Sun_20260101-20270830,52164,,AMAN LODGE,0,,52164,0,0,0
52259,Sat-Sun_20260101-20270830,52259,,MAILANI,0,,52259,0,0,0
52260,Sat-Sun_20260101-20270830,52260,,BICHIA,0,,52260,0,0,0
52261,Mon-Tue-Wed-Thu-Fri-Sat-Sun_20260628-20261231,52261,,MAILANI,0,,52261,0,0,0
52262,Mon-Tue-Wed-Thu-Fri-Sat-Sun_20260628-20261231,52262,,NANPARA JN,0,,52262,0,0,0
52263,Mon-Tue-Wed-Thu-Fri-Sat-Sun_20260628-20261231,52263,,MAILANI,0,,52263,0,0,0
52264,Mon-Tue-Wed-Thu-Fri-Sat-Sun_20260628-20261231,52264,,NANPARA JN,0,,52264,0,0,0
52451,Mon-Tue-Wed-Thu-Fri-Sat-Sun_20260101-20270830,52451,,SHIMLA,0,,52451,0,0,0
52452,Mon-Tue-Wed-Thu-Fri-Sat-Sun_20260101-20270830,52452,,KALKA,0,,52452,0,0,0
52453,Mon-Tue-Wed-Thu-Fri-Sat-Sun_20260101-20270830,52453,,SHIMLA,0,,52453,0,0,0
52454,Mon-Tue-Wed-Thu-Fri-Sat-Sun_20260101-20270830,52454,,KALKA,0,,52454,0,0,0
52455,Mon-Tue-Wed-Thu-Fri-Sat-Sun_20260101-20270830,52455,,SHIMLA,0,,52455,0,0,0
52456,Mon-Tue-Wed-Thu-Fri-Sat-Sun_20260101-20270830,52456,,KALKA,0,,52456,0,0,0
52457,Mon-Tue-Wed-Thu-Fri-Sat-Sun_20260101-20270830,52457,,SHIMLA,0,,52457,0,0,0
52458,Mon-Tue-Wed-Thu-Fri-Sat-Sun_20260101-20270830,52458,,KALKA,0,,52458,0,0,0
52459,Mon-Tue-Wed-Thu-Fri-Sat-Sun_20260101-20270830,52459,,SHIMLA,0,,52459,0,0,0
52460,Mon-Tue-Wed-Thu-Fri-Sat-Sun_20260101-20270830,52460,,KALKA,0,,52460,0,0,0
52461,Mon-Tue-Wed-Thu-Fri-Sat-Sun_20260101-20270830,52461,,JAWLMUKHI ROAD,0,,52461,0,0,0
52462,Mon-Tue-Wed-Thu-Fri-Sat-Sun_20260602-20270830,52462,,NURPUR ROAD,0,,52462,0,0,0
52464,Mon-Tue-Wed-Thu-Fri-Sat-Sun_20260602-20270830,52464,,JAWLMUKHI ROAD,0,,52464,0,0,0
52465,Mon-Tue-Wed-Thu-Fri-Sat-Sun_20260602-20270830,52465,,BAIJNATHPAPROLA,0,,52465,0,0,0
52466,Mon-Tue-Wed-Thu-Fri-Sat-Sun_20260101-20270830,52466,,NURPUR ROAD,0,,52466,0,0,0
52467,Mon-Tue-Wed-Thu-Fri-Sat-Sun_20260602-20270830,52467,,BAIJNATHPAPROLA,0,,52467,0,0,0
52469,Mon-Tue-Wed-Thu-Fri-Sat-Sun_20260602-20270830,52469,,BAIJNATHPAPROLA,0,,52469,0,0,0
52470,Mon-Tue-Wed-Thu-Fri-Sat-Sun_20260602-20270830,52470,,PATHANKOT,0,,52470,0,0,0
52471,Mon-Tue-Wed-Thu-Fri-Sat-Sun_20260602-20270830,52471,,BAIJNATHPAPROLA,0,,52471,0,0,0
52472,Mon-Tue-Wed-Thu-Fri-Sat-Sun_20260602-20270830,52472,,BAIJNATHPAPROLA,0,,52472,0,0,0
52473,Mon-Tue-Wed-Thu-Fri-Sat-Sun_20260602-20270830,52473,,JOGINDER NAGAR,0,,52473,0,0,0
52474,Mon-Tue-Wed-Thu-Fri-Sat-Sun_20260602-20270830,52474,,PATHANKOT,0,,52474,0,0,0
52475,Mon-Tue-Wed-Thu-Fri-Sat-Sun_20260101-20270830,52475,,BAIJNATHPAPROLA,0,,52475,0,0,0
52476,Mon-Tue-Wed-Thu-Fri-Sat-Sun_20260101-20270830,52476,,NURPUR ROAD,0,,52476,0,0,0
52538,Tue-Thu-Sun_20260101-20270830,52538,,NEW JALPAIGURI,0,,52538,0,0,0
52539,Mon-Wed-Sat_20260101-20270830,52539,,DARJEELING,0,,52539,0,0,0
52540,Mon-Tue-Wed-Thu-Fri-Sat-Sun_20260101-20270830,52540,,NEW JALPAIGURI,0,,52540,0,0,0
52541,Mon-Tue-Wed-Thu-Fri-Sat-Sun_20260101-20270830,52541,,DARJEELING,0,,52541,0,0,0
52544,Mon-Tue-Wed-Thu-Fri-Sat-Sun_20260101-20270830,52544,,DARJEELING,0,,52544,0,0,0
52545,Sat-Sun_20260816-20270830,52545,,TINDHARIA,0,,52545,0,0,0
52546,Sat-Sun_20260816-20270830,52546,,SILIGURI JN,0,,52546,0,0,0
52590,Mon-Tue-Wed-Thu-Fri-Sat-Sun_20260101-20270830,52590,,DARJEELING,0,,52590,0,0,0
52591,Mon-Tue-Wed-Thu-Fri-Sat-Sun_20260101-20270830,52591,,DARJEELING,0,,52591,0,0,0
52592,Mon-Tue-Wed-Thu-Fri-Sat-Sun_20260101-20270830,52592,,DARJEELING,0,,52592,0,0,0
52594,Mon-Tue-Wed-Thu-Fri-Sat-Sun_20260101-20270830,52594,,DARJEELING,0,,52594,0,0,0
52596,Mon-Tue-Wed-Thu-Fri-Sat-Sun_20260101-20270830,52596,,DARJEELING,0,,52596,0,0,0
52597,Mon-Tue-Wed-Thu-Fri-Sat-Sun_20260101-20270830,52597,,DARJEELING,0,,52597,0,0,0
52598,Mon-Tue-Wed-Thu-Fri-Sat-Sun_20260101-20270830,52598,,DARJEELING,0,,52598,0,0,0
52599,Mon-Tue-Wed-Thu-Fri-Sat-Sun_20260101-20270830,52599,,DARJEELING,0,,52599,0,0,0
52929,Mon-Tue-Wed-Thu-Fri-Sat-Sun_20260101-20270830,52929,,JUNAGADH JN,0,,52929,0,0,0
52930,Mon-Tue-Wed-Thu-Fri-Sat-Sun_20260101-20270830,52930,,VERAVAL,0,,52930,0,0,0
52933,Mon-Tue-Wed-Thu-Fri-Sat-Sun_20260119-20270830,52933,,JUNAGADH JN,0,,52933,0,0,0
52946,Mon-Tue-Wed-Thu-Fri-Sat-Sun_20260119-20270830,52946,,VERAVAL,0,,52946,0,0,0
52949,Mon-Tue-Wed-Thu-Fri-Sat-Sun_20260119-20270830,52949,,DELVADA,0,,52949,0,0,0
52950,Mon-Tue-Wed-Thu-Fri-Sat-Sun_20260119-20270830,52950,,VERAVAL,0,,52950,0,0,0
52951,Mon-Tue-Wed-Thu-Fri-Sat-Sun_20260101-20270830,52951,,JUNAGADH JN,0,,52951,0,0,0
52952,Mon-Tue-Wed-Thu-Fri-Sat-Sun_20260101-20270830,52952,,DELVADA,0,,52952,0,0,0
52955,Mon-Tue-Wed-Thu-Fri-Sat-Sun_20260119-20270830,52955,,JUNAGADH JN,0,,52955,0,0,0
52956,Mon-Tue-Wed-Thu-Fri-Sat-Sun_20260120-20270830,52956,,VERAVAL,0,,52956,0,0,0
52965,Fri-Sat-Sun_20260101-20270830,52965,,KALKUND,0,,52965,0,0,0
52966,Fri-Sat-Sun_20260101-20270830,52966,,PATAL PANI,0,,52966,0,0,0
53001,Mon-Tue-Wed-Thu-Fri-Sat-Sun_20260418-20270830,53001,,AZIMGANJ JN,0,,53001,0,0,0
53002,Mon-Tue-Wed-Thu-Fri-Sat-Sun_20260418-20270830,53002,,HOWRAH JN,0,,53002,0,0,0
53005,Mon-Tue-Wed-Thu-Fri-Sat-Sun_20260418-20270830,53005,,AZIMGANJ JN,0,,53005,0,0,0
53006,Mon-Tue-Wed-Thu-Fri-Sat-Sun_20260418-20270830,53006,,KATWA,0,,53006,0,0,0
53009,Mon-Tue-Wed-Thu-Fri-Sat-Sun_20260418-20270830,53009,,AZIMGANJ JN,0,,53009,0,0,0
53011,Mon-Tue-Wed-Thu-Fri-Sat-Sun_20260418-20270830,53011,,AZIMGANJ JN,0,,53011,0,0,0
53012,Mon-Tue-Wed-Thu-Fri-Sat-Sun_20260418-20270830,53012,,KATWA,0,,53012,0,0,0
53014,Mon-Tue-Wed-Thu-Fri-Sat-Sun_20260418-20270830,53014,,KATWA,0,,53014,0,0,0
53015,Mon-Tue-Wed-Thu-Fri-Sat-Sun_20260418-20270830,53015,,AZIMGANJ JN,0,,53015,0,0,0
53016,Mon-Tue-Wed-Thu-Fri-Sat-Sun_20260418-20270830,53016,,KATWA,0,,53016,0,0,0
53017,Mon-Tue-Wed-Thu-Fri-Sat-Sun_20260418-20270830,53017,,AZIMGANJ JN,0,,53017,0,0,0
53018,Mon-Tue-Wed-Thu-Fri-Sat-Sun_20260418-20270830,53018,,KATWA,0,,53018,0,0,0
53027,Mon-Tue-Wed-Thu-Fri-Sat-Sun_20260101-20270830,53027,,MALDA TOWN,0,,53027,0,0,0
53028,Mon-Tue-Wed-Thu-Fri-Sat-Sun_20260101-20270830,53028,,AZIMGANJ JN,0,,53028,0,0,0
53029,Mon-Tue-Wed-Thu-Fri-Sat-Sun_20260101-20270830,53029,,BHAGALPUR,0,,53029,0,0,0
53030,Mon-Tue-Wed-Thu-Fri-Sat-Sun_20260101-20270830,53030,,AZIMGANJ JN,0,,53030,0,0,0
53047,Mon-Tue-Wed-Thu-Fri-Sat-Sun_20260417-20270830,53047,,RAMPUR HAT,0,,53047,0,0,0
53048,Mon-Tue-Wed-Thu-Fri-Sat-Sun_20260417-20270830,53048,,HOWRAH JN,0,,53048,0,0,0
53051,Mon-Tue-Wed-Thu-Fri-Sat-Sun_20260101-20270830,53051,,NIMITITA,0,,53051,0,0,0
53052,Mon-Tue-Wed-Thu-Fri-Sat-Sun_20260101-20270830,53052,,AZIMGANJ JN,0,,53052,0,0,0
53053,Mon-Tue-Wed-Thu-Fri-Sat-Sun_20260418-20270830,53053,,NIMITITA,0,,53053,0,0,0
53054,Mon-Tue-Wed-Thu-Fri-Sat-Sun_20260418-20270830,53054,,KATWA,0,,53054,0,0,0
53055,Mon-Tue-Wed-Thu-Fri-Sat-Sun_20260421-20270830,53055,,AHAMADPUR JN.,0,,53055,0,0,0
53056,Mon-Tue-Wed-Thu-Fri-Sat-Sun_20260421-20270830,53056,,KATWA,0,,53056,0,0,0
53091,Mon-Tue-Wed-Thu-Fri-Sat-Sun_20260101-20270830,53091,,AZIMGANJ JN,0,,53091,0,0,0
53092,Mon-Tue-Wed-Thu-Fri-Sat-Sun_20260101-20270830,53092,,KRISHNGR CTY JN,0,,53092,0,0,0
53171,Mon-Tue-Wed-Thu-Fri-Sat-Sun_20260101-20270830,53171,,LALGOLA,0,,53171,0,0,0
53172,Mon-Tue-Wed-Thu-Fri-Sat-Sun_20260101-20270830,53172,,SEALDAH,0,,53172,0,0,0
53175,Mon-Tue-Wed-Thu-Fri-Sat-Sun_20260101-20270830,53175,,LALGOLA,0,,53175,0,0,0
53178,Mon-Tue-Wed-Thu-Fri-Sat-Sun_20260101-20270830,53178,,SEALDAH,0,,53178,0,0,0
53180,Mon-Tue-Wed-Thu-Fri-Sat-Sun_20260101-20270830,53180,,SEALDAH,0,,53180,0,0,0
53181,Mon-Tue-Wed-Thu-Fri-Sat-Sun_20260101-20270830,53181,,LALGOLA,0,,53181,0,0,0
53201,Mon-Tue-Wed-Thu-Fri-Sat_20260227-20270830,53201,,BUXAR,0,,53201,0,0,0
53202,Mon-Tue-Wed-Thu-Fri-Sat_20260227-20270830,53202,,PATNA JN,0,,53202,0,0,0
53203,Mon-Tue-Wed-Thu-Fri-Sat_20260301-20270830,53203,,DANAPUR,0,,53203,0,0,0
53204,Mon-Tue-Wed-Thu-Fri-Sat_20260301-20270830,53204,,JHAJHA,0,,53204,0,0,0
53211,Mon-Tue-Wed-Thu-Fri-Sat-Sun_20260227-20270830,53211,,SASARAM,0,,53211,0,0,0
53212,Mon-Tue-Wed-Thu-Fri-Sat-Sun_20260227-20270830,53212,,PATNA JN,0,,53212,0,0,0
53213,Mon-Tue-Wed-Thu-Fri-Sat-Sun_20260227-20270830,53213,,GAYA JN,0,,53213,0,0,0
53214,Mon-Tue-Wed-Thu-Fri-Sat-Sun_20260227-20270830,53214,,PATNA JN,0,,53214,0,0,0
53229,Mon-Tue-Wed-Thu-Fri-Sat-Sun_20260509-20270830,53229,,FATUHA,0,,53229,0,0,0
53230,Mon-Tue-Wed-Thu-Fri-Sat-Sun_20260509-20270830,53230,,RAJGIR,0,,53230,0,0,0
53231,Mon-Tue-Wed-Thu-Fri-Sat-Sun_20260227-20270830,53231,,DANAPUR,0,,53231,0,0,0
53232,Mon-Tue-Wed-Thu-Fri-Sat-Sun_20260227-20270830,53232,,TILAYA,0,,53232,0,0,0
53233,Mon-Tue-Wed-Thu-Fri-Sat-Sun_20260227-20270830,53233,,FATUHA,0,,53233,0,0,0
53234,Mon-Tue-Wed-Thu-Fri-Sat-Sun_20260227-20270830,53234,,NATESAR,0,,53234,0,0,0
53235,Mon-Tue-Wed-Thu-Fri-Sat-Sun_20260227-20270830,53235,,FATUHA,0,,53235,0,0,0
53236,Mon-Tue-Wed-Thu-Fri-Sat-Sun_20260227-20270830,53236,,HILSA,0,,53236,0,0,0
53241,Mon-Tue-Wed-Thu-Fri-Sat-Sun_20260227-20270830,53241,,NARKATIAGANJ JN,0,,53241,0,0,0
53242,Mon-Tue-Wed-Thu-Fri-Sat-Sun_20260227-20270830,53242,,GAWNAHA,0,,53242,0,0,0
53261,Mon-Tue-Wed-Thu-Fri-Sat-Sun_20260227-20270830,53261,,BUXAR,0,,53261,0,0,0
53262,Mon-Tue-Wed-Thu-Fri-Sat-Sun_20260227-20270830,53262,,FATUHA,0,,53262,0,0,0
53323,Mon-Tue-Wed-Thu-Fri-Sat-Sun_20260227-20270830,53323,,DHANBAD JN,0,,53323,0,0,0
53324,Mon-Tue-Wed-Thu-Fri-Sat-Sun_20260227-20270830,53324,,SINDRI TOWN,0,,53324,0,0,0
53327,Mon-Tue-Wed-Thu-Fri-Sat-Sun_20260227-20270830,53327,,NSC BOSE J GOMO,0,,53327,0,0,0
53328,Mon-Tue-Wed-Thu-Fri-Sat-Sun_20260227-20270830,53328,,SINDRI TOWN,0,,53328,0,0,0
53333,Mon-Tue-Wed-Thu-Fri-Sat-Sun_20260227-20270830,53333,,DHANBAD JN,0,,53333,0,0,0
53334,Mon-Tue-Wed-Thu-Fri-Sat-Sun_20260227-20270830,53334,,SINDRI TOWN,0,,53334,0,0,0
53339,Mon-Tue-Wed-Thu-Fri-Sat_20260227-20270830,53339,,DHANBAD JN,0,,53339,0,0,0
53340,Mon-Tue-Wed-Thu-Fri-Sat_20260227-20270830,53340,,CHANDRAPURA,0,,53340,0,0,0
53343,Mon-Tue-Wed-Thu-Fri-Sat-Sun_20260227-20270830,53343,,CHOPAN,0,,53343,0,0,0
53344,Mon-Tue-Wed-Thu-Fri-Sat-Sun_20260227-20270830,53344,,NSC BOSE J GOMO,0,,53344,0,0,0
53347,Mon-Tue-Wed-Thu-Fri-Sat-Sun_20260227-20270830,53347,,BARWADIH JN,0,,53347,0,0,0
53348,Mon-Tue-Wed-Thu-Fri-Sat-Sun_20260227-20270830,53348,,NSC BOSE J GOMO,0,,53348,0,0,0
53349,Mon-Tue-Wed-Thu-Fri-Sat-Sun_20260227-20270830,53349,,DEHRI ON SONE,0,,53349,0,0,0
53350,Mon-Tue-Wed-Thu-Fri-Sat-Sun_20260227-20270830,53350,,BARWADIH JN,0,,53350,0,0,0
53351,Mon-Tue-Wed-Thu-Fri-Sat-Sun_20260228-20270830,53351,,CHUNAR,0,,53351,0,0,0
53352,Mon-Tue-Wed-Thu-Fri-Sat-Sun_20260228-20270830,53352,,BARWADIH JN,0,,53352,0,0,0
53357,Mon-Tue-Wed-Thu-Fri-Sat-Sun_20260228-20270830,53357,,DEHRI ON SONE,0,,53357,0,0,0
53358,Mon-Tue-Wed-Thu-Fri-Sat-Sun_20260228-20270830,53358,,BARKA KANA,0,,53358,0,0,0
53365,Mon-Tue-Wed-Thu-Fri-Sat_20260228-20270830,53365,,KODERMA,0,,53365,0,0,0
53366,Mon-Tue-Wed-Thu-Fri-Sat_20260228-20270830,53366,,MAHESHMUNDA,0,,53366,0,0,0
53369,Mon-Tue-Wed-Thu-Fri-Sat_20260228-20270830,53369,,KODERMA,0,,53369,0,0,0
53370,Mon-Tue-Wed-Thu-Fri-Sat_20260228-20270830,53370,,MADHUPUR JN.,0,,53370,0,0,0
53371,Mon-Tue-Wed-Thu-Fri-Sat-Sun_20260228-20270830,53371,,BARKA KANA,0,,53371,0,0,0
53372,Mon-Tue-Wed-Thu-Fri-Sat-Sun_20260228-20270830,53372,,KODERMA,0,,53372,0,0,0
53373,Mon-Tue-Wed-Thu-Fri-Sat-Sun_20260228-20270830,53373,,BARKA KANA,0,,53373,0,0,0
53374,Mon-Tue-Wed-Thu-Fri-Sat-Sun_20260228-20270830,53374,,KODERMA,0,,53374,0,0,0
53375,Mon-Tue-Wed-Thu-Fri-Sat-Sun_20260228-20270830,53375,,SIDHWAR,0,,53375,0,0,0
53376,Mon-Tue-Wed-Thu-Fri-Sat-Sun_20260228-20270830,53376,,BARKA KANA,0,,53376,0,0,0
53403,Mon-Tue-Wed-Thu-Fri-Sat-Sun_20260101-20270830,53403,,GAYA JN,0,,53403,0,0,0
53404,Mon-Tue-Wed-Thu-Fri-Sat-Sun_20260101-20270830,53404,,JAMALPUR JN,0,,53404,0,0,0
53408,Mon-Tue-Wed-Thu-Fri-Sat-Sun_20260101-20270830,53408,,RAMPUR HAT,0,,53408,0,0,0
53411,Mon-Tue-Wed-Thu-Fri-Sat-Sun_20260101-20270830,53411,,SAHIBGANJ JN,0,,53411,0,0,0
53412,Mon-Tue-Wed-Thu-Fri-Sat-Sun_20260101-20270830,53412,,BARHARWA JN,0,,53412,0,0,0
53415,Mon-Tue-Wed-Thu-Fri-Sat-Sun_20260101-20270830,53415,,JAMALPUR JN,0,,53415,0,0,0
53416,Mon-Tue-Wed-Thu-Fri-Sat-Sun_20260101-20270830,53416,,SAHIBGANJ JN,0,,53416,0,0,0
53433,Mon-Tue-Wed-Thu-Fri-Sat-Sun_20260101-20270830,53433,,BARHARWA JN,0,,53433,0,0,0
53434,Mon-Tue-Wed-Thu-Fri-Sat-Sun_20260101-20270830,53434,,AZIMGANJ JN,0,,53434,0,0,0
53435,Mon-Tue-Wed-Thu-Fri-Sat-Sun_20260418-20270830,53435,,AZIMGANJ JN,0,,53435,0,0,0
53436,Mon-Tue-Wed-Thu-Fri-Sat-Sun_20260418-20270830,53436,,KATWA,0,,53436,0,0,0
53441,Mon-Tue-Wed-Thu-Fri-Sat_20260101-20270830,53441,,JAMALPUR JN,0,,53441,0,0,0
53442,Mon-Tue-Wed-Thu-Fri-Sat_20260101-20270830,53442,,DEOGHAR,0,,53442,0,0,0
53443,Mon-Tue-Wed-Thu-Fri-Sat_20260101-20270830,53443,,DEOGHAR,0,,53443,0,0,0
53444,Mon-Tue-Wed-Thu-Fri-Sat_20260101-20270830,53444,,GODDA,0,,53444,0,0,0
53479,Mon-Tue-Wed-Thu-Fri-Sat-Sun_20260101-20270830,53479,,KIUL JN,0,,53479,0,0,0
53480,Mon-Tue-Wed-Thu-Fri-Sat-Sun_20260101-20270830,53480,,JAMALPUR JN,0,,53480,0,0,0
53481,Mon-Tue-Wed-Thu-Fri-Sat-Sun_20260101-20270830,53481,,RAJMAHAL,0,,53481,0,0,0
53482,Mon-Tue-Wed-Thu-Fri-Sat-Sun_20260101-20270830,53482,,TINPAHAR JN,0,,53482,0,0,0
53483,Mon-Tue-Wed-Thu-Fri-Sat-Sun_20260101-20270830,53483,,RAJMAHAL,0,,53483,0,0,0
53484,Mon-Tue-Wed-Thu-Fri-Sat-Sun_20260101-20270830,53484,,TINPAHAR JN,0,,53484,0,0,0
53485,Mon-Tue-Wed-Thu-Fri-Sat-Sun_20260101-20270830,53485,,RAJMAHAL,0,,53485,0,0,0
53486,Mon-Tue-Wed-Thu-Fri-Sat-Sun_20260101-20270830,53486,,TINPAHAR JN,0,,53486,0,0,0
53487,Mon-Tue-Wed-Thu-Fri-Sat-Sun_20260101-20270830,53487,,RAJMAHAL,0,,53487,0,0,0
53488,Mon-Tue-Wed-Thu-Fri-Sat-Sun_20260101-20270830,53488,,TINPAHAR JN,0,,53488,0,0,0
53489,Mon-Tue-Wed-Thu-Fri-Sat-Sun_20260101-20270830,53489,,RAJMAHAL,0,,53489,0,0,0
53490,Mon-Tue-Wed-Thu-Fri-Sat-Sun_20260101-20270830,53490,,TINPAHAR JN,0,,53490,0,0,0
53491,Mon-Tue-Wed-Thu-Fri-Sat-Sun_20260101-20270830,53491,,RAJMAHAL,0,,53491,0,0,0
53492,Mon-Tue-Wed-Thu-Fri-Sat-Sun_20260101-20270830,53492,,TINPAHAR JN,0,,53492,0,0,0
53493,Mon-Tue-Wed-Thu-Fri-Sat-Sun_20260101-20270830,53493,,RAJMAHAL,0,,53493,0,0,0
53494,Mon-Tue-Wed-Thu-Fri-Sat-Sun_20260101-20270830,53494,,TINPAHAR JN,0,,53494,0,0,0
53495,Mon-Tue-Wed-Thu-Fri-Sat-Sun_20260101-20270830,53495,,RAJMAHAL,0,,53495,0,0,0
53496,Mon-Tue-Wed-Thu-Fri-Sat-Sun_20260101-20270830,53496,,TINPAHAR JN,0,,53496,0,0,0
53511,Mon-Tue-Wed-Thu-Fri-Sat-Sun_20260101-20270830,53511,,GIRIDIH,0,,53511,0,0,0
53512,Mon-Tue-Wed-Thu-Fri-Sat-Sun_20260115-20270830,53512,,MADHUPUR JN.,0,,53512,0,0,0
53513,Mon-Tue-Wed-Thu-Fri-Sat-Sun_20260101-20270830,53513,,GIRIDIH,0,,53513,0,0,0
53514,Mon-Tue-Wed-Thu-Fri-Sat-Sun_20260101-20270830,53514,,MADHUPUR JN.,0,,53514,0,0,0
53515,Mon-Tue-Wed-Fri-Sat-Sun_20260101-20270830,53515,,GIRIDIH,0,,53515,0,0,0
53516,Mon-Tue-Wed-Fri-Sat-Sun_20260101-20270830,53516,,MADHUPUR JN.,0,,53516,0,0,0
53517,Mon-Tue-Wed-Thu-Fri-Sat-Sun_20260101-20270830,53517,,GIRIDIH,0,,53517,0,0,0
53518,Mon-Tue-Wed-Thu-Fri-Sat-Sun_20260101-20270830,53518,,MADHUPUR JN.,0,,53518,0,0,0
53519,Mon-Tue-Wed-Thu-Fri-Sat-Sun_20260101-20270830,53519,,GIRIDIH,0,,53519,0,0,0
53520,Mon-Tue-Wed-Thu-Fri-Sat-Sun_20260101-20270830,53520,,MADHUPUR JN.,0,,53520,0,0,0
53611,Mon-Tue-Wed-Thu-Fri-Sat-Sun_20260228-20270830,53611,,DEHRI ON SONE,0,,53611,0,0,0
53612,Mon-Tue-Wed-Thu-Fri-Sat-Sun_20260228-20270830,53612,,BARWADIH JN,0,,53612,0,0,0
53641,Mon-Tue-Wed-Thu-Fri-Sat-Sun_20260228-20270830,53641,,PT.DEEN DAYAL UPADHYAYA JN.,0,,53641,0,0,0
53642,Mon-Tue-Wed-Thu-Fri-Sat-Sun_20260228-20270830,53642,,DILDARNAGAR JN,0,,53642,0,0,0
53643,Mon-Tue-Wed-Thu-Fri-Sat-Sun_20260228-20270830,53643,,TARIGHAT,0,,53643,0,0,0
53644,Mon-Tue-Wed-Thu-Fri-Sat-Sun_20260228-20270830,53644,,DILDARNAGAR JN,0,,53644,0,0,0
53645,Mon-Tue-Wed-Thu-Fri-Sat-Sun_20260228-20270830,53645,,GHAZIPUR CITY,0,,53645,0,0,0
53646,Mon-Tue-Wed-Thu-Fri-Sat-Sun_20260228-20270830,53646,,DILDARNAGAR JN,0,,53646,0,0,0
53647,Mon-Tue-Wed-Thu-Fri-Sat-Sun_20260228-20270830,53647,,TARIGHAT,0,,53647,0,0,0
53648,Mon-Tue-Wed-Thu-Fri-Sat-Sun_20260228-20270830,53648,,DILDARNAGAR JN,0,,53648,0,0,0
54005,Mon-Tue-Wed-Thu-Fri-Sat-Sun_20260127-20270830,54005,,BHIWANI JN.,0,,54005,0,0,0
54006,Mon-Tue-Wed-Thu-Fri-Sat-Sun_20260520-20270830,54006,,ROHTAK JN,0,,54006,0,0,0
54007,Mon-Tue-Wed-Thu-Fri-Sat-Sun_20260520-20270830,54007,,JIND JN,0,,54007,0,0,0
54008,Mon-Tue-Wed-Thu-Fri-Sat-Sun_20260520-20270830,54008,,ROHTAK JN,0,,54008,0,0,0
54009,Mon-Tue-Wed-Thu-Fri-Sat-Sun_20260520-20270830,54009,,JIND JN,0,,54009,0,0,0
54010,Mon-Tue-Wed-Thu-Fri-Sat-Sun_20260101-20270830,54010,,JIND JN,0,,54010,0,0,0
54011,Mon-Tue-Wed-Thu-Fri-Sat-Sun_20260101-20270830,54011,,HANSI,0,,54011,0,0,0
54012,Mon-Tue-Wed-Thu-Fri-Sat-Sun_20260101-20270830,54012,,ROHTAK JN,0,,54012,0,0,0
54013,Mon-Tue-Wed-Thu-Fri-Sat-Sun_20260101-20270830,54013,,BHIWANI JN.,0,,54013,0,0,0
54014,Mon-Tue-Wed-Thu-Fri-Sat-Sun_20260127-20270830,54014,,ROHTAK JN,0,,54014,0,0,0
54015,Mon-Tue-Wed-Thu-Fri-Sat-Sun_20260101-20270830,54015,,BHIWANI JN.,0,,54015,0,0,0
54016,Mon-Tue-Wed-Thu-Fri-Sat-Sun_20260101-20270830,54016,,ROHTAK JN,0,,54016,0,0,0
54018,Mon-Tue-Wed-Thu-Fri-Sat-Sun_20260101-20270830,54018,,ROHTAK JN,0,,54018,0,0,0
54019,Mon-Tue-Wed-Thu-Fri-Sat-Sun_20260101-20270830,54019,,ROHTAK JN,0,,54019,0,0,0
54020,Mon-Tue-Wed-Thu-Fri-Sat-Sun_20260130-20270830,54020,,REWARI JN.,0,,54020,0,0,0
54023,Mon-Tue-Wed-Thu-Fri-Sat-Sun_20260101-20270830,54023,,JIND JN,0,,54023,0,0,0
54024,Mon-Tue-Wed-Thu-Fri-Sat-Sun_20260222-20270830,54024,,DELHI JN.,0,,54024,0,0,0
54025,Mon-Tue-Wed-Thu-Fri-Sat-Sun_20260101-20270830,54025,,PANIPAT JN,0,,54025,0,0,0
54026,Mon-Tue-Wed-Thu-Fri-Sat-Sun_20260101-20270830,54026,,ROHTAK JN,0,,54026,0,0,0
54031,Mon-Tue-Wed-Thu-Fri-Sat-Sun_20260223-20270830,54031,,JIND JN,0,,54031,0,0,0
54032,Mon-Tue-Wed-Thu-Fri-Sat-Sun_20260101-20270830,54032,,DELHI JN.,0,,54032,0,0,0
54033,Mon-Tue-Wed-Thu-Fri-Sat-Sun_20260523-20270830,54033,,NARWANA JN,0,,54033,0,0,0
54034,Mon-Tue-Wed-Thu-Fri-Sat-Sun_20260101-20270830,54034,,DELHI JN.,0,,54034,0,0,0
54035,Mon-Tue-Wed-Thu-Fri-Sat-Sun_20260101-20270830,54035,,JAKHAL JN,0,,54035,0,0,0
54036,Mon-Tue-Wed-Thu-Fri-Sat-Sun_20260523-20270830,54036,,SHAKURBASTI,0,,54036,0,0,0
54037,Mon-Tue-Wed-Thu-Fri-Sat-Sun_20260101-20270830,54037,,JIND JN,0,,54037,0,0,0
54038,Mon-Tue-Wed-Thu-Fri-Sat-Sun_20260101-20270830,54038,,KURUKSHETRA JN,0,,54038,0,0,0
54040,Mon-Tue-Wed-Thu-Fri-Sat-Sun_20260101-20270830,54040,,KURUKSHETRA JN,0,,54040,0,0,0
54041,Mon-Tue-Wed-Thu-Fri-Sat-Sun_20260101-20270830,54041,,JIND JN,0,,54041,0,0,0
54043,Mon-Tue-Wed-Thu-Fri-Sat-Sun_20260101-20270830,54043,,HISAR,0,,54043,0,0,0
54044,Mon-Tue-Wed-Thu-Fri-Sat-Sun_20260101-20270830,54044,,JIND JN,0,,54044,0,0,0
54047,Mon-Tue-Wed-Thu-Fri-Sat-Sun_20260101-20270830,54047,,JIND JN,0,,54047,0,0,0
54048,Mon-Tue-Wed-Thu-Fri-Sat-Sun_20260101-20270830,54048,,KURUKSHETRA JN,0,,54048,0,0,0
54049,Mon-Tue-Wed-Thu-Fri-Sat-Sun_20260725-20270830,54049,,JIND JN,0,,54049,0,0,0
54050,Mon-Tue-Wed-Thu-Fri-Sat-Sun_20260520-20270830,54050,,ROHTAK JN,0,,54050,0,0,0
54051,Mon-Tue-Wed-Thu-Fri-Sat-Sun_20260313-20270830,54051,,FIROZPUR CANT,0,,54051,0,0,0
54052,Mon-Tue-Wed-Thu-Fri-Sat-Sun_20260402-20270830,54052,,LUDHIANA JN,0,,54052,0,0,0
54053,Mon-Tue-Wed-Thu-Fri-Sat-Sun_20260101-20270830,54053,,LUDHIANA JN,0,,54053,0,0,0
54054,Mon-Tue-Wed-Thu-Fri-Sat-Sun_20260101-20270830,54054,,JAKHAL JN,0,,54054,0,0,0
54057,Mon-Tue-Wed-Thu-Fri-Sat-Sun_20260101-20270830,54057,,SHAMLI,0,,54057,0,0,0
54058,Mon-Tue-Wed-Thu-Fri-Sat-Sun_20260101-20270830,54058,,DELHI JN.,0,,54058,0,0,0
54075,Mon-Tue-Wed-Thu-Fri-Sat-Sun_20260814-20270830,54075,,DELHI JN.,0,,54075,0,0,0
54076,Mon-Tue-Wed-Thu-Fri-Sat-Sun_20260813-20270830,54076,,BAREILLY(NR),0,,54076,0,0,0
54085,Mon-Tue-Wed-Thu-Fri-Sat-Sun_20260101-20270830,54085,,SATROD,0,,54085,0,0,0
54086,Mon-Tue-Wed-Thu-Fri-Sat-Sun_20260501-20270830,54086,,DELHI JN.,0,,54086,0,0,0
54101,Mon-Tue-Wed-Thu-Fri-Sat-Sun_20260101-20270830,54101,,KANPUR ANWRGANJ,0,,54101,0,0,0
54102,Mon-Tue-Wed-Thu-Fri-Sat-Sun_20260104-20270830,54102,,PRAYAGRAJ SANGAM,0,,54102,0,0,0
54153,Mon-Tue-Wed-Thu-Fri-Sat-Sun_20260101-20270830,54153,,KANPUR CENTRAL,0,,54153,0,0,0
54154,Mon-Tue-Wed-Thu-Fri-Sat-Sun_20260101-20270830,54154,,RAE BARELI JN,0,,54154,0,0,0
54155,Mon-Tue-Wed-Thu-Fri-Sat-Sun_20260101-20270830,54155,,FARRUKHABAD,0,,54155,0,0,0
54156,Mon-Tue-Wed-Thu-Fri-Sat-Sun_20260101-20270830,54156,,KANPUR CENTRAL,0,,54156,0,0,0
54157,Mon-Tue-Wed-Thu-Fri-Sat-Sun_20260101-20270830,54157,,FARRUKHABAD,0,,54157,0,0,0
54158,Mon-Tue-Wed-Thu-Fri-Sat-Sun_20260101-20270830,54158,,KANPUR ANWRGANJ,0,,54158,0,0,0
54213,Mon-Tue-Wed-Thu-Fri-Sat-Sun_20260101-20270830,54213,,JAUNPUR JN,0,,54213,0,0,0
54214,Mon-Tue-Wed-Thu-Fri-Sat-Sun_20260101-20270830,54214,,PRAYAGRAJ SANGAM,0,,54214,0,0,0
54221,Mon-Tue-Wed-Thu-Fri-Sat-Sun_20260101-20270830,54221,,RAGHURAJ SINGH,0,,54221,0,0,0
54222,Mon-Tue-Wed-Thu-Fri-Sat-Sun_20260101-20270830,54222,,RAE BARELI JN,0,,54222,0,0,0
54223,Mon-Tue-Wed-Thu-Fri-Sat-Sun_20260101-20270830,54223,,RAGHURAJ SINGH,0,,54223,0,0,0
54224,Mon-Tue-Wed-Thu-Fri-Sat-Sun_20260101-20270830,54224,,RAE BARELI JN,0,,54224,0,0,0
54225,Mon-Tue-Wed-Thu-Fri-Sat-Sun_20260101-20270830,54225,,RAE BARELI JN,0,,54225,0,0,0
54226,Mon-Tue-Wed-Thu-Fri-Sat-Sun_20260101-20270830,54226,,UNCHAHAR JN,0,,54226,0,0,0
54253,Mon-Tue-Wed-Thu-Fri-Sat-Sun_20260101-20260831,54253,,LUCKNOW JN.,0,,54253,0,0,0
54254,Mon-Tue-Wed-Thu-Fri-Sat-Sun_20260101-20270830,54254,,PRAYAGRAJ SANGAM,0,,54254,0,0,0
54263,Mon-Tue-Wed-Thu-Fri-Sat-Sun_20260101-20270830,54263,,SULTANPUR,0,,54263,0,0,0
54264,Mon-Tue-Wed-Thu-Fri-Sat-Sun_20260101-20270830,54264,,VARANASI,0,,54264,0,0,0
54291,Mon-Tue-Wed-Thu-Fri-Sat-Sun_20260101-20270830,54291,,MAA BELHA DEVI DHAM PRATAPGARH,0,,54291,0,0,0
54292,Mon-Tue-Wed-Thu-Fri-Sat-Sun_20260101-20270830,54292,,VARANASI,0,,54292,0,0,0
54307,Mon-Tue-Wed-Thu-Fri-Sat-Sun_20260101-20270830,54307,,DELHI JN.,0,,54307,0,0,0
54308,Mon-Tue-Wed-Thu-Fri-Sat-Sun_20260101-20270830,54308,,MORADABAD,0,,54308,0,0,0
54309,Mon-Tue-Wed-Thu-Fri-Sat-Sun_20260101-20270830,54309,,HISAR,0,,54309,0,0,0
54310,Mon-Tue-Wed-Thu-Fri-Sat-Sun_20260104-20270830,54310,,DELHI JN.,0,,54310,0,0,0
54315,Mon-Tue-Wed-Thu-Fri-Sat-Sun_20260101-20270830,54315,,HISAR,0,,54315,0,0,0
54316,Mon-Tue-Wed-Thu-Fri-Sat-Sun_20260101-20270830,54316,,REWARI JN.,0,,54316,0,0,0
54321,Mon-Tue-Wed-Thu-Fri-Sat-Sun_20260101-20270830,54321,,SITAPUR JN.,0,,54321,0,0,0
54322,Mon-Tue-Wed-Thu-Fri-Sat-Sun_20260101-20270830,54322,,BALAMU JN,0,,54322,0,0,0
54325,Mon-Tue-Wed-Thu-Fri-Sat-Sun_20260101-20270830,54325,,KANPUR CENTRAL,0,,54325,0,0,0
54326,Mon-Tue-Wed-Thu-Fri-Sat-Sun_20260101-20270830,54326,,SITAPUR CITY,0,,54326,0,0,0
54327,Mon-Tue-Wed-Thu-Fri-Sat-Sun_20260101-20270830,54327,,SHAHJEHANPUR,0,,54327,0,0,0
54328,Mon-Tue-Wed-Thu-Fri-Sat-Sun_20260101-20270830,54328,,SITAPUR CITY,0,,54328,0,0,0
54329,Mon-Tue-Wed-Thu-Fri-Sat-Sun_20260130-20270830,54329,,SHAHJEHANPUR,0,,54329,0,0,0
54330,Mon-Tue-Wed-Thu-Fri-Sat-Sun_20260101-20270830,54330,,BALAMU JN,0,,54330,0,0,0
54331,Wed-Sun_20260101-20270830,54331,,BALAMU JN,0,,54331,0,0,0
54332,Mon-Thu_20260101-20270830,54332,,LUCKNOW JN.,0,,54332,0,0,0
54335,Mon-Tue-Wed-Thu-Fri-Sat-Sun_20260101-20270830,54335,,KANPUR CENTRAL,0,,54335,0,0,0
54336,Mon-Tue-Wed-Thu-Fri-Sat-Sun_20260101-20270830,54336,,BALAMU JN,0,,54336,0,0,0
54337,Mon-Tue-Thu-Fri-Sat_20260101-20270830,54337,,SHAHJEHANPUR,0,,54337,0,0,0
54338,Tue-Wed-Fri-Sat-Sun_20260101-20270830,54338,,LUCKNOW JN.,0,,54338,0,0,0
54341,Mon-Tue-Wed-Thu-Fri-Sat-Sun_20260101-20270830,54341,,DEHRADOON,0,,54341,0,0,0
54342,Mon-Tue-Wed-Thu-Fri-Sat-Sun_20260218-20270830,54342,,SAHARANPUR JN.,0,,54342,0,0,0
54351,Mon-Tue-Wed-Thu-Fri-Sat-Sun_20260628-20270830,54351,,BAREILLY(NR),0,,54351,0,0,0
54352,Mon-Tue-Wed-Thu-Fri-Sat-Sun_20260101-20270830,54352,,ALIGARH JN,0,,54352,0,0,0
54353,Mon-Tue-Wed-Thu-Fri-Sat-Sun_20260101-20270830,54353,,BAREILLY(NR),0,,54353,0,0,0
54354,Mon-Tue-Wed-Thu-Fri-Sat-Sun_20260101-20270830,54354,,ALIGARH JN,0,,54354,0,0,0
54355,Mon-Tue-Wed-Thu-Fri-Sat-Sun_20260317-20270830,54355,,BAREILLY(NR),0,,54355,0,0,0
54356,Mon-Tue-Wed-Thu-Fri-Sat-Sun_20260317-20270830,54356,,BANDIKUI JN,0,,54356,0,0,0
54375,Mon-Tue-Wed-Thu-Fri-Sat-Sun_20260101-20270830,54375,,JAUNPUR JN,0,,54375,0,0,0
54376,Mon-Tue-Wed-Thu-Fri-Sat-Sun_20260101-20270830,54376,,PRAYAGRAJ SANGAM,0,,54376,0,0,0
54381,Mon-Tue-Wed-Thu-Fri-Sat-Sun_20260101-20270830,54381,,NAJIBABAD JN,0,,54381,0,0,0
54382,Mon-Tue-Wed-Thu-Fri-Sat-Sun_20260101-20270830,54382,,GAJRAULA JN,0,,54382,0,0,0
54383,Mon-Tue-Wed-Thu-Fri-Sat-Sun_20260101-20270830,54383,,NAJIBABAD JN,0,,54383,0,0,0
54384,Mon-Tue-Wed-Thu-Fri-Sat-Sun_20260101-20270830,54384,,GAJRAULA JN,0,,54384,0,0,0
54385,Mon-Tue-Wed-Thu-Fri-Sat-Sun_20260101-20270830,54385,,KOTDWARA,0,,54385,0,0,0
54386,Mon-Tue-Wed-Thu-Fri-Sat-Sun_20260101-20270830,54386,,NAJIBABAD JN,0,,54386,0,0,0
54387,Mon-Tue-Wed-Thu-Fri-Sat-Sun_20260101-20270830,54387,,KOTDWARA,0,,54387,0,0,0
54388,Mon-Tue-Wed-Thu-Fri-Sat-Sun_20260101-20270830,54388,,NAJIBABAD JN,0,,54388,0,0,0
54389,Mon-Tue-Wed-Thu-Fri-Sat-Sun_20260101-20270830,54389,,KOTDWARA,0,,54389,0,0,0
54390,Mon-Tue-Wed-Thu-Fri-Sat-Sun_20260101-20270830,54390,,NAJIBABAD JN,0,,54390,0,0,0
54391,Mon-Tue-Wed-Thu-Fri-Sat-Sun_20260428-20270830,54391,,GAJRAULA JN,0,,54391,0,0,0
54392,Mon-Tue-Wed-Thu-Fri-Sat-Sun_20260508-20270830,54392,,ALIGARH JN,0,,54392,0,0,0
54395,Mon-Tue-Wed-Thu-Fri-Sat-Sun_20260101-20270830,54395,,NAJIBABAD JN,0,,54395,0,0,0
54396,Mon-Tue-Wed-Thu-Fri-Sat-Sun_20260101-20270830,54396,,MORADABAD,0,,54396,0,0,0
54401,Mon-Tue-Wed-Thu-Fri-Sat-Sun_20260101-20270830,54401,,MEERUT CITY,0,,54401,0,0,0
54402,Mon-Tue-Wed-Thu-Fri-Sat-Sun_20260101-20270830,54402,,KHURJA JN,0,,54402,0,0,0
54405,Mon-Tue-Wed-Thu-Fri-Sat-Sun_20260101-20270830,54405,,MEERUT CITY,0,,54405,0,0,0
54406,Mon-Tue-Wed-Thu-Fri-Sat-Sun_20260101-20270830,54406,,KHURJA JN,0,,54406,0,0,0
54411,Mon-Tue-Wed-Thu-Fri-Sat-Sun_20260101-20270830,54411,,MEERUT CANT,0,,54411,0,0,0
54413,Mon-Tue-Wed-Thu-Fri-Sat-Sun_20260101-20270830,54413,,REWARI JN.,0,,54413,0,0,0
54414,Mon-Tue-Wed-Thu-Fri-Sat-Sun_20260101-20270830,54414,,DELHI JN.,0,,54414,0,0,0
54417,Mon-Tue-Wed-Thu-Fri-Sat-Sun_20260101-20270830,54417,,REWARI JN.,0,,54417,0,0,0
54420,Mon-Tue-Wed-Thu-Fri-Sat-Sun_20260101-20270830,54420,,DELHI JN.,0,,54420,0,0,0
54421,Mon-Tue-Wed-Thu-Fri-Sat-Sun_20260101-20270830,54421,,REWARI JN.,0,,54421,0,0,0
54423,Mon-Tue-Wed-Thu-Fri-Sat-Sun_20260317-20270830,54423,,HISAR,0,,54423,0,0,0
54424,Mon-Tue-Wed-Thu-Fri-Sat-Sun_20260317-20270830,54424,,NEW DELHI,0,,54424,0,0,0
54463,Mon-Tue-Wed-Thu-Fri-Sat-Sun_20260101-20270830,54463,,RISHIKESH,0,,54463,0,0,0
54464,Mon-Tue-Wed-Thu-Fri-Sat-Sun_20260101-20270830,54464,,CHANDAUSI JN,0,,54464,0,0,0
54473,Mon-Tue-Wed-Thu-Fri-Sat-Sun_20260101-20270830,54473,,SAHARANPUR JN.,0,,54473,0,0,0
54474,Mon-Tue-Wed-Thu-Fri-Sat-Sun_20260101-20270830,54474,,DELHI JN.,0,,54474,0,0,0
54481,Mon-Tue-Wed-Thu-Fri-Sat-Sun_20260101-20270830,54481,,RISHIKESH,0,,54481,0,0,0
54482,Mon-Tue-Wed-Thu-Fri-Sat-Sun_20260101-20270830,54482,,HARIDWAR JN,0,,54482,0,0,0
54483,Mon-Tue-Wed-Thu-Fri-Sat-Sun_20260101-20270830,54483,,RISHIKESH,0,,54483,0,0,0
54484,Mon-Tue-Wed-Thu-Fri-Sat-Sun_20260101-20270830,54484,,HARIDWAR JN,0,,54484,0,0,0
54531,Mon-Tue-Wed-Thu-Fri-Sat-Sun_20260101-20270830,54531,,KALKA,0,,54531,0,0,0
54532,Mon-Tue-Wed-Thu-Fri-Sat-Sun_20260101-20270830,54532,,AMBALA CANT JN,0,,54532,0,0,0
54551,Mon-Tue-Wed-Thu-Fri-Sat-Sun_20260101-20270830,54551,,BATHINDA,0,,54551,0,0,0
54552,Mon-Tue-Wed-Thu-Fri-Sat-Sun_20260101-20270830,54552,,AMBALA CANT JN,0,,54552,0,0,0
54553,Mon-Tue-Wed-Thu-Fri-Sat-Sun_20260101-20270830,54553,,DHURI JN,0,,54553,0,0,0
54557,Mon-Tue-Wed-Thu-Fri-Sat_20260101-20270830,54557,,PATIALA,0,,54557,0,0,0
54558,Mon-Tue-Wed-Thu-Fri-Sat_20260101-20270830,54558,,AMBALA CANT JN,0,,54558,0,0,0
54559,Mon-Tue-Wed-Thu-Fri-Sat-Sun_20260101-20270830,54559,,FAZILKA,0,,54559,0,0,0
54560,Mon-Tue-Wed-Thu-Fri-Sat-Sun_20260101-20270830,54560,,BATHINDA,0,,54560,0,0,0
54561,Mon-Tue-Wed-Thu-Fri-Sat-Sun_20260101-20261018,54561,,FIROZPUR CANT,0,,54561,0,0,0
54562,Mon-Tue-Wed-Thu-Fri-Sat-Sun_20260101-20261018,54562,,BATHINDA,0,,54562,0,0,0
54563,Mon-Tue-Wed-Thu-Fri-Sat-Sun_20260101-20270830,54563,,FIROZPUR CANT,0,,54563,0,0,0
54564,Mon-Tue-Wed-Thu-Fri-Sat-Sun_20260101-20270830,54564,,BATHINDA,0,,54564,0,0,0
54571,Mon-Tue-Wed-Thu-Fri-Sat-Sun_20260101-20270830,54571,,FIROZPUR CANT,0,,54571,0,0,0
54572,Mon-Tue-Wed-Thu-Fri-Sat-Sun_20260106-20270830,54572,,LUDHIANA JN,0,,54572,0,0,0
54575,Mon-Tue-Wed-Thu-Fri-Sat-Sun_20260101-20270830,54575,,LOHIAN KHAS JN,0,,54575,0,0,0
54576,Mon-Tue-Wed-Thu-Fri-Sat-Sun_20260101-20270830,54576,,LUDHIANA JN,0,,54576,0,0,0
54603,Mon-Tue-Wed-Thu-Fri-Sat-Sun_20260101-20270830,54603,,LUDHIANA JN,0,,54603,0,0,0
54604,Mon-Tue-Wed-Thu-Fri-Sat-Sun_20260507-20270830,54604,,CHURU,0,,54604,0,0,0
54605,Mon-Tue-Wed-Thu-Fri-Sat-Sun_20260507-20270830,54605,,LUDHIANA JN,0,,54605,0,0,0
54606,Mon-Tue-Wed-Thu-Fri-Sat-Sun_20260101-20270830,54606,,HISAR,0,,54606,0,0,0
54611,Mon-Tue-Wed-Thu-Fri-Sat-Sun_20260619-20270830,54611,,PATHANKOT,0,,54611,0,0,0
54612,Mon-Tue-Wed-Thu-Fri-Sat-Sun_20260101-20270830,54612,,AMRITSAR,0,,54612,0,0,0
54613,Mon-Tue-Wed-Thu-Fri-Sat-Sun_20260101-20270830,54613,,PATHANKOT,0,,54613,0,0,0
54614,Mon-Tue-Wed-Thu-Fri-Sat-Sun_20260619-20270830,54614,,AMRITSAR,0,,54614,0,0,0
54615,Mon-Tue-Wed-Thu-Fri-Sat-Sun_20260619-20270830,54615,,PATHANKOT,0,,54615,0,0,0
54616,Mon-Tue-Wed-Thu-Fri-Sat-Sun_20260630-20270830,54616,,AMRITSAR,0,,54616,0,0,0
54621,Mon-Tue-Wed-Thu-Fri-Sat-Sun_20260101-20270830,54621,,PATHANKOT,0,,54621,0,0,0
54622,Mon-Tue-Wed-Thu-Fri-Sat-Sun_20260619-20270830,54622,,JALANDHAR CITY,0,,54622,0,0,0
54625,Mon-Tue-Wed-Thu-Fri-Sat-Sun_20260313-20270830,54625,,JALANDHAR CITY,0,,54625,0,0,0
54626,Mon-Tue-Wed-Thu-Fri-Sat-Sun_20260313-20270830,54626,,NAWASHAHR DOABA JN.,0,,54626,0,0,0
54631,Mon-Tue-Wed-Thu-Fri-Sat-Sun_20260101-20270830,54631,,DHURI JN,0,,54631,0,0,0
54632,Mon-Tue-Wed-Thu-Fri-Sat-Sun_20260101-20270830,54632,,SIRSA,0,,54632,0,0,0
54633,Mon-Tue-Wed-Thu-Fri-Sat-Sun_20260101-20270830,54633,,LUDHIANA JN,0,,54633,0,0,0
54634,Mon-Tue-Wed-Thu-Fri-Sat-Sun_20260101-20270830,54634,,BHIWANI JN.,0,,54634,0,0,0
54635,Mon-Tue-Wed-Thu-Fri-Sat-Sun_20260101-20270830,54635,,LUDHIANA JN,0,,54635,0,0,0
54636,Mon-Tue-Wed-Thu-Fri-Sat-Sun_20260101-20270830,54636,,HISAR,0,,54636,0,0,0
54637,Mon-Tue-Wed-Thu-Fri-Sat-Sun_20260101-20270830,54637,,JALANDHAR CITY,0,,54637,0,0,0
54638,Mon-Tue-Wed-Thu-Fri-Sat-Sun_20260101-20270830,54638,,HOSHIARPUR,0,,54638,0,0,0
54641,Mon-Tue-Wed-Thu-Fri-Sat-Sun_20260101-20270830,54641,,FIROZPUR CANT,0,,54641,0,0,0
54642,Mon-Tue-Wed-Thu-Fri-Sat-Sun_20260101-20270830,54642,,BATHINDA,0,,54642,0,0,0
54643,Mon-Tue-Wed-Thu-Fri-Sat-Sun_20260101-20270830,54643,,FIROZPUR CANT,0,,54643,0,0,0
54644,Mon-Tue-Wed-Thu-Fri-Sat-Sun_20260101-20270830,54644,,JALANDHAR CITY,0,,54644,0,0,0
54645,Mon-Tue-Wed-Thu-Fri-Sat-Sun_20260101-20270830,54645,,FIROZPUR CANT,0,,54645,0,0,0
54646,Mon-Tue-Wed-Thu-Fri-Sat-Sun_20260101-20270830,54646,,LUDHIANA JN,0,,54646,0,0,0
54701,Mon-Tue-Wed-Thu-Fri-Sat-Sun_20260303-20270830,54701,,LALGARH JN,0,,54701,0,0,0
54702,Mon-Tue-Wed-Thu-Fri-Sat-Sun_20260303-20270830,54702,,ABOHAR,0,,54702,0,0,0
54703,Mon-Tue-Wed-Thu-Fri-Sat-Sun_20260625-20270830,54703,,JAIPUR JN.,0,,54703,0,0,0
54704,Mon-Tue-Wed-Thu-Fri-Sat-Sun_20260303-20270830,54704,,BATHINDA,0,,54704,0,0,0
54751,Mon-Tue-Wed-Thu-Fri-Sat-Sun_20260601-20270830,54751,,SHRI GANGANAGAR,0,,54751,0,0,0
54752,Mon-Tue-Wed-Thu-Fri-Sat-Sun_20260601-20270830,54752,,HANUMANGARH JN,0,,54752,0,0,0
54753,Mon-Tue-Wed-Thu-Fri-Sat-Sun_20260303-20270830,54753,,SHRI GANGANAGAR,0,,54753,0,0,0
54754,Mon-Tue-Wed-Thu-Fri-Sat-Sun_20260303-20270830,54754,,BATHINDA,0,,54754,0,0,0
54755,Mon-Tue-Wed-Thu-Fri-Sat-Sun_20260303-20270830,54755,,SHRI GANGANAGAR,0,,54755,0,0,0
54756,Mon-Tue-Wed-Thu-Fri-Sat-Sun_20260303-20270830,54756,,BATHINDA,0,,54756,0,0,0
54757,Mon-Tue-Wed-Thu-Fri-Sat-Sun_20260601-20270830,54757,,SADULPUR JN,0,,54757,0,0,0
54758,Mon-Tue-Wed-Thu-Fri-Sat-Sun_20260601-20270830,54758,,HANUMANGARH JN,0,,54758,0,0,0
54759,Mon-Tue-Wed-Thu-Fri-Sat-Sun_20260228-20270830,54759,,SURATGARH JN,0,,54759,0,0,0
54760,Mon-Tue-Wed-Thu-Fri-Sat-Sun_20260228-20270830,54760,,HANUMANGARH JN,0,,54760,0,0,0
54761,Mon-Tue-Wed-Thu-Fri-Sat-Sun_20260228-20270830,54761,,SURATGARH JN,0,,54761,0,0,0
54762,Mon-Tue-Wed-Thu-Fri-Sat-Sun_20260228-20270830,54762,,HANUMANGARH JN,0,,54762,0,0,0
54763,Mon-Tue-Wed-Thu-Fri-Sat-Sun_20260228-20270830,54763,,SHRI GANGANAGAR,0,,54763,0,0,0
54764,Mon-Tue-Wed-Thu-Fri-Sat-Sun_20260228-20270830,54764,,SADULPUR JN,0,,54764,0,0,0
54765,Mon-Tue-Wed-Thu-Fri-Sat-Sun_20260101-20270830,54765,,BATHINDA,0,,54765,0,0,0
54766,Mon-Tue-Wed-Thu-Fri-Sat-Sun_20260101-20270830,54766,,DHURI JN,0,,54766,0,0,0
54767,Mon-Tue-Wed-Thu-Fri-Sat-Sun_20260601-20270830,54767,,SADULPUR JN,0,,54767,0,0,0
54768,Mon-Tue-Wed-Thu-Fri-Sat-Sun_20260601-20270830,54768,,HANUMANGARH JN,0,,54768,0,0,0
54769,Mon-Tue-Wed-Thu-Fri-Sat-Sun_20260601-20270830,54769,,SURATGARH JN,0,,54769,0,0,0
54770,Mon-Tue-Wed-Thu-Fri-Sat-Sun_20260601-20270830,54770,,SHRI GANGANAGAR,0,,54770,0,0,0
54781,Mon-Tue-Wed-Thu-Fri-Sat-Sun_20260228-20270830,54781,,REWARI JN.,0,,54781,0,0,0
54782,Mon-Tue-Wed-Thu-Fri-Sat-Sun_20260228-20270830,54782,,BATHINDA,0,,54782,0,0,0
54785,Mon-Tue-Wed-Thu-Fri-Sat-Sun_20260228-20270830,54785,,FAZILKA,0,,54785,0,0,0
54786,Mon-Tue-Wed-Thu-Fri-Sat-Sun_20260228-20270830,54786,,FIROZPUR CANT,0,,54786,0,0,0
54787,Mon-Tue-Wed-Thu-Fri-Sat-Sun_20260228-20270830,54787,,REWARI JN.,0,,54787,0,0,0
54788,Mon-Tue-Wed-Thu-Fri-Sat-Sun_20260228-20270830,54788,,BHIWANI JN.,0,,54788,0,0,0
54789,Mon-Tue-Wed-Thu-Fri-Sat-Sun_20260507-20270830,54789,,BIKANER JN,0,,54789,0,0,0
54790,Mon-Tue-Wed-Thu-Fri-Sat-Sun_20260628-20270830,54790,,REWARI JN.,0,,54790,0,0,0
54793,Mon-Tue-Wed-Thu-Fri-Sat-Sun_20260101-20270830,54793,,MATHURA JN.,0,,54793,0,0,0
54794,Mon-Tue-Wed-Thu-Fri-Sat-Sun_20260101-20270830,54794,,SAWAI MADHOPUR JN,0,,54794,0,0,0
54803,Mon-Tue-Wed-Thu-Fri-Sat-Sun_20260606-20270830,54803,,REWARI JN.,0,,54803,0,0,0
54804,Mon-Tue-Wed-Thu-Fri-Sat-Sun_20260605-20270830,54804,,SIKAR JN,0,,54804,0,0,0
54813,Mon-Tue-Wed-Thu-Fri-Sat-Sun_20260228-20270830,54813,,BARMER,0,,54813,0,0,0
54814,Mon-Tue-Wed-Thu-Fri-Sat-Sun_20260228-20270830,54814,,JODHPUR JN,0,,54814,0,0,0
54825,Mon-Tue-Wed-Thu-Fri-Sat-Sun_20260228-20270830,54825,,BILARA,0,,54825,0,0,0
54826,Mon-Tue-Wed-Thu-Fri-Sat-Sun_20260228-20270830,54826,,JODHPUR JN,0,,54826,0,0,0
54879,Mon-Tue-Wed-Thu-Fri-Sat-Sun_20260601-20270830,54879,,MUNABAO,0,,54879,0,0,0
54880,Mon-Tue-Wed-Thu-Fri-Sat-Sun_20260601-20270830,54880,,BARMER,0,,54880,0,0,0
54881,Mon-Tue-Wed-Thu-Fri-Sat-Sun_20260228-20270830,54881,,MUNABAO,0,,54881,0,0,0
54882,Mon-Tue-Wed-Thu-Fri-Sat-Sun_20260228-20270830,54882,,BARMER,0,,54882,0,0,0
55031,Mon-Tue-Wed-Thu-Fri-Sat-Sun_20260303-20270830,55031,,GONDA JN,0,,55031,0,0,0
55032,Mon-Tue-Wed-Thu-Fri-Sat-Sun_20260303-20270830,55032,,GORAKHPUR JN,0,,55032,0,0,0
55033,Mon-Tue-Wed-Thu-Fri-Sat-Sun_20260303-20270830,55033,,SITAPUR JN.,0,,55033,0,0,0
55034,Mon-Tue-Wed-Thu-Fri-Sat-Sun_20260303-20270830,55034,,GONDA JN,0,,55034,0,0,0
55035,Mon-Tue-Wed-Thu-Fri-Sat-Sun_20260303-20270830,55035,,GORAKHPUR CANT,0,,55035,0,0,0
55036,Mon-Tue-Wed-Thu-Fri-Sat-Sun_20260604-20270830,55036,,SIWAN JN,0,,55036,0,0,0
55037,Mon-Tue-Wed-Thu-Fri-Sat-Sun_20260303-20270830,55037,,THAWE JN,0,,55037,0,0,0
55038,Mon-Tue-Wed-Thu-Fri-Sat-Sun_20260303-20270830,55038,,SIWAN JN,0,,55038,0,0,0
55039,Mon-Tue-Wed-Thu-Fri-Sat-Sun_20260701-20270830,55039,,BARHNI,0,,55039,0,0,0
55040,Mon-Tue-Wed-Thu-Fri-Sat-Sun_20260303-20270830,55040,,NARKATIAGANJ JN,0,,55040,0,0,0
55041,Mon-Tue-Wed-Thu-Fri-Sat-Sun_20260611-20270830,55041,,GORAKHPUR CANT,0,,55041,0,0,0
55042,Mon-Tue-Wed-Thu-Fri-Sat-Sun_20260611-20270830,55042,,SIWAN JN,0,,55042,0,0,0
55047,Mon-Tue-Wed-Thu-Fri-Sat-Sun_20260609-20270830,55047,,GORAKHPUR CANT,0,,55047,0,0,0
55048,Mon-Tue-Wed-Thu-Fri-Sat-Sun_20260303-20270830,55048,,NARKATIAGANJ JN,0,,55048,0,0,0
55055,Mon-Tue-Wed-Thu-Fri-Sat-Sun_20260615-20270830,55055,,NAKAHA JUNGLE,0,,55055,0,0,0
55056,Mon-Tue-Wed-Thu-Fri-Sat-Sun_20260303-20270830,55056,,CHHAPRA,0,,55056,0,0,0
55059,Mon-Tue-Wed-Thu-Fri-Sat-Sun_20260303-20270830,55059,,SHAHJEHANPUR,0,,55059,0,0,0
55060,Mon-Tue-Wed-Thu-Fri-Sat-Sun_20260303-20270830,55060,,SITAPUR JN.,0,,55060,0,0,0
55061,Mon-Tue-Wed-Thu-Fri-Sat-Sun_20260615-20270830,55061,,AISHBAGH,0,,55061,0,0,0
55062,Mon-Tue-Wed-Thu-Fri-Sat-Sun_20260615-20270830,55062,,GORAKHPUR JN,0,,55062,0,0,0
55069,Mon-Tue-Wed-Thu-Fri-Sat-Sun_20260303-20270830,55069,,NAUTANWA,0,,55069,0,0,0
55070,Mon-Tue-Wed-Thu-Fri-Sat-Sun_20260303-20270830,55070,,GORAKHPUR JN,0,,55070,0,0,0
55071,Mon-Tue-Wed-Thu-Fri-Sat-Sun_20260303-20270830,55071,,NAUTANWA,0,,55071,0,0,0
55072,Mon-Tue-Wed-Thu-Fri-Sat-Sun_20260303-20270830,55072,,NAKAHA JUNGLE,0,,55072,0,0,0
55073,Mon-Tue-Wed-Thu-Fri-Sat-Sun_20260303-20270830,55073,,BARHNI,0,,55073,0,0,0
55074,Mon-Tue-Wed-Thu-Fri-Sat-Sun_20260228-20270830,55074,,GORAKHPUR JN,0,,55074,0,0,0
55075,Mon-Tue-Wed-Thu-Fri-Sat-Sun_20260303-20270830,55075,,BARHNI,0,,55075,0,0,0
55076,Mon-Tue-Wed-Thu-Fri-Sat-Sun_20260303-20270830,55076,,NAKAHA JUNGLE,0,,55076,0,0,0
55081,Mon-Tue-Wed-Thu-Fri-Sat-Sun_20260727-20270830,55081,,SITAPUR JN.,0,,55081,0,0,0
55082,Mon-Tue-Wed-Thu-Fri-Sat-Sun_20260727-20270830,55082,,MAILANI,0,,55082,0,0,0
55083,Mon-Tue-Wed-Thu-Fri-Sat-Sun_20260727-20270830,55083,,DALIGANJ JN.,0,,55083,0,0,0
55084,Mon-Tue-Wed-Thu-Fri-Sat-Sun_20260727-20270830,55084,,MAILANI,0,,55084,0,0,0
55085,Mon-Tue-Wed-Thu-Fri-Sat-Sun_20260727-20270830,55085,,DALIGANJ JN.,0,,55085,0,0,0
55086,Mon-Tue-Wed-Thu-Fri-Sat-Sun_20260727-20270830,55086,,PILIBHIT JN,0,,55086,0,0,0
55087,Mon-Tue-Wed-Thu-Fri-Sat-Sun_20260727-20270830,55087,,DALIGANJ JN.,0,,55087,0,0,0
55088,Mon-Tue-Wed-Thu-Fri-Sat-Sun_20260727-20270830,55088,,MAILANI,0,,55088,0,0,0
55089,Mon-Tue-Wed-Thu-Fri-Sat-Sun_20260303-20270830,55089,,GOMTI NAGAR,0,,55089,0,0,0
55090,Mon-Tue-Wed-Thu-Fri-Sat-Sun_20260303-20270830,55090,,SITAPUR JN.,0,,55090,0,0,0
55091,Mon-Tue-Wed-Thu-Fri-Sat-Sun_20260303-20270830,55091,,SITAPUR CITY,0,,55091,0,0,0
55092,Mon-Tue-Wed-Thu-Fri-Sat-Sun_20260303-20270830,55092,,GONDA JN,0,,55092,0,0,0
55093,Mon-Tue-Wed-Thu-Fri-Sat-Sun_20260303-20270830,55093,,GONDA JN,0,,55093,0,0,0
55094,Mon-Tue-Wed-Thu-Fri-Sat-Sun_20260303-20270830,55094,,GORAKHPUR JN,0,,55094,0,0,0
55095,Mon-Tue-Wed-Thu-Fri-Sat-Sun_20260609-20270830,55095,,GORAKHPUR CANT,0,,55095,0,0,0
55096,Mon-Tue-Wed-Thu-Fri-Sat-Sun_20260303-20270830,55096,,NARKATIAGANJ JN,0,,55096,0,0,0
55097,Mon-Tue-Wed-Thu-Fri-Sat-Sun_20260303-20270830,55097,,GORAKHPUR CANT,0,,55097,0,0,0
55098,Mon-Tue-Wed-Thu-Fri-Sat-Sun_20260303-20270830,55098,,NARKATIAGANJ JN,0,,55098,0,0,0
55101,Mon-Tue-Wed-Thu-Fri-Sat-Sun_20260307-20270830,55101,,MAU JN,0,,55101,0,0,0
55102,Mon-Tue-Wed-Thu-Fri-Sat-Sun_20260305-20270830,55102,,CHHAPRA KACHERI,0,,55102,0,0,0
55103,Mon-Tue-Wed-Thu-Fri-Sat-Sun_20260304-20270830,55103,,CHHAPRA KACHERI,0,,55103,0,0,0
55104,Mon-Tue-Wed-Thu-Fri-Sat-Sun_20260304-20270830,55104,,THAWE JN,0,,55104,0,0,0
55105,Mon-Tue-Wed-Thu-Fri-Sat-Sun_20260603-20270830,55105,,THAWE JN,0,,55105,0,0,0
55106,Mon-Tue-Wed-Thu-Fri-Sat-Sun_20260603-20270830,55106,,CHHAPRA KACHERI,0,,55106,0,0,0
55107,Mon-Tue-Wed-Thu-Fri-Sat-Sun_20260304-20270830,55107,,KAPTANGANJ JN,0,,55107,0,0,0
55108,Mon-Tue-Wed-Thu-Fri-Sat-Sun_20260304-20270830,55108,,THAWE JN,0,,55108,0,0,0
55109,Mon-Tue-Wed-Thu-Fri-Sat-Sun_20260304-20270830,55109,,CHHAPRA KACHERI,0,,55109,0,0,0
55110,Mon-Tue-Wed-Thu-Fri-Sat-Sun_20260304-20270830,55110,,THAWE JN,0,,55110,0,0,0
55111,Mon-Tue-Wed-Thu-Fri-Sat-Sun_20260602-20270830,55111,,THAWE JN,0,,55111,0,0,0
55112,Mon-Tue-Wed-Thu-Fri-Sat-Sun_20260603-20270830,55112,,MASRAKH,0,,55112,0,0,0
55113,Mon-Tue-Wed-Thu-Fri-Sat-Sun_20260304-20270830,55113,,THAWE JN,0,,55113,0,0,0
55114,Mon-Tue-Wed-Thu-Fri-Sat-Sun_20260304-20270830,55114,,SIWAN JN,0,,55114,0,0,0
55115,Mon-Tue-Wed-Thu-Fri-Sat-Sun_20260304-20270830,55115,,KAPTANGANJ JN,0,,55115,0,0,0
55116,Mon-Tue-Wed-Thu-Fri-Sat-Sun_20260304-20270830,55116,,THAWE JN,0,,55116,0,0,0
55121,Mon-Tue-Wed-Thu-Fri-Sat-Sun_20260304-20270830,55121,,SIWAN JN,0,,55121,0,0,0
55122,Mon-Tue-Wed-Thu-Fri-Sat-Sun_20260304-20270830,55122,,SAMASTIPUR JN,0,,55122,0,0,0
55123,Mon-Tue-Wed-Thu-Fri-Sat-Sun_20260304-20270830,55123,,BARHAJ BAZAR,0,,55123,0,0,0
55124,Mon-Tue-Wed-Thu-Fri-Sat-Sun_20260304-20270830,55124,,BHATNI JN,0,,55124,0,0,0
55125,Mon-Tue-Wed-Thu-Fri-Sat-Sun_20260304-20270830,55125,,BARHAJ BAZAR,0,,55125,0,0,0
55126,Mon-Tue-Wed-Thu-Fri-Sat-Sun_20260304-20270830,55126,,SALEMPUR JN,0,,55126,0,0,0
55127,Mon-Tue-Wed-Thu-Fri-Sat-Sun_20260304-20270830,55127,,BARHAJ BAZAR,0,,55127,0,0,0
55128,Mon-Tue-Wed-Thu-Fri-Sat-Sun_20260304-20270830,55128,,SALEMPUR JN,0,,55128,0,0,0
55129,Mon-Tue-Wed-Thu-Fri-Sat-Sun_20260304-20270830,55129,,BARHAJ BAZAR,0,,55129,0,0,0
55130,Mon-Tue-Wed-Thu-Fri-Sat-Sun_20260304-20270830,55130,,BHATNI JN,0,,55130,0,0,0
55131,Mon-Tue-Wed-Thu-Fri-Sat-Sun_20260304-20270830,55131,,PRAYAGRAJ RAMBAG,0,,55131,0,0,0
55132,Mon-Tue-Wed-Thu-Fri-Sat-Sun_20260304-20270830,55132,,BALLIA,0,,55132,0,0,0
55133,Mon-Tue-Wed-Thu-Fri-Sat-Sun_20260304-20270830,55133,,SHAHGANJ JN,0,,55133,0,0,0
55134,Mon-Tue-Wed-Thu-Fri-Sat-Sun_20260304-20270830,55134,,BALLIA,0,,55134,0,0,0
55135,Mon-Tue-Wed-Thu-Fri-Sat-Sun_20260304-20270830,55135,,SHAHGANJ JN,0,,55135,0,0,0
55136,Mon-Tue-Wed-Thu-Fri-Sat-Sun_20260304-20270830,55136,,BALLIA,0,,55136,0,0,0
55137,Mon-Tue-Wed-Thu-Fri-Sat-Sun_20260304-20270830,55137,,VARANASI CITY,0,,55137,0,0,0
55138,Mon-Tue-Wed-Thu-Fri-Sat-Sun_20260304-20270830,55138,,BHATNI JN,0,,55138,0,0,0
55139,Mon-Tue-Wed-Thu-Fri-Sat-Sun_20260410-20270830,55139,,VARANASI CITY,0,,55139,0,0,0
55140,Mon-Tue-Wed-Thu-Fri-Sat-Sun_20260410-20270830,55140,,CHHAPRA,0,,55140,0,0,0
55141,Mon-Tue-Wed-Thu-Fri-Sat-Sun_20260307-20270830,55141,,MAA BELHA DEVI DHAM PRATAPGARH,0,,55141,0,0,0
55142,Mon-Tue-Wed-Thu-Fri-Sat-Sun_20260303-20270830,55142,,BANARAS,0,,55142,0,0,0
55301,Mon-Tue-Wed-Thu-Fri-Sat-Sun_20260228-20270830,55301,,LALKUA JN.,0,,55301,0,0,0
55302,Mon-Tue-Wed-Thu-Fri-Sat-Sun_20260228-20270830,55302,,MORADABAD,0,,55302,0,0,0
55303,Mon-Tue-Wed-Thu-Fri-Sat-Sun_20260805-20270830,55303,,LALKUA JN.,0,,55303,0,0,0
55304,Mon-Tue-Wed-Thu-Fri-Sat-Sun_20260228-20270830,55304,,MORADABAD,0,,55304,0,0,0
55305,Mon-Tue-Wed-Thu-Fri-Sat-Sun_20260228-20270830,55305,,RAMNAGAR,0,,55305,0,0,0
55306,Mon-Tue-Wed-Thu-Fri-Sat-Sun_20260228-20270830,55306,,KASHIPUR,0,,55306,0,0,0
55307,Mon-Tue-Wed-Thu-Fri-Sat-Sun_20260411-20270830,55307,,RAMNAGAR,0,,55307,0,0,0
55308,Mon-Tue-Wed-Thu-Fri-Sat-Sun_20260301-20270830,55308,,KASGANJ,0,,55308,0,0,0
55309,Mon-Tue-Wed-Thu-Fri-Sat-Sun_20260301-20270830,55309,,KASHIPUR,0,,55309,0,0,0
55310,Mon-Tue-Wed-Thu-Fri-Sat-Sun_20260411-20270830,55310,,LALKUA JN.,0,,55310,0,0,0
55311,Mon-Tue-Wed-Thu-Fri-Sat-Sun_20260301-20270830,55311,,LALKUA JN.,0,,55311,0,0,0
55312,Mon-Tue-Wed-Thu-Fri-Sat-Sun_20260301-20270830,55312,,KASGANJ,0,,55312,0,0,0
55313,Mon-Tue-Wed-Thu-Fri-Sat-Sun_20260301-20270830,55313,,LALKUA JN.,0,,55313,0,0,0
55314,Mon-Tue-Wed-Thu-Fri-Sat-Sun_20260301-20270830,55314,,BAREILLY CITY,0,,55314,0,0,0
55315,Mon-Tue-Wed-Thu-Fri-Sat-Sun_20260301-20270830,55315,,PILIBHIT JN,0,,55315,0,0,0
55316,Mon-Tue-Wed-Thu-Fri-Sat-Sun_20260727-20270830,55316,,BAREILLY CITY,0,,55316,0,0,0
55317,Mon-Tue-Wed-Thu-Fri-Sat-Sun_20260301-20270830,55317,,PILIBHIT JN,0,,55317,0,0,0
55318,Mon-Tue-Wed-Thu-Fri-Sat-Sun_20260301-20270830,55318,,BAREILLY CITY,0,,55318,0,0,0
55319,Mon-Tue-Wed-Thu-Fri-Sat-Sun_20260727-20270830,55319,,PILIBHIT JN,0,,55319,0,0,0
55320,Mon-Tue-Wed-Thu-Fri-Sat-Sun_20260301-20270830,55320,,BAREILLY JN,0,,55320,0,0,0
55321,Mon-Tue-Wed-Thu-Fri-Sat-Sun_20260301-20270830,55321,,TANAKPUR,0,,55321,0,0,0
55322,Mon-Tue-Wed-Thu-Fri-Sat-Sun_20260707-20270830,55322,,SHAHJAHANPUR JN.,0,,55322,0,0,0
55323,Mon-Tue-Wed-Thu-Fri-Sat-Sun_20260707-20270830,55323,,TANAKPUR,0,,55323,0,0,0
55324,Mon-Tue-Wed-Thu-Fri-Sat-Sun_20260301-20270830,55324,,PILIBHIT JN,0,,55324,0,0,0
55325,Mon-Tue-Wed-Thu-Fri-Sat-Sun_20260301-20270830,55325,,TANAKPUR,0,,55325,0,0,0
55326,Mon-Tue-Wed-Thu-Fri-Sat-Sun_20260301-20270830,55326,,PILIBHIT JN,0,,55326,0,0,0
55327,Mon-Tue-Wed-Thu-Fri-Sat-Sun_20260301-20270830,55327,,BAREILLY CITY,0,,55327,0,0,0
55328,Mon-Tue-Wed-Thu-Fri-Sat-Sun_20260301-20270830,55328,,KASGANJ,0,,55328,0,0,0
55329,Mon-Tue-Wed-Thu-Fri-Sat-Sun_20260301-20270830,55329,,BAREILLY CITY,0,,55329,0,0,0
55330,Mon-Tue-Wed-Thu-Fri-Sat-Sun_20260727-20270830,55330,,KASGANJ,0,,55330,0,0,0
55331,Mon-Tue-Wed-Thu-Fri-Sat-Sun_20260821-20270830,55331,,ACHHNERA JN,0,,55331,0,0,0
55332,Mon-Tue-Wed-Thu-Fri-Sat-Sun_20260821-20270830,55332,,KASGANJ,0,,55332,0,0,0
55333,Mon-Tue-Wed-Thu-Fri-Sat-Sun_20260301-20270830,55333,,AGRA FORT,0,,55333,0,0,0
55334,Mon-Tue-Wed-Thu-Fri-Sat-Sun_20260301-20270830,55334,,KASGANJ,0,,55334,0,0,0
55335,Mon-Tue-Wed-Thu-Fri-Sat-Sun_20260730-20270830,55335,,MATHURA JN.,0,,55335,0,0,0
55336,Mon-Tue-Wed-Thu-Fri-Sat-Sun_20260730-20270830,55336,,KASGANJ,0,,55336,0,0,0
55337,Mon-Tue-Wed-Thu-Fri-Sat-Sun_20260301-20270830,55337,,BHARATPUR JN,0,,55337,0,0,0
55338,Mon-Tue-Wed-Thu-Fri-Sat-Sun_20260301-20270830,55338,,KASGANJ,0,,55338,0,0,0
55339,Mon-Tue-Wed-Thu-Fri-Sat-Sun_20260301-20260831,55339,,ACHHNERA JN,0,,55339,0,0,0
55340,Mon-Tue-Wed-Thu-Fri-Sat-Sun_20260302-20260901,55340,,KASGANJ,0,,55340,0,0,0
55341,Mon-Tue-Wed-Thu-Fri-Sat-Sun_20260301-20270830,55341,,KASGANJ,0,,55341,0,0,0
55342,Mon-Tue-Wed-Thu-Fri-Sat-Sun_20260303-20270830,55342,,SHIKOHABAD JN,0,,55342,0,0,0
55343,Mon-Tue-Wed-Thu-Fri-Sat-Sun_20260301-20270830,55343,,KASGANJ,0,,55343,0,0,0
55344,Mon-Tue-Wed-Thu-Fri-Sat-Sun_20260301-20270830,55344,,FARRUKHABAD,0,,55344,0,0,0
55345,Mon-Tue-Wed-Thu-Fri-Sat-Sun_20260301-20270830,55345,,KASGANJ,0,,55345,0,0,0
55346,Mon-Tue-Wed-Thu-Fri-Sat-Sun_20260301-20270830,55346,,LUCKNOW,0,,55346,0,0,0
55347,Mon-Tue-Wed-Thu-Fri-Sat-Sun_20260301-20270830,55347,,FARRUKHABAD,0,,55347,0,0,0
55348,Mon-Tue-Wed-Thu-Fri-Sat-Sun_20260301-20270830,55348,,KANPUR ANWRGANJ,0,,55348,0,0,0
55349,Mon-Tue-Wed-Thu-Fri-Sat-Sun_20260301-20270830,55349,,SHAHJEHANPUR,0,,55349,0,0,0
55350,Mon-Tue-Wed-Thu-Fri-Sat-Sun_20260301-20270830,55350,,PILIBHIT JN,0,,55350,0,0,0
55351,Mon-Tue-Wed-Thu-Fri-Sat-Sun_20260707-20270830,55351,,SHAHJAHANPUR JN.,0,,55351,0,0,0
55352,Mon-Tue-Wed-Thu-Fri-Sat-Sun_20260301-20270830,55352,,PILIBHIT JN,0,,55352,0,0,0
55353,Mon-Tue-Wed-Thu-Fri-Sat-Sun_20260301-20270830,55353,,SHAHJEHANPUR,0,,55353,0,0,0
55354,Mon-Tue-Wed-Thu-Fri-Sat-Sun_20260301-20270830,55354,,PILIBHIT JN,0,,55354,0,0,0
55357,Mon-Tue-Wed-Thu-Fri-Sat-Sun_20260727-20270830,55357,,MAILANI,0,,55357,0,0,0
55358,Mon-Tue-Wed-Thu-Fri-Sat-Sun_20260727-20270830,55358,,PILIBHIT JN,0,,55358,0,0,0
55359,Mon-Tue-Wed-Thu-Fri-Sat-Sun_20260301-20270830,55359,,MAILANI,0,,55359,0,0,0
55360,Mon-Tue-Wed-Thu-Fri-Sat-Sun_20260301-20270830,55360,,PILIBHIT JN,0,,55360,0,0,0
55361,Mon-Tue-Wed-Thu-Fri-Sat-Sun_20260301-20270830,55361,,MAILANI,0,,55361,0,0,0
55362,Mon-Tue-Wed-Thu-Fri-Sat-Sun_20260727-20270830,55362,,PILIBHIT JN,0,,55362,0,0,0
55363,Mon-Tue-Wed-Thu-Fri-Sat-Sun_20260301-20270830,55363,,SHAHJEHANPUR,0,,55363,0,0,0
55364,Mon-Tue-Wed-Thu-Fri-Sat-Sun_20260301-20270830,55364,,PILIBHIT JN,0,,55364,0,0,0
55421,Mon-Tue-Wed-Thu-Fri-Sat-Sun_20260101-20270830,55421,,BALURGHAT,0,,55421,0,0,0
55422,Mon-Tue-Wed-Thu-Fri-Sat-Sun_20260101-20270830,55422,,MALDA TOWN,0,,55422,0,0,0
55465,Mon-Tue-Wed-Thu-Fri-Sat-Sun_20260101-20270830,55465,,BAMANHAT,0,,55465,0,0,0
55466,Mon-Tue-Wed-Thu-Fri-Sat-Sun_20260101-20270830,55466,,ALIPUR DUAR JN,0,,55466,0,0,0
55501,Mon-Tue-Wed-Thu-Fri-Sat-Sun_20260228-20270830,55501,,LAUKAHA BAZAR,0,,55501,0,0,0
55502,Mon-Tue-Wed-Thu-Fri-Sat-Sun_20260228-20270830,55502,,JHANJHARPUR,0,,55502,0,0,0
55503,Mon-Tue-Wed-Thu-Fri-Sat-Sun_20260228-20270830,55503,,LAUKAHA BAZAR,0,,55503,0,0,0
55504,Mon-Tue-Wed-Thu-Fri-Sat-Sun_20260228-20270830,55504,,JHANJHARPUR,0,,55504,0,0,0
55513,Mon-Tue-Wed-Thu-Fri-Sat-Sun_20260228-20270830,55513,,JAYNAGAR,0,,55513,0,0,0
55514,Mon-Tue-Wed-Thu-Fri-Sat-Sun_20260228-20270830,55514,,SAMASTIPUR JN,0,,55514,0,0,0
55515,Mon-Tue-Wed-Thu-Fri-Sat-Sun_20260718-20270830,55515,,THAWE JN,0,,55515,0,0,0
55516,Mon-Tue-Wed-Thu-Fri-Sat-Sun_20260718-20270830,55516,,PATNA JN,0,,55516,0,0,0
55517,Mon-Tue-Wed-Thu-Fri-Sat-Sun_20260228-20270830,55517,,JAYNAGAR,0,,55517,0,0,0
55518,Mon-Tue-Wed-Thu-Fri-Sat-Sun_20260228-20270830,55518,,DARBHANGA JN,0,,55518,0,0,0
55519,Mon-Tue-Wed-Thu-Fri-Sat-Sun_20260228-20270830,55519,,JAYNAGAR,0,,55519,0,0,0
55520,Mon-Tue-Wed-Thu-Fri-Sat-Sun_20260228-20270830,55520,,SAMASTIPUR JN,0,,55520,0,0,0
55521,Mon-Tue-Wed-Thu-Fri-Sat-Sun_20260101-20270830,55521,,SAHARSA JN,0,,55521,0,0,0
55522,Mon-Tue-Wed-Thu-Fri-Sat-Sun_20260101-20270830,55522,,TRIVENIGANJ,0,,55522,0,0,0
55523,Mon-Tue-Wed-Thu-Fri-Sat-Sun_20260101-20270830,55523,,SAMASTIPUR JN,0,,55523,0,0,0
55524,Mon-Tue-Wed-Thu-Fri-Sat-Sun_20260101-20270830,55524,,SAHARSA JN,0,,55524,0,0,0
55565,Mon-Tue-Wed-Thu-Fri-Sat-Sun_20260228-20270830,55565,,SAMASTIPUR JN,0,,55565,0,0,0
55566,Mon-Tue-Wed-Thu-Fri-Sat-Sun_20260228-20270830,55566,,SAHARSA JN,0,,55566,0,0,0
55569,Mon-Tue-Wed-Thu-Fri-Sat-Sun_20260228-20270830,55569,,SAHARSA JN,0,,55569,0,0,0
55570,Mon-Tue-Wed-Thu-Fri-Sat-Sun_20260228-20270830,55570,,PURNIA COURT,0,,55570,0,0,0
55577,Mon-Tue-Wed-Thu-Fri-Sat-Sun_20260228-20270830,55577,,RAXAUL JN,0,,55577,0,0,0
55578,Mon-Tue-Wed-Thu-Fri-Sat-Sun_20260228-20270830,55578,,SAMASTIPUR JN,0,,55578,0,0,0
55581,Mon-Tue-Wed-Thu-Fri-Sat-Sun_20260227-20270830,55581,,SITAMARHI,0,,55581,0,0,0
55582,Mon-Tue-Wed-Thu-Fri-Sat-Sun_20260227-20270830,55582,,RAXAUL JN,0,,55582,0,0,0
55583,Mon-Tue-Wed-Thu-Fri-Sat-Sun_20260227-20270830,55583,,NARKATIAGANJ JN,0,,55583,0,0,0
55584,Mon-Tue-Wed-Thu-Fri-Sat-Sun_20260227-20270830,55584,,RAXAUL JN,0,,55584,0,0,0
55585,Mon-Tue-Wed-Thu-Fri-Sat-Sun_20260227-20270830,55585,,NARKATIAGANJ JN,0,,55585,0,0,0
55586,Mon-Tue-Wed-Thu-Fri-Sat-Sun_20260227-20270830,55586,,RAXAUL JN,0,,55586,0,0,0
55587,Mon-Tue-Wed-Thu-Fri-Sat-Sun_20260227-20270830,55587,,NARKATIAGANJ JN,0,,55587,0,0,0
55588,Mon-Tue-Wed-Thu-Fri-Sat-Sun_20260227-20270830,55588,,RAXAUL JN,0,,55588,0,0,0
55601,Fri-Sat-Sun_20260101-20270830,55601,,LUMDING JN,0,,55601,0,0,0
55602,Mon-Sat-Sun_20260502-20270830,55602,,GUWAHATI,0,,55602,0,0,0
55603,Mon-Tue-Wed-Thu-Fri-Sat-Sun_20260101-20270830,55603,,MAIRABARI,0,,55603,0,0,0
55604,Mon-Tue-Wed-Thu-Fri-Sat-Sun_20260430-20270830,55604,,GUWAHATI,0,,55604,0,0,0
55605,Tue-Thu_20260101-20270830,55605,,SUKHOVI,0,,55605,0,0,0
55606,Wed-Fri_20260503-20270830,55606,,GUWAHATI,0,,55606,0,0,0
55607,Tue-Thu_20260101-20270830,55607,,GUWAHATI,0,,55607,0,0,0
55608,Mon-Wed_20260101-20270830,55608,,MENDIPATHAR,0,,55608,0,0,0
55619,Mon-Tue-Wed-Thu-Fri-Sat-Sun_20260101-20270830,55619,,GUWAHATI,0,,55619,0,0,0
55620,Mon-Tue-Wed-Thu-Fri-Sat-Sun_20260101-20270830,55620,,MENDIPATHAR,0,,55620,0,0,0
55661,Mon-Tue-Wed-Thu-Sat-Sun_20260430-20270830,55661,,SILCHAR,0,,55661,0,0,0
55662,Mon-Tue-Wed-Thu-Sat-Sun_20260101-20270830,55662,,MAISHASHAN,0,,55662,0,0,0
55665,Mon-Tue-Wed-Thu-Fri-Sat-Sun_20260101-20270830,55665,,VANGAICHUNGPAO,0,,55665,0,0,0
55666,Mon-Tue-Wed-Thu-Fri-Sat-Sun_20260101-20270830,55666,,SILCHAR,0,,55666,0,0,0
55667,Mon-Tue-Wed-Thu-Fri-Sat-Sun_20260430-20270830,55667,,BHAIRABI,0,,55667,0,0,0
55668,Mon-Tue-Wed-Thu-Fri-Sat-Sun_20260430-20270830,55668,,SILCHAR,0,,55668,0,0,0
55669,Mon-Tue-Wed-Fri-Sat_20260220-20270830,55669,,SAIRANG,0,,55669,0,0,0
55670,Tue-Wed-Thu-Sat-Sun_20260430-20270830,55670,,SILCHAR,0,,55670,0,0,0
55675,Mon-Tue-Wed-Thu-Fri-Sat-Sun_20260101-20270830,55675,,DHARMANAGAR,0,,55675,0,0,0
55676,Mon-Tue-Wed-Thu-Fri-Sat-Sun_20260101-20270830,55676,,AGARTALA,0,,55676,0,0,0
55677,Tue-Fri_20260505-20270830,55677,,DHARMANAGAR,0,,55677,0,0,0
55678,Wed-Sat_20260502-20270830,55678,,SILCHAR,0,,55678,0,0,0
55685,Mon-Tue-Wed-Thu-Fri-Sat_20260101-20270830,55685,,SILCHAR,0,,55685,0,0,0
55686,Mon-Tue-Wed-Thu-Fri-Sat_20260101-20270830,55686,,MAISHASHAN,0,,55686,0,0,0
55687,Tue-Wed-Thu-Sat-Sun_20260101-20270830,55687,,SILCHAR,0,,55687,0,0,0
55688,Mon-Tue-Wed-Fri-Sat_20260501-20270830,55688,,DULLABCHERRA,0,,55688,0,0,0
55689,Mon-Tue-Wed-Fri-Sat_20260101-20270830,55689,,BADARPUR JN.,0,,55689,0,0,0
55690,Mon-Tue-Wed-Fri-Sat_20260101-20270830,55690,,DULLABCHERRA,0,,55690,0,0,0
55701,Mon-Tue-Wed-Thu-Fri-Sat-Sun_20260101-20270830,55701,,KATIHAR JN,0,,55701,0,0,0
55702,Mon-Tue-Wed-Thu-Fri-Sat-Sun_20260101-20270830,55702,,MALDA TOWN,0,,55702,0,0,0
55703,Mon-Tue-Wed-Thu-Fri-Sat-Sun_20260101-20270830,55703,,KATIHAR JN,0,,55703,0,0,0
55704,Mon-Tue-Wed-Thu-Fri-Sat-Sun_20260101-20270830,55704,,MALDA COURT,0,,55704,0,0,0
55707,Mon-Tue-Wed-Thu-Fri-Sat-Sun_20260101-20270830,55707,,KATIHAR JN,0,,55707,0,0,0
55708,Mon-Tue-Wed-Thu-Fri-Sat-Sun_20260101-20270830,55708,,RADHIKAPUR,0,,55708,0,0,0
55727,Mon-Tue-Wed-Thu-Fri-Sat-Sun_20260101-20270830,55727,,RADHIKAPUR,0,,55727,0,0,0
55728,Mon-Tue-Wed-Thu-Fri-Sat-Sun_20260101-20270830,55728,,KATIHAR JN,0,,55728,0,0,0
55729,Mon-Tue-Wed-Thu-Fri-Sat-Sun_20260101-20270830,55729,,RADHIKAPUR,0,,55729,0,0,0
55730,Mon-Tue-Wed-Thu-Fri-Sat-Sun_20260101-20270830,55730,,KATIHAR JN,0,,55730,0,0,0
55769,Mon-Tue-Wed-Thu-Fri-Sat-Sun_20260101-20270830,55769,,KATIHAR JN,0,,55769,0,0,0
55770,Mon-Tue-Wed-Thu-Fri-Sat-Sun_20260101-20270830,55770,,MALDA COURT,0,,55770,0,0,0
55801,Mon-Tue-Wed-Thu-Fri-Sat-Sun_20260505-20270830,55801,,GUWAHATI,0,,55801,0,0,0
55802,Mon-Tue-Wed-Thu-Fri-Sat-Sun_20260101-20270830,55802,,NEW BONGAIGAON,0,,55802,0,0,0
55803,Mon-Tue-Wed-Thu-Fri-Sat-Sun_20260101-20270830,55803,,GUWAHATI,0,,55803,0,0,0
55804,Mon-Tue-Wed-Thu-Fri-Sat-Sun_20260101-20270830,55804,,NEW BONGAIGAON,0,,55804,0,0,0
55809,Mon-Tue-Wed-Thu-Fri-Sat-Sun_20260430-20270830,55809,,GUWAHATI,0,,55809,0,0,0
55810,Mon-Tue-Wed-Thu-Fri-Sat-Sun_20260101-20270830,55810,,NEW BONGAIGAON,0,,55810,0,0,0
55817,Mon-Tue-Wed-Thu-Fri-Sat-Sun_20260101-20270830,55817,,GUWAHATI,0,,55817,0,0,0
55818,Mon-Tue-Wed-Thu-Fri-Sat-Sun_20260507-20270830,55818,,NEW BONGAIGAON,0,,55818,0,0,0
55819,Mon-Tue-Wed-Fri-Sat_20260101-20270830,55819,,BHALUKPONG,0,,55819,0,0,0
55820,Mon-Tue-Wed-Fri-Sat_20260101-20270830,55820,,DEKARGAON,0,,55820,0,0,0
55821,Mon-Tue-Wed-Thu-Fri-Sat-Sun_20260101-20270830,55821,,DEKARGAON,0,,55821,0,0,0
55822,Mon-Tue-Wed-Thu-Fri-Sat-Sun_20260101-20270830,55822,,RANGIYA JN.,0,,55822,0,0,0
55823,Mon-Tue-Wed-Thu-Fri-Sat-Sun_20260101-20270830,55823,,DEKARGAON,0,,55823,0,0,0
55824,Mon-Tue-Wed-Thu-Fri-Sat-Sun_20260507-20270830,55824,,RANGAPARA NORTH,0,,55824,0,0,0
55861,Mon-Tue-Wed-Thu-Fri-Sat-Sun_20260101-20270830,55861,,DEKARGAON,0,,55861,0,0,0
55862,Mon-Tue-Wed-Thu-Fri-Sat-Sun_20260101-20270830,55862,,RANGIYA JN.,0,,55862,0,0,0
55893,Mon-Tue-Wed-Thu-Fri-Sat-Sun_20260505-20270830,55893,,RANGAPARA NORTH,0,,55893,0,0,0
55894,Mon-Tue-Wed-Thu-Fri-Sat-Sun_20260101-20270830,55894,,RANGIYA JN.,0,,55894,0,0,0
55909,Mon-Tue-Wed-Thu-Fri-Sat_20260101-20270830,55909,,DIBRUGARH,0,,55909,0,0,0
55910,Mon-Tue-Wed-Thu-Fri-Sat_20260101-20270830,55910,,SIMALUGURI JN,0,,55910,0,0,0
55913,Mon-Tue-Wed-Thu-Fri-Sat_20260101-20270830,55913,,TINSUKIA JN.,0,,55913,0,0,0
55914,Mon-Tue-Wed-Thu-Fri-Sun_20260101-20270830,55914,,JORHAT TOWN,0,,55914,0,0,0
56001,Mon-Tue-Wed-Thu-Fri-Sat-Sun_20260316-20270830,56001,,MANNARGUDI,0,,56001,0,0,0
56002,Mon-Tue-Wed-Thu-Fri-Sat-Sun_20260316-20270830,56002,,THIRUVARUR JN,0,,56002,0,0,0
56003,Mon-Tue-Wed-Thu-Fri-Sat-Sun_20260303-20270830,56003,,TIRUCHENDUR,0,,56003,0,0,0
56004,Mon-Tue-Wed-Thu-Fri-Sat-Sun_20260303-20270830,56004,,TIRUNELVELI JN,0,,56004,0,0,0
56005,Mon-Tue-Wed-Thu-Fri-Sat-Sun_20260303-20270830,56005,,KOTTAYAM,0,,56005,0,0,0
56006,Mon-Tue-Wed-Thu-Fri-Sat-Sun_20260303-20270830,56006,,ERNAKULAM JN,0,,56006,0,0,0
56007,Mon-Tue-Wed-Thu-Fri-Sat-Sun_20260520-20270830,56007,,VELLANKANNI,0,,56007,0,0,0
56008,Mon-Tue-Wed-Thu-Fri-Sat-Sun_20260521-20270830,56008,,MAYILADUTURAI JN,0,,56008,0,0,0
56009,Mon-Tue-Wed-Thu-Fri-Sat-Sun_20260521-20270830,56009,,KARAIKAL,0,,56009,0,0,0
56010,Mon-Tue-Wed-Thu-Fri-Sat-Sun_20260520-20270830,56010,,MAYILADUTURAI JN,0,,56010,0,0,0
56101,Mon-Tue-Wed-Thu-Fri-Sat-Sun_20260303-20270830,56101,,NAGERCOIL JUNCTION,0,,56101,0,0,0
56102,Mon-Tue-Wed-Thu-Fri-Sat-Sun_20260303-20270830,56102,,KOLLAM JN,0,,56102,0,0,0
56103,Mon-Tue-Wed-Thu-Fri-Sat-Sun_20260303-20270830,56103,,METTUR DAM,0,,56103,0,0,0
56104,Mon-Tue-Wed-Thu-Fri-Sat-Sun_20260303-20270830,56104,,ERODE JN,0,,56104,0,0,0
56105,Mon-Tue-Wed-Thu-Fri-Sat-Sun_20260303-20270830,56105,,ERODE JN,0,,56105,0,0,0
56106,Mon-Tue-Wed-Thu-Fri-Sat-Sun_20260303-20270830,56106,,TIRUCHCHIRAPPALLI JN.,0,,56106,0,0,0
56107,Mon-Tue-Wed-Thu-Fri-Sat-Sun_20260303-20270830,56107,,ERODE JN,0,,56107,0,0,0
56108,Mon-Tue-Wed-Thu-Fri-Sat-Sun_20260303-20270830,56108,,JOLARPETTAI JN.,0,,56108,0,0,0
56109,Mon-Tue-Wed-Thu-Fri-Sat-Sun_20260303-20270830,56109,,POLLACHI JN.,0,,56109,0,0,0
56110,Mon-Tue-Wed-Thu-Fri-Sat-Sun_20260303-20270830,56110,,COIMBATORE JN,0,,56110,0,0,0
56111,Mon-Tue-Wed-Thu-Fri-Sat-Sun_20260101-20270830,56111,,TIRUCHCHIRAPPALLI JN.,0,,56111,0,0,0
56112,Mon-Tue-Wed-Thu-Fri-Sat-Sun_20260422-20270830,56112,,VILLUPURAM JN,0,,56112,0,0,0
56113,Mon-Tue-Wed-Thu-Fri-Sat-Sun_20260303-20270830,56113,,POLLACHI JN.,0,,56113,0,0,0
56114,Mon-Tue-Wed-Thu-Fri-Sat-Sun_20260303-20270830,56114,,COIMBATORE JN,0,,56114,0,0,0
56115,Mon-Tue-Wed-Thu-Fri-Sat-Sun_20260126-20270830,56115,,GURUVAYUR,0,,56115,0,0,0
56116,Mon-Tue-Wed-Thu-Fri-Sat-Sun_20260126-20270830,56116,,THRISUR,0,,56116,0,0,0
56136,Mon-Tue-Wed-Thu-Fri-Sat-Sun_20260303-20270830,56136,,UDAGAMANDALAM,0,,56136,0,0,0
56137,Mon-Tue-Wed-Thu-Fri-Sat-Sun_20260303-20270830,56137,,METUPALAIYAM,0,,56137,0,0,0
56138,Mon-Tue-Wed-Thu-Fri-Sat-Sun_20260303-20270830,56138,,UDAGAMANDALAM,0,,56138,0,0,0
56139,Mon-Tue-Wed-Thu-Fri-Sat-Sun_20260303-20270830,56139,,COONOOR,0,,56139,0,0,0
56140,Mon-Tue-Wed-Thu-Fri-Sat-Sun_20260303-20270830,56140,,COONOOR,0,,56140,0,0,0
56141,Mon-Tue-Wed-Thu-Fri-Sat-Sun_20260303-20270830,56141,,UDAGAMANDALAM,0,,56141,0,0,0
56142,Mon-Tue-Wed-Thu-Fri-Sat-Sun_20260303-20270830,56142,,COONOOR,0,,56142,0,0,0
56143,Mon-Tue-Wed-Thu-Fri-Sat-Sun_20260303-20270830,56143,,UDAGAMANDALAM,0,,56143,0,0,0
56201,Mon-Tue-Wed-Thu-Fri-Sat-Sun_20260101-20270830,56201,,MYSORE JN,0,,56201,0,0,0
56202,Mon-Tue-Wed-Thu-Fri-Sat-Sun_20260101-20270830,56202,,CHAMARAJANAGAR,0,,56202,0,0,0
56203,Mon-Tue-Wed-Thu-Fri-Sat-Sun_20260101-20270830,56203,,MYSORE JN,0,,56203,0,0,0
56204,Mon-Tue-Wed-Thu-Fri-Sat-Sun_20260502-20270830,56204,,CHAMARAJANAGAR,0,,56204,0,0,0
56205,Mon-Tue-Wed-Thu-Fri-Sat-Sun_20260101-20270830,56205,,MYSORE JN,0,,56205,0,0,0
56206,Mon-Tue-Wed-Thu-Fri-Sat-Sun_20260101-20270830,56206,,NANJANGUD TOWN,0,,56206,0,0,0
56207,Mon-Tue-Wed-Thu-Fri-Sat-Sun_20260101-20270830,56207,,MYSORE JN,0,,56207,0,0,0
56208,Mon-Tue-Wed-Thu-Fri-Sat-Sun_20260101-20270830,56208,,CHAMARAJANAGAR,0,,56208,0,0,0
56209,Mon-Tue-Wed-Thu-Fri-Sat-Sun_20260101-20270830,56209,,MYSORE JN,0,,56209,0,0,0
56210,Mon-Tue-Wed-Thu-Fri-Sat-Sun_20260101-20270830,56210,,CHAMARAJANAGAR,0,,56210,0,0,0
56217,Mon-Tue-Wed-Thu-Fri-Sat-Sun_20260101-20270830,56217,,SHIMOGA TOWN,0,,56217,0,0,0
56218,Mon-Tue-Wed-Thu-Fri-Sat-Sun_20260101-20270830,56218,,TALGUPPA,0,,56218,0,0,0
56223,Mon-Tue-Wed-Thu-Fri-Sat-Sun_20260101-20270830,56223,,ARSIKERE JN,0,,56223,0,0,0
56224,Mon-Tue-Wed-Thu-Fri-Sat-Sun_20260101-20270830,56224,,KSR BENGALURU,0,,56224,0,0,0
56229,Mon-Tue-Wed-Thu-Fri-Sat-Sun_20260512-20270830,56229,,CHANNAPATNA,0,,56229,0,0,0
56230,Mon-Tue-Wed-Thu-Fri-Sat-Sun_20260512-20270830,56230,,KSR BENGALURU,0,,56230,0,0,0
56231,Mon-Tue-Wed-Thu-Fri-Sat-Sun_20260616-20270830,56231,,SMVT BENGALURU,0,,56231,0,0,0
56232,Mon-Tue-Wed-Thu-Fri-Sat-Sun_20260606-20270830,56232,,MYSORE JN,0,,56232,0,0,0
56265,Mon-Tue-Wed-Thu-Fri-Sat-Sun_20260101-20270830,56265,,MYSORE JN,0,,56265,0,0,0
56266,Mon-Tue-Wed-Thu-Fri-Sat-Sun_20260811-20270830,56266,,ARSIKERE JN,0,,56266,0,0,0
56267,Mon-Tue-Wed-Thu-Fri-Sat-Sun_20260101-20270830,56267,,MYSORE JN,0,,56267,0,0,0
56268,Mon-Tue-Wed-Thu-Fri-Sat-Sun_20260101-20270830,56268,,ARSIKERE JN,0,,56268,0,0,0
56271,Mon-Tue-Wed-Thu-Fri-Sat-Sun_20260424-20270830,56271,,CHIKKAMAGALURU,0,,56271,0,0,0
56272,Mon-Tue-Wed-Thu-Fri-Sat-Sun_20260101-20270830,56272,,SHIMOGA TOWN,0,,56272,0,0,0
56281,Mon-Tue-Wed-Thu-Fri-Sat-Sun_20260101-20270830,56281,,TUMKUR,0,,56281,0,0,0
56282,Mon-Tue-Wed-Thu-Fri-Sat-Sun_20260101-20270830,56282,,CHAMARAJANAGAR,0,,56282,0,0,0
56301,Mon-Tue-Wed-Thu-Fri-Sat_20260303-20270830,56301,,KOLLAM JN,0,,56301,0,0,0
56302,Mon-Tue-Wed-Thu-Fri-Sat_20260303-20270830,56302,,ALAPPUZHA,0,,56302,0,0,0
56303,Mon-Tue-Wed-Thu-Fri-Sat-Sun_20260303-20270830,56303,,THIRUVANANTHAPURAM CENTRAL,0,,56303,0,0,0
56304,Mon-Tue-Wed-Thu-Fri-Sat-Sun_20260303-20270830,56304,,KOLLAM JN,0,,56304,0,0,0
56305,Mon-Tue-Wed-Thu-Fri-Sat-Sun_20260303-20270830,56305,,THIRUVANANTHAPURAM NORTH,0,,56305,0,0,0
56306,Mon-Tue-Wed-Thu-Fri-Sat-Sun_20260303-20270830,56306,,NAGERCOIL JUNCTION,0,,56306,0,0,0
56307,Mon-Tue-Wed-Thu-Fri-Sat-Sun_20260303-20270830,56307,,THIRUVANANTHAPURAM CENTRAL,0,,56307,0,0,0
56308,Mon-Tue-Wed-Thu-Fri-Sat-Sun_20260303-20270830,56308,,NAGERCOIL JUNCTION,0,,56308,0,0,0
56309,Mon-Tue-Wed-Thu-Fri-Sat-Sun_20260303-20270830,56309,,THIRUVANANTHAPURAM NORTH,0,,56309,0,0,0
56310,Mon-Tue-Wed-Thu-Fri-Sat-Sun_20260303-20270830,56310,,NAGERCOIL JUNCTION,0,,56310,0,0,0
56311,Mon-Tue-Wed-Thu-Fri-Sat-Sun_20260805-20270830,56311,,KOLLAM JN,0,,56311,0,0,0
56312,Mon-Tue-Wed-Thu-Fri-Sat-Sun_20260303-20270830,56312,,ERNAKULAM JN,0,,56312,0,0,0
56313,Mon-Tue-Wed-Thu-Fri-Sat-Sun_20260303-20270830,56313,,ERNAKULAM JN,0,,56313,0,0,0
56314,Mon-Tue-Wed-Thu-Fri-Sat-Sun_20260303-20270830,56314,,GURUVAYUR,0,,56314,0,0,0
56315,Mon-Tue-Wed-Thu-Fri-Sat-Sun_20260303-20270830,56315,,THRISUR,0,,56315,0,0,0
56316,Mon-Tue-Wed-Thu-Fri-Sat-Sun_20260303-20270830,56316,,GURUVAYUR,0,,56316,0,0,0
56317,Mon-Tue-Wed-Thu-Fri-Sat-Sun_20260303-20270830,56317,,ERNAKULAM JN,0,,56317,0,0,0
56318,Mon-Tue-Wed-Thu-Fri-Sat-Sun_20260303-20270830,56318,,GURUVAYUR,0,,56318,0,0,0
56319,Mon-Tue-Wed-Thu-Fri-Sat-Sun_20260303-20270830,56319,,KAYANKULAM JN,0,,56319,0,0,0
56320,Mon-Tue-Wed-Thu-Fri-Sat-Sun_20260303-20270830,56320,,ERNAKULAM JN,0,,56320,0,0,0
56322,Mon-Tue-Wed-Thu-Fri-Sat-Sun_20260609-20270830,56322,,SHORANUR JN,0,,56322,0,0,0
56323,Mon-Tue-Wed-Thu-Fri-Sat-Sun_20260609-20270830,56323,,NILAMBUR ROAD,0,,56323,0,0,0
56519,Mon-Tue-Wed-Thu-Fri-Sat-Sun_20260429-20270830,56519,,HOSAPETE JUNCTION,0,,56519,0,0,0
56520,Mon-Tue-Wed-Thu-Fri-Sat-Sun_20260429-20270830,56520,,KSR BENGALURU,0,,56520,0,0,0
56529,Mon-Tue-Wed-Thu-Fri-Sat-Sun_20260101-20270830,56529,,HOSAPETE JUNCTION,0,,56529,0,0,0
56530,Mon-Tue-Wed-Thu-Fri-Sat-Sun_20260101-20270830,56530,,HARIHAR,0,,56530,0,0,0
56531,Mon-Tue-Wed-Thu-Fri-Sat-Sun_20260512-20270830,56531,,HINDUPUR,0,,56531,0,0,0
56532,Mon-Tue-Wed-Thu-Fri-Sat-Sun_20260512-20270830,56532,,YESVANTPUR JN.,0,,56532,0,0,0
56600,Mon-Tue-Wed-Thu-Fri-Sat-Sun_20260615-20270830,56600,,SHORANUR JN,0,,56600,0,0,0
56601,Mon-Tue-Wed-Thu-Fri-Sat-Sun_20260303-20270830,56601,,SHORANUR JN,0,,56601,0,0,0
56602,Mon-Tue-Wed-Thu-Fri-Sat-Sun_20260303-20270830,56602,,KOZHIKKODE,0,,56602,0,0,0
56603,Mon-Tue-Wed-Thu-Fri-Sat-Sun_20260303-20270830,56603,,SHORANUR JN,0,,56603,0,0,0
56604,Mon-Tue-Wed-Thu-Fri-Sat-Sun_20260303-20270830,56604,,COIMBATORE JN,0,,56604,0,0,0
56605,Mon-Tue-Wed-Thu-Fri-Sat-Sun_20260303-20270830,56605,,THRISUR,0,,56605,0,0,0
56607,Mon-Tue-Wed-Thu-Fri-Sat-Sun_20260609-20270830,56607,,NILAMBUR ROAD,0,,56607,0,0,0
56608,Mon-Tue-Wed-Thu-Fri-Sat-Sun_20260609-20270830,56608,,PALAKKAD JN,0,,56608,0,0,0
56609,Mon-Tue-Wed-Thu-Fri-Sat-Sun_20260609-20270830,56609,,NILAMBUR ROAD,0,,56609,0,0,0
56610,Mon-Tue-Wed-Thu-Fri-Sat-Sun_20260609-20270830,56610,,SHORANUR JN,0,,56610,0,0,0
56611,Mon-Tue-Wed-Thu-Fri-Sat-Sun_20260609-20270830,56611,,NILAMBUR ROAD,0,,56611,0,0,0
56612,Mon-Tue-Wed-Thu-Fri-Sat-Sun_20260609-20270830,56612,,SHORANUR JN,0,,56612,0,0,0
56613,Mon-Tue-Wed-Thu-Fri-Sat-Sun_20260609-20270830,56613,,NILAMBUR ROAD,0,,56613,0,0,0
56614,Mon-Tue-Wed-Thu-Fri-Sat-Sun_20260609-20270830,56614,,SHORANUR JN,0,,56614,0,0,0
56615,Mon-Tue-Wed-Thu-Fri-Sat-Sun_20260615-20270830,56615,,MANGALORE CENTRAL,0,,56615,0,0,0
56616,Mon-Tue-Wed-Thu-Fri-Sat-Sun_20260615-20270830,56616,,MADGAON JUNCTION,0,,56616,0,0,0
56617,Mon-Tue-Wed-Thu-Fri-Sat-Sun_20260316-20270830,56617,,KANNUR,0,,56617,0,0,0
56619,Mon-Tue-Wed-Thu-Fri-Sat-Sun_20260303-20270830,56619,,CHARVATTUR,0,,56619,0,0,0
56621,Mon-Tue-Wed-Thu-Fri-Sat-Sun_20260303-20270830,56621,,MANGALORE CENTRAL,0,,56621,0,0,0
56623,Mon-Tue-Wed-Thu-Fri-Sat-Sun_20260303-20270830,56623,,SHORANUR JN,0,,56623,0,0,0
56624,Mon-Tue-Wed-Thu-Fri-Sat-Sun_20260303-20270830,56624,,THRISUR,0,,56624,0,0,0
56625,Mon-Tue-Wed-Thu-Fri-Sat-Sun_20260303-20270830,56625,,SUBRAHMANYA ROAD,0,,56625,0,0,0
56626,Mon-Tue-Wed-Thu-Fri-Sat-Sun_20260303-20270830,56626,,MANGALORE CENTRAL,0,,56626,0,0,0
56627,Mon-Tue-Wed-Thu-Fri-Sat-Sun_20260303-20270830,56627,,SUBRAHMANYA ROAD,0,,56627,0,0,0
56628,Mon-Tue-Wed-Thu-Fri-Sat-Sun_20260825-20270830,56628,,MANGALORE CENTRAL,0,,56628,0,0,0
56629,Mon-Tue-Wed-Thu-Fri-Sat-Sun_20260303-20270830,56629,,SUBRAHMANYA ROAD,0,,56629,0,0,0
56630,Mon-Tue-Wed-Thu-Fri-Sat-Sun_20260303-20270830,56630,,MANGALORE CENTRAL,0,,56630,0,0,0
56632,Mon-Tue-Wed-Thu-Fri-Sat-Sun_20260317-20270830,56632,,KOZHIKKODE,0,,56632,0,0,0
56700,Mon-Tue-Wed-Thu-Fri-Sat-Sun_20260303-20270830,56700,,MAYILADUTURAI JN,0,,56700,0,0,0
56701,Mon-Tue-Wed-Thu-Fri-Sat-Sun_20260303-20270830,56701,,BODINAYAKKANUR,0,,56701,0,0,0
56702,Mon-Tue-Wed-Thu-Fri-Sat-Sun_20260303-20270830,56702,,MADURAI JN,0,,56702,0,0,0
56703,Mon-Tue-Wed-Thu-Fri-Sat-Sun_20260101-20270830,56703,,MANGALORE CENTRAL,0,,56703,0,0,0
56704,Mon-Tue-Wed-Thu-Fri-Sat-Sun_20260418-20270830,56704,,KANNUR,0,,56704,0,0,0
56705,Mon-Tue-Wed-Thu-Fri-Sat-Sun_20260303-20270830,56705,,KANNIYAKUMARI,0,,56705,0,0,0
56706,Mon-Tue-Wed-Thu-Fri-Sat-Sun_20260303-20270830,56706,,PUNALUR,0,,56706,0,0,0
56707,Mon-Tue-Wed-Thu-Fri-Sat-Sun_20260303-20270830,56707,,TIRUNELVELI JN,0,,56707,0,0,0
56708,Mon-Tue-Wed-Thu-Fri-Sat-Sun_20260303-20270830,56708,,KANNIYAKUMARI,0,,56708,0,0,0
56709,Mon-Tue-Wed-Thu-Fri-Sat-Sun_20260303-20270830,56709,,KANNIYAKUMARI,0,,56709,0,0,0
56711,Mon-Tue-Wed-Thu-Fri-Sat-Sun_20260303-20270830,56711,,RAMESWARAM,0,,56711,0,0,0
56712,Mon-Tue-Wed-Thu-Fri-Sat-Sun_20260303-20270830,56712,,MADURAI JN,0,,56712,0,0,0
56713,Mon-Tue-Wed-Thu-Fri-Sat-Sun_20260303-20270830,56713,,RAMESWARAM,0,,56713,0,0,0
56714,Mon-Tue-Wed-Thu-Fri-Sat-Sun_20260406-20270830,56714,,MADURAI JN,0,,56714,0,0,0
56715,Mon-Tue-Wed-Thu-Fri-Sat-Sun_20260303-20270830,56715,,RAMESWARAM,0,,56715,0,0,0
56716,Mon-Tue-Wed-Thu-Fri-Sat-Sun_20260303-20270830,56716,,MADURAI JN,0,,56716,0,0,0
56717,Mon-Tue-Wed-Thu-Fri-Sat-Sun_20260406-20270830,56717,,MADURAI JN,0,,56717,0,0,0
56718,Mon-Tue-Wed-Thu-Fri-Sat-Sun_20260101-20270830,56718,,DINDIGUL JN,0,,56718,0,0,0
56721,Mon-Tue-Wed-Thu-Fri-Sat_20260303-20270830,56721,,TIRUNELVELI JN,0,,56721,0,0,0
56722,Mon-Tue-Wed-Thu-Fri-Sat_20260303-20270830,56722,,TUTICORIN,0,,56722,0,0,0
56739,Mon-Tue-Wed-Thu-Fri-Sat-Sun_20260303-20270830,56739,,THANJAVUR JN.,0,,56739,0,0,0
56741,Mon-Tue-Wed-Thu-Fri-Sat-Sun_20260303-20270830,56741,,SENGOTTAI,0,,56741,0,0,0
56742,Mon-Tue-Wed-Thu-Fri-Sat-Sun_20260303-20270830,56742,,TIRUNELVELI JN,0,,56742,0,0,0
56743,Mon-Tue-Wed-Thu-Fri-Sat-Sun_20260303-20270830,56743,,SENGOTTAI,0,,56743,0,0,0
56744,Mon-Tue-Wed-Thu-Fri-Sat-Sun_20260303-20270830,56744,,TIRUNELVELI JN,0,,56744,0,0,0
56745,Mon-Tue-Wed-Thu-Fri-Sat-Sun_20260303-20270830,56745,,TIRUCHCHIRAPPALLI JN.,0,,56745,0,0,0
56751,Mon-Tue-Wed-Thu-Fri-Sat-Sun_20260101-20270830,56751,,TIRUCHENDUR,0,,56751,0,0,0
56752,Mon-Tue-Wed-Thu-Fri-Sat-Sun_20260101-20270830,56752,,TIRUNELVELI JN,0,,56752,0,0,0
56753,Mon-Tue-Wed-Thu-Fri-Sat-Sun_20260101-20270830,56753,,TIRUCHENDUR,0,,56753,0,0,0
56754,Mon-Tue-Wed-Thu-Fri-Sat-Sun_20260101-20270830,56754,,TIRUNELVELI JN,0,,56754,0,0,0
56755,Mon-Tue-Wed-Thu-Fri-Sat-Sun_20260101-20270830,56755,,TIRUCHENDUR,0,,56755,0,0,0
56756,Mon-Tue-Wed-Thu-Fri-Sat-Sun_20260101-20270830,56756,,VANCHI MANIYACHCHI JN,0,,56756,0,0,0
56757,Mon-Tue-Wed-Thu-Fri-Sat-Sun_20260101-20270830,56757,,TIRUCHENDUR,0,,56757,0,0,0
56758,Mon-Tue-Wed-Thu-Fri-Sat-Sun_20260101-20270830,56758,,TIRUNELVELI JN,0,,56758,0,0,0
56759,Mon-Tue-Wed-Thu-Fri-Sat-Sun_20260101-20270830,56759,,TUTICORIN,0,,56759,0,0,0
56760,Mon-Tue-Wed-Thu-Fri-Sat-Sun_20260101-20270830,56760,,VANCHI MANIYACHCHI JN,0,,56760,0,0,0
56761,Mon-Tue-Wed-Thu-Fri-Sat-Sun_20260101-20270830,56761,,TUTICORIN,0,,56761,0,0,0
56762,Mon-Tue-Wed-Thu-Fri-Sat-Sun_20260101-20270830,56762,,VANCHI MANIYACHCHI JN,0,,56762,0,0,0
56771,Mon-Tue-Wed-Thu-Fri-Sat-Sun_20260101-20270830,56771,,SENGOTTAI,0,,56771,0,0,0
56772,Mon-Tue-Wed-Thu-Fri-Sat-Sun_20260101-20270830,56772,,MADURAI JN,0,,56772,0,0,0
56773,Mon-Tue-Wed-Thu-Fri-Sat-Sun_20260101-20270830,56773,,SENGOTTAI,0,,56773,0,0,0
56774,Mon-Tue-Wed-Thu-Fri-Sat-Sun_20260101-20270830,56774,,TIRUNELVELI JN,0,,56774,0,0,0
56775,Mon-Tue-Wed-Thu-Fri-Sat-Sun_20260101-20270830,56775,,SENGOTTAI,0,,56775,0,0,0
56776,Mon-Tue-Wed-Thu-Fri-Sat-Sun_20260101-20270830,56776,,TIRUNELVELI JN,0,,56776,0,0,0
56801,Mon-Tue-Wed-Thu-Fri-Sat-Sun_20260303-20270830,56801,,THANJAVUR JN.,0,,56801,0,0,0
56802,Mon-Tue-Wed-Thu-Fri-Sat-Sun_20260303-20270830,56802,,MAYILADUTURAI JN,0,,56802,0,0,0
56803,Mon-Tue-Wed-Thu-Fri-Sat-Sun_20260303-20270830,56803,,KARAIKKUDI JN,0,,56803,0,0,0
56804,Mon-Tue-Wed-Thu-Fri-Sat-Sun_20260303-20270830,56804,,TIRUCHCHIRAPPALLI JN.,0,,56804,0,0,0
56805,Mon-Tue-Wed-Thu-Fri-Sat-Sun_20260303-20270830,56805,,TIRUCHCHIRAPPALLI JN.,0,,56805,0,0,0
56806,Mon-Tue-Wed-Thu-Fri-Sat-Sun_20260303-20270830,56806,,THIRUVARUR JN,0,,56806,0,0,0
56807,Mon-Tue-Wed-Thu-Fri-Sat-Sun_20260303-20270830,56807,,THIRUVARUR JN,0,,56807,0,0,0
56808,Mon-Tue-Wed-Thu-Fri-Sat-Sun_20260303-20270830,56808,,VILLUPURAM JN,0,,56808,0,0,0
56809,Mon-Tue-Wed-Thu-Fri-Sat-Sun_20260303-20270830,56809,,ERODE JN,0,,56809,0,0,0
56810,Mon-Tue-Wed-Thu-Fri-Sat-Sun_20260303-20270830,56810,,TIRUCHCHIRAPPALLI JN.,0,,56810,0,0,0
56811,Mon-Tue-Wed-Thu-Fri-Sat-Sun_20260303-20270830,56811,,ERODE JN,0,,56811,0,0,0
56812,Mon-Tue-Wed-Thu-Fri-Sat-Sun_20260303-20270830,56812,,JOLARPETTAI JN.,0,,56812,0,0,0
56813,Mon-Tue-Wed-Thu-Fri-Sat-Sun_20260303-20270830,56813,,MAYILADUTURAI JN,0,,56813,0,0,0
56814,Mon-Tue-Wed-Thu-Fri-Sat-Sun_20260303-20270830,56814,,VILLUPURAM JN,0,,56814,0,0,0
56815,Mon-Tue-Wed-Thu-Fri-Sat-Sun_20260303-20270830,56815,,KARAIKKUDI JN,0,,56815,0,0,0
56816,Mon-Tue-Wed-Thu-Fri-Sat-Sun_20260303-20270830,56816,,TIRUCHCHIRAPPALLI JN.,0,,56816,0,0,0
56817,Mon-Tue-Wed-Thu-Fri-Sat-Sun_20260303-20270830,56817,,THANJAVUR JN.,0,,56817,0,0,0
56818,Mon-Tue-Wed-Thu-Fri-Sat-Sun_20260303-20270830,56818,,KARAIKAL,0,,56818,0,0,0
56819,Mon-Tue-Wed-Thu-Fri-Sat-Sun_20260303-20270830,56819,,TIRUCHCHIRAPPALLI JN.,0,,56819,0,0,0
56821,Mon-Tue-Wed-Thu-Fri-Sat-Sun_20260303-20270830,56821,,TIRUCHCHIRAPPALLI JN.,0,,56821,0,0,0
56823,Mon-Tue-Wed-Thu-Fri-Sat-Sun_20260303-20270830,56823,,TIRUCHCHIRAPPALLI JN.,0,,56823,0,0,0
56824,Mon-Tue-Wed-Thu-Fri-Sat-Sun_20260303-20270830,56824,,THANJAVUR JN.,0,,56824,0,0,0
56826,Mon-Tue-Wed-Thu-Fri-Sat-Sun_20260320-20270830,56826,,MAYILADUTURAI JN,0,,56826,0,0,0
56827,Mon-Tue-Wed-Thu-Fri-Sat-Sun_20260101-20270830,56827,,KARAIKKUDI JN,0,,56827,0,0,0
56828,Mon-Tue-Wed-Thu-Fri-Sat-Sun_20260101-20270830,56828,,THIRUVARUR JN,0,,56828,0,0,0
56831,Mon-Tue-Wed-Thu-Fri-Sat-Sun_20260321-20270830,56831,,KARAIKKUDI JN,0,,56831,0,0,0
56832,Mon-Tue-Wed-Thu-Fri-Sat-Sun_20260322-20270830,56832,,TIRUCHCHIRAPPALLI JN.,0,,56832,0,0,0
56833,Mon-Tue-Wed-Thu-Fri-Sat-Sun_20260321-20270830,56833,,VIRUDUNAGAR JN,0,,56833,0,0,0
56834,Mon-Tue-Wed-Thu-Fri-Sat-Sun_20260322-20270830,56834,,KARAIKKUDI JN,0,,56834,0,0,0
56835,Mon-Tue-Wed-Thu-Fri-Sat-Sun_20260316-20270830,56835,,KARAIKKUDI JN,0,,56835,0,0,0
56836,Mon-Tue-Wed-Thu-Fri-Sat-Sun_20260810-20270830,56836,,MAYILADUTURAI JN,0,,56836,0,0,0
56903,Mon-Tue-Wed-Thu-Fri-Sat-Sun_20260819-20270830,56903,,DHARWAR,0,,56903,0,0,0
56904,Mon-Tue-Wed-Thu-Fri-Sat-Sun_20260819-20270830,56904,,SOLAPUR JN,0,,56904,0,0,0
56905,Mon-Tue-Wed-Thu-Fri-Sat-Sun_20260819-20270830,56905,,SSS HUBBALLI JN,0,,56905,0,0,0
56906,Mon-Tue-Wed-Thu-Fri-Sat-Sun_20260819-20270830,56906,,SOLAPUR JN,0,,56906,0,0,0
56911,Mon-Tue-Wed-Thu-Fri-Sat-Sun_20260602-20270830,56911,,GUNTAKAL JN,0,,56911,0,0,0
56912,Mon-Tue-Wed-Thu-Fri-Sat-Sun_20260601-20270830,56912,,SSS HUBBALLI JN,0,,56912,0,0,0
56919,Mon-Tue-Wed-Thu-Fri-Sat-Sun_20260512-20270830,56919,,VIJAYAPURA,0,,56919,0,0,0
56920,Mon-Tue-Wed-Thu-Fri-Sat-Sun_20260512-20270830,56920,,SSS HUBBALLI JN,0,,56920,0,0,0
56927,Mon-Tue-Wed-Thu-Fri-Sat-Sun_20260817-20270830,56927,,SINDHANUR,0,,56927,0,0,0
56928,Mon-Tue-Wed-Thu-Fri-Sat-Sun_20260101-20270830,56928,,SSS HUBBALLI JN,0,,56928,0,0,0
56931,Mon-Tue-Wed-Thu-Fri-Sat-Sun_20260101-20270830,56931,,LONDA JN,0,,56931,0,0,0
56932,Mon-Tue-Wed-Thu-Fri-Sat-Sun_20260101-20270830,56932,,MIRAJ JN.,0,,56932,0,0,0
56937,Mon-Tue-Wed-Thu-Fri-Sat-Sun_20260124-20270830,56937,,MIRAJ JN.,0,,56937,0,0,0
56938,Mon-Tue-Wed-Thu-Fri-Sat-Sun_20260124-20270830,56938,,BELAGAVI,0,,56938,0,0,0
56939,Mon-Tue-Wed-Thu-Fri-Sat-Sun_20260124-20270830,56939,,MIRAJ JN.,0,,56939,0,0,0
56940,Mon-Tue-Wed-Thu-Fri-Sat-Sun_20260124-20270830,56940,,BELAGAVI,0,,56940,0,0,0
56961,Mon-Tue-Wed-Thu-Fri-Sat-Sun_20260101-20270830,56961,,VASCO DA GAMA,0,,56961,0,0,0
56962,Mon-Tue-Wed-Thu-Fri-Sat-Sun_20260101-20270830,56962,,KULEM,0,,56962,0,0,0
56963,Mon-Tue-Wed-Thu-Fri-Sat-Sun_20260101-20270830,56963,,VASCO DA GAMA,0,,56963,0,0,0
56964,Mon-Tue-Wed-Thu-Fri-Sat-Sun_20260101-20270830,56964,,KULEM,0,,56964,0,0,0
56965,Mon-Tue-Wed-Thu-Fri-Sat-Sun_20260101-20270830,56965,,VASCO DA GAMA,0,,56965,0,0,0
56966,Mon-Tue-Wed-Thu-Fri-Sat-Sun_20260101-20270830,56966,,KULEM,0,,56966,0,0,0
57201,Mon-Tue-Wed-Thu-Fri-Sat-Sun_20260601-20270830,57201,,GUNTUR JN,0,,57201,0,0,0
57202,Mon-Tue-Wed-Thu-Fri-Sat-Sun_20260601-20270830,57202,,VIJAYAWADA JN,0,,57202,0,0,0
57203,Mon-Tue-Wed-Thu-Fri-Sat-Sun_20260613-20270830,57203,,MACHERLA,0,,57203,0,0,0
57204,Mon-Tue-Wed-Thu-Fri-Sat-Sun_20260613-20270830,57204,,GUNTUR JN,0,,57204,0,0,0
57205,Mon-Tue-Wed-Thu-Fri-Sat-Sun_20260613-20270830,57205,,MACHERLA,0,,57205,0,0,0
57206,Mon-Tue-Wed-Thu-Fri-Sat-Sun_20260613-20270830,57206,,NADIKODE,0,,57206,0,0,0
57301,Mon-Tue-Wed-Thu-Fri-Sat-Sun_20260227-20270830,57301,,MEDAK,0,,57301,0,0,0
57302,Mon-Tue-Wed-Thu-Fri-Sat-Sun_20260227-20270830,57302,,KACHEGUDA,0,,57302,0,0,0
57401,Mon-Tue-Wed-Thu-Fri-Sat-Sun_20260825-20270830,57401,,SSS HUBBALLI JN,0,,57401,0,0,0
57402,Mon-Tue-Wed-Thu-Fri-Sat-Sun_20260819-20270830,57402,,TIRUPATI,0,,57402,0,0,0
57403,Mon-Tue-Wed-Thu-Fri-Sat-Sun_20260601-20270830,57403,,GUNTAKAL JN,0,,57403,0,0,0
57404,Mon-Tue-Wed-Thu-Fri-Sat-Sun_20260601-20270830,57404,,TIRUPATI,0,,57404,0,0,0
57405,Mon-Tue-Wed-Thu-Fri-Sat-Sun_20260601-20270830,57405,,KADIRIDEVARAPALLI,0,,57405,0,0,0
57406,Mon-Tue-Wed-Thu-Fri-Sat-Sun_20260601-20270830,57406,,TIRUPATI,0,,57406,0,0,0
57407,Mon-Tue-Wed-Thu-Fri-Sat-Sun_20260601-20270830,57407,,MARKAPUR ROAD,0,,57407,0,0,0
57408,Mon-Tue-Wed-Thu-Fri-Sat-Sun_20260601-20270830,57408,,GUNTAKAL JN,0,,57408,0,0,0
57412,Mon-Tue-Wed-Thu-Fri-Sat-Sun_20260601-20270830,57412,,GUNTAKAL JN,0,,57412,0,0,0
57415,Mon-Tue-Wed-Thu-Fri-Sat-Sun_20260817-20270830,57415,,CHIKJAJUR JN,0,,57415,0,0,0
57416,Mon-Tue-Wed-Thu-Fri-Sat-Sun_20260818-20270830,57416,,GUNTAKAL JN,0,,57416,0,0,0
57606,Mon-Tue-Wed-Thu-Fri-Sat-Sun_20260129-20270830,57606,,KACHEGUDA,0,,57606,0,0,0
57651,Mon-Tue-Wed-Thu-Fri-Sat-Sun_20260227-20270830,57651,,MANMAD JN,0,,57651,0,0,0
57652,Mon-Tue-Wed-Thu-Fri-Sat-Sun_20260227-20270830,57652,,NANDED,0,,57652,0,0,0
57653,Mon-Tue-Wed-Thu-Fri-Sat-Sun_20260227-20270830,57653,,ADILABAD,0,,57653,0,0,0
57654,Mon-Tue-Wed-Thu-Fri-Sat-Sun_20260227-20270830,57654,,PARLI VAIJNATH,0,,57654,0,0,0
57655,Mon-Tue-Wed-Thu-Fri-Sat-Sun_20260129-20270830,57655,,AKOLA JN.,0,,57655,0,0,0
57656,Mon-Tue-Wed-Thu-Fri-Sat-Sun_20260227-20270830,57656,,PURNA JN,0,,57656,0,0,0
57657,Mon-Tue-Wed-Thu-Fri-Sat-Sun_20260227-20270830,57657,,PARLI VAIJNATH,0,,57657,0,0,0
57658,Mon-Tue-Wed-Thu-Fri-Sat-Sun_20260129-20270830,57658,,PURNA JN,0,,57658,0,0,0
57661,Mon-Tue-Wed-Thu-Fri-Sat-Sun_20260819-20270830,57661,,VIJAYAPURA,0,,57661,0,0,0
57662,Mon-Tue-Wed-Thu-Fri-Sat-Sun_20260819-20270830,57662,,RAICHUR,0,,57662,0,0,0
58025,Sat_20260822-20270830,58025,,DIGHA,0,,58025,0,0,0
58026,Sat_20260815-20270830,58026,,SANTRAGACHI JN,0,,58026,0,0,0
58027,Mon-Tue-Wed-Thu-Fri-Sat-Sun_20260326-20270830,58027,,TATANAGAR JN,0,,58027,0,0,0
58028,Mon-Tue-Wed-Thu-Fri-Sat-Sun_20260326-20270830,58028,,KHARAGPUR JN,0,,58028,0,0,0
58029,Sun_20260823-20270830,58029,,DIGHA,0,,58029,0,0,0
58030,Sun_20260816-20270830,58030,,SANTRAGACHI JN,0,,58030,0,0,0
58033,Mon-Tue-Wed-Thu-Fri-Sat-Sun_20260306-20270830,58033,,RANCHI,0,,58033,0,0,0
58034,Mon-Tue-Wed-Thu-Fri-Sat-Sun_20260306-20270830,58034,,BOKARO STEEL CITY,0,,58034,0,0,0
58151,Mon-Tue-Wed-Thu-Fri-Sat_20260228-20270830,58151,,BARSUAN,0,,58151,0,0,0
58152,Mon-Tue-Wed-Thu-Fri-Sat_20260228-20270830,58152,,BIRMITRAPUR,0,,58152,0,0,0
58201,Mon-Tue-Wed-Thu-Fri-Sat-Sun_20260303-20270830,58201,,RAIPUR JN.,0,,58201,0,0,0
58202,Mon-Tue-Wed-Thu-Fri-Sat-Sun_20260303-20270830,58202,,BILASPUR JN.,0,,58202,0,0,0
58203,Mon-Tue-Wed-Thu-Fri-Sat-Sun_20260303-20270830,58203,,RAIPUR JN.,0,,58203,0,0,0
58204,Mon-Tue-Wed-Thu-Fri-Sat-Sun_20260303-20270830,58204,,KORBA,0,,58204,0,0,0
58205,Mon-Tue-Wed-Thu-Fri-Sat-Sun_20260303-20270830,58205,,NETAJI SUBHASH,0,,58205,0,0,0
58206,Mon-Tue-Wed-Thu-Fri-Sat-Sun_20260303-20270830,58206,,RAIPUR JN.,0,,58206,0,0,0
58207,Mon-Tue-Wed-Thu-Fri-Sat-Sun_20260303-20270830,58207,,JUNAGARH ROAD,0,,58207,0,0,0
58208,Mon-Tue-Wed-Thu-Fri-Sat-Sun_20260303-20270830,58208,,RAIPUR JN.,0,,58208,0,0,0
58210,Mon-Tue-Wed-Thu-Fri-Sat-Sun_20260303-20270830,58210,,GEVRA ROAD,0,,58210,0,0,0
58213,Mon-Tue-Wed-Thu-Fri-Sat-Sun_20260429-20270830,58213,,BILASPUR JN.,0,,58213,0,0,0
58214,Mon-Tue-Wed-Thu-Fri-Sat-Sun_20260429-20270830,58214,,TITLAGARH,0,,58214,0,0,0
58217,Mon-Tue-Wed-Thu-Fri-Sat-Sun_20260303-20270830,58217,,RAIPUR JN.,0,,58217,0,0,0
58218,Mon-Tue-Wed-Thu-Fri-Sat-Sun_20260303-20270830,58218,,TITLAGARH,0,,58218,0,0,0
58221,Mon-Tue-Wed-Thu-Fri-Sat-Sun_20260303-20270830,58221,,CHANDIA ROAD,0,,58221,0,0,0
58222,Mon-Tue-Wed-Thu-Fri-Sat-Sun_20260303-20270830,58222,,CHIRMIRI,0,,58222,0,0,0
58303,Mon-Tue-Wed-Thu-Fri-Sat-Sun_20260228-20270830,58303,,JUNAGARH ROAD,0,,58303,0,0,0
58304,Mon-Tue-Wed-Thu-Fri-Sat-Sun_20260228-20270830,58304,,SAMBALPUR JN.,0,,58304,0,0,0
58305,Mon-Tue-Wed-Thu-Fri-Sat-Sun_20260228-20270830,58305,,PURUNAKATAK,0,,58305,0,0,0
58306,Mon-Tue-Wed-Thu-Fri-Sat-Sun_20260228-20270830,58306,,BALANGIR,0,,58306,0,0,0
58307,Mon-Tue-Wed-Thu-Fri-Sat-Sun_20260228-20270830,58307,,PURUNAKATAK,0,,58307,0,0,0
58308,Mon-Tue-Wed-Thu-Fri-Sat-Sun_20260228-20270830,58308,,BALANGIR,0,,58308,0,0,0
58309,Mon-Tue-Wed-Thu-Fri-Sat-Sun_20260228-20270830,58309,,SONEPUR,0,,58309,0,0,0
58310,Mon-Tue-Wed-Thu-Fri-Sat-Sun_20260228-20270830,58310,,BALANGIR,0,,58310,0,0,0
58405,Mon-Tue-Wed-Thu-Fri-Sat-Sun_20260228-20270830,58405,,PARADEEP,0,,58405,0,0,0
58406,Mon-Tue-Wed-Thu-Fri-Sat-Sun_20260228-20270830,58406,,CUTTACK,0,,58406,0,0,0
58501,Mon-Tue-Wed-Thu-Fri-Sat-Sun_20260601-20270830,58501,,KIRANDUL,0,,58501,0,0,0
58502,Mon-Tue-Wed-Thu-Fri-Sat-Sun_20260601-20270830,58502,,VISAKHAPATNAM,0,,58502,0,0,0
58503,Mon-Tue-Wed-Thu-Fri-Sat-Sun_20260601-20270830,58503,,VISAKHAPATNAM,0,,58503,0,0,0
58504,Mon-Tue-Wed-Thu-Fri-Sat-Sun_20260601-20270830,58504,,BHAWANIPATNA,0,,58504,0,0,0
58505,Mon-Tue-Wed-Thu-Fri-Sat-Sun_20260601-20270830,58505,,VISAKHAPATNAM,0,,58505,0,0,0
58506,Mon-Tue-Wed-Thu-Fri-Sat-Sun_20260601-20270830,58506,,GUNUPUR,0,,58506,0,0,0
58527,Mon-Tue-Wed-Thu-Fri-Sat-Sun_20260601-20270830,58527,,VISAKHAPATNAM,0,,58527,0,0,0
58528,Mon-Tue-Wed-Thu-Fri-Sat-Sun_20260601-20270830,58528,,RAIPUR JN.,0,,58528,0,0,0
58531,Mon-Tue-Wed-Thu-Fri-Sat-Sun_20260701-20270830,58531,,VISAKHAPATNAM,0,,58531,0,0,0
58532,Mon-Tue-Wed-Thu-Fri-Sat-Sun_20260701-20270830,58532,,BRAHMAPUR,0,,58532,0,0,0
58537,Mon-Tue-Wed-Thu-Fri-Sat-Sun_20260601-20270830,58537,,VISAKHAPATNAM,0,,58537,0,0,0
58538,Mon-Tue-Wed-Thu-Fri-Sat-Sun_20260601-20270830,58538,,KORAPUT JN.,0,,58538,0,0,0
58659,Mon-Tue-Wed-Thu-Fri-Sat-Sun_20260228-20270830,58659,,ROURKELA,0,,58659,0,0,0
58660,Mon-Tue-Wed-Thu-Fri-Sat-Sun_20260228-20270830,58660,,HATIA,0,,58660,0,0,0
58663,Mon-Tue-Wed-Thu-Fri-Sat-Sun_20260228-20270830,58663,,SHANKI,0,,58663,0,0,0
58664,Mon-Tue-Wed-Thu-Fri-Sat-Sun_20260228-20270830,58664,,HATIA,0,,58664,0,0,0
58665,Mon-Tue-Wed-Thu-Fri-Sat-Sun_20260228-20270830,58665,,SHANKI,0,,58665,0,0,0
58666,Mon-Tue-Wed-Thu-Fri-Sat-Sun_20260228-20270830,58666,,HATIA,0,,58666,0,0,0
58815,Mon-Tue-Wed-Thu-Fri-Sat-Sun_20260303-20270830,58815,,TIRODI,0,,58815,0,0,0
58816,Mon-Tue-Wed-Thu-Fri-Sat-Sun_20260303-20270830,58816,,NETAJI SUBHASH,0,,58816,0,0,0
58817,Mon-Tue-Wed-Thu-Fri-Sat-Sun_20260303-20270830,58817,,TIRODI,0,,58817,0,0,0
58818,Mon-Tue-Wed-Thu-Fri-Sat-Sun_20260303-20270830,58818,,TUMSAR ROAD,0,,58818,0,0,0
58819,Mon-Tue-Wed-Thu-Fri-Sat-Sun_20260303-20270830,58819,,CHHINDWARA JN,0,,58819,0,0,0
58820,Mon-Tue-Wed-Thu-Fri-Sat-Sun_20260303-20270830,58820,,NETAJI SUBHASH,0,,58820,0,0,0
58821,Mon-Tue-Wed-Thu-Fri-Sat-Sun_20260303-20270830,58821,,CHHINDWARA JN,0,,58821,0,0,0
58822,Mon-Tue-Wed-Thu-Fri-Sat-Sun_20260303-20270830,58822,,NETAJI SUBHASH,0,,58822,0,0,0
58823,Mon-Tue-Wed-Thu-Fri-Sat-Sun_20260822-20270830,58823,,MANDLA FORT,0,,58823,0,0,0
58824,Mon-Tue-Wed-Thu-Fri-Sat-Sun_20260509-20270830,58824,,CHHINDWARA JN,0,,58824,0,0,0
58825,Mon-Tue-Wed-Thu-Fri-Sat-Sun_20260303-20270830,58825,,NAINPUR JN,0,,58825,0,0,0
58826,Mon-Tue-Wed-Thu-Fri-Sat-Sun_20260303-20270830,58826,,CHHINDWARA JN,0,,58826,0,0,0
58829,Mon-Tue-Wed-Thu-Fri-Sat-Sun_20260303-20270830,58829,,BETUL,0,,58829,0,0,0
58830,Mon-Tue-Wed-Thu-Fri-Sat-Sun_20260303-20270830,58830,,SEONI,0,,58830,0,0,0
59023,Mon-Tue-Wed-Thu-Fri-Sat-Sun_20260101-20270830,59023,,VALSAD,0,,59023,0,0,0
59024,Mon-Tue-Wed-Thu-Fri-Sat-Sun_20260101-20270830,59024,,MUMBAI CENTRAL,0,,59024,0,0,0
59039,Mon-Tue-Wed-Thu-Fri-Sat-Sun_20260101-20270830,59039,,VALSAD,0,,59039,0,0,0
59040,Mon-Tue-Wed-Thu-Fri-Sat-Sun_20260101-20270830,59040,,MUMBAI CENTRAL,0,,59040,0,0,0
59045,Mon-Tue-Wed-Thu-Fri-Sat-Sun_20260101-20270830,59045,,VAPI,0,,59045,0,0,0
59046,Mon-Tue-Wed-Thu-Fri-Sat-Sun_20260101-20270830,59046,,VIRAR,0,,59046,0,0,0
59049,Mon-Tue-Wed-Thu-Fri-Sat-Sun_20260820-20270830,59049,,VADODARA JN,0,,59049,0,0,0
59050,Mon-Tue-Wed-Thu-Fri-Sat-Sun_20260820-20270830,59050,,VALSAD,0,,59050,0,0,0
59075,Mon-Tue-Wed-Thu-Fri-Sat-Sun_20260101-20270830,59075,,BHUSAVAL JN,0,,59075,0,0,0
59076,Mon-Tue-Wed-Thu-Fri-Sat-Sun_20260101-20270830,59076,,NANDURBAR,0,,59076,0,0,0
59117,Mon-Tue-Wed-Thu-Fri-Sat-Sun_20260101-20270830,59117,,CHHOTA UDEPUR,0,,59117,0,0,0
59118,Mon-Tue-Wed-Thu-Fri-Sat-Sun_20260101-20270830,59118,,PRATAPNAGAR,0,,59118,0,0,0
59119,Mon-Tue-Wed-Thu-Fri-Sat-Sun_20260101-20270830,59119,,ALIRAJPUR,0,,59119,0,0,0
59120,Mon-Tue-Wed-Thu-Fri-Sat-Sun_20260101-20270830,59120,,PRATAPNAGAR,0,,59120,0,0,0
59121,Mon-Tue-Wed-Thu-Fri-Sat-Sun_20260101-20270830,59121,,ALIRAJPUR,0,,59121,0,0,0
59122,Mon-Tue-Wed-Thu-Fri-Sat-Sun_20260101-20270830,59122,,PRATAPNAGAR,0,,59122,0,0,0
59123,Mon-Tue-Wed-Thu-Fri-Sat-Sun_20260101-20270830,59123,,JOBAT,0,,59123,0,0,0
59124,Mon-Tue-Wed-Thu-Fri-Sat-Sun_20260101-20270830,59124,,PRATAPNAGAR,0,,59124,0,0,0
59125,Mon-Tue-Wed-Thu-Fri-Sat-Sun_20260101-20270830,59125,,CHHOTA UDEPUR,0,,59125,0,0,0
59126,Mon-Tue-Wed-Thu-Fri-Sat-Sun_20260101-20270830,59126,,PRATAPNAGAR,0,,59126,0,0,0
59203,Mon-Tue-Wed-Thu-Fri-Sat-Sun_20260101-20270830,59203,,BHAVNAGAR TERMINUS,0,,59203,0,0,0
59204,Mon-Tue-Wed-Thu-Fri-Sat-Sun_20260727-20270119,59204,,BOTAD JN,0,,59204,0,0,0
59205,Mon-Tue-Wed-Thu-Fri-Sat-Sun_20260101-20270830,59205,,PORBANDAR,0,,59205,0,0,0
59206,Mon-Tue-Wed-Thu-Fri-Sat-Sun_20260101-20270830,59206,,KANALAS JN,0,,59206,0,0,0
59213,Mon-Tue-Wed-Thu-Fri-Sat-Sun_20260101-20270830,59213,,PORBANDAR,0,,59213,0,0,0
59214,Mon-Tue-Wed-Thu-Fri-Sat-Sun_20260101-20270830,59214,,BHANVAD,0,,59214,0,0,0
59215,Mon-Tue-Wed-Thu-Fri-Sat-Sun_20260101-20270830,59215,,PORBANDAR,0,,59215,0,0,0
59216,Mon-Tue-Wed-Thu-Fri-Sat-Sun_20260101-20270830,59216,,BHANVAD,0,,59216,0,0,0
59227,Mon-Tue-Wed-Thu-Fri-Sat-Sun_20260101-20270830,59227,,BHAVNAGAR TERMINUS,0,,59227,0,0,0
59228,Mon-Tue-Wed-Thu-Fri-Sat-Sun_20260101-20270830,59228,,SURENDRANAGAR,0,,59228,0,0,0
59229,Mon-Tue-Wed-Thu-Fri-Sat-Sun_20260727-20270119,59229,,BHAVANAGAR PARA,0,,59229,0,0,0
59230,Mon-Tue-Wed-Thu-Fri-Sat-Sun_20260727-20270119,59230,,BOTAD JN,0,,59230,0,0,0
59231,Mon-Tue-Wed-Thu-Fri-Sat-Sun_20260602-20270830,59231,,BHAVNAGAR TERMINUS,0,,59231,0,0,0
59232,Mon-Tue-Wed-Thu-Fri-Sat-Sun_20260601-20270830,59232,,GANDHIGRAM,0,,59232,0,0,0
59233,Mon-Tue-Wed-Thu-Fri-Sat-Sun_20260101-20270830,59233,,BHAVNAGAR TERMINUS,0,,59233,0,0,0
59234,Mon-Tue-Wed-Thu-Fri-Sat-Sun_20260101-20270830,59234,,SURENDRANAGAR,0,,59234,0,0,0
59235,Mon-Tue-Wed-Thu-Fri-Sat-Sun_20260101-20270830,59235,,MAHUVA JN,0,,59235,0,0,0
59236,Mon-Tue-Wed-Thu-Fri-Sat-Sun_20260228-20270830,59236,,DHOLA JN,0,,59236,0,0,0
59237,Mon-Tue-Wed-Thu-Fri-Sat-Sun_20260601-20270830,59237,,BOTAD JN,0,,59237,0,0,0
59238,Mon-Tue-Wed-Thu-Fri-Sat-Sun_20260601-20270830,59238,,GANDHIGRAM,0,,59238,0,0,0
59239,Mon-Tue-Wed-Thu-Fri-Sat-Sun_20260601-20270830,59239,,BHAVNAGAR TERMINUS,0,,59239,0,0,0
59240,Mon-Tue-Wed-Thu-Fri-Sat-Sun_20260601-20270830,59240,,DHOLA JN,0,,59240,0,0,0
59267,Mon-Tue-Wed-Thu-Fri-Sat-Sun_20260727-20270119,59267,,BHAVANAGAR PARA,0,,59267,0,0,0
59268,Mon-Tue-Wed-Thu-Fri-Sat-Sun_20260727-20270119,59268,,PALITANA,0,,59268,0,0,0
59269,Mon-Tue-Wed-Thu-Fri-Sat-Sun_20260101-20270830,59269,,BHAVNAGAR TERMINUS,0,,59269,0,0,0
59270,Mon-Tue-Wed-Thu-Fri-Sat-Sun_20260101-20270830,59270,,PALITANA,0,,59270,0,0,0
59271,Mon-Tue-Wed-Thu-Fri-Sat-Sun_20260727-20270119,59271,,BHAVANAGAR PARA,0,,59271,0,0,0
59272,Mon-Tue-Wed-Thu-Fri-Sat-Sun_20260101-20270830,59272,,SURENDRANAGAR,0,,59272,0,0,0
59301,Mon-Tue-Wed-Thu-Fri-Sat-Sun_20260101-20270830,59301,,DR. AMBEDKAR NAGAR,0,,59301,0,0,0
59302,Mon-Tue-Wed-Thu-Fri-Sat-Sun_20260101-20270830,59302,,INDORE JN,0,,59302,0,0,0
59306,Mon-Tue-Wed-Thu-Fri-Sat-Sun_20260101-20270830,59306,,INDORE JN,0,,59306,0,0,0
59307,Mon-Tue-Wed-Thu-Fri-Sat-Sun_20260101-20270830,59307,,UJJAIN JN,0,,59307,0,0,0
59317,Mon-Tue-Wed-Thu-Fri-Sat-Sun_20260101-20270830,59317,,UJJAIN JN,0,,59317,0,0,0
59318,Mon-Tue-Wed-Thu-Fri-Sat-Sun_20260101-20270830,59318,,NAGDA JN,0,,59318,0,0,0
59319,Mon-Tue-Wed-Thu-Fri-Sat-Sun_20260101-20270830,59319,,BHOPAL JN.,0,,59319,0,0,0
59320,Mon-Tue-Wed-Thu-Fri-Sat-Sun_20260101-20270830,59320,,UJJAIN JN,0,,59320,0,0,0
59345,Mon-Tue-Wed-Thu-Fri-Sat-Sun_20260101-20270830,59345,,NAGDA JN,0,,59345,0,0,0
59346,Mon-Tue-Wed-Thu-Fri-Sat-Sun_20260101-20270830,59346,,RATLAM JN,0,,59346,0,0,0
59353,Mon-Tue-Wed-Thu-Fri-Sat-Sun_20260101-20270830,59353,,UJJAIN JN,0,,59353,0,0,0
59354,Mon-Tue-Wed-Thu-Fri-Sat-Sun_20260101-20270830,59354,,NAGDA JN,0,,59354,0,0,0
59387,Mon-Tue-Wed-Thu-Fri-Sat-Sun_20260101-20270830,59387,,INDORE JN,0,,59387,0,0,0
59388,Mon-Tue-Wed-Thu-Fri-Sat-Sun_20260101-20270830,59388,,NAGDA JN,0,,59388,0,0,0
59421,Mon-Tue-Wed-Thu-Fri-Sat-Sun_20260101-20270830,59421,,VERAVAL,0,,59421,0,0,0
59422,Mon-Tue-Wed-Thu-Fri-Sat-Sun_20260101-20270830,59422,,RAJKOT,0,,59422,0,0,0
59423,Mon-Tue-Wed-Thu-Fri-Sat-Sun_20260101-20270830,59423,,VERAVAL,0,,59423,0,0,0
59424,Mon-Tue-Wed-Thu-Fri-Sat-Sun_20260101-20270830,59424,,RAJKOT,0,,59424,0,0,0
59475,Mon-Tue-Wed-Thu-Fri-Sat-Sun_20260101-20270830,59475,,PATAN,0,,59475,0,0,0
59476,Mon-Tue-Wed-Thu-Fri-Sat-Sun_20260101-20270830,59476,,MAHESANA JN,0,,59476,0,0,0
59481,Mon-Tue-Wed-Thu-Fri-Sat-Sun_20260101-20270830,59481,,BHILDI JN.,0,,59481,0,0,0
59482,Mon-Tue-Wed-Thu-Fri-Sat-Sun_20260101-20270830,59482,,MAHESANA JN,0,,59482,0,0,0
59483,Mon-Tue-Wed-Thu-Fri-Sat-Sun_20260101-20270830,59483,,PATAN,0,,59483,0,0,0
59484,Mon-Tue-Wed-Thu-Fri-Sat-Sun_20260101-20270830,59484,,MAHESANA JN,0,,59484,0,0,0
59509,Mon-Tue-Wed-Thu-Fri-Sat-Sun_20260101-20270830,59509,,VIRAMGAM JN,0,,59509,0,0,0
59510,Mon-Tue-Wed-Thu-Fri-Sat-Sun_20260101-20270830,59510,,MAHESANA JN,0,,59510,0,0,0
59511,Mon-Tue-Wed-Thu-Fri-Sat-Sun_20260101-20270830,59511,,VIRAMGAM JN,0,,59511,0,0,0
59512,Mon-Tue-Wed-Thu-Fri-Sat-Sun_20260101-20270830,59512,,MAHESANA JN,0,,59512,0,0,0
59549,Mon-Tue-Wed-Thu-Fri-Sat-Sun_20260715-20270830,59549,,VATVA,0,,59549,0,0,0
59550,Mon-Tue-Wed-Thu-Fri-Sat-Sun_20260101-20270830,59550,,VADODARA JN,0,,59550,0,0,0
59551,Mon-Tue-Wed-Thu-Fri-Sat-Sun_20260301-20270830,59551,,OKHA,0,,59551,0,0,0
59552,Mon-Tue-Wed-Thu-Fri-Sat-Sun_20260301-20270830,59552,,RAJKOT,0,,59552,0,0,0
59553,Mon-Tue-Wed-Thu-Fri-Sat-Sun_20260101-20270830,59553,,BOTAD JN,0,,59553,0,0,0
59554,Mon-Tue-Wed-Thu-Fri-Sat-Sun_20260101-20270830,59554,,GANDHIGRAM,0,,59554,0,0,0
59555,Mon-Tue-Wed-Thu-Fri-Sat-Sun_20260101-20270830,59555,,BOTAD JN,0,,59555,0,0,0
59556,Mon-Tue-Wed-Thu-Fri-Sat-Sun_20260101-20270830,59556,,GANDHIGRAM,0,,59556,0,0,0
59557,Mon-Tue-Wed-Thu-Fri-Sat-Sun_20260819-20270119,59557,,BHAVANAGAR PARA,0,,59557,0,0,0
59558,Mon-Tue-Wed-Thu-Fri-Sat-Sun_20260801-20270830,59558,,VERAVAL,0,,59558,0,0,0
59559,Mon-Tue-Wed-Thu-Fri-Sat-Sun_20260801-20270830,59559,,BHAVNAGAR TERMINUS,0,,59559,0,0,0
59560,Mon-Tue-Wed-Thu-Fri-Sat-Sun_20260819-20270119,59560,,PORBANDAR,0,,59560,0,0,0
59561,Mon-Tue-Wed-Thu-Fri-Sat-Sun_20260101-20270830,59561,,PORBANDAR,0,,59561,0,0,0
59562,Mon-Tue-Wed-Thu-Fri-Sat-Sun_20260101-20270830,59562,,RAJKOT,0,,59562,0,0,0
59563,Mon-Tue-Thu-Fri-Sun_20260101-20270830,59563,,PORBANDAR,0,,59563,0,0,0
59564,Mon-Tue-Wed-Fri-Sat_20260101-20270830,59564,,RAJKOT,0,,59564,0,0,0
59601,Mon-Tue-Wed-Thu-Fri-Sat-Sun_20260228-20270830,59601,,MARWAR JN,0,,59601,0,0,0
59602,Mon-Tue-Wed-Thu-Fri-Sat-Sun_20260228-20270830,59602,,AJMER JN,0,,59602,0,0,0
59603,Mon-Wed-Thu-Sat-Sun_20260228-20270830,59603,,PUSHKAR TERMINUS,0,,59603,0,0,0
59604,Mon-Wed-Thu-Sat-Sun_20260228-20270830,59604,,AJMER JN,0,,59604,0,0,0
59605,Mon-Tue-Wed-Thu-Fri-Sat-Sun_20260228-20270830,59605,,BARI SADRI,0,,59605,0,0,0
59606,Mon-Tue-Wed-Thu-Fri-Sat-Sun_20260613-20270830,59606,,UDAIPUR CITY,0,,59606,0,0,0
59607,Mon-Tue-Wed-Thu-Fri-Sat-Sun_20260228-20270830,59607,,BARI SADRI,0,,59607,0,0,0
59608,Mon-Tue-Wed-Thu-Fri-Sat-Sun_20260228-20270830,59608,,UDAIPUR CITY,0,,59608,0,0,0
59609,Mon-Tue-Wed-Thu-Fri-Sat-Sun_20260228-20270830,59609,,CHITTAURGARH JN.,0,,59609,0,0,0
59610,Mon-Tue-Wed-Thu-Fri-Sat-Sun_20260228-20270830,59610,,UDAIPUR CITY,0,,59610,0,0,0
59629,Mon-Tue-Wed-Thu-Fri-Sat-Sun_20260602-20270830,59629,,PHULERA,0,,59629,0,0,0
59630,Mon-Tue-Wed-Thu-Fri-Sat-Sun_20260602-20270830,59630,,REWARI JN.,0,,59630,0,0,0
59631,Mon-Tue-Wed-Thu-Fri-Sat-Sun_20260228-20270830,59631,,REWARI JN.,0,,59631,0,0,0
59632,Mon-Tue-Wed-Thu-Fri-Sat-Sun_20260228-20270830,59632,,HISAR,0,,59632,0,0,0
59633,Sat-Sun_20260606-20270830,59633,,RINGAS JN,0,,59633,0,0,0
59634,Sat-Sun_20260606-20270830,59634,,REWARI JN.,0,,59634,0,0,0
59709,Mon-Tue-Wed-Thu-Fri-Sat-Sun_20260601-20270830,59709,,BHIWANI JN.,0,,59709,0,0,0
59710,Mon-Tue-Wed-Thu-Fri-Sat-Sun_20260601-20270830,59710,,JAIPUR JN.,0,,59710,0,0,0
59711,Mon-Tue-Wed-Thu-Fri-Sat-Sun_20260228-20270830,59711,,ANUPGARH,0,,59711,0,0,0
59712,Mon-Tue-Wed-Thu-Fri-Sat-Sun_20260228-20270830,59712,,SURATGARH JN,0,,59712,0,0,0
59713,Mon-Tue-Wed-Thu-Fri-Sat-Sun_20260228-20270830,59713,,ANUPGARH,0,,59713,0,0,0
59714,Mon-Tue-Wed-Thu-Fri-Sat-Sun_20260228-20270830,59714,,SURATGARH JN,0,,59714,0,0,0
59715,Mon-Tue-Wed-Thu-Fri-Sat-Sun_20260228-20270830,59715,,ANUPGARH,0,,59715,0,0,0
59716,Mon-Tue-Wed-Thu-Fri-Sat-Sun_20260228-20270830,59716,,SURATGARH JN,0,,59716,0,0,0
59717,Mon-Tue-Wed-Thu-Fri-Sat-Sun_20260228-20270830,59717,,ANUPGARH,0,,59717,0,0,0
59718,Mon-Tue-Wed-Thu-Fri-Sat-Sun_20260228-20270830,59718,,SURATGARH JN,0,,59718,0,0,0
59719,Mon-Tue-Wed-Thu-Fri-Sat-Sun_20260228-20270830,59719,,BATHINDA,0,,59719,0,0,0
59720,Mon-Tue-Wed-Thu-Fri-Sat-Sun_20260228-20270830,59720,,SURATGARH JN,0,,59720,0,0,0
59813,Mon-Tue-Wed-Thu-Fri-Sat-Sun_20260228-20270830,59813,,YAMUNA BRIDGE,0,,59813,0,0,0
59814,Mon-Tue-Wed-Thu-Fri-Sat-Sun_20260228-20270830,59814,,KOTA JN,0,,59814,0,0,0
59833,Mon-Tue-Wed-Thu-Fri-Sat-Sun_20260522-20270830,59833,,MANDASOR,0,,59833,0,0,0
59834,Mon-Tue-Wed-Thu-Fri-Sat-Sun_20260518-20270830,59834,,KOTA JN,0,,59834,0,0,0
59835,Mon-Tue-Wed-Thu-Fri-Sat-Sun_20260518-20270830,59835,,UDAIPUR CITY,0,,59835,0,0,0
59836,Mon-Tue-Wed-Thu-Fri-Sat-Sun_20260228-20270830,59836,,MANDASOR,0,,59836,0,0,0
59837,Mon-Tue-Wed-Thu-Fri-Sat-Sun_20260228-20270830,59837,,KOTA JN,0,,59837,0,0,0
59838,Mon-Tue-Wed-Thu-Fri-Sat-Sun_20260228-20270830,59838,,AKLERA,0,,59838,0,0,0
59839,Mon-Tue-Wed-Thu-Fri-Sat-Sun_20260228-20270830,59839,,KOTA JN,0,,59839,0,0,0
59840,Mon-Tue-Wed-Thu-Fri-Sat-Sun_20260228-20270830,59840,,AKLERA,0,,59840,0,0,0
61001,Mon-Tue-Wed-Thu-Fri-Sat-Sun_20260101-20270830,61001,,VASAI ROAD,0,,61001,0,0,0
61002,Mon-Tue-Wed-Thu-Fri-Sat-Sun_20260226-20270830,61002,,BOISAR,0,,61002,0,0,0
61003,Mon-Tue-Wed-Thu-Fri-Sat-Sun_20260317-20270830,61003,,DIVA,0,,61003,0,0,0
61004,Mon-Tue-Wed-Thu-Fri-Sat-Sun_20260313-20270830,61004,,VASAI ROAD,0,,61004,0,0,0
61005,Mon-Tue-Wed-Thu-Fri-Sat-Sun_20260317-20270830,61005,,DIVA,0,,61005,0,0,0
61006,Mon-Tue-Wed-Thu-Fri-Sat-Sun_20260313-20270830,61006,,VASAI ROAD,0,,61006,0,0,0
61007,Mon-Tue-Wed-Thu-Fri-Sat-Sun_20260317-20270830,61007,,DIVA,0,,61007,0,0,0
61008,Mon-Tue-Wed-Thu-Fri-Sat-Sun_20260313-20270830,61008,,VASAI ROAD,0,,61008,0,0,0
61009,Mon-Tue-Wed-Thu-Fri-Sat-Sun_20260317-20270830,61009,,DIVA,0,,61009,0,0,0
61010,Mon-Tue-Wed-Thu-Fri-Sat-Sun_20260101-20270830,61010,,DIVA,0,,61010,0,0,0
61011,Mon-Tue-Wed-Thu-Fri-Sat-Sun_20260101-20270830,61011,,ROHA,0,,61011,0,0,0
61012,Mon-Tue-Wed-Thu-Fri-Sat-Sun_20260716-20270830,61012,,DIVA,0,,61012,0,0,0
61013,Mon-Tue-Wed-Thu-Fri-Sat-Sun_20260101-20270830,61013,,ROHA,0,,61013,0,0,0
61015,Mon-Tue-Wed-Thu-Fri_20260106-20270830,61015,,ROHA,0,,61015,0,0,0
61016,Mon-Tue-Wed-Thu-Fri_20260101-20270830,61016,,DIVA,0,,61016,0,0,0
61017,Mon-Tue-Wed-Thu-Fri_20260101-20270830,61017,,PANVEL,0,,61017,0,0,0
61018,Mon-Tue-Wed-Thu-Fri_20260101-20270830,61018,,DIVA,0,,61018,0,0,0
61019,Mon-Tue-Wed-Thu-Fri_20260101-20270830,61019,,PEN,0,,61019,0,0,0
61020,Mon-Tue-Wed-Thu-Fri_20260101-20270830,61020,,DIVA,0,,61020,0,0,0
61021,Mon-Tue-Wed-Thu-Fri_20260317-20270830,61021,,DIVA,0,,61021,0,0,0
61022,Mon-Tue-Wed-Thu-Fri_20260313-20270830,61022,,VASAI ROAD,0,,61022,0,0,0
61023,Mon-Tue-Wed-Thu-Fri_20260101-20270830,61023,,PEN,0,,61023,0,0,0
61024,Mon-Tue-Wed-Thu-Fri_20260101-20270830,61024,,DIVA,0,,61024,0,0,0
61025,Mon-Tue-Wed-Thu-Fri_20260101-20270830,61025,,PEN,0,,61025,0,0,0
61026,Mon-Tue-Wed-Thu-Fri_20260101-20270830,61026,,DIVA,0,,61026,0,0,0
61101,Mon-Tue-Wed-Thu-Fri-Sat-Sun_20260101-20270830,61101,,BADNERA JN.,0,,61101,0,0,0
61102,Mon-Tue-Wed-Thu-Fri-Sat-Sun_20260101-20270830,61102,,BHUSAVAL JN,0,,61102,0,0,0
61103,Mon-Tue-Wed-Thu-Fri-Sat-Sun_20260101-20270830,61103,,NARKHER,0,,61103,0,0,0
61104,Mon-Tue-Wed-Thu-Fri-Sat-Sun_20260101-20270830,61104,,BADNERA JN.,0,,61104,0,0,0
61105,Mon-Tue-Wed-Thu-Fri-Sat-Sun_20260101-20270830,61105,,NARKHER,0,,61105,0,0,0
61106,Mon-Tue-Wed-Thu-Fri-Sat-Sun_20260101-20270830,61106,,BADNERA JN.,0,,61106,0,0,0
61107,Mon-Tue-Wed-Thu-Fri-Sat-Sun_20260101-20270830,61107,,WARDHA JN,0,,61107,0,0,0
61108,Mon-Tue-Wed-Thu-Fri-Sat-Sun_20260101-20270830,61108,,AMRAVATI,0,,61108,0,0,0
61109,Mon-Tue-Wed-Thu-Fri-Sun_20260101-20270830,61109,,NAGPUR JN.,0,,61109,0,0,0
61110,Mon-Tue-Wed-Thu-Fri-Sat_20260609-20270830,61110,,WARDHA JN,0,,61110,0,0,0
61111,Mon-Tue-Wed-Thu-Fri-Sat-Sun_20260101-20270830,61111,,AMRAVATI,0,,61111,0,0,0
61112,Mon-Tue-Wed-Thu-Fri-Sat-Sun_20260101-20270830,61112,,BADNERA JN.,0,,61112,0,0,0
61113,Mon-Tue-Wed-Thu-Fri-Sat-Sun_20260101-20270830,61113,,AMRAVATI,0,,61113,0,0,0
61114,Mon-Tue-Wed-Thu-Fri-Sat-Sun_20260101-20270830,61114,,BADNERA JN.,0,,61114,0,0,0
61115,Mon-Tue-Wed-Thu-Fri-Sat-Sun_20260101-20270830,61115,,AMRAVATI,0,,61115,0,0,0
61116,Mon-Tue-Wed-Thu-Fri-Sat-Sun_20260101-20270830,61116,,BADNERA JN.,0,,61116,0,0,0
61117,Mon-Tue-Wed-Thu-Fri-Sat-Sun_20260101-20270830,61117,,AMLA JN,0,,61117,0,0,0
61118,Mon-Tue-Wed-Thu-Fri-Sat-Sun_20260101-20270830,61118,,NAGPUR JN.,0,,61118,0,0,0
61119,Mon-Tue-Wed-Thu-Fri-Sat-Sun_20260101-20270830,61119,,AMLA JN,0,,61119,0,0,0
61120,Mon-Tue-Wed-Thu-Fri-Sat-Sun_20260101-20270830,61120,,NAGPUR JN.,0,,61120,0,0,0
61121,Mon-Tue-Wed-Thu-Fri-Sat-Sun_20260101-20270830,61121,,ITARSI JN,0,,61121,0,0,0
61122,Mon-Tue-Wed-Thu-Fri-Sat-Sun_20260101-20270830,61122,,AMLA JN,0,,61122,0,0,0
61123,Mon-Tue-Wed-Thu-Fri-Sat-Sun_20260101-20270830,61123,,CHHINDWARA JN,0,,61123,0,0,0
61124,Mon-Tue-Wed-Thu-Fri-Sat-Sun_20260101-20270830,61124,,AMLA JN,0,,61124,0,0,0
61125,Mon-Tue-Wed-Thu-Fri-Sat-Sun_20260101-20270830,61125,,CHHINDWARA JN,0,,61125,0,0,0
61126,Mon-Tue-Wed-Thu-Fri-Sat-Sun_20260101-20270830,61126,,AMLA JN,0,,61126,0,0,0
61127,Mon-Tue-Wed-Thu-Fri-Sat-Sun_20260101-20270830,61127,,BALHARSHAH,0,,61127,0,0,0
61128,Mon-Tue-Wed-Thu-Fri-Sat-Sun_20260101-20270830,61128,,WARDHA JN,0,,61128,0,0,0
61129,Mon-Tue-Wed-Thu-Fri-Sat-Sun_20260815-20270830,61129,,BADNERA JN.,0,,61129,0,0,0
61130,Mon-Tue-Wed-Thu-Fri-Sat-Sun_20260815-20270830,61130,,NASIK ROAD,0,,61130,0,0,0
61131,Mon-Tue-Wed-Thu-Fri-Sat_20260101-20270830,61131,,DHULE,0,,61131,0,0,0
61132,Mon-Tue-Wed-Thu-Fri-Sat_20260101-20270830,61132,,CHALISGAON JN,0,,61132,0,0,0
61133,Mon-Tue-Wed-Thu-Fri-Sat_20260101-20270830,61133,,DHULE,0,,61133,0,0,0
61134,Mon-Tue-Wed-Thu-Fri-Sat_20260101-20270830,61134,,CHALISGAON JN,0,,61134,0,0,0
61135,Mon-Tue-Wed-Thu-Fri-Sat_20260101-20270830,61135,,DHULE,0,,61135,0,0,0
61136,Mon-Tue-Wed-Thu-Fri-Sat_20260101-20270830,61136,,CHALISGAON JN,0,,61136,0,0,0
61137,Mon-Tue-Wed-Thu-Fri-Sat_20260101-20270830,61137,,DHULE,0,,61137,0,0,0
61138,Mon-Tue-Wed-Thu-Fri-Sat_20260101-20270830,61138,,CHALISGAON JN,0,,61138,0,0,0
61139,Mon-Tue-Fri-Sat-Sun_20260101-20270830,61139,,SANAWAD,0,,61139,0,0,0
61140,Mon-Tue-Fri-Sat-Sun_20260101-20270830,61140,,KHANDWA JUNCTION,0,,61140,0,0,0
61141,Mon-Tue-Fri-Sat-Sun_20260101-20270830,61141,,SANAWAD,0,,61141,0,0,0
61142,Mon-Tue-Fri-Sat-Sun_20260101-20270830,61142,,KHANDWA JUNCTION,0,,61142,0,0,0
61601,Mon-Tue-Wed-Thu-Fri-Sat-Sun_20260101-20270830,61601,,CHIRMIRI,0,,61601,0,0,0
61602,Mon-Tue-Wed-Thu-Fri-Sat-Sun_20260101-20270830,61602,,KATNI,0,,61602,0,0,0
61603,Mon-Tue-Wed-Thu-Fri-Sat-Sun_20260101-20270830,61603,,BARGAWAN,0,,61603,0,0,0
61604,Mon-Tue-Wed-Thu-Fri-Sat-Sun_20260101-20270830,61604,,KATNI,0,,61604,0,0,0
61605,Mon-Tue-Wed-Thu-Fri-Sat-Sun_20260101-20270830,61605,,SATNA,0,,61605,0,0,0
61606,Mon-Tue-Wed-Thu-Fri-Sat-Sun_20260101-20270830,61606,,KATNI,0,,61606,0,0,0
61607,Mon-Tue-Wed-Thu-Fri-Sat-Sun_20260101-20270830,61607,,MANIKPUR JN,0,,61607,0,0,0
61608,Mon-Tue-Wed-Thu-Fri-Sat-Sun_20260101-20270830,61608,,SATNA,0,,61608,0,0,0
61609,Mon-Tue-Wed-Thu-Fri-Sat-Sun_20260101-20270830,61609,,MANIKPUR JN,0,,61609,0,0,0
61610,Mon-Tue-Wed-Thu-Fri-Sat-Sun_20260101-20270830,61610,,SATNA,0,,61610,0,0,0
61611,Mon-Tue-Wed-Thu-Fri-Sat-Sun_20260101-20270830,61611,,RUTHIYAI JUNCTION,0,,61611,0,0,0
61612,Mon-Tue-Wed-Thu-Fri-Sat-Sun_20260101-20270830,61612,,BINA JN,0,,61612,0,0,0
61613,Mon-Tue-Wed-Thu-Fri-Sat-Sun_20260226-20270830,61613,,KOTA JN,0,,61613,0,0,0
61614,Mon-Tue-Wed-Thu-Fri-Sat-Sun_20260225-20270830,61614,,GATL,0,,61614,0,0,0
61615,Mon-Tue-Wed-Thu-Fri-Sat-Sun_20260615-20270830,61615,,KOTA JN,0,,61615,0,0,0
61616,Mon-Tue-Wed-Thu-Fri-Sat-Sun_20260615-20270830,61616,,CHAU MAHLA,0,,61616,0,0,0
61617,Mon-Tue-Wed-Thu-Fri-Sat-Sun_20260101-20270830,61617,,KATNI,0,,61617,0,0,0
61618,Mon-Tue-Wed-Thu-Fri-Sat-Sun_20260101-20270830,61618,,ITARSI JN,0,,61618,0,0,0
61619,Mon-Tue-Wed-Thu-Fri-Sat-Sun_20260101-20270830,61619,,KATNI MURWARA,0,,61619,0,0,0
61620,Mon-Tue-Wed-Thu-Fri-Sat-Sun_20260101-20270830,61620,,BINA JN,0,,61620,0,0,0
61621,Mon-Tue-Wed-Thu-Fri-Sat-Sun_20260101-20270830,61621,,SAWAI MADHOPUR JN,0,,61621,0,0,0
61622,Mon-Tue-Wed-Thu-Fri-Sat-Sun_20260101-20270830,61622,,KOTA JN,0,,61622,0,0,0
61623,Mon-Tue-Wed-Thu-Fri-Sat-Sun_20260615-20270830,61623,,KOTA JN,0,,61623,0,0,0
61624,Mon-Tue-Wed-Thu-Fri-Sat-Sun_20260615-20270830,61624,,UJJAIN JN,0,,61624,0,0,0
61625,Mon-Tue-Wed-Thu-Fri-Sat-Sun_20260627-20270830,61625,,RUTHIYAI JUNCTION,0,,61625,0,0,0
61626,Mon-Tue-Wed-Thu-Fri-Sat-Sun_20260820-20270830,61626,,BINA JN,0,,61626,0,0,0
61631,Mon-Tue-Wed-Thu-Fri-Sat-Sun_20260101-20270830,61631,,BINA JN,0,,61631,0,0,0
61632,Mon-Tue-Wed-Thu-Fri-Sat-Sun_20260101-20270830,61632,,BHOPAL JN.,0,,61632,0,0,0
61633,Mon-Tue-Wed-Thu-Fri-Sat-Sun_20260101-20270830,61633,,BINA JN,0,,61633,0,0,0
61634,Mon-Tue-Wed-Thu-Fri-Sat-Sun_20260101-20270830,61634,,KOTA JN,0,,61634,0,0,0
63007,Mon-Tue-Wed-Thu-Fri-Sat-Sun_20260418-20270830,63007,,RAMPUR HAT,0,,63007,0,0,0
63008,Mon-Tue-Wed-Thu-Fri-Sat-Sun_20260418-20270830,63008,,KATWA,0,,63008,0,0,0
63010,Mon-Tue-Wed-Thu-Fri-Sat-Sun_20260418-20270830,63010,,KATWA,0,,63010,0,0,0
63011,Mon-Tue-Wed-Thu-Fri-Sat-Sun_20260101-20270830,63011,,RAMPUR HAT,0,,63011,0,0,0
63012,Mon-Tue-Wed-Thu-Fri-Sat-Sun_20260101-20270830,63012,,BARDHAMAN,0,,63012,0,0,0
63013,Mon-Tue-Wed-Thu-Fri-Sat-Sun_20260418-20270830,63013,,AZIMGANJ JN,0,,63013,0,0,0
63019,Mon-Tue-Wed-Thu-Fri-Sat-Sun_20260418-20270830,63019,,AZIMGANJ JN,0,,63019,0,0,0
63020,Mon-Tue-Wed-Thu-Fri-Sat-Sun_20260418-20270830,63020,,KATWA,0,,63020,0,0,0
63021,Mon-Tue-Wed-Thu-Fri-Sat-Sun_20260101-20270830,63021,,RAMPUR HAT,0,,63021,0,0,0
63022,Mon-Tue-Wed-Thu-Fri-Sat-Sun_20260101-20270830,63022,,AZIMGANJ JN,0,,63022,0,0,0
63023,Mon-Tue-Wed-Thu-Fri-Sat-Sun_20260101-20270830,63023,,RAMPUR HAT,0,,63023,0,0,0
63024,Mon-Tue-Wed-Thu-Fri-Sat-Sun_20260101-20270830,63024,,AZIMGANJ JN,0,,63024,0,0,0
63025,Mon-Tue-Wed-Thu-Fri-Sat-Sun_20260101-20270830,63025,,RAMPUR HAT,0,,63025,0,0,0
63026,Mon-Tue-Wed-Thu-Fri-Sat-Sun_20260101-20270830,63026,,AZIMGANJ JN,0,,63026,0,0,0
63031,Mon-Tue-Wed-Thu-Fri-Sat-Sun_20260418-20270830,63031,,AZIMGANJ JN,0,,63031,0,0,0
63032,Mon-Tue-Wed-Thu-Fri-Sat-Sun_20260418-20270830,63032,,KATWA,0,,63032,0,0,0
63033,Mon-Tue-Wed-Thu-Fri-Sat-Sun_20260620-20270830,63033,,NALHATI JN,0,,63033,0,0,0
63034,Mon-Tue-Wed-Thu-Fri-Sat-Sun_20260101-20270830,63034,,AZIMGANJ JN,0,,63034,0,0,0
63039,Mon-Tue-Wed-Thu-Fri-Sat-Sun_20260421-20270830,63039,,AHAMADPUR JN.,0,,63039,0,0,0
63040,Mon-Tue-Wed-Thu-Fri-Sat-Sun_20260421-20270830,63040,,KATWA,0,,63040,0,0,0
63041,Mon-Tue-Wed-Thu-Fri-Sat-Sun_20260620-20270830,63041,,AZIMGANJ JN,0,,63041,0,0,0
63042,Mon-Tue-Wed-Thu-Fri-Sat-Sun_20260620-20270830,63042,,BERHAMPORE CRT,0,,63042,0,0,0
63043,Mon-Tue-Wed-Thu-Fri-Sat-Sun_20260421-20270830,63043,,AHAMADPUR JN.,0,,63043,0,0,0
63044,Mon-Tue-Wed-Thu-Fri-Sat-Sun_20260421-20270830,63044,,KATWA,0,,63044,0,0,0
63045,Mon-Tue-Wed-Thu-Fri-Sat-Sun_20260620-20270830,63045,,AZIMGANJ JN,0,,63045,0,0,0
63046,Mon-Tue-Wed-Thu-Fri-Sat-Sun_20260620-20270830,63046,,BERHAMPORE CRT,0,,63046,0,0,0
63051,Mon-Tue-Wed-Thu-Fri-Sat-Sun_20260101-20270830,63051,,RAMPUR HAT,0,,63051,0,0,0
63052,Mon-Tue-Wed-Thu-Fri-Sat-Sun_20260101-20270830,63052,,AZIMGANJ JN,0,,63052,0,0,0
63057,Mon-Tue-Wed-Thu-Fri-Sat-Sun_20260620-20270830,63057,,AZIMGANJ JN,0,,63057,0,0,0
63058,Mon-Tue-Wed-Thu-Fri-Sat-Sun_20260620-20270830,63058,,BERHAMPORE CRT,0,,63058,0,0,0
63063,Mon-Tue-Wed-Thu-Fri-Sat-Sun_20260114-20270830,63063,,SAHIBGANJ JN,0,,63063,0,0,0
63064,Mon-Tue-Wed-Thu-Fri-Sat-Sun_20260101-20270830,63064,,BARDHAMAN,0,,63064,0,0,0
63068,Mon-Tue-Wed-Thu-Fri-Sat-Sun_20260101-20270830,63068,,BARDHAMAN,0,,63068,0,0,0
63069,Mon-Tue-Wed-Thu-Fri-Sat-Sun_20260101-20270830,63069,,RAMPUR HAT,0,,63069,0,0,0
63073,Mon-Tue-Wed-Thu-Fri-Sat-Sun_20260101-20270830,63073,,SAHIBGANJ JN,0,,63073,0,0,0
63074,Mon-Tue-Wed-Thu-Fri-Sat-Sun_20260101-20270830,63074,,RAMPUR HAT,0,,63074,0,0,0
63075,Mon-Tue-Wed-Thu-Fri-Sat-Sun_20260101-20270830,63075,,BARHARWA JN,0,,63075,0,0,0
63076,Mon-Tue-Wed-Thu-Fri-Sat-Sun_20260101-20270830,63076,,RAMPUR HAT,0,,63076,0,0,0
63081,Mon-Tue-Wed-Thu-Fri-Sat-Sun_20260101-20270830,63081,,JASIDIH JN.,0,,63081,0,0,0
63082,Mon-Tue-Wed-Thu-Fri-Sat-Sun_20260207-20270830,63082,,RAMPUR HAT,0,,63082,0,0,0
63101,Mon-Tue-Wed-Thu-Fri-Sat-Sun_20260101-20270830,63101,,LALGOLA,0,,63101,0,0,0
63102,Mon-Tue-Wed-Thu-Fri-Sat-Sun_20260101-20270830,63102,,KOLKATTA TERMINAL,0,,63102,0,0,0
63103,Mon-Tue-Wed-Thu-Fri-Sat-Sun_20260101-20270830,63103,,LALGOLA,0,,63103,0,0,0
63104,Mon-Tue-Wed-Thu-Fri-Sat-Sun_20260101-20270830,63104,,SEALDAH,0,,63104,0,0,0
63105,Mon-Tue-Wed-Thu-Fri-Sat-Sun_20260101-20270830,63105,,LALGOLA,0,,63105,0,0,0
63106,Mon-Tue-Wed-Thu-Fri-Sat-Sun_20260101-20270830,63106,,SEALDAH,0,,63106,0,0,0
63107,Mon-Tue-Wed-Thu-Fri-Sat-Sun_20260106-20270830,63107,,LALGOLA,0,,63107,0,0,0
63108,Mon-Tue-Wed-Thu-Fri-Sat-Sun_20260101-20270830,63108,,SEALDAH,0,,63108,0,0,0
63111,Mon-Tue-Wed-Thu-Fri-Sat-Sun_20260101-20270830,63111,,RANAGHAT JN,0,,63111,0,0,0
63112,Mon-Tue-Wed-Thu-Fri-Sat-Sun_20260324-20270830,63112,,SEALDAH,0,,63112,0,0,0
63133,Mon-Tue-Wed-Thu-Fri-Sat-Sun_20260101-20270830,63133,,LALGOLA,0,,63133,0,0,0
63134,Mon-Tue-Wed-Thu-Fri-Sat-Sun_20260101-20270830,63134,,RANAGHAT JN,0,,63134,0,0,0
63141,Mon-Tue-Wed-Thu-Fri-Sat-Sun_20260417-20270830,63141,,GODDA,0,,63141,0,0,0
63142,Mon-Tue-Wed-Thu-Fri-Sat-Sun_20260417-20270830,63142,,SEALDAH,0,,63142,0,0,0
63151,Mon-Tue-Wed-Thu-Fri-Sat-Sun_20260101-20270830,63151,,BAIDYANATHDHAM,0,,63151,0,0,0
63153,Mon-Tue-Wed-Thu-Fri-Sat-Sun_20260101-20270830,63153,,BAIDYANATHDHAM,0,,63153,0,0,0
63154,Mon-Tue-Wed-Thu-Fri-Sat-Sun_20260101-20270830,63154,,JASIDIH JN.,0,,63154,0,0,0
63155,Mon-Tue-Wed-Thu-Fri-Sat-Sun_20260101-20270830,63155,,BAIDYANATHDHAM,0,,63155,0,0,0
63156,Mon-Tue-Wed-Thu-Fri-Sat-Sun_20260721-20270830,63156,,JASIDIH JN.,0,,63156,0,0,0
63157,Mon-Tue-Wed-Thu-Fri-Sat-Sun_20260101-20270830,63157,,BAIDYANATHDHAM,0,,63157,0,0,0
63158,Mon-Tue-Wed-Thu-Fri-Sat-Sun_20260101-20270830,63158,,JASIDIH JN.,0,,63158,0,0,0
63159,Mon-Tue-Wed-Thu-Fri-Sat-Sun_20260101-20270830,63159,,BAIDYANATHDHAM,0,,63159,0,0,0
63160,Mon-Tue-Wed-Thu-Fri-Sat-Sun_20260101-20270830,63160,,JASIDIH JN.,0,,63160,0,0,0
63161,Mon-Tue-Wed-Thu-Fri-Sat-Sun_20260101-20270830,63161,,BAIDYANATHDHAM,0,,63161,0,0,0
63162,Mon-Tue-Wed-Thu-Fri-Sat-Sun_20260101-20270830,63162,,JASIDIH JN.,0,,63162,0,0,0
63163,Mon-Tue-Wed-Thu-Fri-Sat-Sun_20260101-20270830,63163,,BAIDYANATHDHAM,0,,63163,0,0,0
63164,Mon-Tue-Wed-Thu-Fri-Sat-Sun_20260101-20270830,63164,,JASIDIH JN.,0,,63164,0,0,0
63165,Mon-Tue-Wed-Thu-Fri-Sat-Sun_20260101-20270830,63165,,BAIDYANATHDHAM,0,,63165,0,0,0
63166,Mon-Tue-Wed-Thu-Fri-Sat-Sun_20260101-20270830,63166,,JASIDIH JN.,0,,63166,0,0,0
63167,Mon-Tue-Wed-Thu-Fri-Sat-Sun_20260101-20270830,63167,,BAIDYANATHDHAM,0,,63167,0,0,0
63168,Mon-Tue-Wed-Thu-Fri-Sat-Sun_20260101-20270830,63168,,JASIDIH JN.,0,,63168,0,0,0
63169,Mon-Tue-Wed-Thu-Fri-Sat-Sun_20260101-20270830,63169,,BAIDYANATHDHAM,0,,63169,0,0,0
63176,Mon-Tue-Wed-Thu-Fri-Sat-Sun_20260101-20270830,63176,,SEALDAH,0,,63176,0,0,0
63177,Mon-Tue-Wed-Thu-Fri-Sat-Sun_20260101-20270830,63177,,LALGOLA,0,,63177,0,0,0
63201,Mon-Tue-Wed-Thu-Fri-Sat-Sun_20260101-20270830,63201,,SAMASTIPUR JN,0,,63201,0,0,0
63202,Mon-Tue-Wed-Thu-Fri-Sat-Sun_20260101-20270830,63202,,BARAUNI JN,0,,63202,0,0,0
63203,Mon-Tue-Wed-Thu-Fri-Sat-Sun_20260101-20270830,63203,,MOKAMA,0,,63203,0,0,0
63204,Mon-Tue-Wed-Thu-Fri-Sat-Sun_20260101-20270830,63204,,KIUL JN,0,,63204,0,0,0
63205,Mon-Tue-Wed-Thu-Fri-Sat-Sun_20260101-20270830,63205,,PATNA JN,0,,63205,0,0,0
63206,Mon-Tue-Wed-Thu-Fri-Sat-Sun_20260101-20270830,63206,,KIUL JN,0,,63206,0,0,0
63207,Mon-Tue-Wed-Thu-Fri-Sat-Sun_20260217-20270830,63207,,PATNA JN,0,,63207,0,0,0
63209,Mon-Tue-Wed-Thu-Fri-Sat-Sun_20260829-20270830,63209,,PATNA JN,0,,63209,0,0,0
63210,Mon-Tue-Wed-Thu-Fri-Sat-Sun_20260829-20270830,63210,,DEOGHAR,0,,63210,0,0,0
63212,Mon-Tue-Wed-Thu-Fri-Sat-Sun_20260217-20270830,63212,,JHAJHA,0,,63212,0,0,0
63213,Mon-Tue-Wed-Thu-Fri-Sat-Sun_20260101-20270830,63213,,ARA,0,,63213,0,0,0
63214,Mon-Tue-Wed-Thu-Fri-Sat-Sun_20260101-20270830,63214,,PATNA JN,0,,63214,0,0,0
63215,Mon-Tue-Wed-Thu-Fri-Sat-Sun_20260101-20270830,63215,,MUZAFFARPUR JN,0,,63215,0,0,0
63216,Mon-Tue-Wed-Thu-Fri-Sat-Sun_20260101-20270830,63216,,SAMASTIPUR JN,0,,63216,0,0,0
63217,Mon-Tue-Wed-Thu-Fri-Sat-Sun_20260101-20270830,63217,,DANAPUR,0,,63217,0,0,0
63218,Mon-Tue-Wed-Thu-Fri-Sat-Sun_20260101-20270830,63218,,BARAUNI JN,0,,63218,0,0,0
63219,Mon-Tue-Wed-Thu-Fri-Sat-Sun_20260101-20270830,63219,,BUXAR,0,,63219,0,0,0
63220,Mon-Tue-Wed-Thu-Fri-Sat-Sun_20260224-20270830,63220,,PATNA JN,0,,63220,0,0,0
63221,Mon-Tue-Wed-Thu-Fri-Sat-Sun_20260301-20270830,63221,,PATNA JN,0,,63221,0,0,0
63222,Mon-Tue-Wed-Thu-Fri-Sat-Sun_20260301-20270830,63222,,MOKAMA,0,,63222,0,0,0
63223,Mon-Tue-Wed-Thu-Fri-Sat-Sun_20260829-20270830,63223,,ARA,0,,63223,0,0,0
63224,Mon-Tue-Wed-Thu-Fri-Sat-Sun_20260829-20270830,63224,,PATNA JN,0,,63224,0,0,0
63225,Mon-Tue-Wed-Thu-Fri-Sat-Sun_20260101-20270830,63225,,PT.DEEN DAYAL UPADHYAYA JN.,0,,63225,0,0,0
63226,Mon-Tue-Wed-Thu-Fri-Sat-Sun_20260101-20270830,63226,,PATNA JN,0,,63226,0,0,0
63229,Mon-Tue-Wed-Thu-Fri-Sat-Sun_20260101-20270830,63229,,BANARAS,0,,63229,0,0,0
63230,Mon-Tue-Wed-Thu-Fri-Sat-Sun_20260101-20270830,63230,,ARA,0,,63230,0,0,0
63231,Mon-Tue-Wed-Thu-Fri-Sat-Sun_20260829-20270830,63231,,PT.DEEN DAYAL UPADHYAYA JN.,0,,63231,0,0,0
63232,Mon-Tue-Wed-Thu-Fri-Sat-Sun_20260829-20270830,63232,,PATNA JN,0,,63232,0,0,0
63233,Mon-Tue-Wed-Thu-Fri-Sat-Sun_20260101-20270830,63233,,VARANASI,0,,63233,0,0,0
63234,Mon-Tue-Wed-Thu-Fri-Sat-Sun_20260101-20270830,63234,,PATNA JN,0,,63234,0,0,0
63235,Mon-Tue-Wed-Thu-Fri-Sat-Sun_20260101-20270830,63235,,PT.DEEN DAYAL UPADHYAYA JN.,0,,63235,0,0,0
63237,Mon-Tue-Wed-Thu-Fri-Sat-Sun_20260305-20270830,63237,,SUBEDARGANJ,0,,63237,0,0,0
63238,Mon-Tue-Wed-Thu-Fri-Sat-Sun_20260305-20270830,63238,,PT.DEEN DAYAL UPADHYAYA JN.,0,,63238,0,0,0
63240,Mon-Tue-Wed-Thu-Fri-Sat-Sun_20260101-20270830,63240,,BUXAR,0,,63240,0,0,0
63241,Mon-Tue-Wed-Thu-Fri-Sat-Sun_20260101-20270830,63241,,GAYA JN,0,,63241,0,0,0
63242,Mon-Tue-Wed-Thu-Fri-Sat-Sun_20260301-20270830,63242,,PATNA JN,0,,63242,0,0,0
63243,Mon-Tue-Wed-Thu-Fri-Sat-Sun_20260101-20270830,63243,,GAYA JN,0,,63243,0,0,0
63244,Mon-Tue-Wed-Thu-Fri-Sat-Sun_20260101-20270830,63244,,PATNA JN,0,,63244,0,0,0
63245,Mon-Tue-Wed-Thu-Fri-Sat-Sun_20260101-20270830,63245,,GAYA JN,0,,63245,0,0,0
63246,Mon-Tue-Wed-Thu-Fri-Sat-Sun_20260101-20270830,63246,,PATNA JN,0,,63246,0,0,0
63247,Mon-Tue-Wed-Thu-Fri-Sat-Sun_20260101-20270830,63247,,GAYA JN,0,,63247,0,0,0
63248,Mon-Tue-Wed-Thu-Fri-Sat-Sun_20260101-20270830,63248,,PATNA JN,0,,63248,0,0,0
63249,Mon-Tue-Wed-Thu-Fri-Sat-Sun_20260101-20270830,63249,,GAYA JN,0,,63249,0,0,0
63250,Mon-Tue-Wed-Thu-Fri-Sat-Sun_20260101-20270830,63250,,PATNA JN,0,,63250,0,0,0
63251,Mon-Tue-Wed-Thu-Fri-Sat-Sun_20260101-20270830,63251,,GAYA JN,0,,63251,0,0,0
63252,Mon-Tue-Wed-Thu-Fri-Sat-Sun_20260101-20270830,63252,,PATNA JN,0,,63252,0,0,0
63253,Mon-Tue-Wed-Thu-Fri-Sat-Sun_20260101-20270830,63253,,GAYA JN,0,,63253,0,0,0
63254,Mon-Tue-Wed-Thu-Fri-Sat-Sun_20260101-20270830,63254,,PATNA JN,0,,63254,0,0,0
63255,Mon-Tue-Wed-Thu-Fri-Sat-Sun_20260301-20270830,63255,,GAYA JN,0,,63255,0,0,0
63256,Mon-Tue-Wed-Thu-Fri-Sat-Sun_20260301-20270830,63256,,PATNA JN,0,,63256,0,0,0
63258,Mon-Tue-Wed-Thu-Fri-Sat-Sun_20260101-20270830,63258,,PATNA JN,0,,63258,0,0,0
63259,Mon-Tue-Wed-Thu-Fri-Sat-Sun_20260101-20270830,63259,,GAYA JN,0,,63259,0,0,0
63263,Mon-Tue-Wed-Thu-Fri-Sat-Sun_20260101-20270830,63263,,BUXAR,0,,63263,0,0,0
63264,Mon-Tue-Wed-Thu-Fri-Sat-Sun_20260101-20270830,63264,,PATNA JN,0,,63264,0,0,0
63265,Mon-Tue-Wed-Thu-Fri-Sat-Sun_20260101-20270830,63265,,PATLIPUTRA,0,,63265,0,0,0
63266,Mon-Tue-Wed-Thu-Fri-Sat-Sun_20260101-20270830,63266,,DARBHANGA JN,0,,63266,0,0,0
63267,Mon-Tue-Wed-Thu-Fri-Sat-Sun_20260101-20270830,63267,,PATLIPUTRA,0,,63267,0,0,0
63268,Mon-Tue-Wed-Thu-Fri-Sat-Sun_20260101-20270830,63268,,MUZAFFARPUR JN,0,,63268,0,0,0
63269,Mon-Tue-Wed-Thu-Fri-Sat-Sun_20260101-20270830,63269,,MUZAFFARPUR JN,0,,63269,0,0,0
63270,Mon-Tue-Wed-Thu-Fri-Sat-Sun_20260101-20270830,63270,,SAMASTIPUR JN,0,,63270,0,0,0
63271,Mon-Tue-Wed-Thu-Fri-Sat-Sun_20260101-20270830,63271,,PATNA JN,0,,63271,0,0,0
63272,Mon-Tue-Wed-Thu-Fri-Sat-Sun_20260101-20270830,63272,,MOKAMA,0,,63272,0,0,0
63273,Mon-Tue-Wed-Thu-Fri-Sat-Sun_20260101-20270830,63273,,PATNA JN,0,,63273,0,0,0
63274,Mon-Tue-Wed-Thu-Fri-Sat-Sun_20260101-20270830,63274,,RAJGIR,0,,63274,0,0,0
63275,Mon-Tue-Wed-Thu-Fri-Sat-Sun_20260101-20270830,63275,,PATNA JN,0,,63275,0,0,0
63276,Mon-Tue-Wed-Thu-Fri-Sat-Sun_20260101-20270830,63276,,KIUL JN,0,,63276,0,0,0
63280,Mon-Tue-Wed-Thu-Fri-Sat-Sun_20260101-20270830,63280,,BARAUNI JN,0,,63280,0,0,0
63281,Mon-Tue-Wed-Thu-Fri-Sat-Sun_20260101-20270830,63281,,PATNA JN,0,,63281,0,0,0
63282,Mon-Tue-Wed-Thu-Fri-Sat-Sun_20260101-20270830,63282,,PATLIPUTRA,0,,63282,0,0,0
63283,Mon-Tue-Wed-Thu-Fri-Sat-Sun_20260101-20270830,63283,,PATNA JN,0,,63283,0,0,0
63284,Mon-Tue-Wed-Thu-Fri-Sat-Sun_20260101-20270830,63284,,BARAUNI JN,0,,63284,0,0,0
63285,Mon-Tue-Wed-Thu-Fri-Sat-Sun_20260101-20270830,63285,,PATNA JN,0,,63285,0,0,0
63287,Mon-Tue-Wed-Thu-Fri-Sat-Sun_20260101-20270830,63287,,PATLIPUTRA,0,,63287,0,0,0
63288,Mon-Tue-Wed-Thu-Fri-Sat-Sun_20260101-20270830,63288,,BARAUNI JN,0,,63288,0,0,0
63289,Mon-Tue-Wed-Thu-Fri-Sat-Sun_20260214-20270830,63289,,DEHRI ON SONE,0,,63289,0,0,0
63290,Mon-Tue-Wed-Thu-Fri-Sat-Sun_20260214-20270830,63290,,GAYA JN,0,,63290,0,0,0
63291,Mon-Tue-Wed-Thu-Fri-Sat-Sun_20260314-20270830,63291,,DEHRI ON SONE,0,,63291,0,0,0
63292,Mon-Tue-Wed-Thu-Fri-Sat-Sun_20260314-20270830,63292,,GAYA JN,0,,63292,0,0,0
63293,Mon-Tue-Wed-Thu-Fri-Sat-Sun_20260101-20270830,63293,,PT.DEEN DAYAL UPADHYAYA JN.,0,,63293,0,0,0
63294,Mon-Tue-Wed-Thu-Fri-Sat-Sun_20260101-20270830,63294,,DEHRI ON SONE,0,,63294,0,0,0
63295,Mon-Tue-Wed-Thu-Fri-Sat-Sun_20260314-20270830,63295,,PT.DEEN DAYAL UPADHYAYA JN.,0,,63295,0,0,0
63296,Mon-Tue-Wed-Thu-Fri-Sat-Sun_20260314-20270830,63296,,GAYA JN,0,,63296,0,0,0
63297,Mon-Tue-Wed-Thu-Fri-Sat-Sun_20260425-20270830,63297,,JHAJHA,0,,63297,0,0,0
63298,Mon-Tue-Wed-Thu-Fri-Sat-Sun_20260101-20270830,63298,,DEOGHAR,0,,63298,0,0,0
63301,Mon-Tue-Wed-Thu-Fri-Sat-Sun_20260101-20270830,63301,,BARAUNI JN,0,,63301,0,0,0
63302,Mon-Tue-Wed-Thu-Fri-Sat-Sun_20260101-20270830,63302,,KATIHAR JN,0,,63302,0,0,0
63303,Mon-Tue-Wed-Thu-Fri-Sat-Sun_20260101-20270830,63303,,SAMASTIPUR JN,0,,63303,0,0,0
63304,Mon-Tue-Wed-Thu-Fri-Sat-Sun_20260701-20270830,63304,,KATIHAR JN,0,,63304,0,0,0
63305,Mon-Tue-Wed-Thu-Fri-Sat-Sun_20260101-20270830,63305,,SONPUR JN,0,,63305,0,0,0
63306,Mon-Tue-Wed-Thu-Fri-Sat-Sun_20260202-20270830,63306,,KATIHAR JN,0,,63306,0,0,0
63307,Mon-Tue-Wed-Thu-Fri-Sat-Sun_20260224-20270830,63307,,SAMASTIPUR JN,0,,63307,0,0,0
63308,Mon-Tue-Wed-Thu-Fri-Sat-Sun_20260101-20270830,63308,,KATIHAR JN,0,,63308,0,0,0
63309,Mon-Tue-Wed-Thu-Fri-Sat-Sun_20260101-20270830,63309,,NARKATIAGANJ JN,0,,63309,0,0,0
63311,Mon-Tue-Wed-Thu-Fri-Sat-Sun_20260101-20270830,63311,,RAXAUL JN,0,,63311,0,0,0
63312,Mon-Tue-Wed-Thu-Fri-Sat-Sun_20260101-20270830,63312,,MUZAFFARPUR JN,0,,63312,0,0,0
63313,Mon-Tue-Wed-Thu-Fri-Sat-Sun_20260519-20270830,63313,,SIKTA,0,,63313,0,0,0
63314,Mon-Tue-Wed-Thu-Fri-Sat-Sun_20260519-20270830,63314,,MUZAFFARPUR JN,0,,63314,0,0,0
63315,Mon-Tue-Wed-Thu-Fri-Sat-Sun_20260101-20270830,63315,,GAYA JN,0,,63315,0,0,0
63316,Mon-Tue-Wed-Thu-Fri-Sat-Sun_20260101-20270830,63316,,JHAJHA,0,,63316,0,0,0
63317,Mon-Tue-Wed-Thu-Fri-Sat-Sun_20260101-20270830,63317,,BHABUA ROAD,0,,63317,0,0,0
63318,Mon-Tue-Wed-Thu-Fri-Sat-Sun_20260116-20270830,63318,,ARA,0,,63318,0,0,0
63319,Mon-Tue-Wed-Thu-Fri-Sat-Sun_20260101-20270830,63319,,SASARAM,0,,63319,0,0,0
63320,Mon-Tue-Wed-Thu-Fri-Sat-Sun_20260101-20270830,63320,,ARA,0,,63320,0,0,0
63321,Mon-Tue-Wed-Thu-Fri-Sat-Sun_20260101-20270830,63321,,GAYA JN,0,,63321,0,0,0
63322,Mon-Tue-Wed-Thu-Fri-Sat-Sun_20260101-20270830,63322,,KIUL JN,0,,63322,0,0,0
63323,Mon-Tue-Wed-Thu-Fri-Sat-Sun_20260101-20270830,63323,,GAYA JN,0,,63323,0,0,0
63324,Mon-Tue-Wed-Thu-Fri-Sat-Sun_20260101-20270830,63324,,KIUL JN,0,,63324,0,0,0
63325,Mon-Tue-Wed-Thu-Fri-Sat-Sun_20260101-20270830,63325,,PATNA JN,0,,63325,0,0,0
63326,Mon-Tue-Wed-Thu-Fri-Sat-Sun_20260101-20270830,63326,,ISLAMPUR,0,,63326,0,0,0
63327,Mon-Tue-Wed-Thu-Fri-Sat-Sun_20260101-20270830,63327,,PATNA JN,0,,63327,0,0,0
63328,Mon-Tue-Wed-Thu-Fri-Sat-Sun_20260101-20270830,63328,,ISLAMPUR,0,,63328,0,0,0
63329,Mon-Tue-Wed-Thu-Fri-Sat-Sun_20260101-20270830,63329,,GAYA JN,0,,63329,0,0,0
63330,Mon-Tue-Wed-Thu-Fri-Sat-Sun_20260101-20270830,63330,,PATLIPUTRA,0,,63330,0,0,0
63331,Mon-Tue-Wed-Thu-Fri-Sat-Sun_20260101-20270830,63331,,MOKAMA,0,,63331,0,0,0
63332,Mon-Tue-Wed-Thu-Fri-Sat-Sun_20260101-20270830,63332,,KIUL JN,0,,63332,0,0,0
63333,Mon-Tue-Wed-Thu-Fri-Sat-Sun_20260325-20270830,63333,,BALLIA,0,,63333,0,0,0
63334,Mon-Tue-Wed-Thu-Fri-Sat-Sun_20260325-20270830,63334,,PATLIPUTRA,0,,63334,0,0,0
63338,Mon-Tue-Wed-Thu-Fri-Sat-Sun_20260101-20270830,63338,,MUZAFFARPUR JN,0,,63338,0,0,0
63339,Mon-Tue-Wed-Thu-Fri-Sat-Sun_20260101-20270830,63339,,DANAPUR,0,,63339,0,0,0
63340,Mon-Tue-Wed-Thu-Fri-Sat-Sun_20260101-20270830,63340,,RAJGIR,0,,63340,0,0,0
63341,Mon-Tue-Wed-Thu-Fri-Sat-Sun_20260101-20270830,63341,,NARKATIAGANJ JN,0,,63341,0,0,0
63342,Mon-Tue-Wed-Thu-Fri-Sat-Sun_20260101-20270830,63342,,MUZAFFARPUR JN,0,,63342,0,0,0
63343,Mon-Tue-Wed-Thu-Fri-Sat-Sun_20260101-20270830,63343,,SAMASTIPUR JN,0,,63343,0,0,0
63344,Mon-Tue-Wed-Thu-Fri-Sat-Sun_20260103-20270830,63344,,SAHARSA JN,0,,63344,0,0,0
63345,Mon-Tue-Wed-Thu-Fri-Sat-Sun_20260101-20270830,63345,,SAMASTIPUR JN,0,,63345,0,0,0
63346,Mon-Tue-Wed-Thu-Fri-Sat-Sun_20260101-20270830,63346,,SAHARSA JN,0,,63346,0,0,0
63347,Mon-Tue-Wed-Thu-Fri-Sat-Sun_20260101-20270830,63347,,SAMASTIPUR JN,0,,63347,0,0,0
63348,Mon-Tue-Wed-Thu-Fri-Sat-Sun_20260101-20270830,63348,,SAHARSA JN,0,,63348,0,0,0
63349,Mon-Tue-Wed-Thu-Fri-Sat-Sun_20260101-20270830,63349,,SAMASTIPUR JN,0,,63349,0,0,0
63350,Mon-Tue-Wed-Thu-Fri-Sat-Sun_20260101-20270830,63350,,SAHARSA JN,0,,63350,0,0,0
63355,Mon-Tue-Wed-Thu-Fri-Sat-Sun_20260101-20270830,63355,,GAYA JN,0,,63355,0,0,0
63356,Mon-Tue-Wed-Thu-Fri-Sat-Sun_20260101-20270830,63356,,KIUL JN,0,,63356,0,0,0
63359,Mon-Tue-Wed-Thu-Fri-Sat-Sun_20260103-20270830,63359,,DAURAM MADHPURA,0,,63359,0,0,0
63360,Mon-Tue-Wed-Thu-Fri-Sat-Sun_20260101-20270830,63360,,SAHARSA JN,0,,63360,0,0,0
63361,Mon-Tue-Wed-Thu-Fri-Sat-Sun_20260101-20270830,63361,,NARKATIAGANJ JN,0,,63361,0,0,0
63362,Mon-Tue-Wed-Thu-Fri-Sat-Sun_20260101-20270830,63362,,GAWNAHA,0,,63362,0,0,0
63363,Mon-Tue-Wed-Thu-Fri-Sat_20260101-20270830,63363,,BAKHTIYARPUR JN,0,,63363,0,0,0
63364,Mon-Tue-Wed-Thu-Fri-Sat_20260101-20270830,63364,,RAJGIR,0,,63364,0,0,0
63365,Mon-Tue-Wed-Thu-Fri-Sat_20260101-20270830,63365,,BAKHTIYARPUR JN,0,,63365,0,0,0
63366,Mon-Tue-Wed-Thu-Fri-Sat_20260101-20270830,63366,,RAJGIR,0,,63366,0,0,0
63367,Mon-Tue-Wed-Thu-Fri-Sat_20260101-20270830,63367,,GAYA JN,0,,63367,0,0,0
63368,Mon-Tue-Wed-Thu-Fri-Sat_20260101-20270830,63368,,BAKHTIYARPUR JN,0,,63368,0,0,0
63369,Mon-Tue-Wed-Thu-Fri-Sat_20260101-20270830,63369,,SASARAM,0,,63369,0,0,0
63370,Mon-Tue-Wed-Thu-Fri-Sat_20260101-20270830,63370,,ARA,0,,63370,0,0,0
63371,Mon-Tue-Wed-Thu-Fri-Sat_20260101-20270830,63371,,SASARAM,0,,63371,0,0,0
63372,Mon-Tue-Wed-Thu-Fri-Sat_20260101-20270830,63372,,ARA,0,,63372,0,0,0
63373,Mon-Tue-Wed-Thu-Fri-Sat-Sun_20260519-20270830,63373,,NARKATIAGANJ JN,0,,63373,0,0,0
63374,Mon-Tue-Wed-Thu-Fri-Sat-Sun_20260519-20270830,63374,,DARBHANGA JN,0,,63374,0,0,0
63375,Mon-Tue-Wed-Thu-Fri-Sat-Sun_20260103-20270830,63375,,SUPAUL,0,,63375,0,0,0
63376,Mon-Tue-Wed-Thu-Fri-Sat-Sun_20260101-20270830,63376,,SAHARSA JN,0,,63376,0,0,0
63377,Mon-Tue-Wed-Thu-Fri-Sat-Sun_20260426-20270830,63377,,SAHARSA JN,0,,63377,0,0,0
63378,Mon-Tue-Wed-Thu-Fri-Sat-Sun_20260426-20270830,63378,,LAHERIA SARAI,0,,63378,0,0,0
63379,Mon-Tue-Wed-Thu-Fri-Sat-Sun_20260426-20270830,63379,,SAHARSA JN,0,,63379,0,0,0
63380,Mon-Tue-Wed-Thu-Fri-Sat-Sun_20260426-20270830,63380,,LAHERIA SARAI,0,,63380,0,0,0
63381,Mon-Tue-Wed-Thu-Fri-Sat-Sun_20260426-20270830,63381,,SAHARSA JN,0,,63381,0,0,0
63382,Mon-Tue-Wed-Thu-Fri-Sat-Sun_20260426-20270830,63382,,LAHERIA SARAI,0,,63382,0,0,0
63383,Tue-Wed-Thu-Fri-Sat-Sun_20260101-20270830,63383,,KODERMA,0,,63383,0,0,0
63384,Tue-Wed-Thu-Fri-Sat-Sun_20260101-20270830,63384,,VAISHALI,0,,63384,0,0,0
63385,Mon-Tue-Wed-Thu-Fri-Sat-Sun_20260101-20270830,63385,,GAYA JN,0,,63385,0,0,0
63386,Mon-Tue-Wed-Thu-Fri-Sat-Sun_20260101-20270830,63386,,KIUL JN,0,,63386,0,0,0
63387,Mon-Tue-Wed-Thu-Fri-Sat-Sun_20260824-20270830,63387,,GAYA JN,0,,63387,0,0,0
63388,Mon-Tue-Wed-Thu-Fri-Sat-Sun_20260824-20270830,63388,,JAMALPUR JN,0,,63388,0,0,0
63389,Mon-Tue-Wed-Thu-Fri-Sat_20260509-20270830,63389,,NAWADAH,0,,63389,0,0,0
63390,Mon-Tue-Wed-Thu-Fri-Sat_20260509-20270830,63390,,PATNA JN,0,,63390,0,0,0
63391,Mon-Tue-Wed-Thu-Fri-Sat_20260101-20270830,63391,,PATNA JN,0,,63391,0,0,0
63392,Mon-Tue-Wed-Thu-Fri-Sat_20260101-20270830,63392,,ISLAMPUR,0,,63392,0,0,0
63393,Mon-Tue-Wed-Thu-Fri-Sat-Sun_20260101-20270830,63393,,GAYA JN,0,,63393,0,0,0
63394,Mon-Tue-Wed-Thu-Fri-Sat-Sun_20260101-20270830,63394,,PATNA JN,0,,63394,0,0,0
63395,Mon-Tue-Wed-Thu-Fri-Sat-Sun_20260101-20270830,63395,,GAYA JN,0,,63395,0,0,0
63396,Mon-Tue-Wed-Thu-Fri-Sat-Sun_20260101-20270830,63396,,PATNA JN,0,,63396,0,0,0
63397,Mon-Tue-Wed-Thu-Fri-Sat-Sun_20260407-20270830,63397,,SAHARSA JN,0,,63397,0,0,0
63398,Mon-Tue-Wed-Thu-Fri-Sat-Sun_20260407-20270830,63398,,JAMALPUR JN,0,,63398,0,0,0
63401,Mon-Tue-Wed-Thu-Fri-Sat-Sun_20260101-20270830,63401,,MALDA TOWN,0,,63401,0,0,0
63402,Mon-Tue-Wed-Thu-Fri-Sat-Sun_20260607-20270830,63402,,SAHIBGANJ JN,0,,63402,0,0,0
63405,Mon-Tue-Wed-Thu-Fri-Sat-Sun_20260301-20270830,63405,,SAHIBGANJ JN,0,,63405,0,0,0
63406,Mon-Tue-Wed-Thu-Fri-Sat-Sun_20260101-20270830,63406,,RAMPUR HAT,0,,63406,0,0,0
63411,Mon-Tue-Wed-Thu-Fri-Sat-Sun_20260301-20270830,63411,,BHAGALPUR,0,,63411,0,0,0
63412,Mon-Tue-Wed-Thu-Fri-Sat-Sun_20260101-20270830,63412,,SAHIBGANJ JN,0,,63412,0,0,0
63421,Mon-Tue-Wed-Thu-Fri-Sat-Sun_20260101-20270830,63421,,SAHIBGANJ JN,0,,63421,0,0,0
63422,Mon-Tue-Wed-Thu-Fri-Sat-Sun_20260327-20270830,63422,,AZIMGANJ JN,0,,63422,0,0,0
63423,Mon-Tue-Wed-Thu-Fri-Sat-Sun_20260721-20270830,63423,,KIUL JN,0,,63423,0,0,0
63424,Mon-Tue-Wed-Thu-Fri-Sat-Sun_20260721-20270830,63424,,JAMALPUR JN,0,,63424,0,0,0
63431,Mon-Tue-Wed-Thu-Fri-Sat-Sun_20260101-20270830,63431,,JAMALPUR JN,0,,63431,0,0,0
63432,Mon-Tue-Wed-Thu-Fri-Sat-Sun_20260101-20270830,63432,,SAHIBGANJ JN,0,,63432,0,0,0
63433,Mon-Tue-Wed-Thu-Fri-Sat-Sun_20260101-20270830,63433,,RAMPUR HAT,0,,63433,0,0,0
63434,Mon-Tue-Wed-Thu-Fri-Sat-Sun_20260101-20270830,63434,,AZIMGANJ JN,0,,63434,0,0,0
63501,Mon-Tue-Wed-Thu-Fri-Sat-Sun_20260417-20270830,63501,,BARDHAMAN,0,,63501,0,0,0
63502,Mon-Tue-Wed-Thu-Fri-Sat-Sun_20260417-20270830,63502,,HOWRAH JN,0,,63502,0,0,0
63505,Mon-Tue-Wed-Thu-Fri-Sat-Sun_20260101-20270830,63505,,ASANSOL JN.,0,,63505,0,0,0
63506,Mon-Tue-Wed-Thu-Fri-Sat-Sun_20260101-20270830,63506,,BARDHAMAN,0,,63506,0,0,0
63507,Mon-Tue-Wed-Thu-Fri-Sat-Sun_20260101-20270830,63507,,ASANSOL JN.,0,,63507,0,0,0
63508,Mon-Tue-Wed-Thu-Fri-Sat-Sun_20260101-20270830,63508,,BARDHAMAN,0,,63508,0,0,0
63509,Mon-Tue-Wed-Thu-Fri-Sat-Sun_20260630-20270830,63509,,JHAJHA,0,,63509,0,0,0
63510,Mon-Tue-Wed-Thu-Fri-Sat-Sun_20260630-20270830,63510,,BARDHAMAN,0,,63510,0,0,0
63511,Mon-Tue-Wed-Thu-Fri-Sat-Sun_20260101-20270830,63511,,ASANSOL JN.,0,,63511,0,0,0
63512,Mon-Tue-Wed-Thu-Fri-Sat-Sun_20260101-20270830,63512,,BARDHAMAN,0,,63512,0,0,0
63513,Mon-Tue-Wed-Thu-Fri-Sat-Sun_20260101-20270830,63513,,ASANSOL JN.,0,,63513,0,0,0
63514,Mon-Tue-Wed-Thu-Fri-Sat-Sun_20260101-20270830,63514,,BARDHAMAN,0,,63514,0,0,0
63515,Mon-Tue-Wed-Thu-Fri-Sat-Sun_20260101-20270830,63515,,ASANSOL JN.,0,,63515,0,0,0
63516,Mon-Tue-Wed-Thu-Fri-Sat-Sun_20260101-20270830,63516,,BARDHAMAN,0,,63516,0,0,0
63517,Mon-Tue-Wed-Thu-Fri-Sat-Sun_20260101-20270830,63517,,ASANSOL JN.,0,,63517,0,0,0
63518,Mon-Tue-Wed-Thu-Fri-Sat-Sun_20260101-20270830,63518,,BARDHAMAN,0,,63518,0,0,0
63519,Mon-Tue-Wed-Thu-Fri-Sat-Sun_20260104-20270830,63519,,BOKARO STEEL CITY,0,,63519,0,0,0
63520,Mon-Tue-Wed-Thu-Fri-Sat-Sun_20260131-20270830,63520,,BARDHAMAN,0,,63520,0,0,0
63521,Mon-Tue-Wed-Thu-Fri-Sat-Sun_20260104-20270830,63521,,ASANSOL JN.,0,,63521,0,0,0
63522,Mon-Tue-Wed-Thu-Fri-Sat-Sun_20260101-20270830,63522,,BARDHAMAN,0,,63522,0,0,0
63523,Mon-Tue-Wed-Thu-Fri-Sat-Sun_20260101-20270830,63523,,ASANSOL JN.,0,,63523,0,0,0
63524,Mon-Tue-Wed-Thu-Fri-Sat-Sun_20260101-20270830,63524,,BARDHAMAN,0,,63524,0,0,0
63525,Mon-Tue-Wed-Thu-Fri-Sat-Sun_20260101-20270830,63525,,ASANSOL JN.,0,,63525,0,0,0
63526,Mon-Tue-Wed-Thu-Fri-Sat-Sun_20260101-20270830,63526,,BARDHAMAN,0,,63526,0,0,0
63527,Mon-Tue-Wed-Thu-Fri-Sat-Sun_20260101-20270830,63527,,ASANSOL JN.,0,,63527,0,0,0
63528,Mon-Tue-Wed-Thu-Fri-Sat-Sun_20260101-20270830,63528,,DURGAPUR,0,,63528,0,0,0
63529,Mon-Tue-Wed-Thu-Fri-Sat-Sun_20260101-20270830,63529,,RAMPUR HAT,0,,63529,0,0,0
63530,Mon-Tue-Wed-Thu-Fri-Sat-Sun_20260101-20270830,63530,,ANDAL JN.,0,,63530,0,0,0
63531,Mon-Tue-Wed-Thu-Fri-Sat-Sun_20260101-20270830,63531,,SAINTHIA,0,,63531,0,0,0
63532,Mon-Tue-Wed-Thu-Fri-Sat-Sun_20260101-20270830,63532,,ANDAL JN.,0,,63532,0,0,0
63533,Mon-Tue-Wed-Thu-Fri-Sat-Sun_20260101-20270830,63533,,SAINTHIA,0,,63533,0,0,0
63534,Mon-Tue-Wed-Thu-Fri-Sat-Sun_20260101-20270830,63534,,ANDAL JN.,0,,63534,0,0,0
63535,Mon-Tue-Wed-Thu-Fri-Sat-Sun_20260101-20270830,63535,,SAINTHIA,0,,63535,0,0,0
63536,Mon-Tue-Wed-Thu-Fri-Sat-Sun_20260101-20270830,63536,,ANDAL JN.,0,,63536,0,0,0
63537,Mon-Tue-Wed-Thu-Fri-Sat-Sun_20260101-20270830,63537,,SAINTHIA,0,,63537,0,0,0
63538,Mon-Tue-Wed-Thu-Fri-Sat-Sun_20260101-20270830,63538,,ANDAL JN.,0,,63538,0,0,0
63541,Mon-Tue-Wed-Thu-Fri-Sat-Sun_20260101-20270830,63541,,NSC BOSE J GOMO,0,,63541,0,0,0
63542,Mon-Tue-Wed-Thu-Fri-Sat-Sun_20260101-20270830,63542,,ASANSOL JN.,0,,63542,0,0,0
63543,Mon-Tue-Wed-Thu-Fri-Sat-Sun_20260101-20270830,63543,,NSC BOSE J GOMO,0,,63543,0,0,0
63544,Mon-Tue-Wed-Thu-Fri-Sat-Sun_20260101-20270830,63544,,ASANSOL JN.,0,,63544,0,0,0
63545,Mon-Tue-Wed-Thu-Fri-Sun_20260630-20270830,63545,,JASIDIH JN.,0,,63545,0,0,0
63546,Mon-Tue-Wed-Thu-Fri-Sun_20260630-20270830,63546,,ANDAL JN.,0,,63546,0,0,0
63547,Mon-Tue-Wed-Thu-Fri-Sun_20260101-20270830,63547,,BANKA,0,,63547,0,0,0
63548,Mon-Tue-Wed-Thu-Fri-Sun_20260101-20270830,63548,,JASIDIH JN.,0,,63548,0,0,0
63549,Mon-Tue-Wed-Thu-Fri-Sat-Sun_20260214-20270830,63549,,ASANSOL JN.,0,,63549,0,0,0
63550,Mon-Tue-Wed-Thu-Fri-Sat-Sun_20260212-20270830,63550,,BARDHAMAN,0,,63550,0,0,0
63552,Mon-Tue-Wed-Thu-Fri-Sat-Sun_20260101-20270830,63552,,ANDAL JN.,0,,63552,0,0,0
63555,Mon-Tue-Wed-Thu-Fri-Sat-Sun_20260101-20270830,63555,,BARKA KANA,0,,63555,0,0,0
63556,Mon-Tue-Wed-Thu-Fri-Sat-Sun_20260101-20270830,63556,,ASANSOL JN.,0,,63556,0,0,0
63557,Mon-Tue-Wed-Thu-Fri-Sat-Sun_20260314-20270830,63557,,VARANASI,0,,63557,0,0,0
63558,Mon-Tue-Wed-Thu-Fri-Sat-Sun_20260314-20270830,63558,,BARKA KANA,0,,63558,0,0,0
63561,Mon-Tue-Wed-Thu-Fri-Sat-Sun_20260630-20270830,63561,,JASIDIH JN.,0,,63561,0,0,0
63562,Mon-Tue-Wed-Thu-Fri-Sat-Sun_20260630-20270830,63562,,ASANSOL JN.,0,,63562,0,0,0
63563,Mon-Tue-Wed-Thu-Fri-Sat-Sun_20260630-20270830,63563,,JASIDIH JN.,0,,63563,0,0,0
63564,Mon-Tue-Wed-Thu-Fri-Sat-Sun_20260630-20270830,63564,,ASANSOL JN.,0,,63564,0,0,0
63565,Mon-Tue-Wed-Thu-Fri-Sat-Sun_20260101-20270830,63565,,JHAJHA,0,,63565,0,0,0
63566,Mon-Tue-Wed-Thu-Fri-Sat-Sun_20260101-20270830,63566,,JASIDIH JN.,0,,63566,0,0,0
63569,Mon-Tue-Wed-Thu-Fri-Sat-Sun_20260630-20270830,63569,,JASIDIH JN.,0,,63569,0,0,0
63570,Mon-Tue-Wed-Thu-Fri-Sat-Sun_20260630-20270830,63570,,ASANSOL JN.,0,,63570,0,0,0
63571,Mon-Tue-Wed-Thu-Fri-Sat-Sun_20260829-20270830,63571,,MOKAMA,0,,63571,0,0,0
63572,Mon-Tue-Wed-Thu-Fri-Sat-Sun_20260829-20270830,63572,,JASIDIH JN.,0,,63572,0,0,0
63573,Mon-Tue-Wed-Thu-Fri-Sat-Sun_20260721-20270830,63573,,KIUL JN,0,,63573,0,0,0
63574,Mon-Tue-Wed-Thu-Fri-Sat-Sun_20260101-20270830,63574,,JASIDIH JN.,0,,63574,0,0,0
63581,Mon-Tue-Wed-Thu-Fri-Sat-Sun_20260101-20270830,63581,,RAMPUR HAT,0,,63581,0,0,0
63582,Mon-Tue-Wed-Thu-Fri-Sat-Sun_20260101-20270830,63582,,BARDHAMAN,0,,63582,0,0,0
63583,Mon-Tue-Wed-Thu-Fri-Sat-Sun_20260101-20270830,63583,,RAMPUR HAT,0,,63583,0,0,0
63584,Mon-Tue-Wed-Thu-Fri-Sat-Sun_20260101-20270830,63584,,BARDHAMAN,0,,63584,0,0,0
63591,Mon-Tue-Wed-Thu-Fri-Sat_20260210-20270830,63591,,ASANSOL JN.,0,,63591,0,0,0
63592,Mon-Tue-Wed-Thu-Fri-Sat_20260210-20270830,63592,,BOKARO STEEL CITY,0,,63592,0,0,0
63593,Mon-Tue-Wed-Thu-Fri-Sat-Sun_20260101-20270830,63593,,ASANSOL JN.,0,,63593,0,0,0
63594,Mon-Tue-Wed-Thu-Fri-Sat-Sun_20260101-20270830,63594,,PURULIA JN.,0,,63594,0,0,0
63597,Mon-Tue-Wed-Thu-Fri-Sat-Sun_20260101-20270830,63597,,ASANSOL JN.,0,,63597,0,0,0
63598,Mon-Tue-Wed-Thu-Fri-Sat-Sun_20260101-20270830,63598,,RANCHI,0,,63598,0,0,0
64001,Mon-Tue-Wed-Thu-Fri-Sat-Sun_20260101-20270830,64001,,PANIPAT JN,0,,64001,0,0,0
64002,Mon-Tue-Wed-Thu-Fri-Sat-Sun_20260101-20270830,64002,,DELHI JN.,0,,64002,0,0,0
64012,Mon-Tue-Wed-Thu-Fri-Sat-Sun_20260101-20270830,64012,,PALWAL,0,,64012,0,0,0
64013,Mon-Tue-Wed-Thu-Fri-Sat-Sun_20260101-20270830,64013,,SHAKURBASTI,0,,64013,0,0,0
64015,Mon-Tue-Wed-Thu-Fri-Sat-Sun_20260101-20270830,64015,,SHAKURBASTI,0,,64015,0,0,0
64016,Mon-Tue-Wed-Thu-Fri-Sat-Sun_20260819-20261031,64016,,MATHURA JN.,0,,64016,0,0,0
64018,Mon-Tue-Wed-Thu-Fri-Sat-Sun_20260101-20270830,64018,,NEW DELHI,0,,64018,0,0,0
64019,Mon-Tue-Wed-Thu-Fri-Sat-Sun_20260819-20261031,64019,,SHAKURBASTI,0,,64019,0,0,0
64020,Mon-Tue-Wed-Thu-Fri-Sat-Sun_20260101-20270830,64020,,DELHI JN.,0,,64020,0,0,0
64021,Mon-Tue-Wed-Thu-Fri-Sat-Sun_20260101-20270830,64021,,SHAMLI,0,,64021,0,0,0
64022,Mon-Tue-Wed-Thu-Fri-Sat-Sun_20260101-20270830,64022,,DELHI JN.,0,,64022,0,0,0
64023,Mon-Tue-Wed-Thu-Fri-Sat-Sun_20260101-20270830,64023,,SAHARANPUR JN.,0,,64023,0,0,0
64024,Mon-Tue-Wed-Thu-Fri-Sat-Sun_20260101-20270830,64024,,DELHI JN.,0,,64024,0,0,0
64025,Mon-Tue-Wed-Thu-Fri-Sat-Sun_20260101-20270830,64025,,SHAMLI,0,,64025,0,0,0
64026,Mon-Tue-Wed-Thu-Fri-Sat-Sun_20260101-20270830,64026,,DELHI JN.,0,,64026,0,0,0
64027,Mon-Tue-Wed-Thu-Fri-Sat-Sun_20260101-20270830,64027,,SAHARANPUR JN.,0,,64027,0,0,0
64028,Mon-Tue-Wed-Thu-Fri-Sat-Sun_20260101-20270830,64028,,DELHI JN.,0,,64028,0,0,0
64029,Mon-Tue-Wed-Thu-Fri-Sat-Sun_20260101-20270830,64029,,SAHARANPUR JN.,0,,64029,0,0,0
64031,Mon-Tue-Wed-Thu-Fri-Sat-Sun_20260101-20270830,64031,,SHAKURBASTI,0,,64031,0,0,0
64033,Mon-Tue-Wed-Thu-Fri-Sat-Sun_20260814-20270830,64033,,SHAMLI,0,,64033,0,0,0
64034,Mon-Tue-Wed-Thu-Fri-Sat-Sun_20260815-20270830,64034,,DELHI JN.,0,,64034,0,0,0
64035,Mon-Tue-Wed-Thu-Fri-Sat-Sun_20260101-20270830,64035,,SHAMLI,0,,64035,0,0,0
64036,Mon-Tue-Wed-Thu-Fri-Sat-Sun_20260101-20270830,64036,,DELHI SHAHDARA,0,,64036,0,0,0
64051,Mon-Tue-Wed-Thu-Fri-Sat-Sun_20260819-20261031,64051,,GHAZIABAD,0,,64051,0,0,0
64052,Mon-Tue-Wed-Thu-Fri-Sat-Sun_20260101-20270830,64052,,PALWAL,0,,64052,0,0,0
64053,Mon-Tue-Wed-Thu-Fri-Sat-Sun_20260101-20270830,64053,,GHAZIABAD,0,,64053,0,0,0
64055,Mon-Tue-Wed-Thu-Fri-Sat-Sun_20260101-20270830,64055,,GHAZIABAD,0,,64055,0,0,0
64057,Mon-Tue-Wed-Thu-Fri-Sat-Sun_20260101-20270830,64057,,GHAZIABAD,0,,64057,0,0,0
64062,Mon-Tue-Wed-Thu-Fri-Sat-Sun_20260101-20270830,64062,,PALWAL,0,,64062,0,0,0
64071,Mon-Tue-Wed-Thu-Fri-Sat-Sun_20260101-20270830,64071,,SHAKURBASTI,0,,64071,0,0,0
64073,Mon-Tue-Wed-Thu-Fri-Sat-Sun_20260701-20270830,64073,,NEW DELHI,0,,64073,0,0,0
64074,Mon-Tue-Wed-Thu-Fri-Sat-Sun_20260701-20270830,64074,,DHAULPUR,0,,64074,0,0,0
64076,Mon-Tue-Wed-Thu-Fri-Sat-Sun_20260101-20270830,64076,,PALWAL,0,,64076,0,0,0
64077,Mon-Tue-Wed-Thu-Fri-Sat-Sun_20260101-20270830,64077,,NEW DELHI,0,,64077,0,0,0
64078,Mon-Tue-Wed-Thu-Fri-Sat-Sun_20260101-20270830,64078,,PALWAL,0,,64078,0,0,0
64082,Mon-Tue-Wed-Thu-Fri-Sat-Sun_20260819-20261031,64082,,KOSI KALAN,0,,64082,0,0,0
64090,Mon-Tue-Wed-Thu-Fri-Sun_20260101-20270830,64090,,DELHI JN.,0,,64090,0,0,0
64091,Mon-Tue-Wed-Thu-Fri-Sun_20260101-20270830,64091,,SHAMLI,0,,64091,0,0,0
64092,Mon-Tue-Wed-Thu-Fri-Sun_20260101-20270830,64092,,DELHI JN.,0,,64092,0,0,0
64093,Mon-Tue-Wed-Thu-Fri-Sun_20260101-20270830,64093,,QASIMPUR KHERI,0,,64093,0,0,0
64095,Mon-Tue-Wed-Thu-Fri_20260101-20270830,64095,,SHAKURBASTI,0,,64095,0,0,0
64101,Mon-Tue-Wed-Thu-Fri-Sat-Sun_20260101-20270830,64101,,DELHI JN.,0,,64101,0,0,0
64102,Mon-Tue-Wed-Thu-Fri-Sat-Sun_20260101-20270830,64102,,ALIGARH JN,0,,64102,0,0,0
64103,Mon-Tue-Wed-Thu-Fri-Sat-Sun_20260101-20270830,64103,,DELHI JN.,0,,64103,0,0,0
64104,Mon-Tue-Wed-Thu-Fri-Sat-Sun_20260101-20270830,64104,,DANKAUR,0,,64104,0,0,0
64105,Mon-Tue-Wed-Thu-Fri-Sat-Sun_20260101-20270830,64105,,NEW DELHI,0,,64105,0,0,0
64106,Mon-Tue-Wed-Thu-Fri-Sat-Sun_20260101-20270830,64106,,KHURJA JN,0,,64106,0,0,0
64107,Mon-Tue-Wed-Thu-Fri-Sat-Sun_20260101-20270830,64107,,DELHI JN.,0,,64107,0,0,0
64108,Mon-Tue-Wed-Thu-Fri-Sat-Sun_20260101-20270830,64108,,KHURJA JN,0,,64108,0,0,0
64109,Mon-Tue-Wed-Thu-Fri-Sat-Sun_20260101-20270830,64109,,SHAKURBASTI,0,,64109,0,0,0
64110,Mon-Tue-Wed-Thu-Fri-Sat-Sun_20260101-20270830,64110,,ALIGARH JN,0,,64110,0,0,0
64111,Mon-Tue-Wed-Thu-Fri-Sat-Sun_20260101-20270830,64111,,SHAKURBASTI,0,,64111,0,0,0
64112,Mon-Tue-Wed-Thu-Fri-Sat-Sun_20260101-20270830,64112,,DANKAUR,0,,64112,0,0,0
64113,Mon-Tue-Wed-Thu-Fri-Sat-Sun_20260101-20270830,64113,,GHAZIABAD,0,,64113,0,0,0
64114,Mon-Tue-Wed-Thu-Fri-Sat-Sun_20260101-20270830,64114,,ALIGARH JN,0,,64114,0,0,0
64151,Mon-Tue-Wed-Thu-Fri-Sat-Sun_20260101-20270830,64151,,DELHI JN.,0,,64151,0,0,0
64152,Mon-Tue-Wed-Thu-Fri-Sat-Sun_20260101-20270830,64152,,ALIGARH JN,0,,64152,0,0,0
64154,Mon-Tue-Wed-Thu-Fri-Sat-Sun_20260101-20270830,64154,,TUNDLA JN,0,,64154,0,0,0
64165,Mon-Tue-Wed-Thu-Fri-Sat-Sun_20260101-20270830,64165,,ALIGARH JN,0,,64165,0,0,0
64167,Mon-Tue-Wed-Thu-Fri-Sat-Sun_20260830-20270830,64167,,AGRA CITY,0,,64167,0,0,0
64168,Mon-Tue-Wed-Thu-Fri-Sat-Sun_20260830-20270830,64168,,GHAZIABAD,0,,64168,0,0,0
64169,Mon-Tue-Wed-Thu-Fri-Sat-Sun_20260101-20270830,64169,,ETAWAH JN,0,,64169,0,0,0
64170,Mon-Tue-Wed-Thu-Fri-Sat-Sun_20260101-20270830,64170,,PHAPHUND,0,,64170,0,0,0
64171,Mon-Tue-Wed-Thu-Fri-Sat-Sun_20260101-20270830,64171,,BRAHMAVART,0,,64171,0,0,0
64172,Mon-Tue-Wed-Thu-Fri-Sat-Sun_20260101-20270830,64172,,KANPUR CENTRAL,0,,64172,0,0,0
64173,Mon-Tue-Wed-Thu-Fri-Sat-Sun_20260101-20270830,64173,,BRAHMAVART,0,,64173,0,0,0
64174,Mon-Tue-Wed-Thu-Fri-Sat-Sun_20260101-20270830,64174,,KANPUR CENTRAL,0,,64174,0,0,0
64175,Mon-Tue-Wed-Thu-Fri-Sat-Sun_20260101-20270830,64175,,BAREILLY(NR),0,,64175,0,0,0
64176,Mon-Tue-Wed-Thu-Fri-Sat-Sun_20260809-20270830,64176,,ROZA JN,0,,64176,0,0,0
64177,Mon-Tue-Wed-Thu-Fri-Sat-Sun_20260101-20270830,64177,,MORADABAD,0,,64177,0,0,0
64178,Mon-Tue-Wed-Thu-Fri-Sat-Sun_20260101-20270830,64178,,BAREILLY(NR),0,,64178,0,0,0
64203,Mon-Tue-Wed-Thu-Fri-Sat-Sun_20260101-20270830,64203,,KANPUR CENTRAL,0,,64203,0,0,0
64204,Mon-Tue-Wed-Thu-Fri-Sat-Sun_20260101-20270830,64204,,LUCKNOW JN.,0,,64204,0,0,0
64211,Mon-Tue-Wed-Thu-Fri-Sat-Sun_20260101-20270830,64211,,KANPUR CENTRAL,0,,64211,0,0,0
64212,Mon-Tue-Wed-Thu-Fri-Sat-Sun_20260101-20270830,64212,,LUCKNOW JN.,0,,64212,0,0,0
64214,Mon-Tue-Wed-Thu-Fri-Sat-Sun_20260101-20270830,64214,,LUCKNOW JN.,0,,64214,0,0,0
64215,Mon-Tue-Wed-Thu-Fri-Sat-Sun_20260101-20270830,64215,,LUCKNOW JN.,0,,64215,0,0,0
64216,Mon-Tue-Wed-Thu-Fri-Sat-Sun_20260101-20270830,64216,,AYODHYA CANTT,0,,64216,0,0,0
64217,Mon-Tue-Wed-Thu-Fri-Sat-Sun_20260101-20270830,64217,,AYODHYA CANTT,0,,64217,0,0,0
64218,Mon-Tue-Wed-Thu-Fri-Sat-Sun_20260101-20270830,64218,,MANKAPUR JN,0,,64218,0,0,0
64219,Mon-Tue-Wed-Thu-Fri-Sat-Sun_20260101-20270830,64219,,AYODHYA CANTT,0,,64219,0,0,0
64220,Mon-Tue-Wed-Thu-Fri-Sat-Sun_20260101-20270830,64220,,MANKAPUR JN,0,,64220,0,0,0
64221,Mon-Tue-Wed-Thu-Fri-Sat-Sun_20260101-20270830,64221,,AYODHYA CANTT,0,,64221,0,0,0
64222,Mon-Tue-Wed-Thu-Fri-Sat-Sun_20260101-20270830,64222,,PRAYAGRAJ SANGAM,0,,64222,0,0,0
64223,Mon-Tue-Wed-Thu-Fri-Sat-Sun_20260101-20270830,64223,,AYODHYA DHAM JN,0,,64223,0,0,0
64224,Mon-Tue-Wed-Thu-Fri-Sat-Sun_20260101-20270830,64224,,MANKAPUR JN,0,,64224,0,0,0
64255,Mon-Tue-Wed-Thu-Fri-Sat-Sun_20260101-20270830,64255,,KANPUR CENTRAL,0,,64255,0,0,0
64281,Mon-Tue-Wed-Thu-Fri-Sat-Sun_20260626-20270830,64281,,UTRAHTIA,0,,64281,0,0,0
64282,Mon-Tue-Wed-Thu-Fri-Sat-Sun_20260626-20270830,64282,,SHIUPUR,0,,64282,0,0,0
64401,Mon-Tue-Wed-Thu-Fri-Sat-Sun_20260101-20270830,64401,,DELHI JN.,0,,64401,0,0,0
64402,Mon-Tue-Wed-Thu-Fri-Sat-Sun_20260101-20270830,64402,,SAHIBABAD,0,,64402,0,0,0
64404,Mon-Tue-Wed-Thu-Fri-Sat-Sun_20260101-20270830,64404,,GHAZIABAD,0,,64404,0,0,0
64406,Mon-Tue-Wed-Thu-Fri-Sat-Sun_20260101-20270830,64406,,GHAZIABAD,0,,64406,0,0,0
64407,Mon-Tue-Wed-Thu-Fri-Sat-Sun_20260101-20270830,64407,,DELHI JN.,0,,64407,0,0,0
64408,Mon-Tue-Wed-Thu-Fri-Sat-Sun_20260101-20270830,64408,,GHAZIABAD,0,,64408,0,0,0
64409,Mon-Tue-Wed-Thu-Fri-Sat-Sun_20260101-20270830,64409,,NEW DELHI,0,,64409,0,0,0
64410,Mon-Tue-Wed-Thu-Fri-Sat-Sun_20260101-20270830,64410,,GHAZIABAD,0,,64410,0,0,0
64411,Mon-Tue-Wed-Thu-Fri-Sat-Sun_20260101-20270830,64411,,DELHI JN.,0,,64411,0,0,0
64412,Mon-Tue-Wed-Thu-Fri-Sat-Sun_20260101-20270830,64412,,GHAZIABAD,0,,64412,0,0,0
64414,Mon-Tue-Wed-Thu-Fri-Sat-Sun_20260101-20270830,64414,,GHAZIABAD,0,,64414,0,0,0
64415,Mon-Tue-Wed-Thu-Fri-Sat-Sun_20260101-20270830,64415,,NEW DELHI,0,,64415,0,0,0
64417,Mon-Tue-Wed-Thu-Fri-Sat-Sun_20260101-20270830,64417,,DELHI JN.,0,,64417,0,0,0
64418,Mon-Tue-Wed-Thu-Fri-Sat-Sun_20260101-20270830,64418,,GHAZIABAD,0,,64418,0,0,0
64419,Mon-Tue-Wed-Thu-Fri-Sat-Sun_20260101-20270830,64419,,GHAZIABAD,0,,64419,0,0,0
64422,Mon-Tue-Wed-Thu-Fri-Sat-Sun_20260101-20270830,64422,,GHAZIABAD,0,,64422,0,0,0
64423,Mon-Tue-Wed-Thu-Fri-Sat-Sun_20260101-20270830,64423,,NEW DELHI,0,,64423,0,0,0
64425,Mon-Tue-Wed-Thu-Fri-Sat-Sun_20260101-20270830,64425,,NEW DELHI,0,,64425,0,0,0
64426,Mon-Tue-Wed-Thu-Fri-Sat-Sun_20260101-20270830,64426,,GHAZIABAD,0,,64426,0,0,0
64428,Mon-Tue-Wed-Thu-Fri_20260101-20270830,64428,,GHAZIABAD,0,,64428,0,0,0
64429,Mon-Tue-Wed-Thu-Fri-Sat-Sun_20260101-20270830,64429,,NEW DELHI,0,,64429,0,0,0
64430,Mon-Tue-Wed-Thu-Fri-Sat-Sun_20260101-20270830,64430,,GHAZIABAD,0,,64430,0,0,0
64431,Mon-Tue-Wed-Thu-Fri_20260101-20270830,64431,,NEW DELHI,0,,64431,0,0,0
64432,Mon-Tue-Wed-Thu-Fri-Sat-Sun_20260101-20270830,64432,,GHAZIABAD,0,,64432,0,0,0
64433,Mon-Tue-Wed-Thu-Fri-Sat-Sun_20260101-20270830,64433,,NEW DELHI,0,,64433,0,0,0
64434,Mon-Tue-Wed-Thu-Fri-Sat-Sun_20260101-20270830,64434,,GHAZIABAD,0,,64434,0,0,0
64437,Mon-Tue-Wed-Thu-Fri-Sat-Sun_20260101-20270830,64437,,DELHI JN.,0,,64437,0,0,0
64439,Mon-Tue-Wed-Thu-Fri-Sat-Sun_20260101-20270830,64439,,DELHI JN.,0,,64439,0,0,0
64441,Mon-Tue-Wed-Thu-Fri-Sat-Sun_20260101-20270830,64441,,NEW DELHI,0,,64441,0,0,0
64443,Mon-Tue-Wed-Thu-Fri-Sat-Sun_20260101-20270830,64443,,DELHI JN.,0,,64443,0,0,0
64445,Mon-Tue-Wed-Thu-Fri-Sat-Sun_20260101-20270830,64445,,DELHI JN.,0,,64445,0,0,0
64449,Mon-Tue-Wed-Thu-Fri_20260101-20270830,64449,,NEW DELHI,0,,64449,0,0,0
64450,Mon-Tue-Wed-Thu-Fri_20260101-20270830,64450,,GHAZIABAD,0,,64450,0,0,0
64451,Mon-Tue-Wed-Thu-Fri-Sat-Sun_20260523-20270830,64451,,PANIPAT JN,0,,64451,0,0,0
64452,Mon-Tue-Wed-Thu-Fri-Sat-Sun_20260101-20270830,64452,,DELHI JN.,0,,64452,0,0,0
64453,Mon-Tue-Wed-Thu-Fri-Sat-Sun_20260101-20270830,64453,,PANIPAT JN,0,,64453,0,0,0
64454,Mon-Tue-Wed-Thu-Fri-Sat-Sun_20260101-20270830,64454,,DELHI JN.,0,,64454,0,0,0
64461,Mon-Tue-Wed-Thu-Fri-Sat-Sun_20260101-20270830,64461,,KURUKSHETRA JN,0,,64461,0,0,0
64462,Mon-Tue-Wed-Thu-Fri-Sat-Sun_20260101-20270830,64462,,HAZRAT NIZAMUDDIN JN,0,,64462,0,0,0
64464,Mon-Tue-Wed-Thu-Fri-Sat-Sun_20260101-20270830,64464,,NEW DELHI,0,,64464,0,0,0
64465,Mon-Tue-Wed-Thu-Fri-Sat-Sun_20260101-20270830,64465,,KURUKSHETRA JN,0,,64465,0,0,0
64469,Mon-Tue-Wed-Thu-Fri_20260101-20270830,64469,,PANIPAT JN,0,,64469,0,0,0
64470,Mon-Tue-Wed-Thu-Fri_20260101-20270830,64470,,NEW DELHI,0,,64470,0,0,0
64471,Mon-Tue-Wed-Thu-Fri-Sat-Sun_20260101-20270830,64471,,PANIPAT JN,0,,64471,0,0,0
64472,Mon-Tue-Wed-Thu-Fri-Sat-Sun_20260101-20270830,64472,,GHAZIABAD,0,,64472,0,0,0
64481,Mon-Tue-Wed-Thu-Fri-Sat-Sun_20260101-20270830,64481,,AMBALA CANT JN,0,,64481,0,0,0
64482,Mon-Tue-Wed-Thu-Fri-Sat-Sun_20260101-20270830,64482,,KURUKSHETRA JN,0,,64482,0,0,0
64483,Mon-Tue-Wed-Thu-Fri-Sat-Sun_20260101-20270830,64483,,AMBALA CANT JN,0,,64483,0,0,0
64491,Mon-Tue-Wed-Thu-Fri-Sat_20260101-20270830,64491,,NEW DELHI,0,,64491,0,0,0
64492,Mon-Tue-Wed-Thu-Fri-Sat_20260101-20270830,64492,,PALWAL,0,,64492,0,0,0
64501,Mon-Tue-Wed-Thu-Fri-Sat-Sun_20260101-20270830,64501,,AMBALA CANT JN,0,,64501,0,0,0
64502,Mon-Tue-Wed-Thu-Fri-Sat-Sun_20260101-20270830,64502,,SAHARANPUR JN.,0,,64502,0,0,0
64504,Mon-Tue-Wed-Thu-Fri-Sat-Sun_20260101-20270830,64504,,SAHARANPUR JN.,0,,64504,0,0,0
64511,Mon-Tue-Wed-Thu-Fri-Sat-Sun_20260725-20270830,64511,,AMB  ANDAURA,0,,64511,0,0,0
64512,Mon-Tue-Wed-Thu-Fri-Sat-Sun_20260101-20270830,64512,,HARIDWAR JN,0,,64512,0,0,0
64513,Mon-Tue-Wed-Thu-Fri-Sat-Sun_20260101-20270830,64513,,NANGAL DAM,0,,64513,0,0,0
64514,Mon-Tue-Wed-Thu-Fri-Sat-Sun_20260101-20270830,64514,,AMBALA CANT JN,0,,64514,0,0,0
64515,Mon-Tue-Wed-Thu-Fri-Sat-Sun_20260725-20270830,64515,,NANGAL DAM,0,,64515,0,0,0
64516,Mon-Tue-Wed-Thu-Fri-Sat-Sun_20260725-20270830,64516,,AMBALA CANT JN,0,,64516,0,0,0
64517,Mon-Tue-Wed-Thu-Fri-Sat-Sun_20260101-20270830,64517,,NANGAL DAM,0,,64517,0,0,0
64518,Mon-Tue-Wed-Thu-Fri-Sat-Sun_20260725-20270830,64518,,AMBALA CANT JN,0,,64518,0,0,0
64521,Mon-Tue-Wed-Thu-Fri-Sat-Sun_20260101-20270830,64521,,LUDHIANA JN,0,,64521,0,0,0
64522,Mon-Tue-Wed-Thu-Fri-Sat-Sun_20260101-20270830,64522,,AMBALA CANT JN,0,,64522,0,0,0
64523,Mon-Tue-Wed-Thu-Fri-Sat-Sun_20260101-20270830,64523,,LUDHIANA JN,0,,64523,0,0,0
64524,Mon-Tue-Wed-Thu-Fri-Sat-Sun_20260101-20270830,64524,,AMBALA CANT JN,0,,64524,0,0,0
64531,Mon-Tue-Wed-Thu-Fri-Sat-Sun_20260101-20270830,64531,,PANIPAT JN,0,,64531,0,0,0
64532,Mon-Tue-Wed-Thu-Fri-Sat-Sun_20260101-20270830,64532,,PANIPAT JN,0,,64532,0,0,0
64533,Mon-Tue-Wed-Thu-Fri-Sat-Sun_20260101-20270830,64533,,PANIPAT JN,0,,64533,0,0,0
64534,Mon-Tue-Wed-Thu-Fri-Sat-Sun_20260101-20270830,64534,,GHAZIABAD,0,,64534,0,0,0
64536,Mon-Tue-Wed-Thu-Fri-Sat-Sun_20260101-20270830,64536,,DELHI JN.,0,,64536,0,0,0
64541,Mon-Tue-Wed-Thu-Fri-Sat-Sun_20260101-20270830,64541,,AMBALA CANT JN,0,,64541,0,0,0
64545,Mon-Tue-Wed-Thu-Fri-Sat-Sun_20260101-20270830,64545,,AMBALA CANT JN,0,,64545,0,0,0
64546,Mon-Tue-Wed-Thu-Fri-Sat-Sun_20260101-20270830,64546,,KURUKSHETRA JN,0,,64546,0,0,0
64547,Mon-Tue-Wed-Thu-Fri-Sat-Sun_20260101-20270830,64547,,AMBALA CANT JN,0,,64547,0,0,0
64548,Mon-Tue-Wed-Thu-Fri-Sat-Sun_20260101-20270830,64548,,KURUKSHETRA JN,0,,64548,0,0,0
64551,Mon-Tue-Wed-Thu-Fri-Sat-Sun_20260101-20270830,64551,,CHHEHARTA,0,,64551,0,0,0
64552,Mon-Tue-Wed-Thu-Fri-Sat-Sun_20260101-20270830,64552,,LUDHIANA JN,0,,64552,0,0,0
64553,Mon-Tue-Wed-Thu-Fri-Sat-Sun_20260101-20270830,64553,,GHAZIABAD,0,,64553,0,0,0
64554,Mon-Tue-Wed-Thu-Fri-Sat-Sun_20260101-20270830,64554,,MORADABAD,0,,64554,0,0,0
64555,Mon-Tue-Wed-Thu-Fri-Sat-Sun_20260101-20270830,64555,,MEERUT CITY,0,,64555,0,0,0
64556,Mon-Tue-Wed-Thu-Fri-Sat-Sun_20260101-20270830,64556,,GHAZIABAD,0,,64556,0,0,0
64557,Mon-Tue-Wed-Thu-Fri-Sat-Sun_20260814-20270830,64557,,SAHARANPUR JN.,0,,64557,0,0,0
64558,Mon-Tue-Wed-Thu-Fri-Sat-Sun_20260815-20270830,64558,,DELHI JN.,0,,64558,0,0,0
64559,Mon-Tue-Wed-Thu-Fri-Sat-Sun_20260101-20270830,64559,,SAHARANPUR JN.,0,,64559,0,0,0
64560,Mon-Tue-Wed-Thu-Fri-Sat-Sun_20260101-20270830,64560,,DELHI JN.,0,,64560,0,0,0
64563,Mon-Tue-Wed-Thu-Fri-Sat-Sun_20260725-20270830,64563,,AMB  ANDAURA,0,,64563,0,0,0
64564,Mon-Tue-Wed-Thu-Fri-Sat-Sun_20260101-20270830,64564,,RAIPUR HARIYANA JN.,0,,64564,0,0,0
64565,Mon-Tue-Wed-Thu-Fri-Sat-Sun_20260101-20270830,64565,,SAHARANPUR JN.,0,,64565,0,0,0
64566,Mon-Tue-Wed-Thu-Fri-Sat-Sun_20260101-20270830,64566,,MORADABAD,0,,64566,0,0,0
64567,Mon-Tue-Wed-Thu-Fri-Sat-Sun_20260101-20270830,64567,,TILAK BRIDGE,0,,64567,0,0,0
64568,Mon-Tue-Wed-Thu-Fri-Sat-Sun_20260114-20270830,64568,,BULANDSHAHR,0,,64568,0,0,0
64581,Mon-Tue-Wed-Thu-Fri-Sat-Sun_20260811-20270830,64581,,DELHI JN.,0,,64581,0,0,0
64582,Mon-Tue-Wed-Thu-Fri-Sat-Sun_20260811-20270830,64582,,HARHRAS QILAH,0,,64582,0,0,0
64583,Mon-Tue-Wed-Thu-Fri-Sat-Sun_20260101-20270830,64583,,DELHI JN.,0,,64583,0,0,0
64584,Mon-Tue-Wed-Thu-Fri-Sat-Sun_20260101-20270830,64584,,TUNDLA JN,0,,64584,0,0,0
64585,Mon-Tue-Wed-Thu-Fri-Sat-Sun_20260811-20270830,64585,,HATHRAS JN,0,,64585,0,0,0
64586,Mon-Tue-Wed-Thu-Fri-Sat-Sun_20260811-20270830,64586,,HARHRAS QILAH,0,,64586,0,0,0
64587,Mon-Tue-Wed-Thu-Fri-Sat-Sun_20260101-20270830,64587,,TUNDLA JN,0,,64587,0,0,0
64588,Mon-Tue-Wed-Thu-Fri-Sat-Sun_20260101-20270830,64588,,KANPUR CENTRAL,0,,64588,0,0,0
64589,Mon-Tue-Wed-Thu-Fri-Sat-Sun_20260101-20270830,64589,,PHAPHUND,0,,64589,0,0,0
64590,Mon-Tue-Wed-Thu-Fri-Sat-Sun_20260101-20270830,64590,,KANPUR CENTRAL,0,,64590,0,0,0
64591,Mon-Tue-Wed-Thu-Fri-Sat-Sun_20260218-20270830,64591,,KANPUR CENTRAL,0,,64591,0,0,0
64592,Mon-Tue-Wed-Thu-Fri-Sat-Sun_20260217-20270830,64592,,SUBEDARGANJ,0,,64592,0,0,0
64593,Mon-Tue-Wed-Thu-Fri-Sat-Sun_20260218-20270830,64593,,KANPUR CENTRAL,0,,64593,0,0,0
64594,Mon-Tue-Wed-Thu-Fri-Sat-Sun_20260316-20270830,64594,,FATEHPUR,0,,64594,0,0,0
64595,Mon-Tue-Wed-Thu-Fri-Sat-Sun_20260305-20270830,64595,,SUBEDARGANJ,0,,64595,0,0,0
64596,Mon-Tue-Wed-Thu-Fri-Sat-Sun_20260305-20270830,64596,,PT.DEEN DAYAL UPADHYAYA JN.,0,,64596,0,0,0
64601,Mon-Tue-Wed-Thu-Fri-Sat-Sun_20260101-20270830,64601,,KANPUR CENTRAL,0,,64601,0,0,0
64602,Mon-Tue-Wed-Thu-Fri-Sat-Sun_20260101-20270830,64602,,MANIKPUR JN,0,,64602,0,0,0
64603,Mon-Tue-Wed-Thu-Fri-Sat-Sun_20260218-20270830,64603,,ETAWAH JN,0,,64603,0,0,0
64604,Mon-Tue-Wed-Thu-Fri-Sat-Sun_20260217-20270830,64604,,KANPUR CENTRAL,0,,64604,0,0,0
64605,Mon-Tue-Wed-Thu-Fri-Sat-Sun_20260101-20270830,64605,,TUNDLA JN,0,,64605,0,0,0
64606,Mon-Tue-Wed-Thu-Fri-Sat-Sun_20260101-20270830,64606,,ETAWAH JN,0,,64606,0,0,0
64607,Mon-Tue-Wed-Thu-Fri-Sat-Sun_20260101-20270830,64607,,KANPUR CENTRAL,0,,64607,0,0,0
64608,Mon-Tue-Wed-Thu-Fri-Sat-Sun_20260101-20270830,64608,,VIRANGANA LAKSHMIBAI JHANSI JN,0,,64608,0,0,0
64609,Mon-Tue-Wed-Thu-Fri-Sat-Sun_20260722-20270721,64609,,VIRANGANA LAKSHMIBAI JHANSI JN,0,,64609,0,0,0
64610,Mon-Tue-Wed-Thu-Fri-Sat-Sun_20260722-20270721,64610,,KHAJURAHO,0,,64610,0,0,0
64611,Mon-Tue-Wed-Thu-Fri-Sat-Sun_20260101-20270830,64611,,MANIKPUR JN,0,,64611,0,0,0
64612,Mon-Tue-Wed-Thu-Fri-Sat-Sun_20260101-20270830,64612,,VIRANGANA LAKSHMIBAI JHANSI JN,0,,64612,0,0,0
64613,Mon-Tue-Wed-Thu-Fri-Sat-Sun_20260101-20270830,64613,,BANDA JN,0,,64613,0,0,0
64614,Mon-Tue-Wed-Thu-Fri-Sat-Sun_20260101-20270830,64614,,VIRANGANA LAKSHMIBAI JHANSI JN,0,,64614,0,0,0
64615,Mon-Tue-Wed-Thu-Fri-Sat-Sun_20260101-20270830,64615,,VIRANGANA LAKSHMIBAI JHANSI JN,0,,64615,0,0,0
64616,Mon-Tue-Wed-Thu-Fri-Sat-Sun_20260101-20270830,64616,,LALITPUR,0,,64616,0,0,0
64617,Mon-Tue-Wed-Thu-Fri-Sat-Sun_20260101-20270830,64617,,LALITPUR,0,,64617,0,0,0
64618,Mon-Tue-Wed-Thu-Fri-Sat-Sun_20260101-20270830,64618,,BINA JN,0,,64618,0,0,0
64619,Mon-Tue-Wed-Thu-Fri-Sat-Sun_20260101-20270830,64619,,BANDIKUI JN,0,,64619,0,0,0
64620,Mon-Tue-Wed-Thu-Fri-Sat-Sun_20260101-20270830,64620,,IDGAH JN,0,,64620,0,0,0
64621,Mon-Tue-Wed-Thu-Fri-Sat_20260101-20270830,64621,,BANDIKUI JN,0,,64621,0,0,0
64622,Mon-Tue-Wed-Thu-Fri-Sat_20260101-20270830,64622,,IDGAH JN,0,,64622,0,0,0
64623,Mon-Tue-Wed-Thu-Fri-Sat-Sun_20260801-20270830,64623,,MAINPURI,0,,64623,0,0,0
64624,Mon-Tue-Wed-Thu-Fri-Sat-Sun_20260801-20270828,64624,,AGRA CANTT JN,0,,64624,0,0,0
64625,Mon-Tue-Wed-Thu-Fri-Sat-Sun_20260827-20260830,64625,,MATHURA JN.,0,,64625,0,0,0
64626,Mon-Tue-Wed-Thu-Fri-Sat-Sun_20260801-20270728,64626,,ETAWAH JN,0,,64626,0,0,0
64627,Mon-Tue-Wed-Thu-Fri-Sat-Sun_20260101-20270830,64627,,ETAWAH JN,0,,64627,0,0,0
64628,Mon-Tue-Wed-Thu-Fri-Sat-Sun_20260101-20270830,64628,,PHAPHUND,0,,64628,0,0,0
64629,Mon-Tue-Wed-Thu-Fri-Sat-Sun_20260218-20270830,64629,,PHAPHUND,0,,64629,0,0,0
64630,Mon-Tue-Wed-Thu-Fri-Sat-Sun_20260218-20270830,64630,,KANPUR CENTRAL,0,,64630,0,0,0
64631,Mon-Tue-Wed-Thu-Fri-Sat-Sun_20260101-20270830,64631,,SHIKOHABAD JN,0,,64631,0,0,0
64632,Mon-Tue-Wed-Thu-Fri-Sat-Sun_20260101-20270830,64632,,PHAPHUND,0,,64632,0,0,0
64633,Mon-Tue-Wed-Thu-Fri-Sat-Sun_20260101-20270830,64633,,ETAWAH JN,0,,64633,0,0,0
64634,Mon-Tue-Wed-Thu-Fri-Sat-Sun_20260101-20270830,64634,,GWALIOR JN.,0,,64634,0,0,0
64641,Mon-Tue-Wed-Thu-Fri-Sat-Sun_20260101-20270830,64641,,ETAWAH JN,0,,64641,0,0,0
64642,Mon-Tue-Wed-Thu-Fri-Sat-Sun_20260101-20270830,64642,,GWALIOR JN.,0,,64642,0,0,0
64643,Mon-Tue-Wed-Thu-Fri-Sat-Sun_20260101-20270830,64643,,BHIND,0,,64643,0,0,0
64644,Mon-Tue-Wed-Thu-Fri-Sat-Sun_20260101-20270830,64644,,GWALIOR JN.,0,,64644,0,0,0
64645,Mon-Tue-Wed-Thu-Fri-Sat-Sun_20260101-20270830,64645,,KANPUR CENTRAL,0,,64645,0,0,0
64646,Mon-Tue-Wed-Thu-Fri-Sat-Sun_20260101-20270830,64646,,KHAJURAHO,0,,64646,0,0,0
64647,Mon-Tue-Wed-Thu-Fri-Sat-Sun_20260101-20270830,64647,,LALITPUR,0,,64647,0,0,0
64648,Mon-Tue-Wed-Thu-Fri-Sat-Sun_20260101-20270830,64648,,KHAJURAHO,0,,64648,0,0,0
64649,Mon-Tue-Wed-Thu-Fri-Sat-Sun_20260101-20270830,64649,,KHAJURAHO,0,,64649,0,0,0
64650,Mon-Tue-Wed-Thu-Fri-Sat-Sun_20260101-20270830,64650,,MAHOBA,0,,64650,0,0,0
64651,Mon-Tue-Wed-Thu-Fri-Sat-Sun_20260107-20270830,64651,,BARAMULA,0,,64651,0,0,0
64652,Mon-Tue-Wed-Thu-Fri-Sat-Sun_20260107-20270830,64652,,SANGALDAN,0,,64652,0,0,0
64701,Mon-Tue-Wed-Thu-Fri-Sat-Sun_20260514-20270506,64701,,LUCKNOW JN.,0,,64701,0,0,0
64702,Mon-Tue-Wed-Thu-Fri-Sat-Sun_20260514-20270506,64702,,VIRANGANA LAKSHMIBAI JHANSI JN,0,,64702,0,0,0
64703,Mon-Tue-Wed-Thu-Fri-Sat_20260413-20270830,64703,,ALIGARH JN,0,,64703,0,0,0
64704,Mon-Tue-Wed-Thu-Fri-Sat_20260413-20270830,64704,,GOVINDPURI,0,,64704,0,0,0
64903,Mon-Tue-Wed-Thu-Fri-Sat-Sun_20260101-20270830,64903,,GHAZIABAD,0,,64903,0,0,0
64904,Mon-Tue-Wed-Thu-Fri-Sat-Sun_20260101-20270830,64904,,MATHURA JN.,0,,64904,0,0,0
64905,Mon-Tue-Wed-Thu-Fri-Sat-Sun_20260101-20270830,64905,,NEW DELHI,0,,64905,0,0,0
64906,Mon-Tue-Wed-Thu-Fri-Sat-Sun_20260101-20270830,64906,,PALWAL,0,,64906,0,0,0
64908,Mon-Tue-Wed-Thu-Fri-Sat-Sun_20260101-20270830,64908,,BALLABGARH,0,,64908,0,0,0
64910,Mon-Tue-Wed-Thu-Fri-Sat-Sun_20260101-20270830,64910,,MATHURA JN.,0,,64910,0,0,0
64912,Mon-Tue-Wed-Thu-Fri-Sat-Sun_20260101-20270830,64912,,NEW DELHI,0,,64912,0,0,0
64915,Mon-Tue-Wed-Thu-Fri-Sat-Sun_20260101-20270830,64915,,JIND JN,0,,64915,0,0,0
64931,Mon-Tue-Wed-Thu-Fri-Sat-Sun_20260101-20270830,64931,,JIND JN,0,,64931,0,0,0
64932,Mon-Tue-Wed-Thu-Fri-Sat-Sun_20260101-20270830,64932,,DELHI JN.,0,,64932,0,0,0
64955,Mon-Tue-Wed-Thu-Fri-Sat-Sun_20260101-20270830,64955,,TUNDLA JN,0,,64955,0,0,0
64956,Mon-Tue-Wed-Thu-Fri-Sat-Sun_20260101-20260830,64956,,AGRA CANTT JN.,0,,64956,0,0,0
64957,Mon-Tue-Wed-Thu-Fri-Sat-Sun_20260101-20270830,64957,,PALWAL,0,,64957,0,0,0
64958,Mon-Tue-Wed-Thu-Fri-Sat-Sun_20260101-20270830,64958,,AGRA CANTT JN.,0,,64958,0,0,0
65101,Mon-Tue-Wed-Thu-Fri-Sat-Sun_20260101-20270830,65101,,JAUNPUR JN,0,,65101,0,0,0
65102,Mon-Tue-Wed-Thu-Fri-Sat-Sun_20260101-20270830,65102,,GHAZIPUR CITY,0,,65102,0,0,0
65103,Mon-Tue-Wed-Thu-Fri-Sat-Sun_20260101-20270830,65103,,DILDARNAGAR JN,0,,65103,0,0,0
65104,Mon-Tue-Wed-Thu-Fri-Sat-Sun_20260101-20270830,65104,,GHAZIPUR CITY,0,,65104,0,0,0
65105,Mon-Tue-Wed-Thu-Fri-Sat-Sun_20260101-20270830,65105,,VARANASI CITY,0,,65105,0,0,0
65106,Mon-Tue-Wed-Thu-Fri-Sat-Sun_20260101-20270830,65106,,GHAZIPUR CITY,0,,65106,0,0,0
65107,Mon-Tue-Wed-Thu-Fri-Sat-Sun_20260101-20270830,65107,,VARANASI CITY,0,,65107,0,0,0
65108,Mon-Tue-Wed-Thu-Fri-Sat-Sun_20260101-20270830,65108,,BHATNI JN,0,,65108,0,0,0
65109,Mon-Tue-Wed-Thu-Fri-Sat-Sun_20260101-20270830,65109,,VARANASI CITY,0,,65109,0,0,0
65110,Mon-Tue-Wed-Thu-Fri-Sat-Sun_20260101-20270830,65110,,AZAMGARH,0,,65110,0,0,0
65111,Mon-Tue-Wed-Thu-Fri-Sat-Sun_20260101-20270830,65111,,PRAYAGRAJ RAMBAG,0,,65111,0,0,0
65112,Mon-Tue-Wed-Thu-Fri-Sat-Sun_20260101-20270830,65112,,BANARAS,0,,65112,0,0,0
65113,Mon-Tue-Wed-Thu-Fri-Sat-Sun_20260308-20270830,65113,,PRAYAGRAJ RAMBAG,0,,65113,0,0,0
65114,Mon-Tue-Wed-Thu-Fri-Sat-Sun_20260101-20270830,65114,,BANARAS,0,,65114,0,0,0
65115,Mon-Tue-Wed-Thu-Fri-Sat-Sun_20260101-20270830,65115,,AYODHYA DHAM JN,0,,65115,0,0,0
65116,Mon-Tue-Wed-Thu-Fri-Sat-Sun_20260101-20270830,65116,,BHATNI JN,0,,65116,0,0,0
65117,Mon-Tue-Wed-Thu-Fri-Sat-Sun_20260101-20270830,65117,,PRAYAGRAJ SANGAM,0,,65117,0,0,0
65118,Mon-Tue-Wed-Thu-Fri-Sat-Sun_20260101-20270830,65118,,GHAZIPUR CITY,0,,65118,0,0,0
65119,Mon-Tue-Wed-Thu-Fri-Sat-Sun_20260101-20270830,65119,,JAUNPUR JN,0,,65119,0,0,0
65120,Mon-Tue-Wed-Thu-Fri-Sat-Sun_20260101-20270830,65120,,GHAZIPUR CITY,0,,65120,0,0,0
65121,Mon-Tue-Wed-Thu-Fri-Sat-Sun_20260620-20270830,65121,,VARANASI CITY,0,,65121,0,0,0
65122,Mon-Tue-Wed-Thu-Fri-Sat-Sun_20260620-20270830,65122,,DOHRIGHAT,0,,65122,0,0,0
65129,Mon-Tue-Wed-Thu-Fri-Sat-Sun_20260101-20270830,65129,,JHUSI,0,,65129,0,0,0
65130,Mon-Tue-Wed-Thu-Fri-Sat-Sun_20260101-20270830,65130,,BANARAS,0,,65130,0,0,0
65131,Mon-Tue-Wed-Thu-Fri-Sun_20260101-20270830,65131,,PRAYAGRAJ RAMBAG,0,,65131,0,0,0
65132,Mon-Tue-Wed-Thu-Fri-Sat_20260101-20270830,65132,,MAU JN,0,,65132,0,0,0
65133,Mon-Tue-Wed-Thu-Fri-Sat_20260101-20270830,65133,,MAU JN,0,,65133,0,0,0
65134,Mon-Tue-Wed-Thu-Fri-Sat_20260101-20270830,65134,,DOHRIGHAT,0,,65134,0,0,0
65301,Mon-Tue-Wed-Thu-Fri-Sat-Sun_20260101-20270830,65301,,RAMNAGAR,0,,65301,0,0,0
65302,Mon-Tue-Wed-Thu-Fri-Sat-Sun_20260101-20270830,65302,,BAREILLY CITY,0,,65302,0,0,0
65303,Mon-Tue-Wed-Thu-Fri-Sat-Sun_20260101-20270830,65303,,RAMNAGAR,0,,65303,0,0,0
65304,Mon-Tue-Wed-Thu-Fri-Sat-Sun_20260101-20270830,65304,,MORADABAD,0,,65304,0,0,0
65305,Mon-Tue-Wed-Thu-Fri-Sat-Sun_20260101-20270830,65305,,KASHIPUR,0,,65305,0,0,0
65306,Mon-Tue-Wed-Thu-Fri-Sat-Sun_20260101-20270830,65306,,MORADABAD,0,,65306,0,0,0
65307,Mon-Tue-Wed-Thu-Fri-Sat-Sun_20260101-20270830,65307,,KASHIPUR,0,,65307,0,0,0
65308,Mon-Tue-Wed-Thu-Fri-Sat-Sun_20260101-20270830,65308,,MORADABAD,0,,65308,0,0,0
65309,Mon-Tue-Wed-Thu-Fri-Sat-Sun_20260101-20270830,65309,,RAMNAGAR,0,,65309,0,0,0
65310,Mon-Tue-Wed-Thu-Fri-Sat-Sun_20260101-20270830,65310,,MORADABAD,0,,65310,0,0,0
66000,Mon-Tue-Wed-Thu-Fri-Sat-Sun_20260101-20270830,66000,,CHENNAI CENTRAL SUBURBAN STATION,0,,66000,0,0,0
66001,Mon-Tue-Wed-Thu-Fri-Sat-Sun_20260601-20270830,66001,,CUDDAPAH,0,,66001,0,0,0
66002,Mon-Tue-Wed-Thu-Fri-Sat-Sun_20260101-20270830,66002,,CHENNAI CENTRAL SUBURBAN STATION,0,,66002,0,0,0
66003,Mon-Tue-Wed-Thu-Fri-Sat-Sun_20260101-20270830,66003,,AVADI,0,,66003,0,0,0
66005,Mon-Tue-Wed-Thu-Fri-Sat-Sun_20260101-20270830,66005,,AVADI,0,,66005,0,0,0
66006,Mon-Tue-Wed-Thu-Fri-Sat-Sun_20260601-20270830,66006,,ARAKKONAM JN.,0,,66006,0,0,0
66007,Mon-Tue-Wed-Thu-Fri-Sat-Sun_20260101-20270830,66007,,AVADI,0,,66007,0,0,0
66008,Mon-Tue-Wed-Thu-Fri-Sat-Sun_20260101-20270830,66008,,CHENNAI CENTRAL SUBURBAN STATION,0,,66008,0,0,0
66009,Mon-Tue-Wed-Thu-Fri-Sat-Sun_20260101-20270830,66009,,ARAKKONAM JN.,0,,66009,0,0,0
66010,Mon-Tue-Wed-Thu-Fri-Sat-Sun_20260101-20270830,66010,,CHENNAI CENTRAL SUBURBAN STATION,0,,66010,0,0,0
66011,Mon-Tue-Wed-Thu-Fri-Sat-Sun_20260101-20270830,66011,,ARAKKONAM JN.,0,,66011,0,0,0
66013,Mon-Tue-Wed-Thu-Fri-Sat-Sun_20260101-20270830,66013,,ARAKKONAM JN.,0,,66013,0,0,0
66014,Mon-Tue-Wed-Thu-Fri-Sat-Sun_20260101-20270830,66014,,CHENNAI CENTRAL SUBURBAN STATION,0,,66014,0,0,0
66015,Mon-Tue-Wed-Thu-Fri-Sat-Sun_20260101-20270830,66015,,ARAKKONAM JN.,0,,66015,0,0,0
66016,Mon-Tue-Wed-Thu-Fri-Sat-Sun_20260101-20270830,66016,,CHENNAI CENTRAL SUBURBAN STATION,0,,66016,0,0,0
66017,Mon-Tue-Wed-Thu-Fri-Sat-Sun_20260101-20270830,66017,,JOLARPETTAI JN.,0,,66017,0,0,0
66018,Mon-Tue-Wed-Thu-Fri-Sat-Sun_20260101-20270830,66018,,KATPADI JN,0,,66018,0,0,0
66019,Mon-Tue-Wed-Thu-Fri-Sat-Sun_20260422-20270830,66019,,MAYILADUTURAI JN,0,,66019,0,0,0
66020,Mon-Tue-Wed-Thu-Fri-Sat-Sun_20260101-20270830,66020,,VILLUPURAM JN,0,,66020,0,0,0
66021,Mon-Tue-Wed-Thu-Fri-Sat-Sun_20260101-20270830,66021,,ARAKKONAM JN.,0,,66021,0,0,0
66022,Mon-Tue-Wed-Thu-Fri-Sat-Sun_20260101-20270830,66022,,CHENNAI CENTRAL SUBURBAN STATION,0,,66022,0,0,0
66023,Mon-Tue-Wed-Thu-Fri-Sat-Sun_20260101-20270830,66023,,THIRUVARUR JN,0,,66023,0,0,0
66024,Mon-Tue-Wed-Thu-Fri-Sat-Sun_20260101-20270830,66024,,MAYILADUTURAI JN,0,,66024,0,0,0
66025,Mon-Tue-Wed-Thu-Fri-Sat-Sun_20260101-20270830,66025,,VILLUPURAM JN,0,,66025,0,0,0
66026,Mon-Tue-Wed-Thu-Fri-Sat-Sun_20260101-20270830,66026,,KATPADI JN,0,,66026,0,0,0
66027,Mon-Tue-Wed-Thu-Fri-Sat-Sun_20260101-20270830,66027,,VILLUPURAM JN,0,,66027,0,0,0
66028,Mon-Tue-Wed-Thu-Fri-Sat-Sun_20260601-20270830,66028,,KATPADI JN,0,,66028,0,0,0
66029,Mon-Tue-Wed-Thu-Fri-Sat-Sun_20260101-20270830,66029,,SULLURUPETA,0,,66029,0,0,0
66030,Mon-Tue-Wed-Thu-Fri-Sat-Sun_20260101-20270830,66030,,CHENNAI CENTRAL SUBURBAN STATION,0,,66030,0,0,0
66031,Mon-Tue-Wed-Thu-Fri-Sat-Sun_20260101-20270830,66031,,SULLURUPETA,0,,66031,0,0,0
66032,Mon-Tue-Wed-Thu-Fri-Sat-Sun_20260101-20270830,66032,,CHENNAI CENTRAL SUBURBAN STATION,0,,66032,0,0,0
66033,Mon-Tue-Wed-Thu-Fri-Sat-Sun_20260612-20270830,66033,,TIRUVANNAMALAI,0,,66033,0,0,0
66034,Mon-Tue-Wed-Thu-Fri-Sat-Sun_20260612-20270830,66034,,TAMBARAM,0,,66034,0,0,0
66035,Mon-Tue-Wed-Thu-Fri-Sat-Sun_20260601-20270830,66035,,NELLORE,0,,66035,0,0,0
66036,Mon-Tue-Wed-Thu-Fri-Sat-Sun_20260601-20270830,66036,,SULLURUPETA,0,,66036,0,0,0
66037,Mon-Tue-Wed-Thu-Fri-Sat-Sun_20260601-20270830,66037,,NELLORE,0,,66037,0,0,0
66038,Mon-Tue-Wed-Thu-Fri-Sat-Sun_20260601-20270830,66038,,SULLURUPETA,0,,66038,0,0,0
66039,Mon-Tue-Wed-Thu-Fri-Sat-Sun_20260101-20270830,66039,,SULLURUPETA,0,,66039,0,0,0
66040,Mon-Tue-Wed-Thu-Fri-Sat-Sun_20260601-20270830,66040,,SULLURUPETA,0,,66040,0,0,0
66041,Mon-Tue-Wed-Thu-Fri-Sat-Sun_20260601-20270830,66041,,NELLORE,0,,66041,0,0,0
66042,Mon-Tue-Wed-Thu-Fri-Sat-Sun_20260101-20270830,66042,,CHENNAI CENTRAL SUBURBAN STATION,0,,66042,0,0,0
66043,Mon-Tue-Wed-Thu-Fri-Sat-Sun_20260601-20270830,66043,,TIRUCHANUR,0,,66043,0,0,0
66044,Mon-Tue-Wed-Thu-Fri-Sat-Sun_20260601-20270830,66044,,ARAKKONAM JN.,0,,66044,0,0,0
66045,Mon-Tue-Wed-Thu-Fri-Sat-Sun_20260601-20270830,66045,,VILLUPURAM JN,0,,66045,0,0,0
66046,Mon-Tue-Wed-Thu-Fri-Sat-Sun_20260601-20270830,66046,,CHENNAI BEACH,0,,66046,0,0,0
66049,Mon-Tue-Wed-Thu-Fri-Sat-Sun_20260101-20270830,66049,,TIRUTTANI,0,,66049,0,0,0
66050,Mon-Tue-Wed-Thu-Fri-Sat-Sun_20260101-20270830,66050,,CHENNAI CENTRAL SUBURBAN STATION,0,,66050,0,0,0
66051,Mon-Tue-Wed-Thu-Fri-Sat-Sun_20260101-20270830,66051,,PONDICHERRY,0,,66051,0,0,0
66052,Mon-Tue-Wed-Thu-Fri-Sat-Sun_20260101-20270830,66052,,CHENNAI EGMORE,0,,66052,0,0,0
66055,Mon-Tue-Wed-Thu-Fri-Sat-Sun_20260601-20270830,66055,,VILLUPURAM JN,0,,66055,0,0,0
66056,Mon-Tue-Wed-Thu-Fri-Sat-Sun_20260601-20270830,66056,,TAMBARAM,0,,66056,0,0,0
66057,Mon-Tue-Wed-Thu-Fri-Sat-Sun_20260101-20270830,66057,,KATPADI JN,0,,66057,0,0,0
66058,Mon-Tue-Wed-Thu-Fri-Sat-Sun_20260101-20270830,66058,,ARAKKONAM JN.,0,,66058,0,0,0
66059,Mon-Tue-Wed-Thu-Fri-Sat-Sun_20260101-20270830,66059,,VELLORE CANTONMENT,0,,66059,0,0,0
66060,Mon-Tue-Wed-Thu-Fri-Sat-Sun_20260101-20270830,66060,,ARAKKONAM JN.,0,,66060,0,0,0
66061,Mon-Tue-Wed-Thu-Fri-Sat-Sun_20260101-20270830,66061,,VELLORE CANTONMENT,0,,66061,0,0,0
66062,Mon-Tue-Wed-Thu-Fri-Sat-Sun_20260101-20270830,66062,,ARAKKONAM JN.,0,,66062,0,0,0
66063,Mon-Tue-Wed-Thu-Fri-Sat-Sun_20260101-20270830,66063,,PONDICHERRY,0,,66063,0,0,0
66064,Mon-Tue-Wed-Thu-Fri-Sat-Sun_20260101-20270830,66064,,VILLUPURAM JN,0,,66064,0,0,0
66065,Mon-Tue-Wed-Thu-Fri-Sat-Sun_20260101-20270830,66065,,PONDICHERRY,0,,66065,0,0,0
66066,Mon-Tue-Wed-Thu-Fri-Sat-Sun_20260101-20270830,66066,,VILLUPURAM JN,0,,66066,0,0,0
66067,Mon-Tue-Wed-Thu-Fri-Sat-Sun_20260101-20270830,66067,,THIRUVARUR JN,0,,66067,0,0,0
66068,Mon-Tue-Wed-Thu-Fri-Sat-Sun_20260101-20270830,66068,,MAYILADUTURAI JN,0,,66068,0,0,0
66069,Mon-Tue-Wed-Thu-Fri-Sat-Sun_20260612-20270830,66069,,TIRUCHANUR,0,,66069,0,0,0
66070,Mon-Tue-Wed-Thu-Fri-Sat-Sun_20260612-20270830,66070,,CHENNAI CENTRAL SUBURBAN STATION,0,,66070,0,0,0
66300,Mon-Tue-Wed-Thu-Fri-Sat-Sun_20260101-20270830,66300,,ALAPPUZHA,0,,66300,0,0,0
66301,Mon-Tue-Wed-Thu-Fri-Sat-Sun_20260101-20270830,66301,,KOLLAM JN,0,,66301,0,0,0
66302,Mon-Tue-Wed-Thu-Fri-Sat-Sun_20260101-20270830,66302,,PUNALUR,0,,66302,0,0,0
66303,Tue-Wed-Thu-Fri-Sat-Sun_20260101-20270830,66303,,ERNAKULAM JN,0,,66303,0,0,0
66304,Tue-Wed-Thu-Fri-Sat-Sun_20260101-20270830,66304,,KOLLAM JN,0,,66304,0,0,0
66305,Mon-Tue-Wed-Thu-Sat-Sun_20260101-20270830,66305,,KOLLAM JN,0,,66305,0,0,0
66306,Mon-Tue-Wed-Thu-Sat-Sun_20260101-20270830,66306,,KANNIYAKUMARI,0,,66306,0,0,0
66307,Mon-Tue-Thu-Fri-Sat-Sun_20260101-20270830,66307,,KOLLAM JN,0,,66307,0,0,0
66308,Mon-Tue-Thu-Fri-Sat-Sun_20260101-20270830,66308,,ERNAKULAM JN,0,,66308,0,0,0
66309,Mon-Tue-Thu-Fri-Sat-Sun_20260101-20270830,66309,,KOLLAM JN,0,,66309,0,0,0
66310,Mon-Wed-Thu-Fri-Sat-Sun_20260101-20270830,66310,,ERNAKULAM JN,0,,66310,0,0,0
66311,Mon-Tue-Wed-Thu-Fri-Sat-Sun_20260101-20270830,66311,,KOLLAM JN,0,,66311,0,0,0
66312,Mon-Tue-Wed-Thu-Fri-Sat-Sun_20260101-20270830,66312,,ALAPPUZHA,0,,66312,0,0,0
66313,Mon-Tue-Wed-Thu-Fri-Sat-Sun_20260303-20270830,66313,,ALAPPUZHA,0,,66313,0,0,0
66314,Mon-Tue-Wed-Thu-Fri-Sat-Sun_20260101-20270830,66314,,ERNAKULAM JN,0,,66314,0,0,0
66315,Mon-Tue-Wed-Thu-Fri-Sat-Sun_20260101-20270830,66315,,KOLLAM JN,0,,66315,0,0,0
66316,Mon-Tue-Wed-Thu-Fri-Sat-Sun_20260101-20270830,66316,,KOTTAYAM,0,,66316,0,0,0
66317,Mon-Tue-Wed-Thu-Fri-Sat-Sun_20260101-20270830,66317,,KOLLAM JN,0,,66317,0,0,0
66318,Mon-Tue-Wed-Thu-Fri-Sat-Sun_20260101-20270830,66318,,PUNALUR,0,,66318,0,0,0
66319,Mon-Tue-Wed-Thu-Fri-Sat-Sun_20260101-20270830,66319,,ERNAKULAM JN,0,,66319,0,0,0
66320,Mon-Tue-Wed-Thu-Fri-Sat-Sun_20260101-20270830,66320,,SHORANUR JN,0,,66320,0,0,0
66321,Mon-Tue-Wed-Thu-Fri-Sat-Sun_20260101-20270830,66321,,KOLLAM JN,0,,66321,0,0,0
66322,Mon-Tue-Wed-Thu-Fri-Sat-Sun_20260101-20270830,66322,,ERNAKULAM JN,0,,66322,0,0,0
66323,Mon-Tue-Wed-Thu-Fri-Sat_20260101-20270830,66323,,SHORANUR JN,0,,66323,0,0,0
66324,Mon-Tue-Wed-Thu-Fri-Sat_20260101-20270830,66324,,KANNUR,0,,66324,0,0,0
66325,Mon-Tue-Wed-Thu-Fri-Sat-Sun_20260609-20270830,66325,,SHORANUR JN,0,,66325,0,0,0
66326,Mon-Tue-Wed-Thu-Fri-Sat-Sun_20260609-20270830,66326,,NILAMBUR ROAD,0,,66326,0,0,0
66327,Mon-Tue-Wed-Thu-Fri_20260316-20270830,66327,,KOLLAM JN,0,,66327,0,0,0
66328,Mon-Tue-Wed-Thu-Fri_20260316-20270830,66328,,ERNAKULAM JN,0,,66328,0,0,0
66501,Mon-Tue-Wed-Thu-Fri-Sat-Sun_20260512-20270830,66501,,VIJAYAPURA,0,,66501,0,0,0
66502,Mon-Tue-Wed-Thu-Fri-Sat-Sun_20260512-20270830,66502,,SSS HUBBALLI JN,0,,66502,0,0,0
66505,Mon-Tue-Wed-Thu-Fri-Sat_20260811-20270830,66505,,ARSIKERE JN,0,,66505,0,0,0
66506,Mon-Tue-Wed-Thu-Fri-Sat_20260714-20270830,66506,,YELAHANKA JN.,0,,66506,0,0,0
66511,Mon-Tue-Wed-Thu-Fri-Sat-Sun_20260519-20270830,66511,,MARIKUPPAM,0,,66511,0,0,0
66512,Mon-Tue-Wed-Thu-Fri-Sat-Sun_20260525-20270830,66512,,KSR BENGALURU,0,,66512,0,0,0
66513,Mon-Tue-Wed-Thu-Fri-Sat-Sun_20260101-20270830,66513,,MARIKUPPAM,0,,66513,0,0,0
66514,Mon-Tue-Wed-Thu-Fri-Sat-Sun_20260519-20270830,66514,,KRISHNARAJAPURM,0,,66514,0,0,0
66515,Mon-Tue-Wed-Thu-Fri-Sat-Sun_20260519-20270830,66515,,MARIKUPPAM,0,,66515,0,0,0
66516,Mon-Tue-Wed-Thu-Fri-Sat-Sun_20260101-20270830,66516,,BANGARAPET JN.,0,,66516,0,0,0
66517,Mon-Tue-Wed-Thu-Fri-Sat-Sun_20260101-20270830,66517,,BANGARAPET JN.,0,,66517,0,0,0
66518,Mon-Tue-Wed-Thu-Fri-Sat-Sun_20260101-20270830,66518,,MARIKUPPAM,0,,66518,0,0,0
66519,Mon-Tue-Wed-Thu-Fri-Sat-Sun_20260525-20270830,66519,,KSR BENGALURU,0,,66519,0,0,0
66520,Mon-Tue-Wed-Thu-Fri-Sat-Sun_20260506-20270830,66520,,MARIKUPPAM,0,,66520,0,0,0
66523,Mon-Tue-Wed-Thu-Fri-Sat-Sun_20260101-20270830,66523,,HINDUPUR,0,,66523,0,0,0
66524,Mon-Tue-Wed-Thu-Fri-Sat-Sun_20260101-20270830,66524,,KSR BENGALURU,0,,66524,0,0,0
66525,Mon-Tue-Wed-Thu-Fri-Sat_20260512-20270830,66525,,HASSAN,0,,66525,0,0,0
66526,Mon-Tue-Wed-Thu-Fri-Sat_20260512-20270830,66526,,KSR BENGALURU,0,,66526,0,0,0
66527,Mon-Tue-Wed-Thu-Fri-Sat-Sun_20260101-20270830,66527,,BANGARAPET JN.,0,,66527,0,0,0
66528,Mon-Tue-Wed-Thu-Fri-Sat-Sun_20260101-20270830,66528,,KUPPAM,0,,66528,0,0,0
66529,Mon-Tue-Wed-Thu-Fri-Sat-Sun_20260525-20270830,66529,,KSR BENGALURU,0,,66529,0,0,0
66530,Mon-Tue-Wed-Thu-Fri-Sat-Sun_20260519-20270830,66530,,BANGARAPET JN.,0,,66530,0,0,0
66531,Mon-Tue-Wed-Thu-Fri-Sat-Sun_20260406-20270830,66531,,WHITEFIELD,0,,66531,0,0,0
66532,Mon-Tue-Wed-Thu-Fri-Sat-Sun_20260406-20270830,66532,,MARIKUPPAM,0,,66532,0,0,0
66533,Mon-Tue-Wed-Thu-Fri-Sat-Sun_20260519-20270830,66533,,KRISHNARAJAPURM,0,,66533,0,0,0
66534,Mon-Tue-Wed-Thu-Fri-Sat-Sun_20260519-20270830,66534,,KUPPAM,0,,66534,0,0,0
66535,Mon-Tue-Wed-Thu-Fri-Sat-Sun_20260101-20270830,66535,,CHANNAPATNA,0,,66535,0,0,0
66536,Mon-Tue-Wed-Thu-Fri-Sat-Sun_20260101-20270830,66536,,KSR BENGALURU,0,,66536,0,0,0
66537,Mon-Tue-Wed-Thu-Fri-Sat-Sun_20260512-20270830,66537,,SMVT BENGALURU,0,,66537,0,0,0
66538,Mon-Tue-Wed-Thu-Fri-Sat-Sun_20260512-20270830,66538,,BANGARAPET JN.,0,,66538,0,0,0
66539,Fri-Sat-Sun_20260515-20270830,66539,,ASHOKAPURAM,0,,66539,0,0,0
66540,Fri-Sat-Sun_20260515-20270830,66540,,KSR BENGALURU,0,,66540,0,0,0
66541,Mon-Tue-Wed-Thu-Fri-Sat-Sun_20260525-20270830,66541,,KSR BENGALURU,0,,66541,0,0,0
66542,Mon-Tue-Wed-Thu-Fri-Sat-Sun_20260519-20270830,66542,,WHITEFIELD,0,,66542,0,0,0
66543,Mon-Tue-Wed-Thu-Fri-Sat-Sun_20260525-20270830,66543,,KSR BENGALURU,0,,66543,0,0,0
66544,Mon-Tue-Wed-Thu-Fri-Sat-Sun_20260519-20270830,66544,,KUPPAM,0,,66544,0,0,0
66545,Mon-Tue-Wed-Thu-Fri-Sat-Sun_20260525-20270830,66545,,KSR BENGALURU,0,,66545,0,0,0
66546,Mon-Tue-Wed-Thu-Fri-Sat-Sun_20260519-20270830,66546,,MARIKUPPAM,0,,66546,0,0,0
66547,Mon-Tue-Wed-Thu-Fri-Sat-Sun_20260101-20270830,66547,,MARIKUPPAM,0,,66547,0,0,0
66548,Mon-Tue-Wed-Thu-Fri-Sat-Sun_20260101-20270830,66548,,KRISHNARAJAPURM,0,,66548,0,0,0
66549,Mon-Tue-Wed-Thu-Fri-Sat-Sun_20260525-20270830,66549,,KSR BENGALURU,0,,66549,0,0,0
66550,Mon-Tue-Wed-Thu-Fri-Sat-Sun_20260519-20270830,66550,,JOLARPETTAI JN.,0,,66550,0,0,0
66551,Mon-Tue-Wed-Thu-Fri-Sat-Sun_20260628-20260926,66551,,MYSORE JN,0,,66551,0,0,0
66552,Mon-Tue-Wed-Thu-Fri-Sat-Sun_20260628-20260926,66552,,KSR BENGALURU,0,,66552,0,0,0
66553,Mon-Tue-Wed-Thu-Fri-Sat-Sun_20260101-20270830,66553,,ASHOKAPURAM,0,,66553,0,0,0
66554,Mon-Tue-Wed-Thu-Fri-Sat-Sun_20260101-20270830,66554,,KSR BENGALURU,0,,66554,0,0,0
66555,Mon-Tue-Wed-Thu-Fri-Sat-Sun_20260525-20270830,66555,,KSR BENGALURU,0,,66555,0,0,0
66556,Mon-Tue-Wed-Thu-Fri-Sat-Sun_20260519-20270830,66556,,MARIKUPPAM,0,,66556,0,0,0
66557,Mon-Tue-Wed-Thu-Fri-Sat-Sun_20260101-20270830,66557,,MARIKUPPAM,0,,66557,0,0,0
66558,Mon-Tue-Wed-Thu-Fri-Sat-Sun_20260101-20270830,66558,,BANGARAPET JN.,0,,66558,0,0,0
66559,Mon-Tue-Wed-Thu-Fri-Sat-Sun_20260601-20270830,66559,,ANANTAPUR,0,,66559,0,0,0
66560,Mon-Tue-Wed-Thu-Fri-Sat-Sun_20260610-20270830,66560,,KSR BENGALURU,0,,66560,0,0,0
66561,Mon-Tue-Wed-Thu-Fri-Sat_20260101-20270830,66561,,YESVANTPUR JN.,0,,66561,0,0,0
66562,Mon-Tue-Wed-Thu-Fri-Sat_20260101-20270830,66562,,TUMKUR,0,,66562,0,0,0
66563,Mon-Tue-Wed-Thu-Fri-Sat_20260102-20270830,66563,,HOSUR,0,,66563,0,0,0
66564,Mon-Tue-Wed-Thu-Fri-Sat_20260102-20270830,66564,,YESVANTPUR JN.,0,,66564,0,0,0
66565,Mon_20260101-20270830,66565,,TUMKUR,0,,66565,0,0,0
66566,Sat_20260101-20270830,66566,,BANASWADI,0,,66566,0,0,0
66567,Mon-Tue-Wed-Thu-Fri-Sat-Sun_20260101-20270830,66567,,TUMKUR,0,,66567,0,0,0
66568,Mon-Tue-Wed-Thu-Fri-Sat-Sun_20260101-20270830,66568,,KSR BENGALURU,0,,66568,0,0,0
66569,Mon-Tue-Wed-Thu-Fri-Sat-Sun_20260101-20270830,66569,,TUMKUR,0,,66569,0,0,0
66570,Mon-Tue-Wed-Thu-Fri-Sat-Sun_20260101-20270830,66570,,YESVANTPUR JN.,0,,66570,0,0,0
66571,Mon-Tue-Wed-Thu-Fri-Sat-Sun_20260101-20270830,66571,,TUMKUR,0,,66571,0,0,0
66572,Mon-Tue-Wed-Thu-Fri-Sat-Sun_20260101-20270830,66572,,KSR BENGALURU,0,,66572,0,0,0
66573,Mon-Tue-Wed-Thu-Fri-Sat-Sun_20260101-20270830,66573,,TUMKUR,0,,66573,0,0,0
66574,Mon-Tue-Wed-Thu-Fri-Sat-Sun_20260101-20270830,66574,,YESVANTPUR JN.,0,,66574,0,0,0
66575,Mon-Tue-Wed-Thu-Fri-Sat_20260101-20270830,66575,,TUMKUR,0,,66575,0,0,0
66576,Mon-Tue-Wed-Thu-Fri-Sat_20260101-20270830,66576,,BANASWADI,0,,66576,0,0,0
66577,Mon-Tue-Wed-Thu-Fri-Sat_20260101-20270830,66577,,SHIMOGA TOWN,0,,66577,0,0,0
66578,Mon-Tue-Wed-Thu-Fri-Sat_20260101-20270830,66578,,TUMKUR,0,,66578,0,0,0
66579,Mon-Tue-Wed-Thu-Fri-Sat-Sun_20260101-20270830,66579,,ASHOKAPURAM,0,,66579,0,0,0
66580,Mon-Tue-Wed-Thu-Fri-Sat-Sun_20260101-20270830,66580,,KSR BENGALURU,0,,66580,0,0,0
66581,Mon-Tue-Wed-Thu-Fri-Sat-Sun_20260519-20270830,66581,,BANGARAPET JN.,0,,66581,0,0,0
66582,Mon-Tue-Wed-Thu-Fri-Sat-Sun_20260525-20270830,66582,,KSR BENGALURU,0,,66582,0,0,0
66583,Mon-Tue-Wed-Thu-Fri-Sat-Sun_20260506-20270830,66583,,DHARMAPURI,0,,66583,0,0,0
66584,Mon-Tue-Wed-Thu-Fri-Sat-Sun_20260525-20270830,66584,,KSR BENGALURU,0,,66584,0,0,0
66585,Mon-Tue-Wed-Thu-Fri-Sat_20260102-20270830,66585,,HOSUR,0,,66585,0,0,0
66586,Mon-Tue-Wed-Thu-Fri-Sat_20260102-20270830,66586,,YESVANTPUR JN.,0,,66586,0,0,0
66587,Mon-Tue-Wed-Thu-Fri-Sat_20260520-20270830,66587,,KOLAR,0,,66587,0,0,0
66588,Mon-Tue-Wed-Thu-Fri-Sat_20260525-20270830,66588,,BANGALORE CANT,0,,66588,0,0,0
66589,Mon-Tue-Wed-Thu-Fri-Sat_20260101-20270830,66589,,KOLAR,0,,66589,0,0,0
66590,Mon-Tue-Wed-Thu-Fri-Sat_20260101-20270830,66590,,BANGARAPET JN.,0,,66590,0,0,0
66591,Mon-Tue-Wed-Thu-Fri-Sat_20260506-20270830,66591,,KOLAR,0,,66591,0,0,0
66592,Mon-Tue-Wed-Thu-Fri-Sat_20260525-20270830,66592,,BANGALORE CANT,0,,66592,0,0,0
66593,Mon-Tue-Wed-Thu-Fri-Sat_20260101-20270830,66593,,BANGARAPET JN.,0,,66593,0,0,0
66594,Mon-Tue-Wed-Thu-Fri-Sat_20260101-20270830,66594,,KOLAR,0,,66594,0,0,0
66595,Mon-Tue-Wed-Thu-Fri-Sat_20260318-20270830,66595,,HOSUR,0,,66595,0,0,0
66596,Mon-Tue-Wed-Thu-Fri-Sat_20260318-20270830,66596,,YESVANTPUR JN.,0,,66596,0,0,0
66597,Mon-Tue-Wed-Thu-Fri-Sat-Sun_20260512-20270830,66597,,ASHOKAPURAM,0,,66597,0,0,0
66598,Mon-Tue-Wed-Thu-Fri-Sat-Sun_20260512-20270830,66598,,KSR BENGALURU,0,,66598,0,0,0
66601,Mon-Tue-Wed-Thu-Fri-Sat-Sun_20260101-20270830,66601,,COIMBATORE JN,0,,66601,0,0,0
66602,Mon-Tue-Wed-Thu-Fri-Sat-Sun_20260101-20270830,66602,,ERODE JN,0,,66602,0,0,0
66603,Mon-Tue-Wed-Thu-Fri-Sat_20260101-20270830,66603,,SHORANUR JN,0,,66603,0,0,0
66604,Mon-Tue-Wed-Thu-Fri-Sat_20260101-20270830,66604,,COIMBATORE JN,0,,66604,0,0,0
66605,Mon-Tue-Wed-Thu-Fri-Sat_20260101-20270830,66605,,PALGHAT TOWN,0,,66605,0,0,0
66606,Mon-Tue-Wed-Thu-Fri-Sat_20260101-20270830,66606,,COIMBATORE JN,0,,66606,0,0,0
66607,Mon-Tue-Wed-Fri-Sat-Sun_20260101-20270830,66607,,PALGHAT TOWN,0,,66607,0,0,0
66608,Mon-Tue-Wed-Fri-Sat-Sun_20260101-20270830,66608,,ERODE JN,0,,66608,0,0,0
66609,Mon-Wed-Thu-Fri-Sat-Sun_20260101-20270830,66609,,ERNAKULAM JN,0,,66609,0,0,0
66610,Mon-Wed-Thu-Fri-Sat-Sun_20260101-20270830,66610,,PALAKKAD JN,0,,66610,0,0,0
66611,Mon-Tue-Wed-Thu-Fri-Sat-Sun_20260101-20270830,66611,,PODANUR JN,0,,66611,0,0,0
66612,Mon-Tue-Wed-Thu-Fri-Sat-Sun_20260101-20270830,66612,,METUPALAIYAM,0,,66612,0,0,0
66613,Mon-Tue-Wed-Thu-Fri-Sat_20260101-20270830,66613,,COIMBATORE JN,0,,66613,0,0,0
66614,Mon-Tue-Wed-Thu-Fri-Sat_20260101-20270830,66614,,METUPALAIYAM,0,,66614,0,0,0
66615,Mon-Tue-Wed-Thu-Fri-Sat-Sun_20260101-20270830,66615,,PODANUR JN,0,,66615,0,0,0
66616,Mon-Tue-Wed-Thu-Fri-Sat-Sun_20260101-20270830,66616,,METUPALAIYAM,0,,66616,0,0,0
66617,Mon-Tue-Wed-Thu-Fri-Sat-Sun_20260101-20270830,66617,,COIMBATORE JN,0,,66617,0,0,0
66618,Mon-Tue-Wed-Thu-Fri-Sat-Sun_20260101-20270830,66618,,METUPALAIYAM,0,,66618,0,0,0
66619,Mon-Tue-Wed-Thu-Fri-Sat_20260101-20270830,66619,,PODANUR JN,0,,66619,0,0,0
66620,Mon-Tue-Wed-Thu-Fri-Sat_20260101-20270830,66620,,METUPALAIYAM,0,,66620,0,0,0
66621,Mon-Tue-Wed-Fri-Sat-Sun_20260101-20270830,66621,,ERODE JN,0,,66621,0,0,0
66622,Mon-Tue-Wed-Fri-Sat-Sun_20260101-20270830,66622,,SALEM JN,0,,66622,0,0,0
66623,Wed-Thu-Fri-Sat-Sun_20260312-20270830,66623,,POLLACHI JN.,0,,66623,0,0,0
66624,Mon-Thu-Fri-Sat-Sun_20260314-20270830,66624,,PALAKKAD JN,0,,66624,0,0,0
67201,Mon-Tue-Wed-Thu-Fri-Sat-Sun_20260601-20270830,67201,,VIJAYAWADA JN,0,,67201,0,0,0
67202,Mon-Tue-Wed-Thu-Fri-Sat-Sun_20260601-20270830,67202,,RAJAMUNDRY,0,,67202,0,0,0
67203,Mon-Tue-Wed-Thu-Fri-Sat-Sun_20260601-20270830,67203,,RENIGUNTA JN,0,,67203,0,0,0
67204,Mon-Tue-Wed-Thu-Fri-Sat-Sun_20260601-20270830,67204,,NELLORE,0,,67204,0,0,0
67205,Mon-Tue-Wed-Thu-Fri-Sat-Sun_20260610-20270830,67205,,KATPADI JN,0,,67205,0,0,0
67206,Mon-Tue-Wed-Thu-Fri-Sat-Sun_20260610-20270830,67206,,TIRUPATI,0,,67206,0,0,0
67207,Mon-Tue-Wed-Thu-Fri-Sat-Sun_20260610-20270830,67207,,KATPADI JN,0,,67207,0,0,0
67208,Mon-Tue-Wed-Thu-Fri-Sat-Sun_20260610-20270830,67208,,TIRUPATI,0,,67208,0,0,0
67209,Mon-Tue-Wed-Thu-Fri-Sat-Sun_20260610-20270830,67209,,KATPADI JN,0,,67209,0,0,0
67210,Mon-Tue-Wed-Thu-Fri-Sat-Sun_20260610-20270830,67210,,TIRUPATI,0,,67210,0,0,0
67213,Mon-Tue-Wed-Thu-Fri-Sat-Sun_20260601-20270830,67213,,TENALI JN,0,,67213,0,0,0
67214,Mon-Tue-Wed-Thu-Fri-Sat-Sun_20260601-20270830,67214,,VIJAYAWADA JN,0,,67214,0,0,0
67215,Mon-Tue-Wed-Thu-Fri-Sat-Sun_20260601-20270830,67215,,BHADRACHALAM RD,0,,67215,0,0,0
67216,Mon-Tue-Wed-Thu-Fri-Sat-Sun_20260601-20270830,67216,,VIJAYAWADA JN,0,,67216,0,0,0
67221,Mon-Tue-Wed-Thu-Fri-Sat-Sun_20260601-20270830,67221,,TENALI JN,0,,67221,0,0,0
67222,Mon-Tue-Wed-Thu-Fri-Sat-Sun_20260601-20270830,67222,,VIJAYAWADA JN,0,,67222,0,0,0
67223,Mon-Tue-Wed-Thu-Fri-Sat-Sun_20260610-20270830,67223,,REPALLE,0,,67223,0,0,0
67224,Mon-Tue-Wed-Thu-Fri-Sat-Sun_20260601-20270830,67224,,TENALI JN,0,,67224,0,0,0
67225,Mon-Tue-Wed-Thu-Fri-Sat-Sun_20260601-20270830,67225,,GUDUR JN,0,,67225,0,0,0
67226,Mon-Tue-Wed-Thu-Fri-Sat-Sun_20260601-20270830,67226,,VIJAYAWADA JN,0,,67226,0,0,0
67227,Mon-Tue-Wed-Thu-Fri-Sat-Sun_20260601-20270830,67227,,MACHERLA,0,,67227,0,0,0
67228,Mon-Tue-Wed-Thu-Fri-Sat-Sun_20260601-20270830,67228,,VIJAYAWADA JN,0,,67228,0,0,0
67229,Mon-Tue-Wed-Thu-Fri-Sat-Sun_20260601-20270830,67229,,GUNTUR JN,0,,67229,0,0,0
67230,Mon-Tue-Wed-Thu-Fri-Sat-Sun_20260601-20270830,67230,,VIJAYAWADA JN,0,,67230,0,0,0
67231,Mon-Tue-Wed-Thu-Fri-Sat-Sun_20260601-20270830,67231,,REPALLE,0,,67231,0,0,0
67232,Mon-Tue-Wed-Thu-Fri-Sat-Sun_20260601-20270830,67232,,TENALI JN,0,,67232,0,0,0
67233,Mon-Tue-Wed-Thu-Fri-Sat-Sun_20260601-20270830,67233,,REPALLE,0,,67233,0,0,0
67234,Mon-Tue-Wed-Thu-Fri-Sat-Sun_20260611-20270830,67234,,GUNTUR JN,0,,67234,0,0,0
67235,Mon-Tue-Wed-Thu-Fri-Sat-Sun_20260601-20270830,67235,,TENALI JN,0,,67235,0,0,0
67236,Mon-Tue-Wed-Thu-Fri-Sat-Sun_20260601-20270830,67236,,GUNTUR JN,0,,67236,0,0,0
67237,Mon-Tue-Wed-Thu-Fri-Sat-Sun_20260601-20270830,67237,,REPALLE,0,,67237,0,0,0
67238,Mon-Tue-Wed-Thu-Fri-Sat-Sun_20260613-20270830,67238,,MARKAPUR ROAD,0,,67238,0,0,0
67239,Mon-Tue-Wed-Thu-Fri-Sat-Sun_20260601-20270830,67239,,TENALI JN,0,,67239,0,0,0
67241,Mon-Tue-Wed-Thu-Fri-Sat-Sun_20260601-20270830,67241,,BHIMAVARAM JN,0,,67241,0,0,0
67242,Mon-Tue-Wed-Thu-Fri-Sat-Sun_20260601-20270830,67242,,NIDADAVOLU JN,0,,67242,0,0,0
67243,Mon-Tue-Wed-Thu-Fri-Sat-Sun_20260601-20270830,67243,,NARASAPUR,0,,67243,0,0,0
67244,Mon-Tue-Wed-Thu-Fri-Sat-Sun_20260601-20270830,67244,,NIDADAVOLU JN,0,,67244,0,0,0
67245,Mon-Tue-Wed-Thu-Fri-Sat-Sun_20260601-20270830,67245,,NARASAPUR,0,,67245,0,0,0
67246,Mon-Tue-Wed-Thu-Fri-Sat-Sun_20260601-20270830,67246,,RAJAMUNDRY,0,,67246,0,0,0
67247,Mon-Tue-Wed-Thu-Fri-Sat-Sun_20260601-20270830,67247,,GUNTUR JN,0,,67247,0,0,0
67248,Mon-Tue-Wed-Thu-Fri-Sat-Sun_20260601-20270830,67248,,VIJAYAWADA JN,0,,67248,0,0,0
67249,Mon-Tue-Wed-Thu-Fri-Sat-Sun_20260613-20270830,67249,,REPALLE,0,,67249,0,0,0
67250,Mon-Tue-Wed-Thu-Fri-Sat-Sun_20260613-20270830,67250,,GUNTUR JN,0,,67250,0,0,0
67251,Mon-Tue-Wed-Thu-Fri-Sat-Sun_20260601-20270830,67251,,MACHILIPATNAM,0,,67251,0,0,0
67252,Mon-Tue-Wed-Thu-Fri-Sat-Sun_20260601-20270830,67252,,GUDIVADA JN,0,,67252,0,0,0
67253,Mon-Tue-Wed-Thu-Fri-Sat-Sun_20260601-20270830,67253,,MACHILIPATNAM,0,,67253,0,0,0
67254,Mon-Tue-Wed-Thu-Fri-Sat-Sun_20260601-20270830,67254,,GUDIVADA JN,0,,67254,0,0,0
67255,Mon-Tue-Wed-Thu-Fri-Sat-Sun_20260601-20270830,67255,,MACHILIPATNAM,0,,67255,0,0,0
67256,Mon-Tue-Wed-Thu-Fri-Sat-Sun_20260601-20270830,67256,,VIJAYAWADA JN,0,,67256,0,0,0
67257,Mon-Tue-Wed-Thu-Fri-Sat-Sun_20260601-20270830,67257,,NARASAPUR,0,,67257,0,0,0
67258,Mon-Tue-Wed-Thu-Fri-Sat-Sun_20260601-20270830,67258,,NARASAPUR,0,,67258,0,0,0
67259,Mon-Tue-Wed-Thu-Fri-Sat-Sun_20260601-20270830,67259,,BITRAGUNTA,0,,67259,0,0,0
67260,Mon-Tue-Wed-Thu-Fri-Sat-Sun_20260601-20270830,67260,,VIJAYAWADA JN,0,,67260,0,0,0
67261,Mon-Tue-Wed-Thu-Fri-Sat-Sun_20260601-20270830,67261,,VIJAYAWADA JN,0,,67261,0,0,0
67262,Mon-Tue-Wed-Thu-Fri-Sat-Sun_20260601-20270830,67262,,RAJAMUNDRY,0,,67262,0,0,0
67263,Mon-Tue-Wed-Thu-Fri-Sat-Sun_20260601-20270830,67263,,MACHILIPATNAM,0,,67263,0,0,0
67264,Mon-Tue-Wed-Thu-Fri-Sat-Sun_20260601-20270830,67264,,VIJAYAWADA JN,0,,67264,0,0,0
67265,Mon-Tue-Wed-Thu-Fri-Sat-Sun_20260601-20270830,67265,,MACHILIPATNAM,0,,67265,0,0,0
67266,Mon-Tue-Wed-Thu-Fri-Sat-Sun_20260601-20270830,67266,,VIJAYAWADA JN,0,,67266,0,0,0
67267,Mon-Tue-Wed-Thu-Fri-Sat-Sun_20260601-20270830,67267,,MACHILIPATNAM,0,,67267,0,0,0
67268,Mon-Tue-Wed-Thu-Fri-Sat-Sun_20260601-20270830,67268,,VIJAYAWADA JN,0,,67268,0,0,0
67269,Mon-Tue-Wed-Thu-Fri-Sat-Sun_20260601-20270830,67269,,MACHILIPATNAM,0,,67269,0,0,0
67270,Mon-Tue-Wed-Thu-Fri-Sat-Sun_20260601-20270830,67270,,VIJAYAWADA JN,0,,67270,0,0,0
67271,Mon-Tue-Wed-Thu-Fri-Sat-Sun_20260601-20270830,67271,,GUDIVADA JN,0,,67271,0,0,0
67272,Mon-Tue-Wed-Thu-Fri-Sat-Sun_20260601-20270830,67272,,MACHILIPATNAM,0,,67272,0,0,0
67273,Mon-Tue-Wed-Thu-Fri-Sat-Sun_20260601-20270830,67273,,ONGOLE,0,,67273,0,0,0
67274,Mon-Tue-Wed-Thu-Fri-Sat-Sun_20260601-20270830,67274,,VIJAYAWADA JN,0,,67274,0,0,0
67275,Mon-Tue-Wed-Thu-Fri-Sat-Sun_20260601-20270830,67275,,BHIMAVARAM JN,0,,67275,0,0,0
67276,Mon-Tue-Wed-Thu-Fri-Sat-Sun_20260601-20270830,67276,,VIJAYAWADA JN,0,,67276,0,0,0
67277,Mon-Tue-Wed-Thu-Fri-Sat-Sun_20260601-20270830,67277,,NIDADAVOLU JN,0,,67277,0,0,0
67278,Mon-Tue-Wed-Thu-Fri-Sat-Sun_20260601-20270830,67278,,BHIMAVARAM JN,0,,67278,0,0,0
67279,Mon-Tue-Wed-Thu-Fri-Sat-Sun_20260601-20270830,67279,,NIDADAVOLU JN,0,,67279,0,0,0
67280,Mon-Tue-Wed-Thu-Fri-Sat-Sun_20260601-20270830,67280,,NARASAPUR,0,,67280,0,0,0
67281,Mon-Tue-Wed-Thu-Fri-Sat-Sun_20260601-20270830,67281,,BHIMAVARAM JN,0,,67281,0,0,0
67282,Mon-Tue-Wed-Thu-Fri-Sat-Sun_20260601-20270830,67282,,VIJAYAWADA JN,0,,67282,0,0,0
67283,Mon-Tue-Wed-Thu-Fri-Sat-Sun_20260601-20270830,67283,,NIDADAVOLU JN,0,,67283,0,0,0
67284,Mon-Tue-Wed-Thu-Fri-Sat-Sun_20260601-20270830,67284,,BHIMAVARAM JN,0,,67284,0,0,0
67285,Mon-Tue-Wed-Thu-Fri-Sat-Sun_20260601-20270830,67285,,VISAKHAPATNAM,0,,67285,0,0,0
67286,Mon-Tue-Wed-Thu-Fri-Sat-Sun_20260601-20270830,67286,,RAJAMUNDRY,0,,67286,0,0,0
67287,Mon-Tue-Wed-Thu-Fri-Sat-Sun_20260613-20270830,67287,,VIZIANAGRAM JN,0,,67287,0,0,0
67288,Mon-Tue-Wed-Thu-Fri-Sat-Sun_20260613-20270830,67288,,VISAKHAPATNAM,0,,67288,0,0,0
67289,Mon-Tue-Wed-Thu-Fri-Sat-Sun_20260613-20270830,67289,,PALASA,0,,67289,0,0,0
67290,Mon-Tue-Wed-Thu-Fri-Sat-Sun_20260613-20270830,67290,,VISAKHAPATNAM,0,,67290,0,0,0
67301,Mon-Tue-Wed-Thu-Fri-Sat-Sun_20260601-20270830,67301,,KAKINADA PORT,0,,67301,0,0,0
67302,Mon-Tue-Wed-Thu-Fri-Sat-Sun_20260601-20270830,67302,,RAJAMUNDRY,0,,67302,0,0,0
67759,Mon-Tue-Wed-Thu-Fri-Sat-Sun_20260101-20270830,67759,,CHITTAPUR,0,,67759,0,0,0
67760,Mon-Tue-Wed-Thu-Fri-Sat-Sun_20260101-20270830,67760,,SECUNDERABAD JN,0,,67760,0,0,0
67761,Mon-Tue-Wed-Thu-Fri-Sat-Sun_20260101-20270830,67761,,WARANGAL,0,,67761,0,0,0
67762,Mon-Tue-Wed-Thu-Fri-Sat-Sun_20260101-20270830,67762,,SECUNDERABAD JN,0,,67762,0,0,0
67763,Mon-Tue-Wed-Thu-Fri-Sat-Sun_20260101-20270830,67763,,KAZIPET JN,0,,67763,0,0,0
67764,Mon-Tue-Wed-Thu-Fri-Sat-Sun_20260101-20270830,67764,,SECUNDERABAD JN,0,,67764,0,0,0
67765,Mon-Tue-Wed-Thu-Fri-Sat-Sun_20260101-20270830,67765,,DORNAKAL JN,0,,67765,0,0,0
67766,Mon-Tue-Wed-Thu-Fri-Sat-Sun_20260101-20270830,67766,,KAZIPET JN,0,,67766,0,0,0
67767,Mon-Tue-Wed-Thu-Fri-Sat-Sun_20260601-20270830,67767,,VIJAYAWADA JN,0,,67767,0,0,0
67768,Mon-Tue-Wed-Thu-Fri-Sat-Sun_20260601-20270830,67768,,DORNAKAL JN,0,,67768,0,0,0
67769,Mon-Tue-Wed-Thu-Fri-Sat-Sun_20260601-20270830,67769,,GUNTUR JN,0,,67769,0,0,0
67770,Mon-Tue-Wed-Thu-Fri-Sat-Sun_20260601-20270830,67770,,VIJAYAWADA JN,0,,67770,0,0,0
67771,Mon-Tue-Wed-Thu-Fri-Sat-Sun_20260402-20270830,67771,,KARIMNAGAR OA,0,,67771,0,0,0
67772,Mon-Tue-Wed-Thu-Fri-Sat-Sun_20260219-20270830,67772,,SIRPUR TOWN,0,,67772,0,0,0
67775,Mon-Tue-Wed-Thu-Fri-Sat-Sun_20260601-20270830,67775,,MIRYALAGUDA,0,,67775,0,0,0
67776,Mon-Tue-Wed-Thu-Fri-Sat-Sun_20260725-20270830,67776,,KACHEGUDA,0,,67776,0,0,0
67777,Mon-Tue-Wed-Thu-Fri-Sat-Sun_20260601-20270830,67777,,NADIKODE,0,,67777,0,0,0
67778,Mon-Tue-Wed-Thu-Fri-Sat-Sun_20260601-20270830,67778,,MIRYALAGUDA,0,,67778,0,0,0
67779,Mon-Tue-Wed-Thu-Fri-Sun_20260601-20270830,67779,,NADIKODE,0,,67779,0,0,0
67780,Mon-Tue-Wed-Thu-Fri-Sun_20260601-20270830,67780,,KACHEGUDA,0,,67780,0,0,0
67781,Mon-Tue-Wed-Thu-Fri-Sat-Sun_20260101-20270830,67781,,MAHBUBNAGAR,0,,67781,0,0,0
67782,Mon-Tue-Wed-Thu-Fri-Sat-Sun_20260101-20270830,67782,,KACHEGUDA,0,,67782,0,0,0
67783,Mon-Tue-Wed-Thu-Fri-Sun_20260601-20270830,67783,,GADWAL,0,,67783,0,0,0
67784,Mon-Tue-Wed-Thu-Fri-Sun_20260601-20270830,67784,,RAICHUR,0,,67784,0,0,0
67785,Mon-Tue-Wed-Thu-Fri-Sat-Sun_20260813-20270830,67785,,WADI JN.,0,,67785,0,0,0
67786,Mon-Tue-Wed-Thu-Fri-Sat-Sun_20260101-20270830,67786,,KACHEGUDA,0,,67786,0,0,0
67787,Mon-Tue-Wed-Thu-Fri-Sat-Sun_20260601-20270830,67787,,RAICHUR,0,,67787,0,0,0
67788,Mon-Tue-Wed-Thu-Fri-Sat-Sun_20260601-20270830,67788,,KACHEGUDA,0,,67788,0,0,0
67789,Mon-Tue-Wed-Thu-Fri_20260615-20270830,67789,,ARAKKONAM JN.,0,,67789,0,0,0
67790,Mon-Tue-Wed-Thu-Fri_20260615-20270830,67790,,CHENNAI CENTRAL SUBURBAN STATION,0,,67790,0,0,0
68001,Mon-Tue-Wed-Thu-Fri_20260326-20270830,68001,,JHARGRAM,0,,68001,0,0,0
68002,Mon-Tue-Wed-Thu-Fri-Sat-Sun_20260101-20270830,68002,,HOWRAH JN,0,,68002,0,0,0
68003,Mon-Tue-Wed-Thu-Fri-Sat_20260101-20270830,68003,,GUA,0,,68003,0,0,0
68004,Mon-Tue-Wed-Thu-Fri-Sat_20260826-20260909,68004,,ADITYAPUR,0,,68004,0,0,0
68006,Mon-Tue-Wed-Thu-Fri-Sat-Sun_20260326-20270830,68006,,KHARAGPUR JN,0,,68006,0,0,0
68007,Mon-Tue-Wed-Thu-Fri-Sat-Sun_20260131-20270830,68007,,JALESWAR,0,,68007,0,0,0
68008,Mon-Tue-Wed-Thu-Fri_20260326-20270830,68008,,SANTRAGACHI JN,0,,68008,0,0,0
68009,Mon-Tue-Wed-Thu-Fri-Sat-Sun_20260826-20260909,68009,,CHAKARADHARPUR,0,,68009,0,0,0
68010,Mon-Tue-Wed-Thu-Fri-Sat-Sun_20260101-20270830,68010,,TATANAGAR JN,0,,68010,0,0,0
68011,Mon-Tue-Wed-Thu-Fri-Sat-Sun_20260326-20270830,68011,,TATANAGAR JN,0,,68011,0,0,0
68013,Mon-Tue-Wed-Thu-Fri-Sat-Sun_20260326-20270830,68013,,TATANAGAR JN,0,,68013,0,0,0
68014,Mon-Tue-Wed-Thu-Fri-Sat-Sun_20260326-20270830,68014,,KHARAGPUR JN,0,,68014,0,0,0
68015,Mon-Tue-Wed-Thu-Fri-Sat-Sun_20260326-20270830,68015,,TATANAGAR JN,0,,68015,0,0,0
68016,Mon-Tue-Wed-Thu-Fri-Sat-Sun_20260326-20270830,68016,,KHARAGPUR JN,0,,68016,0,0,0
68017,Mon-Tue-Wed-Thu-Fri-Sat-Sun_20260101-20270830,68017,,LOHARDAGA  BS,0,,68017,0,0,0
68018,Mon-Tue-Wed-Thu-Fri-Sat-Sun_20260101-20270830,68018,,RANCHI,0,,68018,0,0,0
68019,Mon-Tue-Wed-Thu-Fri-Sat-Sun_20260826-20260909,68019,,GUA,0,,68019,0,0,0
68020,Mon-Tue-Wed-Thu-Fri-Sat-Sun_20260826-20260909,68020,,ADITYAPUR,0,,68020,0,0,0
68021,Mon-Tue-Wed-Thu-Fri-Sat_20260101-20270830,68021,,BALASORE,0,,68021,0,0,0
68022,Mon-Tue-Wed-Thu-Fri-Sat_20260101-20270830,68022,,KHARAGPUR JN,0,,68022,0,0,0
68023,Mon-Tue-Wed-Thu-Fri-Sat_20260101-20270830,68023,,PURULIA JN.,0,,68023,0,0,0
68024,Mon-Tue-Wed-Thu-Fri-Sat_20260101-20270830,68024,,JHARGRAM,0,,68024,0,0,0
68025,Mon-Tue-Wed-Thu-Fri-Sat-Sun_20260829-20270830,68025,,ROURKELA,0,,68025,0,0,0
68026,Mon-Tue-Wed-Thu-Fri-Sat-Sun_20260829-20270830,68026,,CHAKARADHARPUR,0,,68026,0,0,0
68027,Mon-Tue-Wed-Thu-Fri-Sat-Sun_20260101-20270830,68027,,TORI,0,,68027,0,0,0
68028,Mon-Tue-Wed-Thu-Fri-Sat-Sun_20260101-20270830,68028,,RANCHI,0,,68028,0,0,0
68029,Mon-Tue-Wed-Thu-Fri-Sat-Sun_20260101-20270830,68029,,JHARSUGUDA JN,0,,68029,0,0,0
68030,Mon-Tue-Wed-Thu-Fri-Sat-Sun_20260101-20270830,68030,,ROURKELA,0,,68030,0,0,0
68031,Mon-Tue-Wed-Thu-Fri-Sat-Sun_20260101-20270830,68031,,SAMBALPUR JN.,0,,68031,0,0,0
68032,Mon-Tue-Wed-Thu-Fri-Sat-Sun_20260101-20270830,68032,,JHARSUGUDA JN,0,,68032,0,0,0
68033,Mon-Tue-Wed-Thu-Fri-Sat-Sun_20260101-20270830,68033,,SAMBALPUR JN.,0,,68033,0,0,0
68034,Mon-Tue-Wed-Thu-Fri-Sat-Sun_20260101-20270830,68034,,JHARSUGUDA JN,0,,68034,0,0,0
68035,Mon-Tue-Wed-Thu-Fri-Sat-Sun_20260205-20270830,68035,,HATIA,0,,68035,0,0,0
68036,Mon-Tue-Wed-Thu-Fri-Sat-Sun_20260205-20270830,68036,,ADITYAPUR,0,,68036,0,0,0
68037,Mon-Tue-Wed-Thu-Fri-Sat-Sun_20260101-20270830,68037,,LOHARDAGA  BS,0,,68037,0,0,0
68038,Mon-Tue-Wed-Thu-Fri-Sat-Sun_20260101-20270830,68038,,RANCHI,0,,68038,0,0,0
68039,Mon-Tue-Wed-Thu-Fri-Sat-Sun_20260101-20270830,68039,,LOHARDAGA  BS,0,,68039,0,0,0
68040,Mon-Tue-Wed-Thu-Fri-Sat-Sun_20260101-20270830,68040,,RANCHI,0,,68040,0,0,0
68041,Mon-Tue-Wed-Thu-Fri-Sat-Sun_20260101-20270830,68041,,BARKA KANA,0,,68041,0,0,0
68042,Mon-Tue-Wed-Thu-Fri-Sat-Sun_20260101-20270830,68042,,ADRA,0,,68042,0,0,0
68043,Mon-Tue-Wed-Thu-Fri-Sun_20260829-20270830,68043,,ROURKELA,0,,68043,0,0,0
68044,Mon-Tue-Wed-Thu-Fri-Sat_20260829-20270830,68044,,TATANAGAR JN,0,,68044,0,0,0
68045,Mon-Tue-Wed-Thu-Fri-Sat-Sun_20260101-20270830,68045,,ASANSOL JN.,0,,68045,0,0,0
68046,Mon-Tue-Wed-Thu-Fri-Sat-Sun_20260101-20270830,68046,,ADRA,0,,68046,0,0,0
68047,Mon-Tue-Wed-Thu-Fri-Sat-Sun_20260101-20270830,68047,,BELDA,0,,68047,0,0,0
68048,Mon-Tue-Wed-Thu-Fri-Sat-Sun_20260101-20270830,68048,,KHARAGPUR JN,0,,68048,0,0,0
68049,Mon-Tue-Wed-Thu-Fri-Sat-Sun_20260101-20270830,68049,,BHADRAKH,0,,68049,0,0,0
68050,Mon-Tue-Wed-Thu-Fri-Sat-Sun_20260101-20270830,68050,,KHARAGPUR JN,0,,68050,0,0,0
68051,Mon-Tue-Wed-Thu-Fri-Sat-Sun_20260101-20270830,68051,,BHADRAKH,0,,68051,0,0,0
68052,Mon-Tue-Wed-Thu-Fri-Sat-Sun_20260101-20270830,68052,,BALASORE,0,,68052,0,0,0
68053,Mon-Tue-Wed-Thu-Fri-Sat-Sun_20260101-20270830,68053,,BARABHUM,0,,68053,0,0,0
68054,Mon-Tue-Wed-Thu-Fri-Sat-Sun_20260101-20270830,68054,,ADRA,0,,68054,0,0,0
68055,Mon-Tue-Wed-Thu-Fri-Sat-Sun_20260101-20270830,68055,,TATANAGAR JN,0,,68055,0,0,0
68056,Mon-Tue-Wed-Thu-Fri-Sat-Sun_20260101-20270830,68056,,ASANSOL JN.,0,,68056,0,0,0
68057,Mon-Tue-Wed-Thu-Fri-Sat-Sun_20260101-20270830,68057,,PURULIA JN.,0,,68057,0,0,0
68058,Mon-Tue-Wed-Thu-Fri-Sat-Sun_20260101-20270830,68058,,ADRA,0,,68058,0,0,0
68059,Mon-Tue-Wed-Thu-Fri-Sat-Sun_20260101-20270830,68059,,ASANSOL JN.,0,,68059,0,0,0
68060,Mon-Tue-Wed-Thu-Fri-Sat-Sun_20260101-20270830,68060,,BARABHUM,0,,68060,0,0,0
68061,Mon-Tue-Wed-Thu-Fri-Sat-Sun_20260131-20270830,68061,,ASANSOL JN.,0,,68061,0,0,0
68062,Mon-Tue-Wed-Thu-Fri-Sat-Sun_20260101-20270830,68062,,ADRA,0,,68062,0,0,0
68063,Mon-Tue-Wed-Thu-Fri-Sat-Sun_20260101-20270830,68063,,ASANSOL JN.,0,,68063,0,0,0
68064,Mon-Tue-Wed-Thu-Fri-Sat-Sun_20260101-20270830,68064,,ADRA,0,,68064,0,0,0
68065,Mon-Tue-Wed-Thu-Fri-Sat-Sun_20260101-20270830,68065,,ASANSOL JN.,0,,68065,0,0,0
68066,Mon-Tue-Wed-Thu-Fri-Sat-Sun_20260106-20270830,68066,,ADRA,0,,68066,0,0,0
68067,Mon-Tue-Wed-Thu-Fri-Sat-Sun_20260106-20270830,68067,,ASANSOL JN.,0,,68067,0,0,0
68068,Mon-Tue-Wed-Thu-Fri-Sat-Sun_20260101-20270830,68068,,ADRA,0,,68068,0,0,0
68069,Mon-Tue-Wed-Thu-Fri-Sat-Sun_20260101-20270830,68069,,ASANSOL JN.,0,,68069,0,0,0
68070,Mon-Tue-Wed-Thu-Fri-Sat-Sun_20260101-20270830,68070,,ADRA,0,,68070,0,0,0
68071,Mon-Tue-Wed-Thu-Fri-Sat-Sun_20260101-20270830,68071,,KHANODIH,0,,68071,0,0,0
68072,Mon-Tue-Wed-Thu-Fri-Sat-Sun_20260101-20270830,68072,,ADRA,0,,68072,0,0,0
68073,Mon-Tue-Wed-Thu-Fri-Sat-Sun_20260101-20270830,68073,,BHAGA JN,0,,68073,0,0,0
68074,Mon-Tue-Wed-Thu-Fri-Sat-Sun_20260101-20270830,68074,,BHOJUDIH JN.,0,,68074,0,0,0
68075,Mon-Tue-Wed-Thu-Fri-Sat-Sun_20260101-20270830,68075,,BHOJUDIH JN.,0,,68075,0,0,0
68076,Mon-Tue-Wed-Thu-Fri-Sat-Sun_20260131-20270830,68076,,ADRA,0,,68076,0,0,0
68077,Mon-Tue-Wed-Thu-Fri-Sat-Sun_20260101-20270830,68077,,BHAGA JN,0,,68077,0,0,0
68078,Mon-Tue-Wed-Thu-Fri-Sat-Sun_20260101-20270830,68078,,ADRA,0,,68078,0,0,0
68079,Mon-Tue-Wed-Thu-Fri-Sat-Sun_20260101-20270830,68079,,CHANDRAPURA,0,,68079,0,0,0
68080,Mon-Tue-Wed-Thu-Fri-Sat-Sun_20260101-20270830,68080,,BHOJUDIH JN.,0,,68080,0,0,0
68081,Mon-Tue-Wed-Thu-Fri-Sat-Sun_20260101-20270830,68081,,ADRA,0,,68081,0,0,0
68082,Mon-Tue-Wed-Thu-Fri-Sat-Sun_20260101-20270830,68082,,BISHNUPUR,0,,68082,0,0,0
68083,Mon-Tue-Wed-Thu-Fri-Sat-Sun_20260223-20270830,68083,,ADRA,0,,68083,0,0,0
68084,Mon-Tue-Wed-Thu-Fri-Sat-Sun_20260223-20270830,68084,,BISHNUPUR,0,,68084,0,0,0
68085,Mon-Tue-Wed-Thu-Fri-Sat-Sun_20260101-20270830,68085,,BARKA KANA,0,,68085,0,0,0
68086,Mon-Tue-Wed-Thu-Fri-Sat-Sun_20260101-20270830,68086,,TATANAGAR JN,0,,68086,0,0,0
68087,Mon-Tue-Wed-Thu-Fri-Sat-Sun_20260223-20270830,68087,,DHANBAD JN,0,,68087,0,0,0
68088,Mon-Tue-Wed-Thu-Fri-Sat-Sun_20260223-20270830,68088,,BANKURA,0,,68088,0,0,0
68089,Mon-Tue-Wed-Thu-Fri-Sat-Sun_20260223-20270830,68089,,ADRA,0,,68089,0,0,0
68090,Mon-Tue-Wed-Thu-Fri-Sat-Sun_20260223-20270830,68090,,MIDNAPORE,0,,68090,0,0,0
68091,Mon-Tue-Wed-Thu-Fri-Sun_20260326-20270830,68091,,JHARGRAM,0,,68091,0,0,0
68092,Mon-Tue-Wed-Thu-Fri-Sun_20260326-20270830,68092,,KHARAGPUR JN,0,,68092,0,0,0
68093,Mon-Tue-Wed-Thu-Fri-Sat_20260326-20270830,68093,,JHARGRAM,0,,68093,0,0,0
68094,Mon-Tue-Wed-Thu-Fri-Sat_20260326-20270830,68094,,KHARAGPUR JN,0,,68094,0,0,0
68095,Mon-Tue-Wed-Thu-Fri-Sat-Sun_20260119-20270830,68095,,BANKURA,0,,68095,0,0,0
68096,Mon-Tue-Wed-Thu-Fri-Sat-Sun_20260119-20270830,68096,,JAYRAMBATI,0,,68096,0,0,0
68097,Mon-Tue-Wed-Thu-Fri-Sat-Sun_20260223-20270830,68097,,ADRA,0,,68097,0,0,0
68098,Mon-Tue-Wed-Thu-Fri-Sat-Sun_20260223-20270830,68098,,GARBETA,0,,68098,0,0,0
68101,Mon-Tue-Wed-Thu-Fri-Sat-Sun_20260223-20270830,68101,,ADRA,0,,68101,0,0,0
68102,Mon-Tue-Wed-Thu-Fri-Sat-Sun_20260223-20270830,68102,,KHARAGPUR JN,0,,68102,0,0,0
68103,Mon-Tue-Wed-Thu-Fri_20260101-20270830,68103,,BANKURA,0,,68103,0,0,0
68104,Mon-Tue-Wed-Thu-Fri-Sat-Sun_20260101-20270830,68104,,MASAGRAM,0,,68104,0,0,0
68105,Mon-Tue-Wed-Thu-Fri-Sat-Sun_20260101-20270830,68105,,BANKURA,0,,68105,0,0,0
68106,Mon-Tue-Wed-Thu-Fri_20260101-20270830,68106,,MASAGRAM,0,,68106,0,0,0
68107,Mon-Tue-Wed-Thu-Fri_20260101-20270830,68107,,BANKURA,0,,68107,0,0,0
68108,Mon-Tue-Wed-Thu-Fri-Sat-Sun_20260101-20270830,68108,,MASAGRAM,0,,68108,0,0,0
68109,Mon-Tue-Wed-Thu-Fri_20260101-20270830,68109,,BANKURA,0,,68109,0,0,0
68110,Mon-Tue-Wed-Thu-Fri_20260101-20270830,68110,,SONAMUKHI PH,0,,68110,0,0,0
68111,Mon-Tue-Wed-Thu-Fri-Sat-Sun_20260101-20270830,68111,,BANKURA,0,,68111,0,0,0
68112,Mon-Tue-Wed-Thu-Fri-Sun_20260101-20270830,68112,,MASAGRAM,0,,68112,0,0,0
68113,Mon-Tue-Wed-Thu-Fri-Sat-Sun_20260313-20270830,68113,,DIGHA,0,,68113,0,0,0
68114,Mon-Tue-Wed-Thu-Fri-Sat-Sun_20260313-20270830,68114,,PANSKURA,0,,68114,0,0,0
68115,Mon-Tue-Wed-Thu-Fri-Sat-Sun_20260313-20270830,68115,,DIGHA,0,,68115,0,0,0
68116,Mon-Tue-Wed-Thu-Fri-Sat-Sun_20260313-20270830,68116,,PANSKURA,0,,68116,0,0,0
68117,Mon-Tue-Wed-Thu-Fri-Sat-Sun_20260313-20270830,68117,,DIGHA,0,,68117,0,0,0
68118,Mon-Tue-Wed-Thu-Fri-Sat-Sun_20260313-20270830,68118,,MECHEDA,0,,68118,0,0,0
68119,Mon-Tue-Wed-Thu_20260312-20270830,68119,,DIGHA,0,,68119,0,0,0
68120,Mon-Tue-Wed-Thu_20260312-20270830,68120,,PANSKURA,0,,68120,0,0,0
68121,Mon-Tue-Wed-Thu-Sat-Sun_20260101-20270830,68121,,PURULIA JN.,0,,68121,0,0,0
68122,Mon-Tue-Wed-Thu-Fri-Sun_20260101-20270830,68122,,HOWRAH JN,0,,68122,0,0,0
68123,Mon-Tue-Wed-Thu-Fri-Sat-Sun_20260326-20270830,68123,,TATANAGAR JN,0,,68123,0,0,0
68124,Mon-Tue-Wed-Thu-Fri-Sat-Sun_20260326-20270830,68124,,KHARAGPUR JN,0,,68124,0,0,0
68125,Mon-Tue-Wed-Thu-Fri-Sat-Sun_20260101-20270830,68125,,BARBIL,0,,68125,0,0,0
68126,Mon-Tue-Wed-Thu-Fri-Sat-Sun_20260101-20270830,68126,,TATANAGAR JN,0,,68126,0,0,0
68127,Mon-Tue-Wed-Thu-Fri-Sun_20260101-20270830,68127,,TATANAGAR JN,0,,68127,0,0,0
68128,Mon-Tue-Wed-Thu-Fri-Sat_20260101-20270830,68128,,CHAKULIA,0,,68128,0,0,0
68129,Mon-Tue-Wed-Thu-Fri-Sat_20260101-20270830,68129,,BADAMPAHAR,0,,68129,0,0,0
68130,Mon-Tue-Wed-Thu-Fri-Sat_20260101-20270830,68130,,TATANAGAR JN,0,,68130,0,0,0
68131,Mon-Tue-Wed-Thu-Fri-Sat-Sun_20260101-20270830,68131,,BADAMPAHAR,0,,68131,0,0,0
68132,Mon-Tue-Wed-Thu-Fri-Sat-Sun_20260101-20270830,68132,,TATANAGAR JN,0,,68132,0,0,0
68133,Mon-Tue-Wed-Thu-Fri-Sat_20260101-20270830,68133,,BADAMPAHAR,0,,68133,0,0,0
68134,Mon-Tue-Wed-Thu-Fri-Sat_20260101-20270830,68134,,TATANAGAR JN,0,,68134,0,0,0
68135,Mon-Tue-Wed-Thu-Fri-Sat-Sun_20260101-20270830,68135,,BADAMPAHAR,0,,68135,0,0,0
68136,Mon-Tue-Wed-Thu-Fri-Sat-Sun_20260101-20270830,68136,,TATANAGAR JN,0,,68136,0,0,0
68137,Mon-Tue-Wed-Thu-Fri-Sat-Sun_20260101-20270830,68137,,CHAIBASA,0,,68137,0,0,0
68138,Mon-Tue-Wed-Thu-Fri-Sat-Sun_20260101-20270830,68138,,TATANAGAR JN,0,,68138,0,0,0
68173,Mon-Tue-Wed-Thu-Fri-Sun_20260101-20270830,68173,,BHANJPUR,0,,68173,0,0,0
68174,Mon-Tue-Wed-Thu-Fri-Sat_20260101-20270830,68174,,RUPSA JN,0,,68174,0,0,0
68175,Mon-Tue-Wed-Thu-Fri-Sat_20260101-20270830,68175,,BHANJPUR,0,,68175,0,0,0
68176,Mon-Tue-Wed-Thu-Fri-Sat_20260101-20270830,68176,,RUPSA JN,0,,68176,0,0,0
68177,Mon-Tue-Wed-Thu-Fri-Sat_20260101-20270830,68177,,BARIPADA,0,,68177,0,0,0
68178,Mon-Tue-Wed-Thu-Fri-Sat_20260101-20270830,68178,,BARIPADA,0,,68178,0,0,0
68179,Mon-Tue-Wed-Thu-Fri-Sat_20260101-20270830,68179,,BANGRIPOSI,0,,68179,0,0,0
68180,Mon-Tue-Wed-Thu-Fri-Sat_20260101-20270830,68180,,BALASORE,0,,68180,0,0,0
68181,Mon-Tue-Wed-Thu-Fri-Sun_20260101-20270830,68181,,BARIPADA,0,,68181,0,0,0
68182,Mon-Tue-Wed-Thu-Fri-Sun_20260101-20270830,68182,,BARIPADA,0,,68182,0,0,0
68183,Mon-Tue-Wed-Thu-Fri-Sun_20260101-20270830,68183,,BANGRIPOSI,0,,68183,0,0,0
68184,Mon-Tue-Wed-Thu-Fri-Sun_20260101-20270830,68184,,RUPSA JN,0,,68184,0,0,0
68185,Mon-Tue-Wed-Thu-Fri-Sat-Sun_20260101-20270830,68185,,GOPINATHPUR NILGIRI,0,,68185,0,0,0
68186,Mon-Tue-Wed-Thu-Fri-Sat-Sun_20260101-20270830,68186,,BALASORE,0,,68186,0,0,0
68187,Mon-Tue-Wed-Thu-Fri-Sat-Sun_20260101-20270830,68187,,GOPINATHPUR NILGIRI,0,,68187,0,0,0
68188,Mon-Tue-Wed-Thu-Fri-Sat-Sun_20260101-20270830,68188,,BALASORE,0,,68188,0,0,0
68189,Mon-Tue-Wed-Thu-Fri-Sat-Sun_20260101-20270830,68189,,GOPINATHPUR NILGIRI,0,,68189,0,0,0
68190,Mon-Tue-Wed-Thu-Fri-Sat-Sun_20260101-20270830,68190,,BALASORE,0,,68190,0,0,0
68199,Fri_20260101-20270830,68199,,BANKURA,0,,68199,0,0,0
68401,Mon-Tue-Wed-Thu-Fri-Sat-Sun_20260101-20270830,68401,,PARADEEP,0,,68401,0,0,0
68402,Mon-Tue-Wed-Thu-Fri-Sat-Sun_20260101-20270830,68402,,CUTTACK,0,,68402,0,0,0
68403,Mon-Tue-Wed-Thu-Fri-Sat-Sun_20260101-20270830,68403,,PURI,0,,68403,0,0,0
68404,Mon-Tue-Wed-Thu-Fri-Sat-Sun_20260101-20270830,68404,,KHURDA ROAD JN,0,,68404,0,0,0
68407,Mon-Tue-Wed-Thu-Fri-Sat-Sun_20260101-20270830,68407,,BHUBANESWAR,0,,68407,0,0,0
68408,Mon-Tue-Wed-Thu-Fri-Sat-Sun_20250101-20270830,68408,,BALASORE,0,,68408,0,0,0
68409,Mon-Tue-Wed-Thu-Fri-Sat-Sun_20260101-20270830,68409,,PURI,0,,68409,0,0,0
68410,Mon-Tue-Wed-Thu-Fri-Sat-Sun_20260101-20270830,68410,,KHURDA ROAD JN,0,,68410,0,0,0
68411,Mon-Tue-Wed-Thu-Fri-Sat-Sun_20260101-20270830,68411,,BRAHMAPUR,0,,68411,0,0,0
68412,Mon-Tue-Wed-Thu-Fri-Sat-Sun_20260101-20270830,68412,,BHUBANESWAR,0,,68412,0,0,0
68413,Mon-Tue-Wed-Thu-Fri-Sat-Sun_20260101-20270830,68413,,PURI,0,,68413,0,0,0
68414,Mon-Tue-Wed-Thu-Fri-Sat-Sun_20260101-20270830,68414,,TALCHER,0,,68414,0,0,0
68415,Mon-Tue-Wed-Thu-Fri-Sat-Sun_20260101-20270830,68415,,PURI,0,,68415,0,0,0
68416,Mon-Tue-Wed-Thu-Fri-Sat-Sun_20260101-20270830,68416,,CUTTACK,0,,68416,0,0,0
68419,Mon-Tue-Wed-Thu-Fri-Sat-Sun_20260601-20270830,68419,,PALASA,0,,68419,0,0,0
68420,Mon-Tue-Wed-Thu-Fri-Sat-Sun_20260601-20270830,68420,,BHUBANESWAR,0,,68420,0,0,0
68421,Mon-Tue-Wed-Thu-Fri-Sat-Sun_20260425-20270830,68421,,PURI,0,,68421,0,0,0
68422,Mon-Tue-Wed-Thu-Fri-Sat-Sun_20260101-20270830,68422,,ANGUL,0,,68422,0,0,0
68423,Mon-Tue-Wed-Thu-Fri-Sat-Sun_20260310-20270830,68423,,CUTTACK,0,,68423,0,0,0
68424,Mon-Tue-Wed-Thu-Fri-Sat-Sun_20260101-20270830,68424,,BHADRAKH,0,,68424,0,0,0
68425,Mon-Tue-Wed-Thu-Fri-Sat-Sun_20260102-20270830,68425,,KHURDA ROAD JN,0,,68425,0,0,0
68426,Mon-Tue-Wed-Thu-Fri-Sat-Sun_20260102-20270830,68426,,KENDUJHAR,0,,68426,0,0,0
68429,Mon-Tue-Wed-Thu-Fri-Sat-Sun_20260101-20270830,68429,,DASPALLA,0,,68429,0,0,0
68430,Mon-Tue-Wed-Thu-Fri-Sat-Sun_20260101-20270830,68430,,BHUBANESWAR,0,,68430,0,0,0
68433,Mon-Tue-Wed-Thu-Fri-Sat-Sun_20260601-20270830,68433,,GUNUPUR,0,,68433,0,0,0
68434,Mon-Tue-Wed-Thu-Fri-Sat-Sun_20260601-20270830,68434,,CUTTACK,0,,68434,0,0,0
68435,Mon-Tue-Wed-Thu-Fri-Sat-Sun_20260101-20270830,68435,,PARADEEP,0,,68435,0,0,0
68436,Mon-Tue-Wed-Thu-Fri-Sat-Sun_20260101-20270830,68436,,CUTTACK,0,,68436,0,0,0
68437,Mon-Tue-Wed-Thu-Fri-Sat-Sun_20260511-20270830,68437,,CUTTACK,0,,68437,0,0,0
68438,Mon-Tue-Wed-Thu-Fri-Sat-Sun_20260101-20270830,68438,,BHADRAKH,0,,68438,0,0,0
68441,Mon-Tue-Wed-Thu-Fri-Sat-Sun_20260101-20270830,68441,,PURI,0,,68441,0,0,0
68442,Mon-Tue-Wed-Thu-Fri-Sat-Sun_20260101-20270830,68442,,JALESWAR,0,,68442,0,0,0
68443,Mon-Tue-Wed-Thu-Fri-Sat-Sun_20260310-20270830,68443,,DASPALLA,0,,68443,0,0,0
68444,Mon-Tue-Wed-Thu-Fri-Sat-Sun_20260101-20270830,68444,,BHADRAKH,0,,68444,0,0,0
68445,Mon-Tue-Wed-Thu-Fri-Sat-Sun_20260601-20270830,68445,,PALASA,0,,68445,0,0,0
68446,Mon-Tue-Wed-Thu-Fri-Sat-Sun_20260601-20270830,68446,,CUTTACK,0,,68446,0,0,0
68447,Mon-Tue-Wed-Thu-Fri-Sat-Sun_20260409-20270830,68447,,PARADEEP,0,,68447,0,0,0
68448,Mon-Tue-Wed-Thu-Fri-Sat-Sun_20260102-20270830,68448,,KENDUJHAR,0,,68448,0,0,0
68449,Mon-Tue-Wed-Thu-Fri-Sat-Sun_20260312-20270830,68449,,DASPALLA,0,,68449,0,0,0
68450,Mon-Tue-Wed-Thu-Fri-Sat-Sun_20260312-20270830,68450,,PURI,0,,68450,0,0,0
68701,Mon-Tue-Wed-Thu-Fri-Sat-Sun_20260101-20270830,68701,,DURG,0,,68701,0,0,0
68702,Mon-Tue-Wed-Thu-Fri-Sat-Sun_20260101-20270830,68702,,RAIPUR JN.,0,,68702,0,0,0
68703,Mon-Tue-Wed-Thu-Fri-Sat-Sun_20260101-20270830,68703,,DURG,0,,68703,0,0,0
68704,Mon-Tue-Wed-Thu-Fri-Sat-Sun_20260101-20270830,68704,,RAIPUR JN.,0,,68704,0,0,0
68705,Mon-Tue-Wed-Thu-Fri-Sat-Sun_20260101-20270830,68705,,DONGARGARH,0,,68705,0,0,0
68706,Mon-Tue-Wed-Thu-Fri-Sat-Sun_20260213-20270830,68706,,BILASPUR JN.,0,,68706,0,0,0
68707,Mon-Tue-Wed-Thu-Fri-Sat-Sun_20260101-20270830,68707,,DURG,0,,68707,0,0,0
68708,Mon-Tue-Wed-Thu-Fri-Sat-Sun_20260101-20270830,68708,,RAIPUR JN.,0,,68708,0,0,0
68709,Mon-Tue-Wed-Thu-Fri-Sat-Sun_20260101-20270830,68709,,DONGARGARH,0,,68709,0,0,0
68710,Mon-Tue-Wed-Thu-Fri-Sat-Sun_20260101-20270830,68710,,RAIPUR JN.,0,,68710,0,0,0
68711,Mon-Tue-Wed-Thu-Fri-Sat-Sun_20260101-20270830,68711,,GONDIA JN,0,,68711,0,0,0
68712,Mon-Tue-Wed-Thu-Fri-Sat-Sun_20260101-20270830,68712,,DONGARGARH,0,,68712,0,0,0
68713,Mon-Tue-Wed-Thu-Fri-Sat-Sun_20260101-20270830,68713,,NETAJI SUBHASH,0,,68713,0,0,0
68714,Mon-Tue-Wed-Thu-Fri-Sat-Sun_20260101-20270830,68714,,BALAGHAT JN,0,,68714,0,0,0
68715,Mon-Tue-Wed-Thu-Fri-Sat-Sun_20260101-20270830,68715,,NETAJI SUBHASH,0,,68715,0,0,0
68716,Mon-Tue-Wed-Thu-Fri-Sat-Sun_20260101-20270830,68716,,GONDIA JN,0,,68716,0,0,0
68717,Mon-Tue-Wed-Thu-Fri-Sat-Sun_20260101-20270830,68717,,DURG,0,,68717,0,0,0
68718,Mon-Tue-Wed-Thu-Fri-Sat-Sun_20260101-20270830,68718,,RAIPUR JN.,0,,68718,0,0,0
68719,Mon-Tue-Wed-Thu-Fri-Sat-Sun_20260213-20270830,68719,,RAIPUR JN.,0,,68719,0,0,0
68723,Mon-Tue-Wed-Thu-Fri-Sat-Sun_20260608-20270830,68723,,GONDIA JN,0,,68723,0,0,0
68724,Mon-Tue-Wed-Thu-Fri-Sat-Sun_20260101-20270830,68724,,RAIPUR JN.,0,,68724,0,0,0
68725,Mon-Tue-Wed-Thu-Fri-Sat-Sun_20260101-20270830,68725,,DURG,0,,68725,0,0,0
68726,Mon-Tue-Wed-Thu-Fri-Sat-Sun_20260101-20270830,68726,,RAIPUR JN.,0,,68726,0,0,0
68727,Mon-Tue-Wed-Thu-Fri-Sat-Sun_20260213-20270830,68727,,RAIPUR JN.,0,,68727,0,0,0
68728,Mon-Tue-Wed-Thu-Fri-Sat-Sun_20260214-20270830,68728,,BILASPUR JN.,0,,68728,0,0,0
68729,Mon-Tue-Wed-Thu-Fri-Sat-Sun_20260328-20270830,68729,,DONGARGARH,0,,68729,0,0,0
68730,Mon-Tue-Wed-Thu-Fri-Sat-Sun_20260329-20270830,68730,,RAIPUR JN.,0,,68730,0,0,0
68731,Mon-Tue-Wed-Thu-Fri-Sat-Sun_20260101-20270830,68731,,BILASPUR JN.,0,,68731,0,0,0
68732,Mon-Tue-Wed-Thu-Fri-Sat-Sun_20260101-20270830,68732,,KORBA,0,,68732,0,0,0
68733,Mon-Tue-Wed-Thu-Fri-Sat-Sun_20260101-20270830,68733,,BILASPUR JN.,0,,68733,0,0,0
68734,Mon-Tue-Wed-Thu-Fri-Sat-Sun_20260101-20270830,68734,,GEVRA ROAD,0,,68734,0,0,0
68735,Mon-Tue-Wed-Thu-Fri-Sat-Sun_20260101-20270830,68735,,BILASPUR JN.,0,,68735,0,0,0
68736,Mon-Tue-Wed-Thu-Fri-Sat-Sun_20260101-20270830,68736,,RAIGARH,0,,68736,0,0,0
68737,Mon-Tue-Wed-Thu-Fri-Sat-Sun_20260101-20270830,68737,,BILASPUR JN.,0,,68737,0,0,0
68738,Mon-Tue-Wed-Thu-Fri-Sat-Sun_20260101-20270830,68738,,RAIGARH,0,,68738,0,0,0
68739,Mon-Tue-Wed-Thu-Fri-Sat-Sun_20260101-20270830,68739,,BILASPUR JN.,0,,68739,0,0,0
68740,Mon-Tue-Wed-Thu-Fri-Sat-Sun_20260101-20270830,68740,,SHAHDOL,0,,68740,0,0,0
68741,Mon-Tue-Wed-Thu-Fri-Sat-Sun_20260329-20270830,68741,,GONDIA JN,0,,68741,0,0,0
68742,Mon-Tue-Wed-Thu-Fri-Sat-Sun_20260328-20270830,68742,,DURG,0,,68742,0,0,0
68743,Mon-Tue-Wed-Thu-Fri-Sat-Sun_20260101-20270830,68743,,NETAJI SUBHASH,0,,68743,0,0,0
68744,Mon-Tue-Wed-Thu-Fri-Sat-Sun_20260101-20270830,68744,,GONDIA JN,0,,68744,0,0,0
68745,Mon-Tue-Wed-Thu-Fri-Sat-Sun_20260213-20270830,68745,,RAIPUR JN.,0,,68745,0,0,0
68746,Mon-Tue-Wed-Thu-Fri-Sat-Sun_20260213-20270830,68746,,GEVRA ROAD,0,,68746,0,0,0
68747,Mon-Tue-Wed-Thu-Fri-Sat-Sun_20260101-20270830,68747,,KATNI,0,,68747,0,0,0
68748,Mon-Tue-Wed-Thu-Fri-Sat-Sun_20260101-20270830,68748,,BILASPUR JN.,0,,68748,0,0,0
68749,Mon-Tue-Wed-Thu-Fri-Sat-Sun_20260101-20270830,68749,,AMBIKAPUR,0,,68749,0,0,0
68750,Mon-Tue-Wed-Thu-Fri-Sat-Sun_20260101-20270830,68750,,SHAHDOL,0,,68750,0,0,0
68751,Mon-Tue-Wed-Thu-Fri-Sat-Sun_20260101-20270830,68751,,NETAJI SUBHASH,0,,68751,0,0,0
68754,Mon-Tue-Wed-Thu-Fri-Sat-Sun_20260101-20270830,68754,,RAMTEK,0,,68754,0,0,0
68755,Mon-Tue-Wed-Thu-Fri-Sat-Sun_20260101-20270830,68755,,NETAJI SUBHASH,0,,68755,0,0,0
68756,Mon-Tue-Wed-Thu-Fri-Sat-Sun_20260101-20270830,68756,,RAMTEK,0,,68756,0,0,0
68757,Mon-Tue-Wed-Thu-Fri-Sat-Sun_20260101-20270830,68757,,AMBIKAPUR,0,,68757,0,0,0
68758,Mon-Tue-Wed-Thu-Fri-Sat-Sun_20260101-20270830,68758,,ANUPPUR JN,0,,68758,0,0,0
68759,Mon-Tue-Wed-Thu-Fri-Sat-Sun_20260101-20270830,68759,,MANENDRAGARH,0,,68759,0,0,0
68760,Mon-Tue-Wed-Thu-Fri-Sat-Sun_20260101-20270830,68760,,RAJIM,0,,68760,0,0,0
68761,Mon-Tue-Wed-Thu-Fri-Sat-Sun_20260101-20270830,68761,,RAIPUR JN.,0,,68761,0,0,0
68762,Mon-Tue-Wed-Thu-Fri-Sat-Sun_20260101-20270830,68762,,RAJIM,0,,68762,0,0,0
68763,Mon-Tue-Wed-Thu-Fri-Sat-Sun_20260101-20270830,68763,,RAIPUR JN.,0,,68763,0,0,0
68764,Mon-Tue-Wed-Thu-Fri-Sat_20260101-20270830,68764,,TADOKI,0,,68764,0,0,0
68765,Mon-Tue-Wed-Thu-Fri-Sat_20260101-20270830,68765,,RAIPUR JN.,0,,68765,0,0,0
68766,Mon-Tue-Wed-Thu-Fri-Sat-Sun_20260101-20270830,68766,,RAJIM,0,,68766,0,0,0
68767,Mon-Tue-Wed-Thu-Fri-Sat-Sun_20260101-20270830,68767,,RAIPUR JN.,0,,68767,0,0,0
68801,Mon-Tue-Wed-Thu-Fri-Sat-Sun_20260101-20270830,68801,,GONDIA JN,0,,68801,0,0,0
68802,Mon-Tue-Wed-Thu-Fri-Sat-Sun_20260101-20270830,68802,,BALHARSHAH,0,,68802,0,0,0
68803,Mon-Tue-Wed-Thu-Fri-Sat-Sun_20260101-20270830,68803,,GONDIA JN,0,,68803,0,0,0
68804,Mon-Tue-Wed-Thu-Fri-Sat-Sun_20260101-20270830,68804,,BALHARSHAH,0,,68804,0,0,0
68805,Mon-Tue-Wed-Thu-Fri-Sat-Sun_20260101-20270830,68805,,GONDIA JN,0,,68805,0,0,0
68806,Mon-Tue-Wed-Thu-Fri-Sat-Sun_20260101-20270830,68806,,WADSA,0,,68806,0,0,0
68808,Mon-Tue-Wed-Thu-Fri-Sat-Sun_20260101-20270830,68808,,CHANDA FORT,0,,68808,0,0,0
68809,Mon-Tue-Wed-Thu-Fri-Sat-Sun_20260101-20270830,68809,,TIRODI,0,,68809,0,0,0
68810,Mon-Tue-Wed-Thu-Fri-Sat-Sun_20260101-20270830,68810,,GONDIA JN,0,,68810,0,0,0
68811,Mon-Tue-Wed-Thu-Fri-Sat-Sun_20260101-20270830,68811,,KATANGI,0,,68811,0,0,0
68812,Mon-Tue-Wed-Thu-Fri-Sat-Sun_20260101-20270830,68812,,GONDIA JN,0,,68812,0,0,0
68813,Mon-Tue-Wed-Thu-Fri-Sat-Sun_20260101-20270830,68813,,TIRODI,0,,68813,0,0,0
68814,Mon-Tue-Wed-Thu-Fri-Sat-Sun_20260101-20270830,68814,,GONDIA JN,0,,68814,0,0,0
68815,Mon-Tue-Wed-Thu-Fri-Sat-Sun_20260101-20270830,68815,,GONDIA JN,0,,68815,0,0,0
68816,Mon-Tue-Wed-Thu-Fri-Sat-Sun_20260101-20270830,68816,,BALHARSHAH,0,,68816,0,0,0
68817,Mon-Tue-Wed-Thu-Fri-Sat-Sun_20260101-20270830,68817,,GARHA GOODS SHED,0,,68817,0,0,0
68818,Mon-Tue-Wed-Thu-Fri-Sat-Sun_20260101-20270830,68818,,GONDIA JN,0,,68818,0,0,0
68861,Mon-Tue-Wed-Thu-Fri-Sat-Sun_20260429-20270830,68861,,JHARSUGUDA JN,0,,68861,0,0,0
68862,Mon-Tue-Wed-Thu-Fri-Sat-Sun_20260429-20270830,68862,,GONDIA JN,0,,68862,0,0,0
69101,Mon-Tue-Wed-Thu-Fri-Sat-Sun_20260101-20270830,69101,,VATVA,0,,69101,0,0,0
69102,Mon-Tue-Wed-Thu-Fri-Sat-Sun_20260101-20270830,69102,,VADODARA JN,0,,69102,0,0,0
69104,Mon-Tue-Wed-Thu-Fri-Sat-Sun_20260101-20270830,69104,,VADODARA JN,0,,69104,0,0,0
69107,Mon-Tue-Wed-Thu-Fri-Sat-Sun_20260101-20270830,69107,,VATVA,0,,69107,0,0,0
69108,Mon-Tue-Wed-Thu-Fri-Sat-Sun_20260101-20270830,69108,,VADODARA JN,0,,69108,0,0,0
69109,Mon-Tue-Wed-Thu-Fri-Sat-Sun_20260820-20270830,69109,,VADODARA JN,0,,69109,0,0,0
69110,Mon-Tue-Wed-Thu-Fri-Sat-Sun_20260820-20270830,69110,,BHARUCH JN,0,,69110,0,0,0
69111,Mon-Tue-Wed-Thu-Fri-Sat-Sun_20260820-20270830,69111,,VADODARA JN,0,,69111,0,0,0
69112,Mon-Tue-Wed-Thu-Fri-Sat-Sun_20260820-20270830,69112,,SURAT,0,,69112,0,0,0
69113,Mon-Tue-Wed-Thu-Fri-Sat-Sun_20260101-20270830,69113,,VATVA,0,,69113,0,0,0
69114,Mon-Tue-Wed-Thu-Fri-Sat-Sun_20260103-20270830,69114,,VADODARA JN,0,,69114,0,0,0
69115,Mon-Tue-Wed-Thu-Fri-Sat-Sun_20260101-20270830,69115,,VATVA,0,,69115,0,0,0
69116,Mon-Tue-Wed-Thu-Fri-Sat-Sun_20260101-20270830,69116,,ANAND JN,0,,69116,0,0,0
69117,Mon-Tue-Wed-Thu-Fri-Sat-Sun_20260317-20270830,69117,,DAHOD,0,,69117,0,0,0
69118,Mon-Tue-Wed-Thu-Fri-Sat-Sun_20260101-20270830,69118,,VADODARA JN,0,,69118,0,0,0
69119,Mon-Tue-Wed-Thu-Fri-Sat-Sun_20260317-20270830,69119,,DAHOD,0,,69119,0,0,0
69120,Mon-Tue-Wed-Thu-Fri-Sat-Sun_20260317-20270830,69120,,VADODARA JN,0,,69120,0,0,0
69121,Mon-Tue-Wed-Thu-Fri-Sat-Sun_20260101-20270830,69121,,GODHRA JN,0,,69121,0,0,0
69122,Mon-Tue-Wed-Thu-Fri-Sat-Sun_20260101-20270830,69122,,VADODARA JN,0,,69122,0,0,0
69123,Mon-Tue-Wed-Thu-Fri-Sat-Sun_20260101-20270830,69123,,GODHRA JN,0,,69123,0,0,0
69124,Mon-Tue-Wed-Thu-Fri-Sat-Sun_20260101-20270830,69124,,ANAND JN,0,,69124,0,0,0
69125,Mon-Tue-Wed-Thu-Fri-Sat-Sun_20260101-20270830,69125,,GODHRA JN,0,,69125,0,0,0
69126,Mon-Tue-Wed-Thu-Fri-Sat-Sun_20260101-20270830,69126,,ANAND JN,0,,69126,0,0,0
69129,Mon-Tue-Wed-Thu-Fri-Sat-Sun_20260101-20270830,69129,,VATVA,0,,69129,0,0,0
69130,Mon-Tue-Wed-Thu-Fri-Sat-Sun_20260101-20270830,69130,,ANAND JN,0,,69130,0,0,0
69133,Mon-Tue-Wed-Thu-Fri-Sat-Sun_20260101-20270830,69133,,DAKOR,0,,69133,0,0,0
69134,Mon-Tue-Wed-Thu-Fri-Sat-Sun_20260101-20270830,69134,,ANAND JN,0,,69134,0,0,0
69135,Mon-Tue-Wed-Thu-Fri-Sat-Sun_20260101-20270830,69135,,DAKOR,0,,69135,0,0,0
69136,Mon-Tue-Wed-Thu-Fri-Sat-Sun_20260101-20270830,69136,,ANAND JN,0,,69136,0,0,0
69139,Mon-Tue-Wed-Thu-Fri-Sat-Sun_20260101-20270830,69139,,VALSAD,0,,69139,0,0,0
69140,Mon-Tue-Wed-Thu-Fri-Sat-Sun_20260101-20270830,69140,,VIRAR,0,,69140,0,0,0
69141,Mon-Tue-Wed-Thu-Fri-Sat-Sun_20260103-20270830,69141,,SURAT,0,,69141,0,0,0
69142,Mon-Tue-Wed-Thu-Fri-Sat-Sun_20260103-20270830,69142,,VIRAR,0,,69142,0,0,0
69145,Mon-Tue-Wed-Thu-Fri-Sat-Sun_20260101-20270830,69145,,GODHRA JN,0,,69145,0,0,0
69146,Mon-Tue-Wed-Thu-Fri-Sat-Sun_20260101-20270830,69146,,ANAND JN,0,,69146,0,0,0
69147,Mon-Tue-Wed-Thu-Fri-Sat-Sun_20260101-20270830,69147,,GODHRA JN,0,,69147,0,0,0
69148,Mon-Tue-Wed-Thu-Fri-Sat-Sun_20260101-20270830,69148,,ANAND JN,0,,69148,0,0,0
69150,Mon-Tue-Wed-Thu-Fri-Sat-Sun_20260101-20270830,69150,,SURAT,0,,69150,0,0,0
69151,Mon-Tue-Wed-Thu-Fri-Sat-Sun_20260101-20270830,69151,,SURAT,0,,69151,0,0,0
69152,Mon-Tue-Wed-Thu-Fri-Sat-Sun_20260101-20270830,69152,,VALSAD,0,,69152,0,0,0
69153,Mon-Tue-Wed-Thu-Fri-Sat-Sun_20260101-20270830,69153,,VALSAD,0,,69153,0,0,0
69154,Mon-Tue-Wed-Thu-Fri-Sat-Sun_20260101-20270830,69154,,UMBARGAM ROAD,0,,69154,0,0,0
69157,Mon-Tue-Wed-Thu-Fri-Sat-Sun_20260101-20270830,69157,,YAMUNA BRIDGE,0,,69157,0,0,0
69158,Mon-Tue-Wed-Thu-Fri-Sat-Sun_20260101-20270830,69158,,BAYANA JN,0,,69158,0,0,0
69159,Mon-Tue-Wed-Thu-Fri-Sat-Sun_20260101-20270830,69159,,ALWAR JUNCTION,0,,69159,0,0,0
69160,Mon-Tue-Wed-Thu-Fri-Sat-Sun_20260101-20270830,69160,,BAYANA JN,0,,69160,0,0,0
69161,Mon-Tue-Wed-Thu-Fri-Sat-Sun_20260312-20270830,69161,,DAHANU ROAD,0,,69161,0,0,0
69164,Mon-Tue-Wed-Thu-Fri-Sat-Sun_20260313-20270830,69164,,PANVEL,0,,69164,0,0,0
69165,Mon-Tue-Wed-Thu-Fri-Sat-Sun_20260312-20270830,69165,,VASAI ROAD,0,,69165,0,0,0
69166,Mon-Tue-Wed-Thu-Fri-Sat-Sun_20260317-20270830,69166,,PANVEL,0,,69166,0,0,0
69167,Mon-Tue-Wed-Thu-Fri-Sat-Sun_20260312-20270830,69167,,VASAI ROAD,0,,69167,0,0,0
69168,Mon-Tue-Wed-Thu-Fri-Sat-Sun_20260313-20270830,69168,,PANVEL,0,,69168,0,0,0
69169,Mon-Tue-Wed-Thu-Fri-Sat-Sun_20260101-20270830,69169,,NANDURBAR,0,,69169,0,0,0
69170,Mon-Tue-Wed-Thu-Fri-Sat-Sun_20260115-20270830,69170,,SURAT,0,,69170,0,0,0
69171,Mon-Tue-Wed-Thu-Fri-Sat-Sun_20260101-20270830,69171,,BHARUCH JN,0,,69171,0,0,0
69172,Mon-Tue-Wed-Thu-Fri-Sat-Sun_20260101-20270830,69172,,SURAT,0,,69172,0,0,0
69173,Mon-Tue-Wed-Thu-Fri-Sat-Sun_20260101-20270830,69173,,DAHANU ROAD,0,,69173,0,0,0
69174,Mon-Tue-Wed-Thu-Fri-Sat-Sun_20260101-20270830,69174,,BORIVALI,0,,69174,0,0,0
69175,Mon-Tue-Wed-Thu-Fri-Sat-Sun_20260820-20270830,69175,,ANAND JN,0,,69175,0,0,0
69176,Mon-Tue-Wed-Thu-Fri-Sat-Sun_20260820-20270830,69176,,BHARUCH JN,0,,69176,0,0,0
69177,Mon-Tue-Wed-Thu-Fri-Sat-Sun_20260101-20270830,69177,,NANDURBAR,0,,69177,0,0,0
69178,Mon-Tue-Wed-Thu-Fri-Sat-Sun_20260101-20270830,69178,,UDHNA JN,0,,69178,0,0,0
69181,Mon-Tue-Wed-Thu-Fri-Sat-Sun_20260101-20270830,69181,,RATLAM JN,0,,69181,0,0,0
69182,Mon-Tue-Wed-Thu-Fri-Sat-Sun_20260101-20270830,69182,,DAHOD,0,,69182,0,0,0
69183,Mon-Tue-Wed-Thu-Fri-Sat-Sun_20260101-20270830,69183,,UJJAIN JN,0,,69183,0,0,0
69184,Mon-Tue-Wed-Thu-Fri-Sat-Sun_20260101-20270830,69184,,RATLAM JN,0,,69184,0,0,0
69185,Mon-Tue-Wed-Thu-Fri-Sun_20260101-20270830,69185,,VIRAMGAM JN,0,,69185,0,0,0
69186,Mon-Tue-Wed-Thu-Fri-Sat_20260101-20270830,69186,,AHMEDABAD JN,0,,69186,0,0,0
69187,Mon-Tue-Wed-Thu-Fri-Sat-Sun_20260101-20270830,69187,,RATLAM JN,0,,69187,0,0,0
69188,Mon-Tue-Wed-Thu-Fri-Sat-Sun_20260101-20270830,69188,,DAHOD,0,,69188,0,0,0
69189,Mon-Tue-Wed-Thu-Fri-Sat-Sun_20260101-20270830,69189,,GODHRA JN,0,,69189,0,0,0
69190,Mon-Tue-Wed-Thu-Fri-Sat-Sun_20260317-20270830,69190,,ANAND JN,0,,69190,0,0,0
69191,Mon-Tue-Wed-Thu-Fri-Sat-Sun_20260101-20270830,69191,,GANDHINAGAR CAPITAL,0,,69191,0,0,0
69192,Mon-Tue-Wed-Thu-Fri-Sat-Sun_20260101-20270830,69192,,ANAND JN,0,,69192,0,0,0
69198,Mon-Tue-Wed-Thu-Fri-Sat-Sun_20260101-20270830,69198,,SURAT,0,,69198,0,0,0
69201,Mon-Tue-Wed-Thu-Fri-Sat-Sun_20260411-20270830,69201,,EKTA NAGAR,0,,69201,0,0,0
69202,Mon-Tue-Wed-Thu-Fri-Sat-Sun_20260411-20270830,69202,,PRATAPNAGAR,0,,69202,0,0,0
69203,Mon-Tue-Wed-Thu-Fri-Sat-Sun_20260411-20270830,69203,,EKTA NAGAR,0,,69203,0,0,0
69204,Mon-Tue-Wed-Thu-Fri-Sat-Sun_20260411-20270830,69204,,PRATAPNAGAR,0,,69204,0,0,0
69205,Mon-Tue-Wed-Thu-Fri-Sat-Sun_20260411-20270830,69205,,EKTA NAGAR,0,,69205,0,0,0
69206,Mon-Tue-Wed-Thu-Fri-Sat-Sun_20260411-20270830,69206,,PRATAPNAGAR,0,,69206,0,0,0
69207,Mon-Tue-Wed-Thu-Fri-Sun_20260320-20270830,69207,,VARETHA,0,,69207,0,0,0
69208,Mon-Tue-Wed-Thu-Fri-Sat_20260320-20270830,69208,,GANDHINAGAR CAPITAL,0,,69208,0,0,0
69211,Mon-Tue-Wed-Thu-Fri-Sat-Sun_20260101-20270830,69211,,INDORE JN,0,,69211,0,0,0
69212,Mon-Tue-Wed-Thu-Fri-Sat-Sun_20260101-20270830,69212,,UJJAIN JN,0,,69212,0,0,0
69213,Mon-Tue-Wed-Thu-Fri-Sat-Sun_20260101-20270830,69213,,INDORE JN,0,,69213,0,0,0
69214,Mon-Tue-Wed-Thu-Fri-Sat-Sun_20260101-20270830,69214,,UJJAIN JN,0,,69214,0,0,0
69215,Mon-Tue-Wed-Thu-Fri-Sat-Sun_20260101-20270830,69215,,KHAMBHAT,0,,69215,0,0,0
69216,Mon-Tue-Wed-Thu-Fri-Sat-Sun_20260101-20270830,69216,,ANAND JN,0,,69216,0,0,0
69217,Mon-Tue-Wed-Thu-Fri-Sat-Sun_20260101-20270830,69217,,KHAMBHAT,0,,69217,0,0,0
69218,Mon-Tue-Wed-Thu-Fri-Sat-Sun_20260101-20270830,69218,,ANAND JN,0,,69218,0,0,0
69219,Mon-Tue-Wed-Thu-Fri-Sat-Sun_20260101-20270830,69219,,KHAMBHAT,0,,69219,0,0,0
69220,Mon-Tue-Wed-Thu-Fri-Sat-Sun_20260101-20270830,69220,,ANAND JN,0,,69220,0,0,0
69221,Mon-Tue-Wed-Thu-Fri-Sat-Sun_20260101-20270830,69221,,KHAMBHAT,0,,69221,0,0,0
69222,Mon-Tue-Wed-Thu-Fri-Sat-Sun_20260101-20270830,69222,,ANAND JN,0,,69222,0,0,0
69223,Mon-Tue-Wed-Thu-Fri-Sat-Sun_20260101-20270830,69223,,KHAMBHAT,0,,69223,0,0,0
69224,Mon-Tue-Wed-Thu-Fri-Sat-Sun_20260101-20270830,69224,,ANAND JN,0,,69224,0,0,0
69225,Mon-Tue-Wed-Thu-Fri-Sat-Sun_20260101-20270830,69225,,KHAMBHAT,0,,69225,0,0,0
69226,Mon-Tue-Wed-Thu-Fri-Sat-Sun_20260101-20270830,69226,,ANAND JN,0,,69226,0,0,0
69227,Mon-Tue-Wed-Thu-Fri-Sat-Sun_20260101-20270830,69227,,KHAMBHAT,0,,69227,0,0,0
69228,Mon-Tue-Wed-Thu-Fri-Sat-Sun_20260101-20270830,69228,,ANAND JN,0,,69228,0,0,0
69229,Mon-Tue-Wed-Thu-Fri-Sat-Sun_20260101-20270830,69229,,KHAMBHAT,0,,69229,0,0,0
69230,Mon-Tue-Wed-Thu-Fri-Sat-Sun_20260101-20270830,69230,,ANAND JN,0,,69230,0,0,0
69231,Mon-Tue-Wed-Thu-Fri-Sat-Sun_20260101-20270830,69231,,CHITTAURGARH JN.,0,,69231,0,0,0
69232,Mon-Tue-Wed-Thu-Fri-Sat-Sun_20260101-20270830,69232,,UJJAIN JN,0,,69232,0,0,0
69233,Mon-Tue-Wed-Thu-Fri-Sat-Sun_20260317-20270830,69233,,DAHOD,0,,69233,0,0,0
69234,Mon-Tue-Wed-Thu-Fri-Sat-Sun_20260317-20270830,69234,,VADODARA JN,0,,69234,0,0,0
69243,Mon-Tue-Wed-Thu-Fri-Sat-Sun_20260218-20270830,69243,,CHITTAURGARH JN.,0,,69243,0,0,0
69244,Mon-Tue-Wed-Thu-Fri-Sat-Sun_20260401-20270830,69244,,ASARVA JN,0,,69244,0,0,0
69245,Mon-Tue-Wed-Thu-Fri-Sun_20260101-20270830,69245,,HIMMATNAGAR,0,,69245,0,0,0
69246,Mon-Tue-Wed-Thu-Fri-Sat_20260101-20270830,69246,,ASARVA JN,0,,69246,0,0,0
69249,Mon-Tue-Wed-Thu-Fri-Sun_20260329-20270830,69249,,KATOSAN ROAD,0,,69249,0,0,0
69250,Mon-Tue-Wed-Thu-Fri-Sun_20260329-20270830,69250,,SABARMATI BG,0,,69250,0,0,0
70101,Mon-Tue-Wed-Thu-Fri-Sat-Sun_20260615-20270830,70101,,KARWAR,0,,70101,0,0,0
70102,Mon-Tue-Wed-Thu-Fri-Sat-Sun_20260615-20270830,70102,,MADGAON JUNCTION,0,,70102,0,0,0
71401,Mon-Tue-Wed-Thu-Fri-Sat-Sun_20260101-20270830,71401,,DAUND JN,0,,71401,0,0,0
71402,Mon-Tue-Wed-Thu-Fri-Sat-Sun_20260101-20270830,71402,,PUNE JN,0,,71402,0,0,0
71403,Mon-Tue-Wed-Thu-Fri-Sat-Sun_20260311-20270830,71403,,BARAMATI,0,,71403,0,0,0
71404,Mon-Tue-Wed-Thu-Fri-Sat-Sun_20260101-20270830,71404,,PUNE JN,0,,71404,0,0,0
71405,Mon-Tue-Wed-Thu-Fri-Sat-Sun_20260101-20270830,71405,,DAUND JN,0,,71405,0,0,0
71406,Mon-Tue-Wed-Thu-Fri-Sat-Sun_20260311-20270830,71406,,PUNE JN,0,,71406,0,0,0
71407,Mon-Tue-Wed-Thu-Fri-Sat-Sun_20260101-20270830,71407,,DAUND JN,0,,71407,0,0,0
71408,Mon-Tue-Wed-Thu-Fri-Sat-Sun_20260101-20270830,71408,,PUNE JN,0,,71408,0,0,0
71409,Mon-Tue-Wed-Thu-Fri-Sat-Sun_20260311-20270830,71409,,BARAMATI,0,,71409,0,0,0
71410,Mon-Tue-Wed-Thu-Fri-Sat-Sun_20260311-20270830,71410,,PUNE JN,0,,71410,0,0,0
71411,Mon-Tue-Wed-Thu-Fri-Sat-Sun_20260311-20270830,71411,,BARAMATI,0,,71411,0,0,0
71412,Mon-Tue-Wed-Thu-Fri-Sat-Sun_20260311-20270830,71412,,DAUND JN,0,,71412,0,0,0
71413,Mon-Tue-Wed-Thu-Fri-Sat-Sun_20260101-20270830,71413,,DAUND JN,0,,71413,0,0,0
71415,Mon-Tue-Wed-Thu-Fri-Sat_20260101-20270830,71415,,PHALTAN,0,,71415,0,0,0
71416,Mon-Tue-Wed-Thu-Fri-Sat_20260101-20270830,71416,,PUNE JN,0,,71416,0,0,0
71417,Mon-Tue-Wed-Thu-Fri-Sat_20260101-20270830,71417,,PHALTAN,0,,71417,0,0,0
71418,Mon-Tue-Wed-Thu-Fri-Sat_20260101-20270830,71418,,LONAND,0,,71418,0,0,0
71419,Mon-Tue-Wed-Thu-Fri-Sat-Sun_20260101-20270830,71419,,SATARA,0,,71419,0,0,0
71420,Mon-Tue-Wed-Thu-Fri-Sat-Sun_20260101-20270830,71420,,PUNE JN,0,,71420,0,0,0
71421,Mon-Tue-Wed-Thu-Fri-Sat-Sun_20260101-20270830,71421,,MIRAJ JN.,0,,71421,0,0,0
71422,Mon-Tue-Wed-Thu-Fri-Sat-Sun_20260101-20270830,71422,,KURDUVADI JN.,0,,71422,0,0,0
71423,Mon-Tue-Wed-Thu-Fri-Sat-Sun_20260101-20270830,71423,,KOLHAPUR,0,,71423,0,0,0
71424,Mon-Tue-Wed-Thu-Fri-Sat-Sun_20260101-20270830,71424,,SATARA,0,,71424,0,0,0
71425,Mon-Tue-Wed-Thu-Fri-Sat-Sun_20260101-20270830,71425,,KOLHAPUR,0,,71425,0,0,0
71426,Mon-Tue-Wed-Thu-Fri-Sat-Sun_20260101-20270830,71426,,MIRAJ JN.,0,,71426,0,0,0
71427,Mon-Tue-Wed-Thu-Fri-Sat-Sun_20260101-20270830,71427,,KOLHAPUR,0,,71427,0,0,0
71428,Mon-Tue-Wed-Thu-Fri-Sat-Sun_20260101-20270830,71428,,MIRAJ JN.,0,,71428,0,0,0
71429,Mon-Tue-Wed-Thu-Fri-Sat-Sun_20260101-20270830,71429,,KOLHAPUR,0,,71429,0,0,0
71430,Mon-Tue-Wed-Thu-Fri-Sat-Sun_20260101-20270830,71430,,SANGLI,0,,71430,0,0,0
71431,Mon-Tue-Wed-Thu-Fri-Sat-Sun_20260101-20270830,71431,,MIRAJ JN.,0,,71431,0,0,0
71433,Mon-Tue-Wed-Thu-Fri-Sat-Sun_20260815-20270830,71433,,SOLAPUR JN,0,,71433,0,0,0
71434,Mon-Tue-Wed-Thu-Fri-Sat-Sun_20260815-20270830,71434,,DAUND JN,0,,71434,0,0,0
71435,Mon-Tue-Wed-Thu-Fri-Sat-Sun_20260815-20270830,71435,,KALABURAGI,0,,71435,0,0,0
71436,Mon-Tue-Wed-Thu-Fri-Sat-Sun_20260815-20270830,71436,,SOLAPUR JN,0,,71436,0,0,0
71441,Mon-Tue-Wed-Thu-Fri-Sat_20260101-20270830,71441,,BEED,0,,71441,0,0,0
71442,Mon-Tue-Wed-Thu-Fri-Sat_20260101-20270830,71442,,AHILYANAGAR,0,,71442,0,0,0
71451,Mon-Tue-Wed-Thu-Fri-Sat-Sun_20260101-20270830,71451,,WADI JN.,0,,71451,0,0,0
71452,Mon-Tue-Wed-Thu-Fri-Sat-Sun_20260101-20270830,71452,,SOLAPUR JN,0,,71452,0,0,0
73401,Mon-Tue-Wed-Thu-Fri-Sat-Sun_20260217-20270830,73401,,BHAGALPUR,0,,73401,0,0,0
73402,Mon-Tue-Wed-Thu-Fri-Sat-Sun_20260101-20270830,73402,,GODDA,0,,73402,0,0,0
73411,Mon-Tue-Wed-Thu-Fri-Sat-Sun_20260101-20270830,73411,,HANSDIHA,0,,73411,0,0,0
73412,Mon-Tue-Wed-Thu-Fri-Sat-Sun_20260101-20270830,73412,,GODDA,0,,73412,0,0,0
73419,Mon-Tue-Wed-Thu-Fri-Sat-Sun_20260101-20270830,73419,,BHAGALPUR,0,,73419,0,0,0
73420,Mon-Tue-Wed-Thu-Fri-Sat-Sun_20260101-20270830,73420,,SAHIBGANJ JN,0,,73420,0,0,0
73421,Mon-Tue-Wed-Thu-Fri-Sat-Sun_20260101-20270830,73421,,KIUL JN,0,,73421,0,0,0
73422,Mon-Tue-Wed-Thu-Fri-Sat-Sun_20260101-20270830,73422,,JAMALPUR JN,0,,73422,0,0,0
73425,Mon-Tue-Wed-Thu-Fri-Sat-Sun_20260101-20270830,73425,,KIUL JN,0,,73425,0,0,0
73426,Mon-Tue-Wed-Thu-Fri-Sat-Sun_20260101-20270830,73426,,JAMALPUR JN,0,,73426,0,0,0
73427,Mon-Tue-Wed-Thu-Fri-Sat-Sun_20260101-20270830,73427,,KIUL JN,0,,73427,0,0,0
73428,Mon-Tue-Wed-Thu-Fri-Sat-Sun_20260101-20270830,73428,,JAMALPUR JN,0,,73428,0,0,0
73429,Mon-Tue-Wed-Thu-Fri-Sat-Sun_20260101-20270830,73429,,JAMALPUR JN,0,,73429,0,0,0
73430,Mon-Tue-Wed-Thu-Fri-Sat-Sun_20260101-20270830,73430,,BHAGALPUR,0,,73430,0,0,0
73435,Mon-Tue-Wed-Thu-Fri-Sat-Sun_20260101-20270830,73435,,JAMALPUR JN,0,,73435,0,0,0
73436,Mon-Tue-Wed-Thu-Fri-Sat-Sun_20260101-20270830,73436,,BHAGALPUR,0,,73436,0,0,0
73441,Mon-Tue-Wed-Thu-Fri-Sat-Sun_20260101-20270830,73441,,BHAGALPUR,0,,73441,0,0,0
73442,Mon-Tue-Wed-Thu-Fri-Sat-Sun_20260101-20270830,73442,,HANSDIHA,0,,73442,0,0,0
73443,Mon-Tue-Wed-Thu-Fri-Sat-Sun_20260101-20270830,73443,,BHAGALPUR,0,,73443,0,0,0
73444,Mon-Tue-Wed-Thu-Fri-Sat-Sun_20260217-20270830,73444,,HANSDIHA,0,,73444,0,0,0
73445,Mon-Tue-Wed-Thu-Fri-Sat-Sun_20260101-20270830,73445,,BHAGALPUR,0,,73445,0,0,0
73446,Mon-Tue-Wed-Thu-Fri-Sat-Sun_20260101-20270830,73446,,HANSDIHA,0,,73446,0,0,0
73447,Mon-Tue-Wed-Thu-Fri-Sat-Sun_20260101-20270830,73447,,BHAGALPUR,0,,73447,0,0,0
73448,Mon-Tue-Wed-Thu-Fri-Sat-Sun_20260101-20270830,73448,,BANKA,0,,73448,0,0,0
73449,Mon-Tue-Wed-Thu-Fri-Sat-Sun_20260101-20270830,73449,,BHAGALPUR,0,,73449,0,0,0
73450,Mon-Tue-Wed-Thu-Fri-Sat-Sun_20260101-20270830,73450,,BANKA,0,,73450,0,0,0
73451,Mon-Tue-Wed-Thu-Fri-Sat-Sun_20260101-20270830,73451,,JAMALPUR JN,0,,73451,0,0,0
73452,Mon-Tue-Wed-Thu-Fri-Sat-Sun_20260101-20270830,73452,,TILRATH,0,,73452,0,0,0
73453,Mon-Tue-Wed-Thu-Fri-Sat-Sun_20260101-20270830,73453,,JAMALPUR JN,0,,73453,0,0,0
73454,Mon-Tue-Wed-Thu-Fri-Sat-Sun_20260101-20270830,73454,,TILRATH,0,,73454,0,0,0
73461,Mon-Tue-Wed-Thu-Fri-Sat-Sun_20260101-20270830,73461,,JAMALPUR JN,0,,73461,0,0,0
73462,Mon-Tue-Wed-Thu-Fri-Sat-Sun_20260101-20270830,73462,,MAHES KHUNT,0,,73462,0,0,0
73463,Mon-Tue-Wed-Thu-Fri-Sat-Sun_20260101-20270830,73463,,JAMALPUR JN,0,,73463,0,0,0
73464,Mon-Tue-Wed-Thu-Fri-Sat-Sun_20260101-20270830,73464,,KHAGARIA JN.,0,,73464,0,0,0
73471,Mon-Tue-Wed-Thu-Fri-Sat-Sun_20260101-20270830,73471,,HANSDIHA,0,,73471,0,0,0
73472,Mon-Tue-Wed-Thu-Fri-Sat-Sun_20260101-20270830,73472,,DUMKA,0,,73472,0,0,0
73481,Mon-Tue-Wed-Thu-Fri-Sat-Sun_20260101-20270830,73481,,JASIDIH JN.,0,,73481,0,0,0
73482,Mon-Tue-Wed-Thu-Fri-Sat-Sun_20260101-20270830,73482,,DUMKA,0,,73482,0,0,0
73483,Mon-Tue-Wed-Thu-Fri-Sat-Sun_20260101-20270830,73483,,JASIDIH JN.,0,,73483,0,0,0
73484,Mon-Tue-Wed-Thu-Fri-Sat-Sun_20260101-20270830,73484,,DUMKA,0,,73484,0,0,0
73491,Mon-Tue-Wed-Thu-Fri-Sat-Sun_20260101-20270830,73491,,GODDA,0,,73491,0,0,0
73492,Mon-Tue-Wed-Thu-Fri-Sat-Sun_20260101-20270830,73492,,DUMKA,0,,73492,0,0,0
73493,Mon-Tue-Wed-Thu-Fri-Sat-Sun_20260214-20270830,73493,,GODDA,0,,73493,0,0,0
73494,Mon-Tue-Wed-Thu-Fri-Sat-Sun_20260101-20270830,73494,,DUMKA,0,,73494,0,0,0
74001,Mon-Tue-Wed-Thu-Fri_20260605-20270830,74001,,REWARI JN.,0,,74001,0,0,0
74002,Mon-Tue-Wed-Thu-Fri-Sat-Sun_20260101-20270830,74002,,DELHI JN.,0,,74002,0,0,0
74003,Mon-Tue-Wed-Thu-Fri-Sat-Sun_20260101-20270830,74003,,REWARI JN.,0,,74003,0,0,0
74004,Tue-Wed-Thu-Fri-Sat_20260606-20270830,74004,,DELHI JN.,0,,74004,0,0,0
74009,Mon-Tue-Wed-Thu-Sat-Sun_20260719-20270830,74009,,JIND JN,0,,74009,0,0,0
74010,Mon-Tue-Wed-Thu-Sat-Sun_20260719-20270830,74010,,SONIPAT,0,,74010,0,0,0
74011,Mon-Tue-Wed-Thu-Fri-Sat-Sun_20260101-20270830,74011,,ROHTAK JN,0,,74011,0,0,0
74012,Mon-Tue-Wed-Thu-Fri-Sat-Sun_20260101-20270830,74012,,DELHI JN.,0,,74012,0,0,0
74013,Mon-Tue-Wed-Thu-Fri-Sat-Sun_20260101-20270830,74013,,HANSI,0,,74013,0,0,0
74014,Mon-Tue-Wed-Thu-Fri-Sat-Sun_20260101-20270830,74014,,ROHTAK JN,0,,74014,0,0,0
74015,Mon-Tue-Wed-Thu-Fri-Sat_20260101-20270830,74015,,JIND JN,0,,74015,0,0,0
74016,Mon-Tue-Wed-Thu-Fri-Sat_20260101-20270830,74016,,REWARI JN.,0,,74016,0,0,0
74017,Mon-Tue-Wed-Thu-Fri-Sat_20260101-20270830,74017,,ROHTAK JN,0,,74017,0,0,0
74018,Mon-Tue-Wed-Thu-Fri-Sat_20260101-20270830,74018,,REWARI JN.,0,,74018,0,0,0
74019,Mon-Tue-Wed-Thu-Fri-Sat_20260101-20270830,74019,,JIND JN,0,,74019,0,0,0
74020,Mon-Tue-Wed-Thu-Fri-Sat_20260101-20270830,74020,,SONIPAT,0,,74020,0,0,0
74021,Mon-Tue-Wed-Thu-Fri-Sat-Sun_20260101-20270830,74021,,SAHARANPUR JN.,0,,74021,0,0,0
74022,Mon-Tue-Wed-Thu-Fri-Sat-Sun_20260815-20270830,74022,,DELHI JN.,0,,74022,0,0,0
74023,Mon-Tue-Wed-Thu-Fri-Sat-Sun_20260814-20270830,74023,,SHAMLI,0,,74023,0,0,0
74024,Mon-Tue-Wed-Thu-Fri-Sat-Sun_20260101-20270830,74024,,DELHI JN.,0,,74024,0,0,0
74029,Mon-Tue-Wed-Thu-Fri-Sat_20260725-20270830,74029,,JIND JN,0,,74029,0,0,0
74030,Mon-Tue-Wed-Thu-Fri-Sat_20260101-20270830,74030,,SONIPAT,0,,74030,0,0,0
74031,Mon-Tue-Wed-Thu-Fri-Sat_20260101-20270830,74031,,FARUKHNAGAR,0,,74031,0,0,0
74032,Mon-Tue-Wed-Thu-Fri-Sat_20260101-20270830,74032,,DELHI SARAI ROHILLA,0,,74032,0,0,0
74033,Mon-Tue-Wed-Thu-Fri-Sat_20260101-20270830,74033,,FARUKHNAGAR,0,,74033,0,0,0
74036,Mon-Tue-Wed-Thu-Fri-Sat_20260101-20270830,74036,,DELHI SARAI ROHILLA,0,,74036,0,0,0
74037,Mon-Tue-Wed-Thu-Fri-Sat_20260101-20270830,74037,,FARUKHNAGAR,0,,74037,0,0,0
74038,Mon-Tue-Wed-Thu-Fri-Sat_20260101-20270830,74038,,GARHI HARSARU,0,,74038,0,0,0
74039,Mon-Tue-Wed-Thu-Fri-Sat_20260101-20270830,74039,,JIND JN,0,,74039,0,0,0
74040,Mon-Tue-Wed-Thu-Fri-Sat_20260101-20270830,74040,,SONIPAT,0,,74040,0,0,0
74041,Sat-Sun_20260606-20270830,74041,,RINGAS JN,0,,74041,0,0,0
74042,Mon-Sun_20260607-20270830,74042,,DELHI JN.,0,,74042,0,0,0
74301,Mon-Tue-Wed-Thu-Fri-Sun_20260101-20270830,74301,,MORADABAD,0,,74301,0,0,0
74302,Mon-Tue-Wed-Thu-Fri-Sun_20260101-20270830,74302,,SAMBHAL HTM SAR,0,,74302,0,0,0
74303,Mon-Tue-Wed-Thu-Fri-Sun_20260101-20270830,74303,,MORADABAD,0,,74303,0,0,0
74304,Mon-Tue-Wed-Thu-Fri-Sun_20260101-20270830,74304,,SAMBHAL HTM SAR,0,,74304,0,0,0
74601,Mon-Tue-Wed-Thu-Fri-Sat_20260101-20270830,74601,,TARN TARAN,0,,74601,0,0,0
74602,Mon-Tue-Wed-Thu-Fri-Sat_20260101-20270830,74602,,BEAS,0,,74602,0,0,0
74603,Mon-Tue-Wed-Thu-Fri-Sat_20260101-20270830,74603,,TARN TARAN,0,,74603,0,0,0
74604,Mon-Tue-Wed-Thu-Fri-Sat_20260101-20270830,74604,,BEAS,0,,74604,0,0,0
74605,Mon-Tue-Wed-Thu-Fri-Sat_20260101-20270830,74605,,TARN TARAN,0,,74605,0,0,0
74606,Mon-Tue-Wed-Thu-Fri-Sat_20260101-20270830,74606,,BEAS,0,,74606,0,0,0
74607,Mon-Tue-Wed-Thu-Fri-Sat_20260101-20270830,74607,,TARN TARAN,0,,74607,0,0,0
74608,Mon-Tue-Wed-Thu-Fri-Sat_20260101-20270830,74608,,BEAS,0,,74608,0,0,0
74613,Mon-Tue-Wed-Thu-Fri-Sat-Sun_20260101-20270830,74613,,BARAMULA,0,,74613,0,0,0
74614,Mon-Tue-Wed-Thu-Fri-Sat-Sun_20260107-20270830,74614,,BANIHAL,0,,74614,0,0,0
74615,Mon-Tue-Wed-Thu-Fri-Sat-Sun_20260101-20270830,74615,,BARAMULA,0,,74615,0,0,0
74617,Mon-Tue-Wed-Thu-Fri-Sat-Sun_20260107-20270830,74617,,BADGAM,0,,74617,0,0,0
74618,Mon-Tue-Wed-Thu-Fri-Sat-Sun_20260107-20270830,74618,,BADGAM,0,,74618,0,0,0
74619,Mon-Tue-Wed-Thu-Fri-Sat-Sun_20260107-20270830,74619,,BARAMULA,0,,74619,0,0,0
74620,Mon-Tue-Wed-Thu-Fri-Sat-Sun_20260101-20270830,74620,,SANGALDAN,0,,74620,0,0,0
74621,Mon-Tue-Wed-Thu-Fri-Sat-Sun_20260101-20270830,74621,,BARAMULA,0,,74621,0,0,0
74622,Mon-Tue-Wed-Thu-Fri-Sat-Sun_20260107-20270830,74622,,BANIHAL,0,,74622,0,0,0
74623,Mon-Tue-Wed-Thu-Fri-Sat-Sun_20260101-20270830,74623,,BARAMULA,0,,74623,0,0,0
74624,Mon-Tue-Wed-Thu-Fri-Sat-Sun_20260101-20270830,74624,,BADGAM,0,,74624,0,0,0
74625,Mon-Tue-Wed-Thu-Fri-Sat-Sun_20260101-20270830,74625,,BARAMULA,0,,74625,0,0,0
74626,Mon-Tue-Wed-Thu-Fri-Sat-Sun_20260107-20270830,74626,,BANIHAL,0,,74626,0,0,0
74628,Mon-Tue-Wed-Thu-Fri-Sat-Sun_20260107-20270830,74628,,BANIHAL,0,,74628,0,0,0
74630,Mon-Tue-Wed-Thu-Fri-Sat-Sun_20260101-20270830,74630,,BADGAM,0,,74630,0,0,0
74631,Mon-Tue-Wed-Thu-Fri-Sat-Sun_20260101-20270830,74631,,BARAMULA,0,,74631,0,0,0
74632,Mon-Tue-Wed-Thu-Fri-Sat-Sun_20260101-20270830,74632,,BADGAM,0,,74632,0,0,0
74641,Mon-Tue-Wed-Thu-Fri-Sat-Sun_20260101-20270830,74641,,AMRITSAR,0,,74641,0,0,0
74644,Mon-Tue-Wed-Thu-Fri-Sat-Sun_20260101-20270830,74644,,JALANDHAR CITY,0,,74644,0,0,0
74645,Mon-Tue-Wed-Thu-Fri-Sat-Sun_20260101-20270830,74645,,JALANDHAR CITY,0,,74645,0,0,0
74646,Mon-Tue-Wed-Thu-Fri-Sat-Sun_20260101-20270830,74646,,AMBALA CANT JN,0,,74646,0,0,0
74651,Mon-Tue-Wed-Thu-Fri-Sat-Sun_20260101-20270830,74651,,DERABABA NANAK,0,,74651,0,0,0
74652,Mon-Tue-Wed-Thu-Fri-Sat-Sun_20260211-20270830,74652,,VERKA JN,0,,74652,0,0,0
74653,Mon-Tue-Wed-Thu-Fri-Sat-Sun_20260520-20270830,74653,,DERABABA NANAK,0,,74653,0,0,0
74654,Mon-Tue-Wed-Thu-Fri-Sat-Sun_20260211-20270830,74654,,AMRITSAR,0,,74654,0,0,0
74655,Mon-Tue-Wed-Thu-Fri-Sat-Sun_20260101-20270830,74655,,DERABABA NANAK,0,,74655,0,0,0
74656,Mon-Tue-Wed-Thu-Fri-Sat-Sun_20260211-20270830,74656,,VERKA JN,0,,74656,0,0,0
74657,Mon-Tue-Wed-Thu-Fri-Sat-Sun_20260520-20270830,74657,,DERABABA NANAK,0,,74657,0,0,0
74658,Mon-Tue-Wed-Thu-Fri-Sat-Sun_20260520-20270830,74658,,AMRITSAR,0,,74658,0,0,0
74661,Mon-Tue-Wed-Thu-Fri-Sat-Sun_20260101-20270830,74661,,ATARI,0,,74661,0,0,0
74662,Mon-Tue-Wed-Thu-Fri-Sat-Sun_20260101-20270830,74662,,AMRITSAR,0,,74662,0,0,0
74663,Mon-Tue-Wed-Thu-Fri-Sat-Sun_20260101-20270830,74663,,ATARI,0,,74663,0,0,0
74664,Mon-Tue-Wed-Thu-Fri-Sat-Sun_20260619-20270830,74664,,AMRITSAR,0,,74664,0,0,0
74671,Mon-Tue-Wed-Thu-Fri-Sat-Sun_20260101-20270830,74671,,PATHANKOT,0,,74671,0,0,0
74672,Mon-Tue-Wed-Thu-Fri-Sat-Sun_20260101-20270830,74672,,AMRITSAR,0,,74672,0,0,0
74673,Mon-Tue-Wed-Thu-Fri-Sat-Sun_20260101-20270830,74673,,PATHANKOT,0,,74673,0,0,0
74674,Mon-Tue-Wed-Thu-Fri-Sat-Sun_20260101-20270830,74674,,VERKA JN,0,,74674,0,0,0
74675,Mon-Tue-Wed-Thu-Fri-Sat-Sun_20260101-20270830,74675,,PATHANKOT,0,,74675,0,0,0
74676,Mon-Tue-Wed-Thu-Fri-Sat-Sun_20260619-20270830,74676,,AMRITSAR,0,,74676,0,0,0
74681,Mon-Tue-Wed-Thu-Fri-Sat-Sun_20260211-20270830,74681,,AMRITSAR,0,,74681,0,0,0
74682,Mon-Tue-Wed-Thu-Fri-Sat-Sun_20260101-20270830,74682,,KHEM KARAN,0,,74682,0,0,0
74683,Mon-Tue-Wed-Thu-Fri-Sat-Sun_20260211-20270830,74683,,BHAGTANWALA,0,,74683,0,0,0
74684,Mon-Tue-Wed-Thu-Fri-Sat-Sun_20260101-20270830,74684,,KHEM KARAN,0,,74684,0,0,0
74685,Mon-Tue-Wed-Thu-Fri-Sat-Sun_20260211-20270830,74685,,BHAGTANWALA,0,,74685,0,0,0
74686,Mon-Tue-Wed-Thu-Fri-Sat-Sun_20260101-20270830,74686,,KHEM KARAN,0,,74686,0,0,0
74687,Mon-Tue-Wed-Thu-Fri-Sat-Sun_20260211-20270830,74687,,AMRITSAR,0,,74687,0,0,0
74688,Mon-Tue-Wed-Thu-Fri-Sat-Sun_20260101-20270830,74688,,KHEM KARAN,0,,74688,0,0,0
74691,Mon-Tue-Wed-Thu-Fri-Sat-Sun_20260101-20270830,74691,,QADIAN,0,,74691,0,0,0
74692,Mon-Tue-Wed-Thu-Fri-Sat-Sun_20260824-20270830,74692,,AMRITSAR,0,,74692,0,0,0
74801,Mon-Tue-Wed-Thu-Fri-Sat-Sun_20260101-20270830,74801,,MERTA ROAD JN,0,,74801,0,0,0
74802,Mon-Tue-Wed-Thu-Fri-Sat-Sun_20260101-20270830,74802,,MERTA CITY,0,,74802,0,0,0
74811,Mon-Tue-Wed-Thu-Fri-Sat-Sun_20260101-20270830,74811,,MERTA ROAD JN,0,,74811,0,0,0
74812,Mon-Tue-Wed-Thu-Fri-Sat-Sun_20260101-20270830,74812,,MERTA CITY,0,,74812,0,0,0
74827,Mon-Tue-Wed-Thu-Fri-Sat-Sun_20260601-20270830,74827,,RATANGARH JN,0,,74827,0,0,0
74828,Mon-Tue-Wed-Thu-Fri-Sat-Sun_20260601-20270830,74828,,MERTA ROAD JN,0,,74828,0,0,0
74829,Mon-Tue-Wed-Thu-Fri-Sat-Sun_20260601-20270830,74829,,CHURU,0,,74829,0,0,0
74830,Mon-Tue-Wed-Thu-Fri-Sat-Sun_20260601-20270830,74830,,RATANGARH JN,0,,74830,0,0,0
74831,Mon-Tue-Wed-Thu-Fri-Sat-Sun_20260101-20270830,74831,,CHURU,0,,74831,0,0,0
74832,Mon-Tue-Wed-Thu-Fri-Sat-Sun_20260101-20270830,74832,,BIKANER JN,0,,74832,0,0,0
74833,Mon-Tue-Wed-Thu-Fri-Sat-Sun_20260601-20270830,74833,,LOHARU,0,,74833,0,0,0
74834,Mon-Tue-Wed-Thu-Fri-Sat-Sun_20260601-20270830,74834,,SIKAR JN,0,,74834,0,0,0
74835,Mon-Tue-Wed-Thu-Fri-Sat-Sun_20260601-20270830,74835,,JAIPUR JN.,0,,74835,0,0,0
74836,Mon-Tue-Wed-Thu-Fri-Sat-Sun_20260601-20270830,74836,,SIKAR JN,0,,74836,0,0,0
74839,Mon-Tue-Wed-Thu-Fri-Sat-Sun_20260101-20270830,74839,,BARMER,0,,74839,0,0,0
74840,Mon-Tue-Wed-Thu-Fri-Sat-Sun_20260101-20270830,74840,,BHAGAT KI KOTHI,0,,74840,0,0,0
74841,Mon-Tue-Wed-Thu-Fri-Sat-Sun_20260101-20270830,74841,,BHILDI JN.,0,,74841,0,0,0
74842,Mon-Tue-Wed-Thu-Fri-Sat-Sun_20260101-20270830,74842,,BHAGAT KI KOTHI,0,,74842,0,0,0
74843,Mon-Tue-Wed-Thu-Fri-Sat-Sun_20260607-20270830,74843,,BHAGAT KI KOTHI,0,,74843,0,0,0
74844,Mon-Tue-Wed-Thu-Fri-Sat-Sun_20260607-20270830,74844,,JAISALMER,0,,74844,0,0,0
74845,Mon-Tue-Wed-Thu-Fri-Sat_20260101-20270830,74845,,MAKRANA JN,0,,74845,0,0,0
74846,Mon-Tue-Wed-Thu-Fri-Sun_20260101-20270830,74846,,PARVATSAR CITY,0,,74846,0,0,0
74849,Mon-Tue-Wed-Thu-Fri-Sat-Sun_20260101-20270830,74849,,SARDARSHAHR,0,,74849,0,0,0
74850,Mon-Tue-Wed-Thu-Fri-Sat-Sun_20260101-20270830,74850,,RATANGARH JN,0,,74850,0,0,0
74851,Mon-Tue-Wed-Thu-Fri-Sat-Sun_20260101-20270830,74851,,SARDARSHAHR,0,,74851,0,0,0
74852,Mon-Tue-Wed-Thu-Fri-Sat-Sun_20260101-20270830,74852,,RATANGARH JN,0,,74852,0,0,0
74853,Mon-Tue-Wed-Thu-Fri-Sat-Sun_20260101-20270830,74853,,SARDARSHAHR,0,,74853,0,0,0
74854,Mon-Tue-Wed-Thu-Fri-Sat-Sun_20260101-20270830,74854,,RATANGARH JN,0,,74854,0,0,0
74855,Mon-Tue-Wed-Thu-Fri-Sat-Sun_20260101-20270830,74855,,RATANGARH JN,0,,74855,0,0,0
74856,Mon-Tue-Wed-Thu-Fri-Sat-Sun_20260101-20270830,74856,,BIKANER JN,0,,74856,0,0,0
74857,Mon-Tue-Wed-Thu-Fri-Sat-Sun_20260101-20270830,74857,,CHURU,0,,74857,0,0,0
74858,Mon-Tue-Wed-Thu-Fri-Sat-Sun_20260101-20270830,74858,,SIKAR JN,0,,74858,0,0,0
74859,Mon-Tue-Wed-Thu-Fri-Sat-Sun_20260101-20270830,74859,,CHURU,0,,74859,0,0,0
74860,Mon-Tue-Wed-Thu-Fri-Sat-Sun_20260101-20270830,74860,,SIKAR JN,0,,74860,0,0,0
74861,Mon-Tue-Wed-Thu-Fri-Sat-Sun_20260101-20270830,74861,,CHURU,0,,74861,0,0,0
74862,Mon-Tue-Wed-Thu-Fri-Sat-Sun_20260101-20270830,74862,,JAIPUR JN.,0,,74862,0,0,0
74901,Mon-Tue-Wed-Thu-Fri-Sat-Sun_20260619-20270830,74901,,PATHANKOT,0,,74901,0,0,0
74902,Mon-Tue-Wed-Thu-Fri-Sat-Sun_20260101-20270830,74902,,JALANDHAR CITY,0,,74902,0,0,0
74903,Mon-Tue-Wed-Thu-Fri-Sat-Sun_20260101-20270830,74903,,PATHANKOT,0,,74903,0,0,0
74904,Mon-Tue-Wed-Thu-Fri-Sat-Sun_20260101-20270830,74904,,JALANDHAR CITY,0,,74904,0,0,0
74906,Mon-Tue-Wed-Thu-Fri-Sat-Sun_20260722-20270830,74906,,PATHANKOT,0,,74906,0,0,0
74907,Mon-Tue-Wed-Thu-Fri-Sat-Sun_20260722-20270830,74907,,MARTYR CAPTAIN TUSHAR MAHAJAN,0,,74907,0,0,0
74909,Mon-Tue-Wed-Thu-Fri-Sat-Sun_20260722-20261019,74909,,MARTYR CAPTAIN TUSHAR MAHAJAN,0,,74909,0,0,0
74910,Mon-Tue-Wed-Thu-Fri-Sat-Sun_20260722-20270830,74910,,PATHANKOT,0,,74910,0,0,0
74913,Mon-Tue-Wed-Thu-Fri-Sat-Sun_20260101-20270830,74913,,JALANDHAR CITY,0,,74913,0,0,0
74914,Mon-Tue-Wed-Thu-Fri-Sat-Sun_20260101-20270830,74914,,HOSHIARPUR,0,,74914,0,0,0
74915,Mon-Tue-Wed-Thu-Fri-Sat-Sun_20260101-20270830,74915,,JALANDHAR CITY,0,,74915,0,0,0
74916,Mon-Tue-Wed-Thu-Fri-Sat-Sun_20260101-20270830,74916,,HOSHIARPUR,0,,74916,0,0,0
74917,Mon-Tue-Wed-Thu-Fri-Sat-Sun_20260101-20270830,74917,,JALANDHAR CITY,0,,74917,0,0,0
74918,Mon-Tue-Wed-Thu-Fri-Sat-Sun_20260101-20270830,74918,,HOSHIARPUR,0,,74918,0,0,0
74919,Mon-Tue-Wed-Thu-Fri-Sat-Sun_20260101-20270830,74919,,JALANDHAR CITY,0,,74919,0,0,0
74920,Mon-Tue-Wed-Thu-Fri-Sat-Sun_20260619-20270830,74920,,HOSHIARPUR,0,,74920,0,0,0
74923,Mon-Tue-Wed-Thu-Fri-Sat-Sun_20260101-20270830,74923,,JALANDHAR CITY,0,,74923,0,0,0
74924,Mon-Tue-Wed-Thu-Fri-Sat-Sun_20260101-20270830,74924,,HOSHIARPUR,0,,74924,0,0,0
74931,Mon-Tue-Wed-Thu-Fri-Sat-Sun_20260101-20270830,74931,,FIROZPUR CANT,0,,74931,0,0,0
74932,Mon-Tue-Wed-Thu-Fri-Sat-Sun_20260101-20270830,74932,,JALANDHAR CITY,0,,74932,0,0,0
74933,Mon-Tue-Wed-Thu-Fri-Sat-Sun_20260101-20261018,74933,,FIROZPUR CANT,0,,74933,0,0,0
74934,Mon-Tue-Wed-Thu-Fri-Sat-Sun_20260101-20270830,74934,,JALANDHAR CITY,0,,74934,0,0,0
74935,Mon-Tue-Wed-Thu-Fri-Sat-Sun_20260101-20270830,74935,,FIROZPUR CANT,0,,74935,0,0,0
74936,Mon-Tue-Wed-Thu-Fri-Sat-Sun_20260101-20270830,74936,,JALANDHAR CITY,0,,74936,0,0,0
74937,Mon-Tue-Wed-Thu-Fri-Sat-Sun_20260101-20270830,74937,,FIROZPUR CANT,0,,74937,0,0,0
74938,Mon-Tue-Wed-Thu-Fri-Sat-Sun_20260101-20270830,74938,,JALANDHAR CITY,0,,74938,0,0,0
74939,Mon-Tue-Wed-Thu-Fri-Sat-Sun_20260101-20270830,74939,,FIROZPUR CANT,0,,74939,0,0,0
74940,Mon-Tue-Wed-Thu-Fri-Sat-Sun_20260101-20270830,74940,,JALANDHAR CITY,0,,74940,0,0,0
74941,Mon-Tue-Wed-Thu-Fri-Sat-Sun_20260101-20270830,74941,,JALANDHAR CITY,0,,74941,0,0,0
74942,Mon-Tue-Wed-Thu-Fri-Sat-Sun_20260101-20270830,74942,,NAKODAR JN,0,,74942,0,0,0
74943,Mon-Tue-Wed-Thu-Fri-Sat-Sun_20260101-20270830,74943,,JALANDHAR CITY,0,,74943,0,0,0
74944,Mon-Tue-Wed-Thu-Fri-Sat-Sun_20260101-20270830,74944,,NAKODAR JN,0,,74944,0,0,0
74945,Mon-Tue-Wed-Thu-Fri-Sat-Sun_20260101-20270830,74945,,JALANDHAR CITY,0,,74945,0,0,0
74946,Mon-Tue-Wed-Thu-Fri-Sat-Sun_20260101-20270830,74946,,NAKODAR JN,0,,74946,0,0,0
74947,Mon-Tue-Wed-Thu-Fri-Sat-Sun_20260101-20270830,74947,,JALANDHAR CITY,0,,74947,0,0,0
74948,Mon-Tue-Wed-Thu-Fri-Sat-Sun_20260101-20270830,74948,,NAKODAR JN,0,,74948,0,0,0
74951,Mon-Tue-Wed-Fri-Sat_20260418-20270830,74951,,PHAGWARA JN,0,,74951,0,0,0
74952,Mon-Tue-Wed-Thu-Fri-Sat-Sun_20260101-20270830,74952,,N S DOABA JN,0,,74952,0,0,0
74953,Mon-Tue-Wed-Thu-Fri-Sat-Sun_20260101-20270830,74953,,JALANDHAR CITY,0,,74953,0,0,0
74954,Mon-Tue-Wed-Fri-Sat_20260418-20270830,74954,,JAIJON DOABA,0,,74954,0,0,0
74961,Mon-Tue-Wed-Thu-Fri-Sat-Sun_20260101-20270830,74961,,FIROZPUR CANT,0,,74961,0,0,0
74962,Mon-Tue-Wed-Thu-Fri-Sat-Sun_20260101-20261018,74962,,LUDHIANA JN,0,,74962,0,0,0
74963,Mon-Tue-Wed-Thu-Fri-Sat-Sun_20260101-20270830,74963,,FIROZPUR CANT,0,,74963,0,0,0
74964,Mon-Tue-Wed-Thu-Fri-Sat-Sun_20260101-20270830,74964,,LUDHIANA JN,0,,74964,0,0,0
74965,Mon-Tue-Wed-Thu-Fri-Sat-Sun_20260101-20270830,74965,,LOHIAN KHAS JN,0,,74965,0,0,0
74966,Mon-Tue-Wed-Thu-Fri-Sat-Sun_20260101-20270830,74966,,LUDHIANA JN,0,,74966,0,0,0
74967,Mon-Tue-Wed-Thu-Fri-Sat-Sun_20260101-20270830,74967,,LOHIAN KHAS JN,0,,74967,0,0,0
74968,Mon-Tue-Wed-Thu-Fri-Sat-Sun_20260101-20270830,74968,,PHILLAUR JN,0,,74968,0,0,0
74969,Mon-Tue-Wed-Thu-Fri-Sat-Sun_20260101-20270830,74969,,LOHIAN KHAS JN,0,,74969,0,0,0
74970,Mon-Tue-Wed-Thu-Fri-Sat-Sun_20260101-20270830,74970,,LUDHIANA JN,0,,74970,0,0,0
74971,Mon-Tue-Wed-Thu-Fri-Sat-Sun_20260101-20270830,74971,,FAZILKA,0,,74971,0,0,0
74972,Mon-Tue-Wed-Thu-Fri-Sat-Sun_20260101-20270830,74972,,FIROZPUR CANT,0,,74972,0,0,0
74973,Mon-Tue-Wed-Thu-Fri-Sat-Sun_20260101-20270830,74973,,FAZILKA,0,,74973,0,0,0
74974,Mon-Tue-Wed-Thu-Fri-Sat-Sun_20260101-20270830,74974,,FIROZPUR CANT,0,,74974,0,0,0
74975,Mon-Tue-Wed-Thu-Fri-Sat-Sun_20260101-20270830,74975,,FAZILKA,0,,74975,0,0,0
74976,Mon-Tue-Wed-Thu-Fri-Sat-Sun_20260101-20270830,74976,,FIROZPUR CANT,0,,74976,0,0,0
74977,Mon-Tue-Wed-Thu-Fri-Sat-Sun_20260101-20270830,74977,,FAZILKA,0,,74977,0,0,0
74978,Mon-Tue-Wed-Thu-Fri-Sat-Sun_20260101-20270830,74978,,FIROZPUR CANT,0,,74978,0,0,0
74981,Mon-Tue-Wed-Thu-Fri-Sat-Sun_20260101-20270830,74981,,FAZILKA,0,,74981,0,0,0
74982,Mon-Tue-Wed-Thu-Fri-Sat-Sun_20260101-20270830,74982,,KOT KAPURA,0,,74982,0,0,0
74983,Mon-Tue-Wed-Thu-Fri-Sat-Sun_20260101-20270830,74983,,FAZILKA,0,,74983,0,0,0
74984,Mon-Tue-Wed-Thu-Fri-Sat-Sun_20260101-20270830,74984,,KOT KAPURA,0,,74984,0,0,0
74985,Mon-Tue-Wed-Thu-Fri-Sat-Sun_20260101-20261018,74985,,FAZILKA,0,,74985,0,0,0
74986,Mon-Tue-Wed-Thu-Fri-Sat-Sun_20260101-20270830,74986,,BATHINDA,0,,74986,0,0,0
74987,Mon-Tue-Wed-Thu-Fri-Sat-Sun_20260101-20270830,74987,,FAZILKA,0,,74987,0,0,0
74988,Mon-Tue-Wed-Thu-Fri-Sat-Sun_20260101-20270830,74988,,BATHINDA,0,,74988,0,0,0
74991,Mon-Tue-Wed-Thu-Fri-Sat-Sun_20260725-20270830,74991,,DAULATPUR CHAUK,0,,74991,0,0,0
74992,Mon-Tue-Wed-Thu-Fri-Sat-Sun_20260725-20270830,74992,,AMBALA CANT JN,0,,74992,0,0,0
75101,Mon-Tue-Wed-Thu-Fri-Sat-Sun_20260307-20270830,75101,,AUNRIHAR JN.,0,,75101,0,0,0
75102,Mon-Tue-Wed-Thu-Fri-Sat-Sun_20260306-20270830,75102,,CHHAPRA,0,,75102,0,0,0
75103,Mon-Tue-Wed-Thu-Fri-Sat-Sun_20260101-20270830,75103,,THAWE JN,0,,75103,0,0,0
75104,Mon-Tue-Wed-Thu-Fri-Sat-Sun_20260101-20270830,75104,,CHHAPRA,0,,75104,0,0,0
75105,Mon-Tue-Wed-Thu-Fri-Sat-Sun_20260609-20270830,75105,,NAKAHA JUNGLE,0,,75105,0,0,0
75106,Mon-Tue-Wed-Thu-Fri-Sat-Sun_20260603-20270830,75106,,THAWE JN,0,,75106,0,0,0
75107,Mon-Tue-Wed-Thu-Fri-Sat-Sun_20260101-20270830,75107,,GONDA JN,0,,75107,0,0,0
75108,Mon-Tue-Wed-Thu-Fri-Sat-Sun_20260101-20270830,75108,,NAKAHA JUNGLE,0,,75108,0,0,0
75109,Mon-Tue-Wed-Thu-Fri-Sat-Sun_20260101-20260831,75109,,BAHRAICH,0,,75109,0,0,0
75110,Mon-Tue-Wed-Thu-Fri-Sat-Sun_20260101-20260831,75110,,GONDA JN,0,,75110,0,0,0
75111,Mon-Tue-Wed-Thu-Fri-Sat-Sun_20260101-20260831,75111,,BAHRAICH,0,,75111,0,0,0
75112,Mon-Tue-Wed-Thu-Fri-Sat-Sun_20260101-20260831,75112,,GONDA JN,0,,75112,0,0,0
75113,Mon-Tue-Wed-Thu-Fri-Sat-Sun_20260101-20260831,75113,,BAHRAICH,0,,75113,0,0,0
75114,Mon-Tue-Wed-Thu-Fri-Sat-Sun_20260101-20260831,75114,,GONDA JN,0,,75114,0,0,0
75115,Mon-Tue-Wed-Thu-Fri-Sat-Sun_20260101-20270830,75115,,NAUTANWA,0,,75115,0,0,0
75116,Mon-Tue-Wed-Thu-Fri-Sat-Sun_20260101-20270830,75116,,GORAKHPUR JN,0,,75116,0,0,0
75117,Mon-Tue-Wed-Thu-Fri-Sat-Sun_20260101-20270830,75117,,BARHNI,0,,75117,0,0,0
75118,Mon-Tue-Wed-Thu-Fri-Sat-Sun_20260101-20270830,75118,,GORAKHPUR JN,0,,75118,0,0,0
75201,Mon-Tue-Wed-Thu-Fri-Sat-Sun_20260101-20270830,75201,,SAHARSA JN,0,,75201,0,0,0
75202,Mon-Tue-Wed-Thu-Fri-Sat-Sun_20260101-20270830,75202,,FORBESGANJ JN,0,,75202,0,0,0
75203,Mon-Tue-Wed-Thu-Fri-Sat-Sun_20260101-20270830,75203,,PANCHDEORI HALT,0,,75203,0,0,0
75204,Mon-Tue-Wed-Thu-Fri-Sat-Sun_20260101-20270830,75204,,SONPUR JN,0,,75204,0,0,0
75205,Mon-Tue-Wed-Thu-Fri-Sat-Sun_20260101-20270830,75205,,SAHARSA JN,0,,75205,0,0,0
75206,Mon-Tue-Wed-Thu-Fri-Sat-Sun_20260101-20270830,75206,,LALITGRAM,0,,75206,0,0,0
75207,Mon-Tue-Wed-Thu-Fri-Sat-Sun_20260101-20270830,75207,,MUZAFFARPUR JN,0,,75207,0,0,0
75208,Mon-Tue-Wed-Thu-Fri-Sat-Sun_20260101-20270830,75208,,SAMASTIPUR JN,0,,75208,0,0,0
75209,Mon-Tue-Wed-Thu-Fri-Sat-Sun_20260101-20270830,75209,,JAYNAGAR,0,,75209,0,0,0
75210,Mon-Tue-Wed-Thu-Fri-Sat-Sun_20260101-20270830,75210,,SAMASTIPUR JN,0,,75210,0,0,0
75211,Mon-Tue-Wed-Thu-Fri-Sat-Sun_20260101-20270830,75211,,SONPUR JN,0,,75211,0,0,0
75212,Mon-Tue-Wed-Thu-Fri-Sat-Sun_20260101-20270830,75212,,SAMASTIPUR JN,0,,75212,0,0,0
75213,Mon-Tue-Wed-Thu-Fri-Sat-Sun_20260101-20270830,75213,,MEHSI,0,,75213,0,0,0
75214,Mon-Tue-Wed-Thu-Fri-Sat-Sun_20260101-20270830,75214,,RAXAUL JN,0,,75214,0,0,0
75215,Mon-Tue-Wed-Thu-Fri-Sat-Sun_20260101-20270830,75215,,RAXAUL JN,0,,75215,0,0,0
75216,Mon-Tue-Wed-Thu-Fri-Sat-Sun_20260101-20270830,75216,,JAYNAGAR,0,,75216,0,0,0
75217,Mon-Tue-Wed-Thu-Fri-Sat-Sun_20260426-20270830,75217,,FORBESGANJ JN,0,,75217,0,0,0
75218,Mon-Tue-Wed-Thu-Fri-Sat-Sun_20260426-20270830,75218,,DARBHANGA JN,0,,75218,0,0,0
75219,Mon-Tue-Wed-Thu-Fri-Sat-Sun_20260101-20270830,75219,,SONPUR JN,0,,75219,0,0,0
75220,Mon-Tue-Wed-Thu-Fri-Sat-Sun_20260101-20270830,75220,,DEORIA,0,,75220,0,0,0
75221,Mon-Tue-Wed-Thu-Fri-Sat-Sun_20260101-20270830,75221,,SONPUR JN,0,,75221,0,0,0
75222,Mon-Tue-Wed-Thu-Fri-Sat-Sun_20260101-20270830,75222,,DEORIA,0,,75222,0,0,0
75223,Mon-Tue-Wed-Thu-Fri-Sat-Sun_20260101-20270830,75223,,PURNIA COURT,0,,75223,0,0,0
75224,Mon-Tue-Wed-Thu-Fri-Sat-Sun_20260101-20270830,75224,,BIHARIGANJ,0,,75224,0,0,0
75225,Mon-Tue-Wed-Thu-Fri-Sat-Sun_20260101-20270830,75225,,SAHARSA JN,0,,75225,0,0,0
75226,Mon-Tue-Wed-Thu-Fri-Sat-Sun_20260101-20270830,75226,,PURNIA COURT,0,,75226,0,0,0
75229,Mon-Tue-Wed-Thu-Fri-Sat-Sun_20260101-20270830,75229,,RAXAUL JN,0,,75229,0,0,0
75230,Mon-Tue-Wed-Thu-Fri-Sat-Sun_20260101-20270830,75230,,DARBHANGA JN,0,,75230,0,0,0
75235,Mon-Tue-Wed-Thu-Fri-Sat-Sun_20260101-20270830,75235,,NARKATIAGANJ JN,0,,75235,0,0,0
75236,Mon-Tue-Wed-Thu-Fri-Sat-Sun_20260101-20270830,75236,,RAXAUL JN,0,,75236,0,0,0
75239,Mon-Tue-Wed-Thu-Fri-Sat-Sun_20260101-20270830,75239,,SAMASTIPUR JN,0,,75239,0,0,0
75240,Mon-Tue-Wed-Thu-Fri-Sat-Sun_20260101-20270830,75240,,BARAUNI JN,0,,75240,0,0,0
75245,Mon-Tue-Wed-Thu-Fri-Sat-Sun_20260101-20270830,75245,,SONPUR JN,0,,75245,0,0,0
75246,Mon-Tue-Wed-Thu-Fri-Sat-Sun_20260101-20270830,75246,,BARAUNI JN,0,,75246,0,0,0
75253,Mon-Tue-Wed-Thu-Fri-Sat-Sun_20260101-20270830,75253,,DARBHANGA JN,0,,75253,0,0,0
75254,Mon-Tue-Wed-Thu-Fri-Sat-Sun_20260101-20270830,75254,,SAMASTIPUR JN,0,,75254,0,0,0
75257,Mon-Tue-Wed-Thu-Fri-Sat-Sun_20260101-20270830,75257,,SAHARSA JN,0,,75257,0,0,0
75258,Mon-Tue-Wed-Thu-Fri-Sat-Sun_20260101-20270830,75258,,PURNIA JN,0,,75258,0,0,0
75259,Mon-Tue-Wed-Thu-Fri-Sat-Sun_20260101-20270830,75259,,SAHARSA JN,0,,75259,0,0,0
75260,Mon-Tue-Wed-Thu-Fri-Sat-Sun_20260101-20270830,75260,,PURNIA JN,0,,75260,0,0,0
75261,Mon-Tue-Wed-Thu-Fri-Sat-Sun_20260101-20270830,75261,,SAHARSA JN,0,,75261,0,0,0
75262,Mon-Tue-Wed-Thu-Fri-Sat-Sun_20260101-20270830,75262,,PURNIA JN,0,,75262,0,0,0
75263,Mon-Tue-Wed-Thu-Fri-Sat-Sun_20260101-20270830,75263,,SAHARSA JN,0,,75263,0,0,0
75264,Mon-Tue-Wed-Thu-Fri-Sat-Sun_20260101-20270830,75264,,BIHARIGANJ,0,,75264,0,0,0
75265,Mon-Tue-Wed-Thu-Fri-Sat-Sun_20260101-20270830,75265,,PURNIA COURT,0,,75265,0,0,0
75266,Mon-Tue-Wed-Thu-Fri-Sat-Sun_20260101-20270830,75266,,BIHARIGANJ,0,,75266,0,0,0
75267,Mon-Tue-Wed-Thu-Fri-Sat-Sun_20260101-20270830,75267,,CHHAPRA,0,,75267,0,0,0
75268,Mon-Tue-Wed-Thu-Fri-Sat-Sun_20260101-20270830,75268,,SONPUR JN,0,,75268,0,0,0
75269,Mon-Tue-Wed-Thu-Fri-Sat-Sun_20260202-20270830,75269,,CHHAPRA,0,,75269,0,0,0
75270,Mon-Tue-Wed-Thu-Fri-Sat-Sun_20260101-20270830,75270,,SONPUR JN,0,,75270,0,0,0
75280,Mon-Tue-Wed-Thu-Fri-Sat-Sun_20260101-20270830,75280,,DARBHANGA JN,0,,75280,0,0,0
75287,Mon-Tue-Wed-Thu-Fri-Sat-Sun_20260101-20270830,75287,,SAMASTIPUR JN,0,,75287,0,0,0
75288,Mon-Tue-Wed-Thu-Fri-Sat-Sun_20260101-20270830,75288,,SAHARSA JN,0,,75288,0,0,0
75291,Mon-Tue-Wed-Thu-Fri-Sat-Sun_20260101-20270830,75291,,HARNAGAR,0,,75291,0,0,0
75293,Mon-Tue-Wed-Thu-Fri-Sat-Sun_20260101-20270830,75293,,HARNAGAR,0,,75293,0,0,0
75294,Mon-Tue-Wed-Thu-Fri-Sat-Sun_20260101-20270830,75294,,DARBHANGA JN,0,,75294,0,0,0
75301,Mon-Tue-Wed-Thu-Fri-Sat-Sun_20260727-20270830,75301,,TANAKPUR,0,,75301,0,0,0
75302,Mon-Tue-Wed-Thu-Fri-Sat-Sun_20260101-20270830,75302,,BAREILLY CITY,0,,75302,0,0,0
75303,Mon-Tue-Wed-Thu-Fri-Sat-Sun_20260727-20270830,75303,,PILIBHIT JN,0,,75303,0,0,0
75304,Mon-Tue-Wed-Thu-Fri-Sat-Sun_20260726-20270830,75304,,IZZATNAGAR JN,0,,75304,0,0,0
75601,Mon-Tue-Wed-Thu-Fri-Sat-Sun_20260101-20270830,75601,,TINSUKIA JN.,0,,75601,0,0,0
75602,Mon-Tue-Wed-Thu-Fri-Sat-Sun_20260430-20270830,75602,,LUMDING JN,0,,75602,0,0,0
75679,Mon-Tue-Wed-Thu-Fri-Sat-Sun_20260804-20270830,75679,,KARIMGANJ JN.,0,,75679,0,0,0
75680,Mon-Tue-Wed-Thu-Fri-Sat-Sun_20260804-20270830,75680,,AGARTALA,0,,75680,0,0,0
75681,Mon-Tue-Wed-Thu-Fri-Sat-Sun_20260430-20270830,75681,,AGARTALA,0,,75681,0,0,0
75682,Mon-Tue-Wed-Thu-Fri-Sat-Sun_20260101-20270830,75682,,SABROOM,0,,75682,0,0,0
75683,Mon-Tue-Wed-Thu-Fri-Sat-Sun_20260101-20270830,75683,,AGARTALA,0,,75683,0,0,0
75684,Mon-Tue-Wed-Thu-Fri-Sat-Sun_20260101-20270830,75684,,SABROOM,0,,75684,0,0,0
75687,Mon-Tue-Wed-Thu-Fri-Sat-Sun_20260101-20270830,75687,,AGARTALA,0,,75687,0,0,0
75688,Mon-Tue-Wed-Thu-Fri-Sat-Sun_20260101-20270830,75688,,SABROOM,0,,75688,0,0,0
75689,Mon-Tue-Wed-Thu-Fri-Sat-Sun_20260101-20270830,75689,,AGARTALA,0,,75689,0,0,0
75690,Mon-Tue-Wed-Thu-Fri-Sat-Sun_20260430-20270830,75690,,SABROOM,0,,75690,0,0,0
75705,Mon-Tue-Wed-Thu-Fri-Sat-Sun_20260427-20270830,75705,,SILIGURI JN,0,,75705,0,0,0
75706,Mon-Tue-Wed-Thu-Fri-Sat-Sun_20260427-20270830,75706,,RADHIKAPUR,0,,75706,0,0,0
75707,Mon-Tue-Wed-Thu-Fri-Sat-Sun_20260101-20270830,75707,,SILIGURI JN,0,,75707,0,0,0
75708,Mon-Tue-Wed-Thu-Fri-Sat-Sun_20260101-20270830,75708,,RADHIKAPUR,0,,75708,0,0,0
75709,Mon-Tue-Wed-Thu-Fri-Sat-Sun_20260720-20270830,75709,,HALDIBARI,0,,75709,0,0,0
75710,Mon-Tue-Wed-Thu-Fri-Sat-Sun_20260720-20270830,75710,,NEW JALPAIGURI,0,,75710,0,0,0
75711,Mon-Tue-Wed-Thu-Fri-Sat-Sun_20260720-20270830,75711,,HALDIBARI,0,,75711,0,0,0
75712,Mon-Tue-Wed-Thu-Fri-Sat-Sun_20260720-20270830,75712,,NEW JALPAIGURI,0,,75712,0,0,0
75713,Mon-Tue-Wed-Thu-Fri-Sun_20260101-20270830,75713,,BAMANHAT,0,,75713,0,0,0
75714,Mon-Tue-Wed-Thu-Fri-Sat_20260101-20270830,75714,,SILIGURI JN,0,,75714,0,0,0
75719,Mon-Tue-Wed-Thu-Fri-Sat-Sun_20260427-20270830,75719,,SILIGURI JN,0,,75719,0,0,0
75720,Mon-Tue-Wed-Thu-Fri-Sat-Sun_20260427-20270830,75720,,MALDA COURT,0,,75720,0,0,0
75721,Mon-Tue-Wed-Thu-Fri-Sat-Sun_20260101-20270830,75721,,HALDIBARI,0,,75721,0,0,0
75722,Mon-Tue-Wed-Thu-Fri-Sat-Sun_20260101-20270830,75722,,SILIGURI JN,0,,75722,0,0,0
75723,Mon-Tue-Wed-Thu-Fri-Sat-Sun_20260101-20270830,75723,,GUWAHATI,0,,75723,0,0,0
75724,Mon-Tue-Wed-Thu-Fri-Sat-Sun_20260101-20270830,75724,,NEW BONGAIGAON,0,,75724,0,0,0
75725,Mon-Tue-Wed-Thu-Fri-Sat-Sun_20260101-20270830,75725,,NEW BONGAIGAON,0,,75725,0,0,0
75726,Mon-Tue-Wed-Thu-Fri-Sat-Sun_20260101-20270830,75726,,SILIGURI JN,0,,75726,0,0,0
75727,Mon-Tue-Wed-Thu-Fri-Sat-Sun_20260218-20270830,75727,,HAIBARGAON,0,,75727,0,0,0
75728,Mon-Tue-Wed-Thu-Fri-Sat-Sun_20260430-20270830,75728,,GUWAHATI,0,,75728,0,0,0
75729,Mon-Tue-Wed-Thu-Fri-Sat-Sun_20260430-20270830,75729,,SILGHAT TOWN,0,,75729,0,0,0
75730,Mon-Tue-Wed-Thu-Fri-Sat-Sun_20260430-20270830,75730,,GUWAHATI,0,,75730,0,0,0
75733,Mon-Tue-Wed-Thu-Fri-Sat-Sun_20260101-20270830,75733,,KATIHAR JN,0,,75733,0,0,0
75734,Mon-Tue-Wed-Thu-Fri-Sat-Sun_20260101-20270830,75734,,TEJNARAYANPUR,0,,75734,0,0,0
75735,Mon-Tue-Wed-Thu-Fri-Sat-Sun_20260101-20270830,75735,,KATIHAR JN,0,,75735,0,0,0
75736,Mon-Tue-Wed-Thu-Fri-Sat-Sun_20260101-20270830,75736,,TEJNARAYANPUR,0,,75736,0,0,0
75737,Mon-Tue-Wed-Thu-Fri-Sat-Sun_20260101-20270830,75737,,KATIHAR JN,0,,75737,0,0,0
75738,Mon-Tue-Wed-Thu-Fri-Sat-Sun_20260101-20270830,75738,,TEJNARAYANPUR,0,,75738,0,0,0
75741,Mon-Tue-Wed-Thu-Fri-Sat-Sun_20260220-20270830,75741,,DHUBRI,0,,75741,0,0,0
75742,Mon-Tue-Wed-Thu-Fri-Sat-Sun_20260220-20270830,75742,,SILIGURI JN,0,,75742,0,0,0
75743,Mon-Tue-Wed-Thu-Fri-Sat-Sun_20260101-20270830,75743,,SILIGURI JN,0,,75743,0,0,0
75744,Mon-Tue-Wed-Thu-Fri-Sat-Sun_20260101-20270830,75744,,KATIHAR JN,0,,75744,0,0,0
75745,Mon-Tue-Wed-Thu-Fri-Sat-Sun_20260101-20270830,75745,,JOGBANI,0,,75745,0,0,0
75746,Mon-Tue-Wed-Thu-Fri-Sat-Sun_20260101-20270830,75746,,KATIHAR JN,0,,75746,0,0,0
75749,Mon-Tue-Wed-Thu-Fri-Sat-Sun_20260101-20270830,75749,,TELTA,0,,75749,0,0,0
75750,Mon-Tue-Wed-Thu-Fri-Sat-Sun_20260101-20270830,75750,,KATIHAR JN,0,,75750,0,0,0
75751,Mon-Tue-Wed-Thu-Fri-Sat-Sun_20260101-20270830,75751,,RADHIKAPUR,0,,75751,0,0,0
75752,Mon-Tue-Wed-Thu-Fri-Sat-Sun_20260101-20270830,75752,,TELTA,0,,75752,0,0,0
75753,Mon-Tue-Wed-Thu-Fri-Sat-Sun_20260101-20270830,75753,,JOGBANI,0,,75753,0,0,0
75754,Mon-Tue-Wed-Thu-Fri-Sat-Sun_20260101-20270830,75754,,KATIHAR JN,0,,75754,0,0,0
75755,Mon-Tue-Wed-Thu-Fri-Sat-Sun_20260522-20270830,75755,,JOGBANI,0,,75755,0,0,0
75756,Mon-Tue-Wed-Thu-Fri-Sat-Sun_20260522-20270830,75756,,KATIHAR JN,0,,75756,0,0,0
75757,Mon-Tue-Wed-Thu-Fri-Sat-Sun_20260101-20270830,75757,,JOGBANI,0,,75757,0,0,0
75758,Mon-Tue-Wed-Thu-Fri-Sat-Sun_20260101-20270830,75758,,KATIHAR JN,0,,75758,0,0,0
75759,Mon-Tue-Wed-Thu-Fri-Sat-Sun_20260101-20270830,75759,,JOGBANI,0,,75759,0,0,0
75760,Mon-Tue-Wed-Thu-Fri-Sat-Sun_20260101-20270830,75760,,KATIHAR JN,0,,75760,0,0,0
75761,Mon-Tue-Wed-Thu-Fri-Sat-Sun_20260101-20270830,75761,,JOGBANI,0,,75761,0,0,0
75762,Mon-Tue-Wed-Thu-Fri-Sat-Sun_20260101-20270830,75762,,KATIHAR JN,0,,75762,0,0,0
75902,Mon-Tue-Wed-Thu-Fri-Sat_20260101-20270830,75902,,MURKEONG SELEK,0,,75902,0,0,0
75903,Mon-Tue-Wed-Thu-Fri-Sat_20260101-20270830,75903,,LEDO,0,,75903,0,0,0
75904,Mon-Tue-Wed-Thu-Fri-Sat_20260101-20270830,75904,,DANGARI,0,,75904,0,0,0
75905,Mon-Tue-Wed-Thu-Fri-Sat_20260101-20270830,75905,,MAKUM JN,0,,75905,0,0,0
76501,Mon-Tue-Wed-Fri-Sat-Sun_20260425-20270830,76501,,DANDELI,0,,76501,0,0,0
76502,Mon-Tue-Wed-Fri-Sat-Sun_20260316-20270830,76502,,ALNAVAR JN,0,,76502,0,0,0
76503,Mon-Tue-Wed-Fri-Sat-Sun_20260316-20270830,76503,,DANDELI,0,,76503,0,0,0
76504,Mon-Tue-Wed-Fri-Sat-Sun_20260316-20270830,76504,,ALNAVAR JN,0,,76504,0,0,0
76505,Mon-Tue-Wed-Fri-Sat-Sun_20260316-20270830,76505,,DANDELI,0,,76505,0,0,0
76506,Mon-Tue-Wed-Fri-Sat-Sun_20260316-20270830,76506,,ALNAVAR JN,0,,76506,0,0,0
76507,Sat_20260516-20270830,76507,,SSS HUBBALLI JN,0,,76507,0,0,0
76508,Sun_20260510-20270830,76508,,HOSAPETE JUNCTION,0,,76508,0,0,0
76509,Mon-Tue-Wed-Thu-Fri-Sat_20260511-20270830,76509,,DAVANGERE,0,,76509,0,0,0
76510,Mon-Tue-Wed-Thu-Fri-Sat_20260511-20270830,76510,,BALLARI JN.,0,,76510,0,0,0
76511,Mon-Tue-Wed-Thu-Fri-Sat_20260511-20270830,76511,,BALLARI JN.,0,,76511,0,0,0
76512,Mon-Tue-Wed-Thu-Fri-Sat_20260511-20270830,76512,,HOSAPETE JUNCTION,0,,76512,0,0,0
76801,Mon-Tue-Wed-Thu-Fri-Sat-Sun_20260101-20270830,76801,,TIRUCHCHIRAPPALLI JN.,0,,76801,0,0,0
76802,Mon-Tue-Wed-Thu-Fri-Sat-Sun_20260101-20270830,76802,,MANNARGUDI,0,,76802,0,0,0
76803,Mon-Tue-Wed-Thu-Fri-Sat-Sun_20260101-20270830,76803,,THANJAVUR JN.,0,,76803,0,0,0
76804,Mon-Tue-Wed-Thu-Fri-Sat-Sun_20260101-20270830,76804,,KARAIKAL,0,,76804,0,0,0
76805,Mon-Tue-Wed-Thu-Fri-Sat-Sun_20260101-20270830,76805,,VELLANKANNI,0,,76805,0,0,0
76806,Mon-Tue-Wed-Thu-Fri-Sat-Sun_20260101-20270830,76806,,KARAIKAL,0,,76806,0,0,0
76807,Mon-Tue-Wed-Thu-Fri-Sat-Sun_20260101-20270830,76807,,VELLANKANNI,0,,76807,0,0,0
76808,Mon-Tue-Wed-Thu-Fri-Sat-Sun_20260101-20270830,76808,,NAGAPPATTINAM JN,0,,76808,0,0,0
76809,Mon-Tue-Wed-Thu-Fri-Sat-Sun_20260303-20270830,76809,,KARUR JN.,0,,76809,0,0,0
76810,Mon-Tue-Wed-Thu-Fri-Sat-Sun_20260303-20270830,76810,,TIRUCHCHIRAPPALLI JN.,0,,76810,0,0,0
76811,Mon-Tue-Wed-Thu-Fri-Sat-Sun_20260101-20270830,76811,,TIRUCHCHIRAPPALLI JN.,0,,76811,0,0,0
76812,Mon-Tue-Wed-Thu-Fri-Sat-Sun_20260101-20270830,76812,,TIRUPPADIRIPULIYUR,0,,76812,0,0,0
76813,Mon-Tue-Wed-Thu-Fri-Sat-Sun_20260101-20270830,76813,,SALEM JN,0,,76813,0,0,0
76814,Mon-Tue-Wed-Thu-Fri-Sat-Sun_20260101-20270830,76814,,CUDDALORE PORT JN.,0,,76814,0,0,0
76815,Mon-Tue-Wed-Thu-Fri-Sat-Sun_20260101-20270830,76815,,SALEM JN,0,,76815,0,0,0
76816,Mon-Tue-Wed-Thu-Fri-Sat-Sun_20260101-20270830,76816,,VRIDDHACHALAM JN,0,,76816,0,0,0
76819,Mon-Tue-Wed-Thu-Fri-Sat-Sun_20260101-20270830,76819,,TIRUCHCHIRAPPALLI JN.,0,,76819,0,0,0
76820,Mon-Tue-Wed-Thu-Fri-Sat-Sun_20260101-20270830,76820,,KARAIKAL,0,,76820,0,0,0
76821,Mon-Tue-Wed-Thu-Fri-Sat_20260303-20270830,76821,,KARUR JN.,0,,76821,0,0,0
76822,Mon-Tue-Wed-Thu-Fri-Sat_20260303-20270830,76822,,SALEM JN,0,,76822,0,0,0
76823,Mon-Tue-Wed-Thu-Fri-Sat_20260303-20270830,76823,,KARUR JN.,0,,76823,0,0,0
76824,Mon-Tue-Wed-Thu-Fri-Sun_20260303-20270830,76824,,SALEM JN,0,,76824,0,0,0
76825,Mon-Tue-Wed-Thu-Fri-Sat-Sun_20260521-20270830,76825,,TIRUCHCHIRAPPALLI JN.,0,,76825,0,0,0
76826,Mon-Tue-Wed-Thu-Fri-Sat-Sun_20260520-20270830,76826,,KARAIKAL,0,,76826,0,0,0
76827,Mon-Tue-Wed-Thu-Fri_20260101-20270830,76827,,THIRUVARUR JN,0,,76827,0,0,0
76828,Mon-Tue-Wed-Thu-Fri_20260101-20270830,76828,,AGASTIYAMPALLI,0,,76828,0,0,0
76829,Mon-Tue-Wed-Thu-Fri_20260101-20270830,76829,,TIRUTURAIPUNDI JN,0,,76829,0,0,0
76830,Mon-Tue-Wed-Thu-Fri_20260101-20270830,76830,,AGASTIYAMPALLI,0,,76830,0,0,0
76831,Mon-Tue-Wed-Thu-Fri_20260810-20270830,76831,,PATTUKKOTTAI,0,,76831,0,0,0
76832,Mon-Tue-Wed-Thu-Fri_20260101-20270830,76832,,THIRUVARUR JN,0,,76832,0,0,0
76835,Mon-Tue-Wed-Thu-Fri-Sat-Sun_20260101-20270830,76835,,DINDIGUL JN,0,,76835,0,0,0
76836,Mon-Tue-Wed-Thu-Fri-Sat-Sun_20260101-20270830,76836,,TIRUCHCHIRAPPALLI JN.,0,,76836,0,0,0
77201,Mon-Tue-Wed-Thu-Fri-Sat-Sun_20260617-20270830,77201,,RAICHUR,0,,77201,0,0,0
77202,Mon-Tue-Wed-Thu-Fri-Sat-Sun_20260610-20270830,77202,,GUNTAKAL JN,0,,77202,0,0,0
77203,Mon-Tue-Wed-Thu-Fri-Sat-Sun_20260610-20270830,77203,,DHONE JN,0,,77203,0,0,0
77204,Mon-Tue-Wed-Thu-Fri-Sat-Sun_20260610-20270830,77204,,GUNTAKAL JN,0,,77204,0,0,0
77205,Mon-Tue-Wed-Thu-Fri-Sat-Sun_20260610-20270830,77205,,GOOTY,0,,77205,0,0,0
77206,Mon-Tue-Wed-Thu-Fri-Sat-Sun_20260610-20270830,77206,,DHONE JN,0,,77206,0,0,0
77207,Mon-Tue-Wed-Thu-Fri-Sat-Sun_20260610-20270830,77207,,KURNOOL CITY,0,,77207,0,0,0
77209,Mon-Tue-Wed-Thu-Fri-Sat-Sun_20260610-20270830,77209,,NANDYAL,0,,77209,0,0,0
77210,Mon-Tue-Wed-Thu-Fri-Sat-Sun_20260610-20270830,77210,,KURNOOL CITY,0,,77210,0,0,0
77211,Mon-Tue-Wed-Thu-Fri-Sat-Sun_20260610-20270830,77211,,RENIGUNTA JN,0,,77211,0,0,0
77212,Mon-Tue-Wed-Thu-Fri-Sat-Sun_20260610-20270830,77212,,NANDYAL,0,,77212,0,0,0
77213,Mon-Tue-Wed-Thu-Fri-Sat-Sun_20260610-20270830,77213,,HINDUPUR,0,,77213,0,0,0
77214,Mon-Tue-Wed-Thu-Fri-Sat-Sun_20260610-20270830,77214,,GUNTAKAL JN,0,,77214,0,0,0
77601,Mon-Tue-Wed-Thu-Fri-Sat-Sun_20260101-20270830,77601,,NIZAMABAD JN.,0,,77601,0,0,0
77602,Mon-Tue-Wed-Thu-Fri-Sat-Sun_20260101-20270830,77602,,KACHEGUDA,0,,77602,0,0,0
77603,Mon-Tue-Wed-Thu-Fri-Sat-Sun_20260101-20270830,77603,,MEDAK,0,,77603,0,0,0
77604,Mon-Tue-Wed-Thu-Fri-Sat-Sun_20260101-20270830,77604,,KACHEGUDA,0,,77604,0,0,0
77605,Mon-Tue-Wed-Thu-Fri-Sat-Sun_20260101-20270830,77605,,PURNA JN,0,,77605,0,0,0
77606,Mon-Tue-Wed-Thu-Fri-Sat-Sun_20260227-20270830,77606,,MEDCHAL,0,,77606,0,0,0
77607,Mon-Tue-Wed-Thu-Fri-Sat-Sun_20260101-20270830,77607,,AKOT,0,,77607,0,0,0
77608,Mon-Tue-Wed-Thu-Fri-Sat-Sun_20260101-20270830,77608,,AKOLA JN.,0,,77608,0,0,0
77609,Mon-Tue-Wed-Thu-Fri-Sat-Sun_20260101-20270830,77609,,AKOT,0,,77609,0,0,0
77610,Mon-Tue-Wed-Thu-Fri-Sat-Sun_20260101-20270830,77610,,AKOLA JN.,0,,77610,0,0,0
77611,Mon-Tue-Wed-Thu-Fri-Sat-Sun_20260101-20270830,77611,,AKOT,0,,77611,0,0,0
77612,Mon-Tue-Wed-Thu-Fri-Sat-Sun_20260101-20270830,77612,,AKOLA JN.,0,,77612,0,0,0
77613,Mon-Tue-Wed-Thu-Fri-Sat-Sun_20260101-20270830,77613,,AKOLA JN.,0,,77613,0,0,0
77614,Mon-Tue-Wed-Thu-Fri-Sat-Sun_20260101-20270830,77614,,PARLI VAIJNATH,0,,77614,0,0,0
77615,Mon-Tue-Wed-Thu-Fri-Sat-Sun_20260101-20270830,77615,,ADILABAD,0,,77615,0,0,0
77616,Mon-Tue-Wed-Thu-Fri-Sat-Sun_20260227-20270830,77616,,PURNA JN,0,,77616,0,0,0
77619,Mon-Tue-Thu_20260302-20270830,77619,,NAGARSOL,0,,77619,0,0,0
77620,Mon-Tue-Thu_20260302-20270830,77620,,JALNA,0,,77620,0,0,0
77621,Wed-Fri-Sat-Sun_20260101-20270830,77621,,NAGARSOL,0,,77621,0,0,0
77622,Wed-Fri-Sat-Sun_20260101-20270830,77622,,JALNA,0,,77622,0,0,0
77623,Mon-Tue-Wed-Thu-Fri-Sat-Sun_20260504-20270830,77623,,JALNA,0,,77623,0,0,0
77624,Mon-Tue-Wed-Thu-Fri-Sat-Sun_20260506-20270830,77624,,NANDED,0,,77624,0,0,0
77631,Mon-Tue-Wed-Thu-Fri-Sat_20260101-20270830,77631,,KALABURAGI,0,,77631,0,0,0
77632,Mon-Tue-Wed-Thu-Fri-Sat_20260101-20270830,77632,,BIDAR,0,,77632,0,0,0
77633,Mon-Tue-Wed-Thu-Fri-Sat_20260101-20270830,77633,,KALABURAGI,0,,77633,0,0,0
77634,Mon-Tue-Wed-Thu-Fri-Sat_20260101-20270830,77634,,BIDAR,0,,77634,0,0,0
77635,Mon-Tue-Wed-Thu-Fri-Sat_20260101-20270830,77635,,KALABURAGI,0,,77635,0,0,0
77636,Mon-Tue-Wed-Thu-Fri-Sat_20260101-20270830,77636,,BIDAR,0,,77636,0,0,0
77637,Mon-Tue-Wed-Thu-Fri-Sat_20260101-20270830,77637,,KALABURAGI,0,,77637,0,0,0
77638,Mon-Tue-Wed-Thu-Fri-Sat_20260101-20270830,77638,,BIDAR,0,,77638,0,0,0
77641,Mon-Tue-Wed-Thu-Fri-Sat-Sun_20260101-20270830,77641,,MAHBUBNAGAR,0,,77641,0,0,0
77642,Mon-Tue-Wed-Thu-Fri-Sat-Sun_20260101-20270830,77642,,KACHEGUDA,0,,77642,0,0,0
77643,Mon-Tue-Wed-Thu-Fri-Sat-Sun_20260101-20270830,77643,,NIZAMABAD JN.,0,,77643,0,0,0
77644,Mon-Tue-Wed-Thu-Fri-Sat-Sun_20260101-20270830,77644,,KACHEGUDA,0,,77644,0,0,0
77645,Mon-Tue-Wed-Thu-Fri-Sat-Sun_20260101-20270830,77645,,NANDED,0,,77645,0,0,0
77646,Mon-Tue-Wed-Thu-Fri-Sat-Sun_20260227-20270830,77646,,NIZAMABAD JN.,0,,77646,0,0,0
77649,Mon-Tue-Wed-Thu-Fri-Sat-Sun_20260619-20270830,77649,,KARIMNAGAR OA,0,,77649,0,0,0
77650,Mon-Tue-Wed-Thu-Fri-Sat-Sun_20260618-20270830,77650,,KACHEGUDA,0,,77650,0,0,0
78803,Mon-Tue-Wed-Thu-Fri-Sat-Sun_20260101-20270830,78803,,KATANGI,0,,78803,0,0,0
78804,Mon-Tue-Wed-Thu-Fri-Sat-Sun_20260101-20270830,78804,,GONDIA JN,0,,78804,0,0,0
78805,Mon-Tue-Wed-Thu-Fri-Sat-Sun_20260101-20270830,78805,,KATANGI,0,,78805,0,0,0
78806,Mon-Tue-Wed-Thu-Fri-Sat-Sun_20260101-20270830,78806,,GONDIA JN,0,,78806,0,0,0
78809,Mon-Tue-Wed-Thu-Fri-Sat-Sun_20260101-20270830,78809,,KATANGI,0,,78809,0,0,0
78810,Mon-Tue-Wed-Thu-Fri-Sat-Sun_20260101-20270830,78810,,GONDIA JN,0,,78810,0,0,0
78811,Mon-Tue-Wed-Thu-Fri-Sat-Sun_20260101-20270830,78811,,TIRODI,0,,78811,0,0,0
78812,Mon-Tue-Wed-Thu-Fri-Sat-Sun_20260101-20270830,78812,,TUMSAR ROAD,0,,78812,0,0,0
78813,Mon-Tue-Wed-Thu-Fri-Sat-Sun_20260101-20270830,78813,,BALAGHAT JN,0,,78813,0,0,0
78814,Mon-Tue-Wed-Thu-Fri-Sat-Sun_20260101-20270830,78814,,TUMSAR ROAD,0,,78814,0,0,0
78815,Mon-Tue-Wed-Thu-Fri-Sat-Sun_20260101-20270830,78815,,ANTAGARH,0,,78815,0,0,0
78816,Mon-Tue-Wed-Thu-Fri-Sat-Sun_20260101-20270830,78816,,RAIPUR JN.,0,,78816,0,0,0
78817,Mon-Tue-Wed-Thu-Fri-Sat-Sun_20260101-20270830,78817,,DALLI RAJHARA,0,,78817,0,0,0
78818,Mon-Tue-Wed-Thu-Fri-Sat-Sun_20260101-20270830,78818,,DURG,0,,78818,0,0,0
78823,Mon-Tue-Wed-Thu-Fri-Sat-Sun_20260101-20270830,78823,,ANTAGARH,0,,78823,0,0,0
78824,Mon-Tue-Wed-Thu-Fri-Sat-Sun_20260101-20270830,78824,,DALLI RAJHARA,0,,78824,0,0,0
78825,Mon-Tue-Wed-Thu-Fri-Sat-Sun_20260101-20270830,78825,,DURG,0,,78825,0,0,0
78826,Mon-Tue-Wed_20260101-20270830,78826,,DURG,0,,78826,0,0,0
78827,Mon-Tue-Wed_20260101-20270830,78827,,DALLI RAJHARA,0,,78827,0,0,0
79303,Mon-Tue-Wed-Thu-Fri-Sat-Sun_20260101-20270830,79303,,CHITTAURGARH JN.,0,,79303,0,0,0
79304,Mon-Tue-Wed-Thu-Fri-Sat-Sun_20260101-20270830,79304,,RATLAM JN,0,,79304,0,0,0
79305,Mon-Tue-Wed-Thu-Fri-Sat-Sun_20260101-20270830,79305,,RATLAM JN,0,,79305,0,0,0
79306,Mon-Tue-Wed-Thu-Fri-Sat-Sun_20260101-20270830,79306,,DR. AMBEDKAR NAGAR,0,,79306,0,0,0
79307,Mon-Tue-Wed-Thu-Fri-Sat-Sun_20260101-20270830,79307,,INDORE JN,0,,79307,0,0,0
79308,Mon-Tue-Wed-Thu-Fri-Sat-Sun_20260101-20270830,79308,,DR. AMBEDKAR NAGAR,0,,79308,0,0,0
79309,Mon-Tue-Wed-Thu-Fri-Sat-Sun_20260101-20270830,79309,,RATLAM JN,0,,79309,0,0,0
79310,Mon-Tue-Wed-Thu-Fri-Sat-Sun_20260101-20270830,79310,,DR. AMBEDKAR NAGAR,0,,79310,0,0,0
79311,Mon-Tue-Wed-Thu-Fri-Sat-Sun_20260101-20270830,79311,,INDORE JN,0,,79311,0,0,0
79312,Mon-Tue-Wed-Thu-Fri-Sat-Sun_20260101-20270830,79312,,DR. AMBEDKAR NAGAR,0,,79312,0,0,0
79313,Mon-Tue-Wed-Thu-Fri-Sat-Sun_20260101-20270830,79313,,RATLAM JN,0,,79313,0,0,0
79314,Mon-Tue-Wed-Thu-Fri-Sat-Sun_20260101-20270830,79314,,DR. AMBEDKAR NAGAR,0,,79314,0,0,0
79317,Mon-Tue-Wed-Thu-Fri-Sat-Sun_20260101-20270830,79317,,RATLAM JN,0,,79317,0,0,0
79318,Mon-Tue-Wed-Thu-Fri-Sat-Sun_20260101-20270830,79318,,DR. AMBEDKAR NAGAR,0,,79318,0,0,0
79431,Mon-Tue-Wed-Thu-Fri-Sat-Sun_20260201-20270830,79431,,MAHESANA JN,0,,79431,0,0,0
79432,Mon-Tue-Wed-Thu-Fri-Sat-Sun_20260101-20270830,79432,,SABARMATI BG,0,,79432,0,0,0
79433,Mon-Tue-Wed-Thu-Fri-Sat-Sun_20260601-20270830,79433,,PATAN,0,,79433,0,0,0
79434,Mon-Tue-Wed-Thu-Fri-Sat-Sun_20260101-20270830,79434,,SABARMATI BG,0,,79434,0,0,0
79435,Mon-Tue-Wed-Thu-Fri-Sat_20260101-20270830,79435,,PATAN,0,,79435,0,0,0
79436,Mon-Tue-Wed-Thu-Fri-Sat_20260101-20270830,79436,,SABARMATI BG,0,,79436,0,0,0
79437,Mon-Tue-Wed-Thu-Fri-Sat-Sun_20260101-20270830,79437,,ABU ROAD,0,,79437,0,0,0
79438,Mon-Tue-Wed-Thu-Fri-Sat-Sun_20260101-20270830,79438,,MAHESANA JN,0,,79438,0,0,0
79439,Mon-Tue-Wed-Thu-Fri-Sun_20260405-20270830,79439,,,0,,79439,0,0,0
79440,Mon-Tue-Wed-Thu-Fri-Sun_20260405-20270830,79440,,PRATAPNAGAR,0,,79440,0,0,0
79441,Mon-Tue-Wed-Thu-Fri-Sat-Sun_20260101-20270830,79441,,MORBI,0,,79441,0,0,0
79442,Mon-Tue-Wed-Thu-Fri-Sat-Sun_20260101-20270830,79442,,WANKANER JN,0,,79442,0,0,0
79443,Mon-Tue-Wed-Thu-Fri-Sat-Sun_20260101-20270830,79443,,MORBI,0,,79443,0,0,0
79444,Mon-Tue-Wed-Thu-Fri-Sat-Sun_20260710-20270830,79444,,WANKANER JN,0,,79444,0,0,0
79445,Mon-Tue-Wed-Thu-Fri-Sat-Sun_20260101-20270830,79445,,MORBI,0,,79445,0,0,0
79446,Mon-Tue-Wed-Thu-Fri-Sat-Sun_20260101-20270830,79446,,WANKANER JN,0,,79446,0,0,0
79447,Mon-Tue-Wed-Thu-Fri-Sat-Sun_20260101-20270830,79447,,MORBI,0,,79447,0,0,0
79448,Mon-Tue-Wed-Thu-Fri-Sat-Sun_20260101-20270830,79448,,WANKANER JN,0,,79448,0,0,0
79451,Mon-Tue-Wed-Thu-Fri-Sat-Sun_20260101-20270830,79451,,MORBI,0,,79451,0,0,0
79452,Mon-Tue-Wed-Thu-Fri-Sat-Sun_20260101-20270830,79452,,WANKANER JN,0,,79452,0,0,0
79453,Mon-Tue-Wed-Thu-Fri-Sat-Sun_20260710-20270830,79453,,MORBI,0,,79453,0,0,0
79454,Mon-Tue-Wed-Thu-Fri-Sat-Sun_20260101-20270830,79454,,WANKANER JN,0,,79454,0,0,0
79457,Mon-Tue-Wed-Thu-Fri-Sat-Sun_20260512-20270830,79457,,DHRANGADHRA,0,,79457,0,0,0
79459,Mon-Tue-Wed-Thu-Fri-Sat-Sun_20260101-20270830,79459,,SURENDRANAGAR,0,,79459,0,0,0
79460,Mon-Tue-Wed-Thu-Fri-Sat-Sun_20260101-20270830,79460,,BOTAD JN,0,,79460,0,0,0
79601,Mon-Tue-Wed-Thu-Fri-Sat_20260101-20270830,79601,,GANGAPUR CITY,0,,79601,0,0,0
79602,Mon-Tue-Wed-Thu-Fri-Sat_20260512-20261231,79602,,AJMER JN,0,,79602,0,0,0
82501,Mon-Wed-Thu-Fri-Sat-Sun_20260305-20270830,82501,,NEW DELHI,0,,82501,0,0,0
82502,Mon-Wed-Thu-Fri-Sat-Sun_20260305-20270830,82502,,LUCKNOW,0,,82502,0,0,0
82901,Mon-Tue-Wed-Fri-Sat-Sun_20260820-20270830,82901,,AHMEDABAD JN,0,,82901,0,0,0
82902,Mon-Tue-Wed-Fri-Sat-Sun_20260820-20270830,82902,,MUMBAI CENTRAL,0,,82902,0,0,0
93001,Mon-Tue-Wed-Thu-Fri-Sat-Sun_20260101-20270830,93001,,DAHANU ROAD,0,,93001,0,0,0
93002,Mon-Tue-Wed-Thu-Fri-Sat-Sun_20260101-20270830,93002,,BMBY CHURCH GTE,0,,93002,0,0,0
93004,Mon-Tue-Wed-Thu-Fri-Sat-Sun_20260101-20270830,93004,,BMBY CHURCH GTE,0,,93004,0,0,0
93005,Mon-Tue-Wed-Thu-Fri-Sat-Sun_20260101-20270830,93005,,DAHANU ROAD,0,,93005,0,0,0
93006,Mon-Tue-Wed-Thu-Fri-Sat-Sun_20260101-20270830,93006,,VIRAR,0,,93006,0,0,0
93007,Mon-Tue-Wed-Thu-Fri-Sat-Sun_20260101-20270830,93007,,DAHANU ROAD,0,,93007,0,0,0
93009,Mon-Tue-Wed-Thu-Fri-Sat-Sun_20260101-20270830,93009,,DAHANU ROAD,0,,93009,0,0,0
93010,Mon-Tue-Wed-Thu-Fri-Sat-Sun_20260101-20270830,93010,,BORIVALI,0,,93010,0,0,0
93011,Mon-Tue-Wed-Thu-Fri-Sat-Sun_20260101-20270830,93011,,DAHANU ROAD,0,,93011,0,0,0
93012,Mon-Tue-Wed-Thu-Fri-Sat-Sun_20260101-20270830,93012,,VIRAR,0,,93012,0,0,0
93013,Mon-Tue-Wed-Thu-Fri-Sat-Sun_20260101-20270830,93013,,DAHANU ROAD,0,,93013,0,0,0
93014,Mon-Tue-Wed-Thu-Fri-Sat-Sun_20260101-20270830,93014,,VIRAR,0,,93014,0,0,0
93015,Mon-Tue-Wed-Thu-Fri-Sat-Sun_20260101-20270830,93015,,DAHANU ROAD,0,,93015,0,0,0
93016,Mon-Tue-Wed-Thu-Fri-Sat-Sun_20260101-20270830,93016,,VIRAR,0,,93016,0,0,0
93017,Mon-Tue-Wed-Thu-Fri-Sat-Sun_20260101-20270830,93017,,DAHANU ROAD,0,,93017,0,0,0
93018,Mon-Tue-Wed-Thu-Fri-Sat-Sun_20260101-20270830,93018,,VIRAR,0,,93018,0,0,0
93020,Mon-Tue-Wed-Thu-Fri-Sat-Sun_20260101-20270830,93020,,VIRAR,0,,93020,0,0,0
93021,Mon-Tue-Wed-Thu-Fri-Sat-Sun_20260101-20270830,93021,,DAHANU ROAD,0,,93021,0,0,0
93022,Mon-Tue-Wed-Thu-Fri-Sat-Sun_20260101-20270830,93022,,BMBY CHURCH GTE,0,,93022,0,0,0
93023,Mon-Tue-Wed-Thu-Fri-Sat-Sun_20260101-20270830,93023,,DAHANU ROAD,0,,93023,0,0,0
93025,Mon-Tue-Wed-Thu-Fri-Sat-Sun_20260101-20270830,93025,,DAHANU ROAD,0,,93025,0,0,0
93026,Mon-Tue-Wed-Thu-Fri-Sat-Sun_20260101-20270830,93026,,BMBY CHURCH GTE,0,,93026,0,0,0
93028,Mon-Tue-Wed-Thu-Fri-Sat-Sun_20260101-20270830,93028,,DADAR,0,,93028,0,0,0
93029,Mon-Tue-Wed-Thu-Fri-Sat-Sun_20260101-20270830,93029,,DAHANU ROAD,0,,93029,0,0,0
93030,Mon-Tue-Wed-Thu-Fri-Sat-Sun_20260101-20270830,93030,,VIRAR,0,,93030,0,0,0
93031,Mon-Tue-Wed-Thu-Fri-Sat-Sun_20260101-20270830,93031,,DAHANU ROAD,0,,93031,0,0,0
93033,Mon-Tue-Wed-Thu-Fri-Sat-Sun_20260101-20270830,93033,,DAHANU ROAD,0,,93033,0,0,0
93034,Mon-Tue-Wed-Thu-Fri-Sat-Sun_20260101-20270830,93034,,BMBY CHURCH GTE,0,,93034,0,0,0
93035,Mon-Tue-Wed-Thu-Fri-Sat-Sun_20260101-20270830,93035,,DAHANU ROAD,0,,93035,0,0,0
93036,Mon-Tue-Wed-Thu-Fri-Sat-Sun_20260101-20270830,93036,,BMBY CHURCH GTE,0,,93036,0,0,0
93038,Mon-Tue-Wed-Thu-Fri-Sat-Sun_20260101-20270830,93038,,BMBY CHURCH GTE,0,,93038,0,0,0
93039,Mon-Tue-Wed-Thu-Fri-Sat-Sun_20260101-20270830,93039,,DAHANU ROAD,0,,93039,0,0,0
93040,Mon-Tue-Wed-Thu-Fri-Sat-Sun_20260101-20270830,93040,,VIRAR,0,,93040,0,0,0
93041,Mon-Tue-Wed-Thu-Fri-Sat-Sun_20260101-20270830,93041,,DAHANU ROAD,0,,93041,0,0,0
93201,Mon-Tue-Wed-Thu-Fri-Sat-Sun_20260501-20270830,93201,,DAHANU ROAD,0,,93201,0,0,0
93202,Mon-Tue-Wed-Thu-Fri-Sat-Sun_20260501-20270830,93202,,BMBY CHURCH GTE,0,,93202,0,0,0
93203,Mon-Tue-Wed-Thu-Fri-Sat-Sun_20260501-20270830,93203,,DAHANU ROAD,0,,93203,0,0,0
93204,Mon-Tue-Wed-Thu-Fri-Sat-Sun_20260501-20270830,93204,,VIRAR,0,,93204,0,0,0
93205,Mon-Tue-Wed-Thu-Fri-Sat-Sun_20260501-20270830,93205,,DAHANU ROAD,0,,93205,0,0,0
93206,Mon-Tue-Wed-Thu-Fri-Sat-Sun_20260501-20270830,93206,,VIRAR,0,,93206,0,0,0
93207,Mon-Tue-Wed-Thu-Fri-Sat-Sun_20260501-20270830,93207,,DAHANU ROAD,0,,93207,0,0,0
93208,Mon-Tue-Wed-Thu-Fri-Sat-Sun_20260501-20270830,93208,,VIRAR,0,,93208,0,0,0
94801,Mon-Tue-Wed-Thu-Fri-Sun_20260101-20260919,94801,,BHUJ,0,,94801,0,0,0
94802,Mon-Tue-Wed-Thu-Fri-Sat_20260101-20260918,94802,,AHMEDABAD JN,0,,94802,0,0,0
94803,Mon-Tue-Wed-Thu-Fri-Sat_20260101-20270830,94803,,PATNA JN,0,,94803,0,0,0
94804,Mon-Tue-Wed-Thu-Fri-Sun_20260101-20270830,94804,,JAYNAGAR,0,,94804,0,0,0
95001,Mon-Tue-Wed-Thu-Fri-Sat-Sun_20260819-20270830,95001,,PALASDHARI,0,,95001,0,0,0
95002,Mon-Tue-Wed-Thu-Fri-Sat-Sun_20260101-20270830,95002,,KALYAN JN,0,,95002,0,0,0
95003,Mon-Tue-Wed-Thu-Fri-Sat-Sun_20260101-20270830,95003,,PALASDHARI,0,,95003,0,0,0
95004,Mon-Tue-Wed-Thu-Fri-Sat-Sun_20260101-20270830,95004,,KALYAN JN,0,,95004,0,0,0
95005,Mon-Tue-Wed-Thu-Fri-Sat-Sun_20260101-20270830,95005,,PALASDHARI,0,,95005,0,0,0
95006,Mon-Tue-Wed-Thu-Fri-Sat-Sun_20260101-20270830,95006,,KALYAN JN,0,,95006,0,0,0
95007,Mon-Tue-Wed-Thu-Fri-Sat-Sun_20260428-20270830,95007,,PALASDHARI,0,,95007,0,0,0
95008,Mon-Tue-Wed-Thu-Fri-Sat-Sun_20260101-20270830,95008,,KALYAN JN,0,,95008,0,0,0
95009,Mon-Tue-Wed-Thu-Fri-Sat-Sun_20260101-20270830,95009,,PALASDHARI,0,,95009,0,0,0
95010,Mon-Tue-Wed-Thu-Fri-Sat-Sun_20260101-20270830,95010,,KALYAN JN,0,,95010,0,0,0
95011,Mon-Tue-Wed-Thu-Fri-Sat-Sun_20260101-20270830,95011,,PALASDHARI,0,,95011,0,0,0
95012,Mon-Tue-Wed-Thu-Fri-Sat-Sun_20260101-20270830,95012,,KALYAN JN,0,,95012,0,0,0
95013,Mon-Tue-Wed-Thu-Fri-Sat-Sun_20260101-20270830,95013,,PALASDHARI,0,,95013,0,0,0
95015,Mon-Tue-Wed-Thu-Fri-Sat-Sun_20260101-20270830,95015,,PALASDHARI,0,,95015,0,0,0
95101,Mon-Tue-Wed-Thu-Fri-Sat-Sun_20260101-20270830,95101,,KARJAT,0,,95101,0,0,0
95102,Mon-Tue-Wed-Thu-Fri-Sat-Sun_20260101-20270830,95102,,KALYAN JN,0,,95102,0,0,0
95103,Mon-Tue-Wed-Thu-Fri-Sat-Sun_20260101-20270830,95103,,KARJAT,0,,95103,0,0,0
95104,Mon-Tue-Wed-Thu-Fri-Sat-Sun_20260101-20270830,95104,,KALYAN JN,0,,95104,0,0,0
95105,Mon-Tue-Wed-Thu-Fri-Sat-Sun_20260101-20270830,95105,,KARJAT,0,,95105,0,0,0
95106,Mon-Tue-Wed-Thu-Fri-Sat-Sun_20260101-20270830,95106,,KALYAN JN,0,,95106,0,0,0
95107,Mon-Tue-Wed-Thu-Fri-Sat-Sun_20260101-20270830,95107,,KARJAT,0,,95107,0,0,0
95108,Mon-Tue-Wed-Thu-Fri-Sat-Sun_20260101-20270830,95108,,KALYAN JN,0,,95108,0,0,0
95109,Mon-Tue-Wed-Thu-Fri-Sat-Sun_20260101-20270830,95109,,KARJAT,0,,95109,0,0,0
95110,Mon-Tue-Wed-Thu-Fri-Sat-Sun_20260101-20270830,95110,,KALYAN JN,0,,95110,0,0,0
95111,Mon-Tue-Wed-Thu-Fri-Sat-Sun_20260101-20270830,95111,,KARJAT,0,,95111,0,0,0
95112,Mon-Tue-Wed-Thu-Fri-Sat-Sun_20260101-20270830,95112,,KALYAN JN,0,,95112,0,0,0
95113,Mon-Tue-Wed-Thu-Fri-Sat-Sun_20260101-20270830,95113,,KARJAT,0,,95113,0,0,0
95114,Mon-Tue-Wed-Thu-Fri-Sat-Sun_20260101-20270830,95114,,KALYAN JN,0,,95114,0,0,0
95115,Mon-Tue-Wed-Thu-Fri-Sat-Sun_20260101-20270830,95115,,KARJAT,0,,95115,0,0,0
95116,Mon-Tue-Wed-Thu-Fri-Sat-Sun_20260101-20270830,95116,,KALYAN JN,0,,95116,0,0,0
95117,Mon-Tue-Wed-Thu-Fri-Sat-Sun_20260101-20270830,95117,,KARJAT,0,,95117,0,0,0
95118,Mon-Tue-Wed-Thu-Fri-Sat-Sun_20260101-20270830,95118,,KALYAN JN,0,,95118,0,0,0
95119,Mon-Tue-Wed-Thu-Fri-Sat-Sun_20260101-20270830,95119,,KARJAT,0,,95119,0,0,0
95120,Mon-Tue-Wed-Thu-Fri-Sat-Sun_20260101-20270830,95120,,KALYAN JN,0,,95120,0,0,0
95121,Mon-Tue-Wed-Thu-Fri-Sat-Sun_20260101-20270830,95121,,KARJAT,0,,95121,0,0,0
95122,Mon-Tue-Wed-Thu-Fri-Sat-Sun_20260101-20270830,95122,,KALYAN JN,0,,95122,0,0,0
95123,Mon-Tue-Wed-Thu-Fri-Sat-Sun_20260101-20270830,95123,,KARJAT,0,,95123,0,0,0
95124,Mon-Tue-Wed-Thu-Fri-Sat-Sun_20260101-20270830,95124,,KALYAN JN,0,,95124,0,0,0
95125,Mon-Tue-Wed-Thu-Fri-Sat-Sun_20260101-20270830,95125,,KARJAT,0,,95125,0,0,0
95126,Mon-Tue-Wed-Thu-Fri-Sat-Sun_20260101-20270830,95126,,KALYAN JN,0,,95126,0,0,0
95127,Mon-Tue-Wed-Thu-Fri-Sat-Sun_20260101-20270830,95127,,KARJAT,0,,95127,0,0,0
95128,Mon-Tue-Wed-Thu-Fri-Sat-Sun_20260101-20270830,95128,,KALYAN JN,0,,95128,0,0,0
95129,Mon-Tue-Wed-Thu-Fri-Sat-Sun_20260101-20270830,95129,,KARJAT,0,,95129,0,0,0
95130,Mon-Tue-Wed-Thu-Fri-Sat-Sun_20260101-20270830,95130,,KALYAN JN,0,,95130,0,0,0
95131,Mon-Tue-Wed-Thu-Fri-Sat-Sun_20260101-20270830,95131,,KARJAT,0,,95131,0,0,0
95132,Mon-Tue-Wed-Thu-Fri-Sat-Sun_20260101-20270830,95132,,KALYAN JN,0,,95132,0,0,0
95133,Mon-Tue-Wed-Thu-Fri-Sat-Sun_20260819-20270830,95133,,KARJAT,0,,95133,0,0,0
95134,Mon-Tue-Wed-Thu-Fri-Sat-Sun_20260101-20270830,95134,,KALYAN JN,0,,95134,0,0,0
95135,Mon-Tue-Wed-Thu-Fri-Sat-Sun_20260819-20270830,95135,,KARJAT,0,,95135,0,0,0
95136,Mon-Tue-Wed-Thu-Fri-Sat-Sun_20260101-20270830,95136,,KALYAN JN,0,,95136,0,0,0
95138,Mon-Tue-Wed-Thu-Fri-Sat-Sun_20260101-20270830,95138,,KALYAN JN,0,,95138,0,0,0
95140,Mon-Tue-Wed-Thu-Fri-Sat-Sun_20260101-20270830,95140,,KALYAN JN,0,,95140,0,0,0
95142,Mon-Tue-Wed-Thu-Fri-Sat-Sun_20260101-20270830,95142,,KALYAN JN,0,,95142,0,0,0
95144,Mon-Tue-Wed-Thu-Fri-Sat-Sun_20260101-20270830,95144,,KALYAN JN,0,,95144,0,0,0
95146,Mon-Tue-Wed-Thu-Fri-Sat-Sun_20260819-20270830,95146,,KALYAN JN,0,,95146,0,0,0
95201,Mon-Tue-Wed-Thu-Fri-Sat-Sun_20260101-20270830,95201,,BADLAPUR,0,,95201,0,0,0
95202,Mon-Tue-Wed-Thu-Fri-Sat-Sun_20260101-20270830,95202,,KALYAN JN,0,,95202,0,0,0
95203,Mon-Tue-Wed-Thu-Fri-Sat-Sun_20260101-20270830,95203,,BADLAPUR,0,,95203,0,0,0
95204,Mon-Tue-Wed-Thu-Fri-Sat-Sun_20260101-20270830,95204,,KALYAN JN,0,,95204,0,0,0
95205,Mon-Tue-Wed-Thu-Fri-Sat-Sun_20260101-20270830,95205,,BADLAPUR,0,,95205,0,0,0
95206,Mon-Tue-Wed-Thu-Fri-Sat-Sun_20260101-20270830,95206,,KALYAN JN,0,,95206,0,0,0
95207,Mon-Tue-Wed-Thu-Fri-Sat-Sun_20260101-20270830,95207,,BADLAPUR,0,,95207,0,0,0
95208,Mon-Tue-Wed-Thu-Fri-Sat-Sun_20260101-20270830,95208,,KALYAN JN,0,,95208,0,0,0
95209,Mon-Tue-Wed-Thu-Fri-Sat-Sun_20260101-20270830,95209,,BADLAPUR,0,,95209,0,0,0
95210,Mon-Tue-Wed-Thu-Fri-Sat_20260101-20270830,95210,,KALYAN JN,0,,95210,0,0,0
95211,Mon-Tue-Wed-Thu-Fri-Sat-Sun_20260101-20270830,95211,,BADLAPUR,0,,95211,0,0,0
95212,Mon-Tue-Wed-Thu-Fri-Sat-Sun_20260819-20270830,95212,,KALYAN JN,0,,95212,0,0,0
95213,Mon-Tue-Wed-Thu-Fri-Sat-Sun_20260101-20270830,95213,,BADLAPUR,0,,95213,0,0,0
95214,Mon-Tue-Wed-Thu-Fri-Sat_20260101-20270830,95214,,KALYAN JN,0,,95214,0,0,0
95215,Mon-Tue-Wed-Thu-Fri-Sat-Sun_20260101-20270830,95215,,BADLAPUR,0,,95215,0,0,0
95216,Mon-Tue-Wed-Thu-Fri-Sat-Sun_20260101-20270830,95216,,KALYAN JN,0,,95216,0,0,0
95217,Mon-Tue-Wed-Thu-Fri-Sat-Sun_20260101-20270830,95217,,BADLAPUR,0,,95217,0,0,0
95218,Mon-Tue-Wed-Thu-Fri-Sat-Sun_20260101-20270830,95218,,KALYAN JN,0,,95218,0,0,0
95219,Mon-Tue-Wed-Thu-Fri-Sat-Sun_20260101-20270830,95219,,BADLAPUR,0,,95219,0,0,0
95220,Mon-Tue-Wed-Thu-Fri-Sat-Sun_20260101-20270830,95220,,KALYAN JN,0,,95220,0,0,0
95221,Mon-Tue-Wed-Thu-Fri-Sat-Sun_20260101-20270830,95221,,BADLAPUR,0,,95221,0,0,0
95222,Mon-Tue-Wed-Thu-Fri-Sat-Sun_20260101-20270830,95222,,KALYAN JN,0,,95222,0,0,0
95223,Mon-Tue-Wed-Thu-Fri-Sat-Sun_20260101-20270830,95223,,BADLAPUR,0,,95223,0,0,0
95224,Mon-Tue-Wed-Thu-Fri-Sat-Sun_20260819-20270830,95224,,KALYAN JN,0,,95224,0,0,0
95225,Mon-Tue-Wed-Thu-Fri-Sat-Sun_20260101-20270830,95225,,BADLAPUR,0,,95225,0,0,0
95226,Mon-Tue-Wed-Thu-Fri-Sat-Sun_20260819-20270830,95226,,KALYAN JN,0,,95226,0,0,0
95227,Mon-Tue-Wed-Thu-Fri-Sat-Sun_20260101-20270830,95227,,BADLAPUR,0,,95227,0,0,0
95228,Mon-Tue-Wed-Thu-Fri-Sat-Sun_20260819-20270830,95228,,KALYAN JN,0,,95228,0,0,0
95229,Mon-Tue-Wed-Thu-Fri-Sat-Sun_20260101-20270830,95229,,BADLAPUR,0,,95229,0,0,0
95230,Mon-Tue-Wed-Thu-Fri-Sat-Sun_20260101-20270830,95230,,KALYAN JN,0,,95230,0,0,0
95231,Mon-Tue-Wed-Thu-Fri-Sat-Sun_20260101-20270830,95231,,BADLAPUR,0,,95231,0,0,0
95232,Mon-Tue-Wed-Thu-Fri-Sat-Sun_20260101-20270830,95232,,KALYAN JN,0,,95232,0,0,0
95233,Mon-Tue-Wed-Thu-Fri-Sat-Sun_20260101-20270830,95233,,BADLAPUR,0,,95233,0,0,0
95234,Mon-Tue-Wed-Thu-Fri-Sat-Sun_20260101-20270830,95234,,KALYAN JN,0,,95234,0,0,0
95235,Mon-Tue-Wed-Thu-Fri-Sat-Sun_20260101-20270830,95235,,BADLAPUR,0,,95235,0,0,0
95236,Mon-Tue-Wed-Thu-Fri-Sat-Sun_20260101-20270830,95236,,KALYAN JN,0,,95236,0,0,0
95237,Mon-Tue-Wed-Thu-Fri-Sat-Sun_20260101-20270830,95237,,BADLAPUR,0,,95237,0,0,0
95238,Mon-Tue-Wed-Thu-Fri-Sat-Sun_20260819-20270830,95238,,KALYAN JN,0,,95238,0,0,0
95239,Mon-Tue-Wed-Thu-Fri-Sat-Sun_20260101-20270830,95239,,BADLAPUR,0,,95239,0,0,0
95240,Mon-Tue-Wed-Thu-Fri-Sat-Sun_20260819-20270830,95240,,KALYAN JN,0,,95240,0,0,0
95241,Mon-Tue-Wed-Thu-Fri-Sat-Sun_20260101-20270830,95241,,BADLAPUR,0,,95241,0,0,0
95242,Mon-Tue-Wed-Thu-Fri-Sat-Sun_20260819-20270830,95242,,KALYAN JN,0,,95242,0,0,0
95243,Mon-Tue-Wed-Thu-Fri-Sat-Sun_20260819-20270830,95243,,BADLAPUR,0,,95243,0,0,0
95244,Mon-Tue-Wed-Thu-Fri-Sat-Sun_20260819-20270830,95244,,KALYAN JN,0,,95244,0,0,0
95245,Mon-Tue-Wed-Thu-Fri-Sat-Sun_20260819-20270830,95245,,BADLAPUR,0,,95245,0,0,0
95246,Mon-Tue-Wed-Thu-Fri-Sat-Sun_20260819-20270830,95246,,KALYAN JN,0,,95246,0,0,0
95247,Mon-Tue-Wed-Thu-Fri-Sat-Sun_20260819-20270830,95247,,BADLAPUR,0,,95247,0,0,0
95248,Mon-Tue-Wed-Thu-Fri-Sat-Sun_20260101-20270830,95248,,KALYAN JN,0,,95248,0,0,0
95301,Mon-Tue-Wed-Thu-Fri-Sat-Sun_20260101-20270830,95301,,AMBARNATH,0,,95301,0,0,0
95302,Mon-Tue-Wed-Thu-Fri-Sat-Sun_20260819-20270830,95302,,KALYAN JN,0,,95302,0,0,0
95303,Mon-Tue-Wed-Thu-Fri-Sat-Sun_20260101-20270830,95303,,AMBARNATH,0,,95303,0,0,0
95304,Mon-Tue-Wed-Thu-Fri-Sat-Sun_20260819-20270830,95304,,KALYAN JN,0,,95304,0,0,0
95305,Mon-Tue-Wed-Thu-Fri-Sat-Sun_20260101-20270830,95305,,AMBARNATH,0,,95305,0,0,0
95306,Mon-Tue-Wed-Thu-Fri-Sat-Sun_20260819-20270830,95306,,KALYAN JN,0,,95306,0,0,0
95307,Mon-Tue-Wed-Thu-Fri-Sat_20260101-20270830,95307,,AMBARNATH,0,,95307,0,0,0
95308,Mon-Tue-Wed-Thu-Fri-Sat-Sun_20260101-20270830,95308,,KALYAN JN,0,,95308,0,0,0
95309,Mon-Tue-Wed-Thu-Fri-Sat-Sun_20260101-20270830,95309,,AMBARNATH,0,,95309,0,0,0
95310,Mon-Tue-Wed-Thu-Fri-Sat-Sun_20260101-20270830,95310,,KALYAN JN,0,,95310,0,0,0
95311,Mon-Tue-Wed-Thu-Fri-Sat-Sun_20260101-20270830,95311,,AMBARNATH,0,,95311,0,0,0
95312,Mon-Tue-Wed-Thu-Fri-Sat-Sun_20260101-20270830,95312,,KALYAN JN,0,,95312,0,0,0
95313,Mon-Tue-Wed-Thu-Fri-Sat-Sun_20260101-20270830,95313,,AMBARNATH,0,,95313,0,0,0
95314,Mon-Tue-Wed-Thu-Fri-Sat-Sun_20260101-20270830,95314,,KALYAN JN,0,,95314,0,0,0
95315,Mon-Tue-Wed-Thu-Fri-Sat-Sun_20260101-20270830,95315,,AMBARNATH,0,,95315,0,0,0
95316,Mon-Tue-Wed-Thu-Fri-Sat-Sun_20260101-20270830,95316,,KALYAN JN,0,,95316,0,0,0
95317,Mon-Tue-Wed-Thu-Fri-Sat-Sun_20260101-20270830,95317,,AMBARNATH,0,,95317,0,0,0
95318,Mon-Tue-Wed-Thu-Fri-Sat-Sun_20260101-20270830,95318,,KALYAN JN,0,,95318,0,0,0
95319,Mon-Tue-Wed-Thu-Fri-Sat-Sun_20260101-20270830,95319,,AMBARNATH,0,,95319,0,0,0
95320,Mon-Tue-Wed-Thu-Fri-Sat-Sun_20260101-20270830,95320,,KALYAN JN,0,,95320,0,0,0
95321,Mon-Tue-Wed-Thu-Fri-Sat_20260101-20270830,95321,,AMBARNATH,0,,95321,0,0,0
95322,Mon-Tue-Wed-Thu-Fri-Sat-Sun_20260101-20270830,95322,,KALYAN JN,0,,95322,0,0,0
95323,Mon-Tue-Wed-Thu-Fri-Sat-Sun_20260101-20270830,95323,,AMBARNATH,0,,95323,0,0,0
95324,Mon-Tue-Wed-Thu-Fri-Sat-Sun_20260428-20270830,95324,,C SHIVAJI MAH T,0,,95324,0,0,0
95325,Mon-Tue-Wed-Thu-Fri-Sat-Sun_20260101-20270830,95325,,AMBARNATH,0,,95325,0,0,0
95326,Mon-Tue-Wed-Thu-Fri-Sat-Sun_20260101-20270830,95326,,KALYAN JN,0,,95326,0,0,0
95327,Mon-Tue-Wed-Thu-Fri-Sat-Sun_20260101-20270830,95327,,AMBARNATH,0,,95327,0,0,0
95328,Mon-Tue-Wed-Thu-Fri-Sat-Sun_20260101-20270830,95328,,KALYAN JN,0,,95328,0,0,0
95329,Mon-Tue-Wed-Thu-Fri-Sat_20260101-20270830,95329,,AMBARNATH,0,,95329,0,0,0
95330,Mon-Tue-Wed-Thu-Fri-Sat-Sun_20260101-20270830,95330,,KALYAN JN,0,,95330,0,0,0
95331,Mon-Tue-Wed-Thu-Fri-Sat-Sun_20260101-20270830,95331,,AMBARNATH,0,,95331,0,0,0
95332,Mon-Tue-Wed-Thu-Fri-Sat-Sun_20260101-20270830,95332,,KALYAN JN,0,,95332,0,0,0
95333,Mon-Tue-Wed-Thu-Fri-Sat-Sun_20260819-20270830,95333,,AMBARNATH,0,,95333,0,0,0
95334,Mon-Tue-Wed-Thu-Fri-Sat_20260101-20270830,95334,,KALYAN JN,0,,95334,0,0,0
95335,Mon-Tue-Wed-Thu-Fri-Sat-Sun_20260819-20270830,95335,,AMBARNATH,0,,95335,0,0,0
95336,Mon-Tue-Wed-Thu-Fri-Sat_20260101-20270830,95336,,KALYAN JN,0,,95336,0,0,0
95338,Mon-Tue-Wed-Thu-Fri-Sat-Sun_20260101-20270830,95338,,KALYAN JN,0,,95338,0,0,0
95340,Mon-Tue-Wed-Thu-Fri-Sat-Sun_20260101-20270830,95340,,KALYAN JN,0,,95340,0,0,0
95342,Mon-Tue-Wed-Thu-Fri-Sat_20260101-20270830,95342,,KALYAN JN,0,,95342,0,0,0
95344,Mon-Tue-Wed-Thu-Fri-Sat-Sun_20260819-20270830,95344,,KALYAN JN,0,,95344,0,0,0
95401,Mon-Tue-Wed-Thu-Fri-Sat-Sun_20260101-20270830,95401,,KASARA,0,,95401,0,0,0
95402,Mon-Tue-Wed-Thu-Fri-Sat-Sun_20260101-20270830,95402,,KALYAN JN,0,,95402,0,0,0
95403,Mon-Tue-Wed-Thu-Fri-Sat-Sun_20260101-20270830,95403,,KASARA,0,,95403,0,0,0
95404,Mon-Tue-Wed-Thu-Fri-Sat-Sun_20260101-20270830,95404,,KALYAN JN,0,,95404,0,0,0
95405,Mon-Tue-Wed-Thu-Fri-Sat-Sun_20260101-20270830,95405,,KASARA,0,,95405,0,0,0
95406,Mon-Tue-Wed-Thu-Fri-Sat-Sun_20260101-20270830,95406,,KALYAN JN,0,,95406,0,0,0
95407,Mon-Tue-Wed-Thu-Fri-Sat-Sun_20260101-20270830,95407,,KASARA,0,,95407,0,0,0
95408,Mon-Tue-Wed-Thu-Fri-Sat-Sun_20260101-20270830,95408,,KALYAN JN,0,,95408,0,0,0
95409,Mon-Tue-Wed-Thu-Fri-Sat-Sun_20260101-20270830,95409,,KASARA,0,,95409,0,0,0
95410,Mon-Tue-Wed-Thu-Fri-Sat-Sun_20260101-20270830,95410,,KALYAN JN,0,,95410,0,0,0
95411,Mon-Tue-Wed-Thu-Fri-Sat-Sun_20260819-20270830,95411,,KASARA,0,,95411,0,0,0
95412,Mon-Tue-Wed-Thu-Fri-Sat-Sun_20260101-20270830,95412,,KALYAN JN,0,,95412,0,0,0
95413,Mon-Tue-Wed-Thu-Fri-Sat-Sun_20260101-20270830,95413,,KASARA,0,,95413,0,0,0
95414,Mon-Tue-Wed-Thu-Fri-Sat-Sun_20260101-20270830,95414,,KALYAN JN,0,,95414,0,0,0
95415,Mon-Tue-Wed-Thu-Fri-Sat-Sun_20260819-20270830,95415,,KASARA,0,,95415,0,0,0
95416,Mon-Tue-Wed-Thu-Fri-Sat-Sun_20260101-20270830,95416,,KALYAN JN,0,,95416,0,0,0
95417,Mon-Tue-Wed-Thu-Fri-Sat-Sun_20260819-20270830,95417,,KASARA,0,,95417,0,0,0
95418,Mon-Tue-Wed-Thu-Fri-Sat-Sun_20260101-20270830,95418,,KALYAN JN,0,,95418,0,0,0
95419,Mon-Tue-Wed-Thu-Fri-Sat-Sun_20260101-20270830,95419,,KASARA,0,,95419,0,0,0
95420,Mon-Tue-Wed-Thu-Fri-Sat-Sun_20260101-20270830,95420,,KALYAN JN,0,,95420,0,0,0
95421,Mon-Tue-Wed-Thu-Fri-Sat-Sun_20260819-20270830,95421,,KASARA,0,,95421,0,0,0
95422,Mon-Tue-Wed-Thu-Fri-Sat-Sun_20260101-20270830,95422,,KALYAN JN,0,,95422,0,0,0
95423,Mon-Tue-Wed-Thu-Fri-Sat-Sun_20260101-20270830,95423,,KASARA,0,,95423,0,0,0
95424,Mon-Tue-Wed-Thu-Fri-Sat-Sun_20260101-20270830,95424,,KALYAN JN,0,,95424,0,0,0
95426,Mon-Tue-Wed-Thu-Fri-Sat-Sun_20260101-20270830,95426,,KALYAN JN,0,,95426,0,0,0
95428,Mon-Tue-Wed-Thu-Fri-Sat-Sun_20260101-20270830,95428,,KALYAN JN,0,,95428,0,0,0
95430,Mon-Tue-Wed-Thu-Fri-Sat-Sun_20260101-20270830,95430,,KALYAN JN,0,,95430,0,0,0
95501,Mon-Tue-Wed-Thu-Fri-Sat-Sun_20260101-20270830,95501,,ASANGAON,0,,95501,0,0,0
95502,Mon-Tue-Wed-Thu-Fri-Sat-Sun_20260101-20270830,95502,,KALYAN JN,0,,95502,0,0,0
95503,Mon-Tue-Wed-Thu-Fri-Sat-Sun_20260101-20270830,95503,,ASANGAON,0,,95503,0,0,0
95504,Mon-Tue-Wed-Thu-Fri-Sat-Sun_20260101-20270830,95504,,KALYAN JN,0,,95504,0,0,0
95505,Mon-Tue-Wed-Thu-Fri-Sat-Sun_20260819-20270830,95505,,ASANGAON,0,,95505,0,0,0
95506,Mon-Tue-Wed-Thu-Fri-Sat-Sun_20260101-20270830,95506,,KALYAN JN,0,,95506,0,0,0
95507,Mon-Tue-Wed-Thu-Fri-Sat-Sun_20260101-20270830,95507,,ASANGAON,0,,95507,0,0,0
95508,Mon-Tue-Wed-Thu-Fri-Sat-Sun_20260101-20270830,95508,,KALYAN JN,0,,95508,0,0,0
95509,Mon-Tue-Wed-Thu-Fri-Sat-Sun_20260101-20270830,95509,,ASANGAON,0,,95509,0,0,0
95510,Mon-Tue-Wed-Thu-Fri-Sat-Sun_20260101-20270830,95510,,KALYAN JN,0,,95510,0,0,0
95511,Mon-Tue-Wed-Thu-Fri-Sat-Sun_20260101-20270830,95511,,ASANGAON,0,,95511,0,0,0
95512,Mon-Tue-Wed-Thu-Fri-Sat-Sun_20260101-20270830,95512,,KALYAN JN,0,,95512,0,0,0
95513,Mon-Tue-Wed-Thu-Fri-Sat-Sun_20260101-20270830,95513,,ASANGAON,0,,95513,0,0,0
95514,Mon-Tue-Wed-Thu-Fri-Sat-Sun_20260101-20270830,95514,,KALYAN JN,0,,95514,0,0,0
95515,Mon-Tue-Wed-Thu-Fri-Sat-Sun_20260101-20270830,95515,,ASANGAON,0,,95515,0,0,0
95516,Mon-Tue-Wed-Thu-Fri-Sat-Sun_20260101-20270830,95516,,KALYAN JN,0,,95516,0,0,0
95517,Mon-Tue-Wed-Thu-Fri-Sat-Sun_20260101-20270830,95517,,ASANGAON,0,,95517,0,0,0
95601,Mon-Tue-Wed-Thu-Fri-Sat-Sun_20260101-20270830,95601,,TITVALA,0,,95601,0,0,0
95602,Mon-Tue-Wed-Thu-Fri-Sat-Sun_20260101-20270830,95602,,KALYAN JN,0,,95602,0,0,0
95603,Mon-Tue-Wed-Thu-Fri-Sat-Sun_20260101-20270830,95603,,TITVALA,0,,95603,0,0,0
95604,Mon-Tue-Wed-Thu-Fri-Sat-Sun_20260101-20270830,95604,,KALYAN JN,0,,95604,0,0,0
95605,Mon-Tue-Wed-Thu-Fri-Sat-Sun_20260101-20270830,95605,,TITVALA,0,,95605,0,0,0
95606,Mon-Tue-Wed-Thu-Fri-Sat_20260101-20270830,95606,,KALYAN JN,0,,95606,0,0,0
95607,Mon-Tue-Wed-Thu-Fri-Sat-Sun_20260101-20270830,95607,,TITVALA,0,,95607,0,0,0
95608,Mon-Tue-Wed-Thu-Fri-Sat-Sun_20260101-20270830,95608,,KALYAN JN,0,,95608,0,0,0
95609,Mon-Tue-Wed-Thu-Fri-Sat-Sun_20260101-20270830,95609,,TITVALA,0,,95609,0,0,0
95610,Mon-Tue-Wed-Thu-Fri-Sat-Sun_20260101-20270830,95610,,KALYAN JN,0,,95610,0,0,0
95611,Mon-Tue-Wed-Thu-Fri-Sat-Sun_20260101-20270830,95611,,TITVALA,0,,95611,0,0,0
95612,Mon-Tue-Wed-Thu-Fri-Sat-Sun_20260101-20270830,95612,,KALYAN JN,0,,95612,0,0,0
95613,Mon-Tue-Wed-Thu-Fri-Sat-Sun_20260101-20270830,95613,,TITVALA,0,,95613,0,0,0
95614,Mon-Tue-Wed-Thu-Fri-Sat-Sun_20260101-20270830,95614,,KALYAN JN,0,,95614,0,0,0
95615,Mon-Tue-Wed-Thu-Fri-Sat-Sun_20260101-20270830,95615,,TITVALA,0,,95615,0,0,0
95616,Mon-Tue-Wed-Thu-Fri-Sat-Sun_20260101-20270830,95616,,KALYAN JN,0,,95616,0,0,0
95617,Mon-Tue-Wed-Thu-Fri-Sat-Sun_20260101-20270830,95617,,TITVALA,0,,95617,0,0,0
95619,Mon-Tue-Wed-Thu-Fri-Sat-Sun_20260101-20270830,95619,,TITVALA,0,,95619,0,0,0
95621,Mon-Tue-Wed-Thu-Fri-Sat-Sun_20260819-20270830,95621,,TITVALA,0,,95621,0,0,0
95623,Mon-Tue-Wed-Thu-Fri-Sat-Sun_20260101-20270830,95623,,TITVALA,0,,95623,0,0,0
96001,Mon-Tue-Wed-Thu-Fri-Sat-Sun_20260101-20270830,96001,,PALASDHARI,0,,96001,0,0,0
96002,Mon-Tue-Wed-Thu-Fri-Sat-Sun_20260101-20270830,96002,,KARJAT,0,,96002,0,0,0
96003,Mon-Tue-Wed-Thu-Fri-Sat-Sun_20260819-20270830,96003,,PALASDHARI,0,,96003,0,0,0
96004,Mon-Tue-Wed-Thu-Fri-Sat-Sun_20260101-20270830,96004,,KARJAT,0,,96004,0,0,0
96005,Mon-Tue-Wed-Thu-Fri-Sat-Sun_20260101-20270830,96005,,PALASDHARI,0,,96005,0,0,0
96006,Mon-Tue-Wed-Thu-Fri-Sat-Sun_20260101-20270830,96006,,KARJAT,0,,96006,0,0,0
96007,Mon-Tue-Wed-Thu-Fri-Sat-Sun_20260101-20270830,96007,,PALASDHARI,0,,96007,0,0,0
96008,Mon-Tue-Wed-Thu-Fri-Sat-Sun_20260101-20270830,96008,,KARJAT,0,,96008,0,0,0
96009,Mon-Tue-Wed-Thu-Fri-Sat-Sun_20260101-20270830,96009,,PALASDHARI,0,,96009,0,0,0
96010,Mon-Tue-Wed-Thu-Fri-Sat-Sun_20260101-20270830,96010,,KARJAT,0,,96010,0,0,0
96011,Mon-Tue-Wed-Thu-Fri-Sat-Sun_20260101-20270830,96011,,PALASDHARI,0,,96011,0,0,0
96012,Mon-Tue-Wed-Thu-Fri-Sat-Sun_20260101-20270830,96012,,KARJAT,0,,96012,0,0,0
96013,Mon-Tue-Wed-Thu-Fri-Sat-Sun_20260101-20270830,96013,,PALASDHARI,0,,96013,0,0,0
96014,Mon-Tue-Wed-Thu-Fri-Sat-Sun_20260101-20270830,96014,,KARJAT,0,,96014,0,0,0
96015,Mon-Tue-Wed-Thu-Fri-Sat-Sun_20260101-20270830,96015,,PALASDHARI,0,,96015,0,0,0
96016,Mon-Tue-Wed-Thu-Fri-Sat-Sun_20260101-20270830,96016,,KARJAT,0,,96016,0,0,0
96018,Mon-Tue-Wed-Thu-Fri-Sat-Sun_20260101-20270830,96018,,KARJAT,0,,96018,0,0,0
96019,Mon-Tue-Wed-Thu-Fri-Sat-Sun_20260101-20270830,96019,,PALASDHARI,0,,96019,0,0,0
96020,Mon-Tue-Wed-Thu-Fri-Sat-Sun_20260101-20270830,96020,,KALYAN JN,0,,96020,0,0,0
96022,Mon-Tue-Wed-Thu-Fri-Sat-Sun_20260101-20270830,96022,,KARJAT,0,,96022,0,0,0
96101,Mon-Tue-Wed-Thu-Fri-Sat-Sun_20260101-20270830,96101,,KARJAT,0,,96101,0,0,0
96102,Mon-Tue-Wed-Thu-Fri-Sat-Sun_20260101-20270830,96102,,KALYAN JN,0,,96102,0,0,0
96103,Mon-Tue-Wed-Thu-Fri-Sat-Sun_20260101-20270830,96103,,KARJAT,0,,96103,0,0,0
96104,Mon-Tue-Wed-Thu-Fri-Sat-Sun_20260101-20270830,96104,,KALYAN JN,0,,96104,0,0,0
96105,Mon-Tue-Wed-Thu-Fri-Sat-Sun_20260101-20270830,96105,,KARJAT,0,,96105,0,0,0
96106,Mon-Tue-Wed-Thu-Fri-Sat-Sun_20260101-20270830,96106,,KALYAN JN,0,,96106,0,0,0
96107,Mon-Tue-Wed-Thu-Fri-Sat-Sun_20260101-20270830,96107,,KARJAT,0,,96107,0,0,0
96108,Mon-Tue-Wed-Thu-Fri-Sat-Sun_20260101-20270830,96108,,KALYAN JN,0,,96108,0,0,0
96109,Mon-Tue-Wed-Thu-Fri-Sat-Sun_20260101-20270830,96109,,KARJAT,0,,96109,0,0,0
96110,Mon-Tue-Wed-Thu-Fri-Sat-Sun_20260101-20270830,96110,,KALYAN JN,0,,96110,0,0,0
96111,Mon-Tue-Wed-Thu-Fri-Sat-Sun_20260101-20270830,96111,,KARJAT,0,,96111,0,0,0
96113,Mon-Tue-Wed-Thu-Fri-Sat-Sun_20260101-20270830,96113,,KARJAT,0,,96113,0,0,0
96115,Mon-Tue-Wed-Thu-Fri-Sat-Sun_20260101-20270830,96115,,KARJAT,0,,96115,0,0,0
96201,Mon-Tue-Wed-Thu-Fri-Sat-Sun_20260101-20270830,96201,,BADLAPUR,0,,96201,0,0,0
96202,Mon-Tue-Wed-Thu-Fri-Sat-Sun_20260819-20270830,96202,,KALYAN JN,0,,96202,0,0,0
96203,Mon-Tue-Wed-Thu-Fri-Sat-Sun_20260101-20270830,96203,,BADLAPUR,0,,96203,0,0,0
96204,Mon-Tue-Wed-Thu-Fri-Sat-Sun_20260819-20270830,96204,,KALYAN JN,0,,96204,0,0,0
96205,Mon-Tue-Wed-Thu-Fri-Sat-Sun_20260101-20270830,96205,,BADLAPUR,0,,96205,0,0,0
96206,Mon-Tue-Wed-Thu-Fri-Sat-Sun_20260819-20270830,96206,,KALYAN JN,0,,96206,0,0,0
96207,Mon-Tue-Wed-Thu-Fri-Sat-Sun_20260101-20270830,96207,,BADLAPUR,0,,96207,0,0,0
96208,Mon-Tue-Wed-Thu-Fri-Sat-Sun_20260819-20270830,96208,,KALYAN JN,0,,96208,0,0,0
96209,Mon-Tue-Wed-Thu-Fri-Sat-Sun_20260101-20270830,96209,,BADLAPUR,0,,96209,0,0,0
96210,Mon-Tue-Wed-Thu-Fri-Sat-Sun_20260819-20270830,96210,,KALYAN JN,0,,96210,0,0,0
96211,Mon-Tue-Wed-Thu-Fri-Sat-Sun_20260101-20270830,96211,,BADLAPUR,0,,96211,0,0,0
96212,Mon-Tue-Wed-Thu-Fri-Sat-Sun_20260101-20270830,96212,,KALYAN JN,0,,96212,0,0,0
96213,Mon-Tue-Wed-Thu-Fri-Sat-Sun_20260101-20270830,96213,,BADLAPUR,0,,96213,0,0,0
96214,Mon-Tue-Wed-Thu-Fri-Sat-Sun_20260101-20270830,96214,,KALYAN JN,0,,96214,0,0,0
96215,Mon-Tue-Wed-Thu-Fri-Sat-Sun_20260101-20270830,96215,,BADLAPUR,0,,96215,0,0,0
96216,Mon-Tue-Wed-Thu-Fri-Sat-Sun_20260101-20270830,96216,,KALYAN JN,0,,96216,0,0,0
96217,Mon-Tue-Wed-Thu-Fri-Sat-Sun_20260101-20270830,96217,,BADLAPUR,0,,96217,0,0,0
96218,Mon-Tue-Wed-Thu-Fri-Sat-Sun_20260819-20270830,96218,,KALYAN JN,0,,96218,0,0,0
96219,Mon-Tue-Wed-Thu-Fri-Sat-Sun_20260101-20270830,96219,,BADLAPUR,0,,96219,0,0,0
96220,Mon-Tue-Wed-Thu-Fri-Sat-Sun_20260819-20270830,96220,,KALYAN JN,0,,96220,0,0,0
96221,Mon-Tue-Wed-Thu-Fri-Sat-Sun_20260101-20270830,96221,,BADLAPUR,0,,96221,0,0,0
96222,Mon-Tue-Wed-Thu-Fri-Sat-Sun_20260819-20270830,96222,,KALYAN JN,0,,96222,0,0,0
96223,Mon-Tue-Wed-Thu-Fri-Sat-Sun_20260101-20270830,96223,,BADLAPUR,0,,96223,0,0,0
96224,Mon-Tue-Wed-Thu-Fri-Sat-Sun_20260819-20270830,96224,,KALYAN JN,0,,96224,0,0,0
96225,Mon-Tue-Wed-Thu-Fri-Sat-Sun_20260101-20270830,96225,,BADLAPUR,0,,96225,0,0,0
96226,Mon-Tue-Wed-Thu-Fri-Sat-Sun_20260819-20270830,96226,,KALYAN JN,0,,96226,0,0,0
96227,Mon-Tue-Wed-Thu-Fri-Sat-Sun_20260101-20270830,96227,,BADLAPUR,0,,96227,0,0,0
96228,Mon-Tue-Wed-Thu-Fri-Sat-Sun_20260819-20270830,96228,,KALYAN JN,0,,96228,0,0,0
96229,Mon-Tue-Wed-Thu-Fri-Sat-Sun_20260101-20270830,96229,,BADLAPUR,0,,96229,0,0,0
96230,Mon-Tue-Wed-Thu-Fri-Sat-Sun_20260819-20270830,96230,,KALYAN JN,0,,96230,0,0,0
96301,Mon-Tue-Wed-Thu-Fri-Sat-Sun_20260101-20270830,96301,,AMBARNATH,0,,96301,0,0,0
96302,Mon-Tue-Wed-Thu-Fri-Sat-Sun_20260101-20270830,96302,,KALYAN JN,0,,96302,0,0,0
96303,Mon-Tue-Wed-Thu-Fri-Sat_20260101-20270830,96303,,AMBARNATH,0,,96303,0,0,0
96304,Mon-Tue-Wed-Thu-Fri-Sat-Sun_20260819-20270830,96304,,KALYAN JN,0,,96304,0,0,0
96305,Mon-Tue-Wed-Thu-Fri-Sat-Sun_20260101-20270830,96305,,AMBARNATH,0,,96305,0,0,0
96306,Mon-Tue-Wed-Thu-Fri-Sat-Sun_20260819-20270830,96306,,KALYAN JN,0,,96306,0,0,0
96307,Mon-Tue-Wed-Thu-Fri-Sat-Sun_20260101-20270830,96307,,AMBARNATH,0,,96307,0,0,0
96308,Mon-Tue-Wed-Thu-Fri-Sat-Sun_20260819-20270830,96308,,KALYAN JN,0,,96308,0,0,0
96309,Mon-Tue-Wed-Thu-Fri-Sat-Sun_20260101-20270830,96309,,AMBARNATH,0,,96309,0,0,0
96310,Mon-Tue-Wed-Thu-Fri-Sat-Sun_20260819-20270830,96310,,KALYAN JN,0,,96310,0,0,0
96311,Mon-Tue-Wed-Thu-Fri-Sat-Sun_20260101-20270830,96311,,AMBARNATH,0,,96311,0,0,0
96312,Mon-Tue-Wed-Thu-Fri-Sat-Sun_20260101-20270830,96312,,KALYAN JN,0,,96312,0,0,0
96313,Mon-Tue-Wed-Thu-Fri-Sat_20260101-20270830,96313,,AMBARNATH,0,,96313,0,0,0
96314,Mon-Tue-Wed-Thu-Fri-Sat_20260819-20270830,96314,,KALYAN JN,0,,96314,0,0,0
96315,Mon-Tue-Wed-Thu-Fri-Sat-Sun_20260101-20270830,96315,,AMBARNATH,0,,96315,0,0,0
96316,Mon-Tue-Wed-Thu-Fri-Sat-Sun_20260819-20270830,96316,,KALYAN JN,0,,96316,0,0,0
96317,Mon-Tue-Wed-Thu-Fri-Sat-Sun_20260428-20270830,96317,,AMBARNATH,0,,96317,0,0,0
96318,Mon-Tue-Wed-Thu-Fri-Sat-Sun_20260101-20270830,96318,,KALYAN JN,0,,96318,0,0,0
96319,Mon-Tue-Wed-Thu-Fri-Sat-Sun_20260101-20270830,96319,,AMBARNATH,0,,96319,0,0,0
96320,Mon-Tue-Wed-Thu-Fri-Sat-Sun_20260101-20270830,96320,,KALYAN JN,0,,96320,0,0,0
96321,Mon-Tue-Wed-Thu-Fri-Sat-Sun_20260101-20270830,96321,,AMBARNATH,0,,96321,0,0,0
96322,Mon-Tue-Wed-Thu-Fri-Sat-Sun_20260101-20270830,96322,,KALYAN JN,0,,96322,0,0,0
96323,Mon-Tue-Wed-Thu-Fri-Sat-Sun_20260101-20270830,96323,,AMBARNATH,0,,96323,0,0,0
96325,Mon-Tue-Wed-Thu-Fri-Sat-Sun_20260101-20270830,96325,,AMBARNATH,0,,96325,0,0,0
96326,Mon-Tue-Wed-Thu-Fri-Sat-Sun_20260101-20270830,96326,,KALYAN JN,0,,96326,0,0,0
96327,Mon-Tue-Wed-Thu-Fri-Sat_20260101-20270830,96327,,AMBARNATH,0,,96327,0,0,0
96328,Mon-Tue-Wed-Thu-Fri-Sat-Sun_20260101-20270830,96328,,KALYAN JN,0,,96328,0,0,0
96329,Mon-Tue-Wed-Thu-Fri-Sat-Sun_20260101-20270830,96329,,AMBARNATH,0,,96329,0,0,0
96330,Mon-Tue-Wed-Thu-Fri-Sat-Sun_20260101-20270830,96330,,KALYAN JN,0,,96330,0,0,0
96331,Mon-Tue-Wed-Thu-Fri-Sat-Sun_20260101-20270830,96331,,AMBARNATH,0,,96331,0,0,0
96332,Mon-Tue-Wed-Thu-Fri-Sat-Sun_20260101-20270830,96332,,KALYAN JN,0,,96332,0,0,0
96333,Mon-Tue-Wed-Thu-Fri-Sat-Sun_20260101-20270830,96333,,AMBARNATH,0,,96333,0,0,0
96335,Mon-Tue-Wed-Thu-Fri-Sat-Sun_20260101-20270830,96335,,AMBARNATH,0,,96335,0,0,0
96337,Mon-Tue-Wed-Thu-Fri-Sat-Sun_20260101-20270830,96337,,AMBARNATH,0,,96337,0,0,0
96339,Mon-Tue-Wed-Thu-Fri-Sat-Sun_20260819-20270830,96339,,AMBARNATH,0,,96339,0,0,0
96341,Mon-Tue-Wed-Thu-Fri-Sat-Sun_20260101-20270830,96341,,AMBARNATH,0,,96341,0,0,0
96401,Mon-Tue-Wed-Thu-Fri-Sat-Sun_20260101-20270830,96401,,KASARA,0,,96401,0,0,0
96402,Mon-Tue-Wed-Thu-Fri-Sat-Sun_20260101-20270830,96402,,KALYAN JN,0,,96402,0,0,0
96403,Mon-Tue-Wed-Thu-Fri-Sat-Sun_20260101-20270830,96403,,KASARA,0,,96403,0,0,0
96404,Mon-Tue-Wed-Thu-Fri-Sat-Sun_20260101-20270830,96404,,KALYAN JN,0,,96404,0,0,0
96405,Mon-Tue-Wed-Thu-Fri-Sat-Sun_20260101-20270830,96405,,KASARA,0,,96405,0,0,0
96406,Mon-Tue-Wed-Thu-Fri-Sat-Sun_20260101-20270830,96406,,KALYAN JN,0,,96406,0,0,0
96407,Mon-Tue-Wed-Thu-Fri-Sat-Sun_20260101-20270830,96407,,KASARA,0,,96407,0,0,0
96409,Mon-Tue-Wed-Thu-Fri-Sat-Sun_20260819-20270830,96409,,KASARA,0,,96409,0,0,0
96411,Mon-Tue-Wed-Thu-Fri-Sat-Sun_20260819-20270830,96411,,KASARA,0,,96411,0,0,0
96501,Mon-Tue-Wed-Thu-Fri-Sat-Sun_20260101-20270830,96501,,ASANGAON,0,,96501,0,0,0
96502,Mon-Tue-Wed-Thu-Fri-Sat-Sun_20260101-20270830,96502,,KALYAN JN,0,,96502,0,0,0
96503,Mon-Tue-Wed-Thu-Fri-Sat-Sun_20260101-20270830,96503,,ASANGAON,0,,96503,0,0,0
96504,Mon-Tue-Wed-Thu-Fri-Sat-Sun_20260101-20270830,96504,,KALYAN JN,0,,96504,0,0,0
96505,Mon-Tue-Wed-Thu-Fri-Sat-Sun_20260101-20270830,96505,,ASANGAON,0,,96505,0,0,0
96506,Mon-Tue-Wed-Thu-Fri-Sat-Sun_20260101-20270830,96506,,KALYAN JN,0,,96506,0,0,0
96507,Mon-Tue-Wed-Thu-Fri-Sat-Sun_20260101-20270830,96507,,ASANGAON,0,,96507,0,0,0
96508,Mon-Tue-Wed-Thu-Fri-Sat-Sun_20260101-20270830,96508,,KALYAN JN,0,,96508,0,0,0
96509,Mon-Tue-Wed-Thu-Fri-Sat-Sun_20260101-20270830,96509,,ASANGAON,0,,96509,0,0,0
96510,Mon-Tue-Wed-Thu-Fri-Sat-Sun_20260101-20270830,96510,,KALYAN JN,0,,96510,0,0,0
96511,Mon-Tue-Wed-Thu-Fri-Sat-Sun_20260101-20270830,96511,,ASANGAON,0,,96511,0,0,0
96512,Mon-Tue-Wed-Thu-Fri-Sat-Sun_20260101-20270830,96512,,KALYAN JN,0,,96512,0,0,0
96513,Mon-Tue-Wed-Thu-Fri-Sat-Sun_20260101-20270830,96513,,ASANGAON,0,,96513,0,0,0
96514,Mon-Tue-Wed-Thu-Fri-Sat-Sun_20260101-20270830,96514,,KALYAN JN,0,,96514,0,0,0
96515,Mon-Tue-Wed-Thu-Fri-Sat-Sun_20260101-20270830,96515,,ASANGAON,0,,96515,0,0,0
96516,Mon-Tue-Wed-Thu-Fri-Sat-Sun_20260101-20270830,96516,,KALYAN JN,0,,96516,0,0,0
96517,Mon-Tue-Wed-Thu-Fri-Sat-Sun_20260101-20270830,96517,,ASANGAON,0,,96517,0,0,0
96518,Mon-Tue-Wed-Thu-Fri-Sat-Sun_20260101-20270830,96518,,KALYAN JN,0,,96518,0,0,0
96519,Mon-Tue-Wed-Thu-Fri-Sat-Sun_20260101-20270830,96519,,ASANGAON,0,,96519,0,0,0
96520,Mon-Tue-Wed-Thu-Fri-Sat-Sun_20260101-20270830,96520,,KALYAN JN,0,,96520,0,0,0
96522,Mon-Tue-Wed-Thu-Fri-Sat-Sun_20260101-20270830,96522,,KALYAN JN,0,,96522,0,0,0
96601,Mon-Tue-Wed-Thu-Fri-Sat-Sun_20260101-20270830,96601,,TITVALA,0,,96601,0,0,0
96602,Mon-Tue-Wed-Thu-Fri-Sat-Sun_20260101-20270830,96602,,KALYAN JN,0,,96602,0,0,0
96603,Mon-Tue-Wed-Thu-Fri-Sat-Sun_20260101-20270830,96603,,TITVALA,0,,96603,0,0,0
96604,Mon-Tue-Wed-Thu-Fri-Sat-Sun_20260101-20270830,96604,,KALYAN JN,0,,96604,0,0,0
96605,Mon-Tue-Wed-Thu-Fri-Sat-Sun_20260101-20270830,96605,,TITVALA,0,,96605,0,0,0
96606,Mon-Tue-Wed-Thu-Fri-Sat-Sun_20260101-20270830,96606,,KALYAN JN,0,,96606,0,0,0
96607,Mon-Tue-Wed-Thu-Fri-Sat-Sun_20260101-20270830,96607,,TITVALA,0,,96607,0,0,0
96608,Mon-Tue-Wed-Thu-Fri-Sat-Sun_20260101-20270830,96608,,KALYAN JN,0,,96608,0,0,0
96609,Mon-Tue-Wed-Thu-Fri-Sat-Sun_20260101-20270830,96609,,TITVALA,0,,96609,0,0,0
96610,Mon-Tue-Wed-Thu-Fri-Sat-Sun_20260101-20270830,96610,,KALYAN JN,0,,96610,0,0,0
96611,Mon-Tue-Wed-Thu-Fri-Sat_20260101-20270830,96611,,TITVALA,0,,96611,0,0,0
96612,Mon-Tue-Wed-Thu-Fri-Sat-Sun_20260101-20270830,96612,,KALYAN JN,0,,96612,0,0,0
96613,Mon-Tue-Wed-Thu-Fri-Sat-Sun_20260101-20270830,96613,,TITVALA,0,,96613,0,0,0
96614,Mon-Tue-Wed-Thu-Fri-Sat-Sun_20260101-20270830,96614,,KALYAN JN,0,,96614,0,0,0
96615,Mon-Tue-Wed-Thu-Fri-Sat-Sun_20260101-20270830,96615,,TITVALA,0,,96615,0,0,0
96616,Mon-Tue-Wed-Thu-Fri-Sat-Sun_20260101-20270830,96616,,KALYAN JN,0,,96616,0,0,0
96617,Mon-Tue-Wed-Thu-Fri-Sat-Sun_20260101-20270830,96617,,TITVALA,0,,96617,0,0,0
96618,Mon-Tue-Wed-Thu-Fri-Sat_20260101-20270830,96618,,KALYAN JN,0,,96618,0,0,0
96619,Mon-Tue-Wed-Thu-Fri-Sat-Sun_20260101-20270830,96619,,TITVALA,0,,96619,0,0,0
96620,Mon-Tue-Wed-Thu-Fri-Sat-Sun_20260101-20270830,96620,,KALYAN JN,0,,96620,0,0,0
96621,Mon-Tue-Wed-Thu-Fri-Sat-Sun_20260101-20270830,96621,,TITVALA,0,,96621,0,0,0
96622,Mon-Tue-Wed-Thu-Fri-Sat-Sun_20260101-20270830,96622,,KALYAN JN,0,,96622,0,0,0
96623,Mon-Tue-Wed-Thu-Fri-Sat-Sun_20260101-20270830,96623,,TITVALA,0,,96623,0,0,0
96624,Mon-Tue-Wed-Thu-Fri-Sat-Sun_20260101-20270830,96624,,KALYAN JN,0,,96624,0,0,0
96625,Mon-Tue-Wed-Thu-Fri-Sat-Sun_20260101-20270830,96625,,TITVALA,0,,96625,0,0,0
96626,Mon-Tue-Wed-Thu-Fri-Sat-Sun_20260101-20270830,96626,,KALYAN JN,0,,96626,0,0,0
96627,Mon-Tue-Wed-Thu-Fri-Sat-Sun_20260101-20270830,96627,,TITVALA,0,,96627,0,0,0
96628,Mon-Tue-Wed-Thu-Fri-Sat-Sun_20260101-20270830,96628,,KALYAN JN,0,,96628,0,0,0
96629,Mon-Tue-Wed-Thu-Fri-Sat-Sun_20260819-20270830,96629,,TITVALA,0,,96629,0,0,0
96630,Mon-Tue-Wed-Thu-Fri-Sat-Sun_20260101-20270830,96630,,KALYAN JN,0,,96630,0,0,0
96631,Mon-Tue-Wed-Thu-Fri-Sat-Sun_20260101-20270830,96631,,TITVALA,0,,96631,0,0,0
96632,Mon-Tue-Wed-Thu-Fri-Sat-Sun_20260101-20270830,96632,,KALYAN JN,0,,96632,0,0,0
96633,Mon-Tue-Wed-Thu-Fri-Sat-Sun_20260101-20270830,96633,,TITVALA,0,,96633,0,0,0
96634,Mon-Tue-Wed-Thu-Fri-Sat-Sun_20260101-20270830,96634,,KALYAN JN,0,,96634,0,0,0
96635,Mon-Tue-Wed-Thu-Fri-Sat-Sun_20260101-20270830,96635,,TITVALA,0,,96635,0,0,0
96636,Mon-Tue-Wed-Thu-Fri-Sat-Sun_20260101-20270830,96636,,KALYAN JN,0,,96636,0,0,0
96637,Mon-Tue-Wed-Thu-Fri-Sat-Sun_20260101-20270830,96637,,TITVALA,0,,96637,0,0,0
96638,Mon-Tue-Wed-Thu-Fri-Sat-Sun_20260101-20270830,96638,,KALYAN JN,0,,96638,0,0,0
96639,Mon-Tue-Wed-Thu-Fri-Sat-Sun_20260101-20270830,96639,,TITVALA,0,,96639,0,0,0
96640,Mon-Tue-Wed-Thu-Fri-Sat-Sun_20260101-20270830,96640,,KALYAN JN,0,,96640,0,0,0
96641,Mon-Tue-Wed-Thu-Fri-Sat-Sun_20260101-20270830,96641,,TITVALA,0,,96641,0,0,0
96642,Mon-Tue-Wed-Thu-Fri-Sat-Sun_20260101-20270830,96642,,KALYAN JN,0,,96642,0,0,0
96643,Mon-Tue-Wed-Thu-Fri-Sat-Sun_20260101-20270830,96643,,TITVALA,0,,96643,0,0,0
96644,Mon-Tue-Wed-Thu-Fri-Sat-Sun_20260101-20270830,96644,,KALYAN JN,0,,96644,0,0,0
96645,Mon-Tue-Wed-Thu-Fri-Sat-Sun_20260101-20270830,96645,,TITVALA,0,,96645,0,0,0
96646,Mon-Tue-Wed-Thu-Fri-Sat-Sun_20260101-20270830,96646,,KALYAN JN,0,,96646,0,0,0
96647,Mon-Tue-Wed-Thu-Fri-Sat-Sun_20260101-20270830,96647,,TITVALA,0,,96647,0,0,0
96648,Mon-Tue-Wed-Thu-Fri-Sat-Sun_20260101-20270830,96648,,KALYAN JN,0,,96648,0,0,0
96649,Mon-Tue-Wed-Thu-Fri-Sat-Sun_20260101-20270830,96649,,TITVALA,0,,96649,0,0,0
96650,Mon-Tue-Wed-Thu-Fri-Sat-Sun_20260101-20270830,96650,,KALYAN JN,0,,96650,0,0,0
96651,Mon-Tue-Wed-Thu-Fri-Sat-Sun_20260101-20270830,96651,,TITVALA,0,,96651,0,0,0
96652,Mon-Tue-Wed-Thu-Fri-Sat-Sun_20260101-20270830,96652,,KALYAN JN,0,,96652,0,0,0
96653,Mon-Tue-Wed-Thu-Fri-Sat-Sun_20260101-20270830,96653,,TITVALA,0,,96653,0,0,0
96654,Mon-Tue-Wed-Thu-Fri-Sat-Sun_20260101-20270830,96654,,KALYAN JN,0,,96654,0,0,0
96655,Mon-Tue-Wed-Thu-Fri-Sat-Sun_20260101-20270830,96655,,TITVALA,0,,96655,0,0,0
96656,Mon-Tue-Wed-Thu-Fri-Sat-Sun_20260101-20270830,96656,,KALYAN JN,0,,96656,0,0,0
96658,Mon-Tue-Wed-Thu-Fri-Sat-Sun_20260101-20270830,96658,,KALYAN JN,0,,96658,0,0,0
96660,Mon-Tue-Wed-Thu-Fri-Sat-Sun_20260101-20270830,96660,,KALYAN JN,0,,96660,0,0,0
96662,Mon-Tue-Wed-Thu-Fri-Sat-Sun_20260819-20270830,96662,,KALYAN JN,0,,96662,0,0,0
97071,Mon-Tue-Wed-Thu-Fri-Sat-Sun_20260101-20270830,97071,,KALYAN JN,0,,97071,0,0,0
97080,Mon-Tue-Wed-Thu-Fri-Sat-Sun_20260101-20270830,97080,,C SHIVAJI MAH T,0,,97080,0,0,0
98109,Mon-Tue-Wed-Thu-Fri-Sat-Sun_20260101-20270830,98109,,PANVEL,0,,98109,0,0,0
98120,Mon-Tue-Wed-Thu-Fri-Sat-Sun_20260101-20270830,98120,,C SHIVAJI MAH T,0,,98120,0,0,0
99801,Mon-Tue-Wed-Thu-Fri-Sat-Sun_20260819-20270830,99801,,PUNE JN,0,,99801,0,0,0
99802,Mon-Tue-Wed-Thu-Fri-Sat-Sun_20260819-20270830,99802,,LONAVALA,0,,99802,0,0,0
99803,Mon-Tue-Wed-Thu-Fri-Sat-Sun_20260819-20270830,99803,,SHIVAJI NAGAR,0,,99803,0,0,0
99804,Mon-Tue-Wed-Thu-Fri-Sat-Sun_20260819-20270830,99804,,LONAVALA,0,,99804,0,0,0
99805,Mon-Tue-Wed-Thu-Fri-Sat-Sun_20260819-20270830,99805,,PUNE JN,0,,99805,0,0,0
99806,Mon-Tue-Wed-Thu-Fri-Sat-Sun_20260819-20270830,99806,,LONAVALA,0,,99806,0,0,0
99807,Mon-Tue-Wed-Thu-Fri-Sat-Sun_20260819-20270830,99807,,PUNE JN,0,,99807,0,0,0
99808,Mon-Tue-Wed-Thu-Fri-Sat-Sun_20260819-20270830,99808,,LONAVALA,0,,99808,0,0,0
99809,Mon-Tue-Wed-Thu-Fri-Sat-Sun_20260819-20270830,99809,,SHIVAJI NAGAR,0,,99809,0,0,0
99810,Mon-Tue-Wed-Thu-Fri-Sat-Sun_20260819-20270830,99810,,LONAVALA,0,,99810,0,0,0
99811,Mon-Tue-Wed-Thu-Fri-Sat_20260819-20270830,99811,,SHIVAJI NAGAR,0,,99811,0,0,0
99812,Mon-Tue-Wed-Thu-Fri-Sat-Sun_20260819-20270830,99812,,LONAVALA,0,,99812,0,0,0
99813,Mon-Tue-Wed-Thu-Fri-Sat-Sun_20260819-20270830,99813,,PUNE JN,0,,99813,0,0,0
99814,Mon-Tue-Wed-Thu-Fri-Sat-Sun_20260819-20270830,99814,,LONAVALA,0,,99814,0,0,0
99815,Mon-Tue-Wed-Thu-Fri-Sat-Sun_20260819-20270830,99815,,SHIVAJI NAGAR,0,,99815,0,0,0
99816,Mon-Tue-Wed-Thu-Fri-Sat-Sun_20260819-20270830,99816,,LONAVALA,0,,99816,0,0,0
99817,Mon-Tue-Wed-Thu-Fri-Sat-Sun_20260819-20270830,99817,,SHIVAJI NAGAR,0,,99817,0,0,0
99818,Mon-Tue-Wed-Thu-Fri-Sat-Sun_20260819-20270830,99818,,LONAVALA,0,,99818,0,0,0
99819,Mon-Tue-Wed-Thu-Fri-Sat-Sun_20260819-20270830,99819,,SHIVAJI NAGAR,0,,99819,0,0,0
99820,Mon-Tue-Wed-Thu-Fri-Sat-Sun_20260819-20270830,99820,,LONAVALA,0,,99820,0,0,0
99821,Mon-Tue-Wed-Thu-Fri-Sat-Sun_20260819-20270830,99821,,PUNE JN,0,,99821,0,0,0
99822,Mon-Tue-Wed-Thu-Fri-Sat-Sun_20260819-20270830,99822,,LONAVALA,0,,99822,0,0,0
99823,Mon-Tue-Wed-Thu-Fri-Sat-Sun_20260819-20270830,99823,,SHIVAJI NAGAR,0,,99823,0,0,0
99824,Mon-Tue-Wed-Thu-Fri-Sat-Sun_20260819-20270830,99824,,LONAVALA,0,,99824,0,0,0
99825,Mon-Tue-Wed-Thu-Fri-Sat-Sun_20260819-20270830,99825,,PUNE JN,0,,99825,0,0,0
99826,Mon-Tue-Wed-Thu-Fri-Sat-Sun_20260819-20270830,99826,,LONAVALA,0,,99826,0,0,0
99827,Mon-Tue-Wed-Thu-Fri-Sat-Sun_20260819-20270830,99827,,PUNE JN,0,,99827,0,0,0
99828,Mon-Tue-Wed-Thu-Fri-Sat-Sun_20260819-20270830,99828,,LONAVALA,0,,99828,0,0,0
99829,Mon-Tue-Wed-Thu-Fri-Sat-Sun_20260819-20270830,99829,,PUNE JN,0,,99829,0,0,0
99830,Mon-Tue-Wed-Thu-Fri-Sat-Sun_20260819-20270830,99830,,LONAVALA,0,,99830,0,0,0
99831,Mon-Tue-Wed-Thu-Fri-Sat-Sun_20260819-20270830,99831,,PUNE JN,0,,99831,0,0,0
99832,Mon-Tue-Wed-Thu-Fri-Sat-Sun_20260819-20270830,99832,,LONAVALA,0,,99832,0,0,0
99833,Mon-Tue-Wed-Thu-Fri-Sat-Sun_20260101-20270830,99833,,PUNE JN,0,,99833,0,0,0
99834,Mon-Tue-Wed-Thu-Fri-Sat-Sun_20260101-20270830,99834,,LONAVALA,0,,99834,0,0,0
99901,Mon-Tue-Wed-Thu-Fri-Sat-Sun_20260101-20270830,99901,,PUNE JN,0,,99901,0,0,0
99902,Mon-Tue-Wed-Thu-Fri-Sat-Sun_20260101-20270830,99902,,TALEGAON,0,,99902,0,0,0
99903,Mon-Tue-Wed-Thu-Fri-Sat-Sun_20260101-20270830,99903,,PUNE JN,0,,99903,0,0,0
99904,Mon-Tue-Wed-Thu-Fri-Sat-Sun_20260101-20270830,99904,,TALEGAON,0,,99904,0,0,0
99905,Mon-Tue-Wed-Thu-Fri-Sat-Sun_20260101-20270830,99905,,PUNE JN,0,,99905,0,0,0
99906,Mon-Tue-Wed-Thu-Fri-Sat-Sun_20260101-20270830,99906,,TALEGAON,0,,99906,0,0,0
99907,Mon-Tue-Wed-Thu-Fri-Sat-Sun_20260101-20270830,99907,,PUNE JN,0,,99907,0,0,0
99908,Mon-Tue-Wed-Thu-Fri-Sat-Sun_20260101-20270830,99908,,TALEGAON,0,,99908,0,0,0
