code,name,lat,lon
AA,ATARIA,27.172786,80.860969
AABH,AMBIKA BHAWANI HALT,25.751932,84.969467
AADR,AMB  ANDAURA,31.670257,76.109921
AAG,ANGAR,17.9545,75.6001
AAGH,ANTAGARH,20.0940232,81.1386294
AAH,ITEHAR,26.5625,78.6836
AAL,AMLAI,23.1731,81.5932
AAM,ANGADIPPURAM,10.979069,76.206923
AAP,AMBIAPUR,26.5149,79.8264
AAR,ADESAR,23.56084,70.982666
AAS,ASRANADA,26.397444,73.305395
AAY,ARALVAYMOLI,8.249207,77.529302
AB,AMBUR,12.7833,78.7216
ABB,ABADA,22.5477,88.1992
ABD,AMBLI ROAD,23.05387,72.493544
ABFC,AMBARI FALAKATA,26.6412,88.5103
ABGM,AMBALGRAM,23.68839,88.081684
ABGT,ARABAGATTA HALT,13.907408,76.134911
ABH,AMBARNATH,19.210042,73.184416
ABI,AMBATURAI,10.2717,77.924
ABKA,AMBIKA KALNA,23.2118,88.3544
ABKP,AMBIKAPUR,23.1368,83.1449
ABLE,AMBALE,18.406818,74.139004
ABO,ASTHAL BOHAR,28.8579,76.6292
ABP,AKBARPUR,26.429998,82.539253
ABR,ABU ROAD,24.471135,72.776055
ABRV,AMBARI RICHHAVI,22.31955,74.272202
ABS,ABOHAR,30.139338,74.193935
ABSA,AMBASA,23.930877,91.861153
ABT,AMBAGARATTUR,10.9534566,79.7246255
ABU,AMBATTUR,13.1141,80.1534
ABW,ABUTARA,26.07814,89.63479
ABX,AMBARI,19.695688,78.227291
ABY,AMBIVLI,19.2673,73.1715
ACG,ACHEGAON,20.976187,75.934217
ACH,ACHALGANJ,26.445,80.5458
ACK,ACHARAPAKKAM,12.4067,79.8216
ACL,ANCHELI,20.8454,72.9452
ACLE,AZIMGANJ CITY,24.2376,88.2585
ACN,ADHICHCHANUR,12.05443,79.182758
ACPR,ARCHIPATHAR,27.707087,94.849262
ACRN,ACHIRNE,16.446711,73.743684
ACU,ACHUARA HALT,25.45273,85.661087
AD,ADONI,15.6167,77.2745
ADB,ADILABAD,19.680414,78.535595
ADD,ADAS ROAD,22.4897,73.0314
ADE,ADARI ROAD,20.986845,70.330868
ADF,ADINA,25.1143,88.1231
ADH,ANDHERI,19.117139,72.846563
ADHL,ADIHALLI,13.2754,76.374
ADI,AHMEDABAD JN,23.025475,72.601476
ADL,ANDUL,22.5754,88.2399
ADPT,ANDIPATTI,9.9938,77.619
ADQ,ADHIKARI,26.577142,88.170132
ADR,MANDI ADAMPUR,29.2828,75.4685
ADRA,ADRA,23.495602,86.674275
ADST,ADI SAPTAGRAM,22.9546,88.379002
ADT,ADUTURAI,11.0086,79.4781
ADTL,ADHARTAL,23.227859,79.972744
ADTP,ADITYAPUR,22.782592,86.159334
ADVI,ADAVALI,16.921673,73.592434
ADX,ADAPUR,26.925131,84.942169
AED,AULENDA,27.0293,77.6127
AEH,ANANT PAITH,26.0354,78.227
AEJ,ARNEJ,22.581918,72.268152
AEK,ANEKAL ROAD,12.7234,77.7102
AEL,ATELI,28.0999,76.2529
AEX,ADDERI,14.1409,75.1578
AF,AGRA FORT,27.183188,78.01898
AFK,ANGAMALI,10.1834,76.3776
AFR,ASAFPUR,28.405293,78.905697
AG,ARANGHATA,23.241977,88.613491
AGA,AGRA CITY,27.194323,78.015525
AGAE,AGRADWIP,23.5809,88.2261
AGAS,AGAS,22.5018,72.8837
AGB,AMBAGAON,19.062,82.239
AGC,AGRA CANTT JN,27.157722,77.989883
AGCI,ANGADI,22.8071,73.2829
AGD,AGASOD,24.234403,78.217292
AGI,AMGURI,26.812811,94.524221
AGM,AGARAM SIBBANDI,12.4144,79.1134
AGMN,AGOMONI,26.211514,89.782123
AGN,AMGAON,21.3612,80.3747
AGP,AGARPARA,22.682925,88.385181
AGR,AMARGARH,23.0806,74.747
AGT,AGTHORI,26.2012,91.6863
AGTL,AGARTALA,23.792727,91.278791
AGTR,AGTHORI,26.007733,84.843979
AGV,ANGUA,21.892642,87.269983
AGX,AGASTIYAMPALLI,10.355956,79.850693
AGY,AGORI KHAS,24.5986,83.0558
AGZ,AMAGURA,19.0682,82.1475
AH,ACHHNERA JN,27.181738,77.757797
AHA,ABHAIPUR,25.2282,86.3442
AHH,AHMADGARH,30.6833,75.8292
AHJU,AHJU,32.02838,76.690106
AHL,AJHARAIL,25.781498,87.848182
AHLR,AHALYAPUR,26.4681,83.8246
AHM,AHIMANPUR,25.2523,82.5114
AHMP,ADARSH MANPUR,25.133742,85.920689
AHN,AHIRAN,24.518077,88.041515
AHO,ADARSHNAGAR,26.4217,74.6502
AHQ,AHERA HALT,28.9261,77.2783
AHT,AMGHATA,23.412131,88.42203
AHU,AHIRAULI,27.30696,83.034325
AHZ,ADHINPUR,26.4182,81.7266
AI,ADIPUR,23.076713,70.078319
AIA,AJARAKA,27.959761,76.564579
AIG,ALGAWAN,27.701,79.9636
AIH,ALAWALPUR I PUR,29.0471,77.2709
AII,AJMER JN,26.456742,74.637594
AILM,AILAM,29.288,77.2924
AIP,ATTIPPATTU,13.2491,80.2994
AIPP,ATTIPATTU PUDU NAGAR.H,13.249052,80.300015
AIT,AIT,25.9035,79.2302
AJ,AJGAIN,26.6174,80.6212
AJE,ANJAR,23.119312,70.036451
AJH,AJHAI,27.63571,77.557983
AJI,ANJHI SHAHABAD,27.6444,79.9737
AJIT,AJIT,25.859687,72.677565
AJJ,ARAKKONAM JN.,13.081652,79.668131
AJK,AJAKOLLU,16.32953,77.870407
AJL,AJITWAL,30.8079,75.3401
AJN,AJNOD,22.9309,75.7385
AJNI,AJNI,21.11581,79.078646
AJP,AJJAMPUR,13.7284,76.0098
AJR,AJAIBPUR,28.4833,77.5833
AJRE,AUJARI,26.142186,92.264557
AJTM,AJITGILL MATTA,30.4833,74.8637
AJU,ARJUNI,20.8167,80.0214
AJUG,ABJUGANJ,25.243454,86.756866
AK,AKOLA JN.,20.723164,77.005577
AKAT,AKKAMPET,13.6701,80.016
AKD,AKODIA,23.3782,76.5992
AKE,AKANAPET,18.1111,78.3965
AKIP,AKAIPUR HALT,23.094418,88.717861
AKJ,AKBARGANJ,26.5319,81.5021
AKK,AKKIHEBBAIU,12.62476,76.377468
AKLA,AKLERA,24.42,76.57
AKM,ARAMBAKKAM,13.533,80.0747
AKN,AKBARNAGAR,25.2321,86.8319
AKNR,ADHYATMIK NAGAR,28.679594,77.499447
AKOR,AKALKOT ROAD,17.4506,76.1381
AKOT,AKOT,21.095391,77.046947
AKP,ANAKAPALLE,17.695,83.0083
AKR,AKOLNER,18.9855,74.6691
AKRA,AKRA,22.5146,88.249
AKRD,AKURDI,18.6484,73.7645
AKS,ANKUSPUR,25.5675,83.4809
AKT,AKALTARA,22.029081,82.422009
AKV,ANKLESHWAR JN,21.6243,73.0011
AKVD,AKIVIDU,16.5828,81.3692
AKW,AKONA,25.613977,80.140285
AKZ,AKASHI,23.4067,84.8256
AL,ATTILI,16.68,81.6162
ALAI,ALAI,27.337567,73.586238
ALAL,ALAL,30.3778,75.7238
ALAT,AVULADATLA,14.689669,76.974072
ALAU,ALAU,22.214424,71.699696
ALB,ALIA BADA,22.4468,70.2104
ALER,ALER,17.6454,79.0478
ALGP,ALGAPUR,24.754373,92.595538
ALJ,ALIGANJ,29.11418,78.91951
ALJN,ALIGARH JN,27.8891,78.0741
ALK,ALAKKUDI,10.7774,79.0535
ALLP,ALAPPUZHA,9.4835,76.3222
ALM,ALAMANDA,18.012,83.2711
ALMR,ALAMPUR,21.943523,71.698666
ALMW,ALMAW,25.2594,82.4894
ALN,ALANDI,18.450789,74.092655
ALNI,ALNIYA,24.9683,75.9421
ALNP,AKELAHANSPUR(HALT),28.34095,80.315981
ALP,ALAPAKKAM,11.543271,79.725208
ALPD,ADALPAHARI,24.2082189,87.7094874
ALPR,ALAMPUR ROAD,15.895177,78.046532
ALS,AMLORI SARSAR,26.272,84.3473
ALU,ARIYALUR,11.1502,79.0685
ALUH,ALAULI,25.6436826,86.4123094
ALW,ALWAL,17.505289,78.514516
AMA,ATAMANDA,28.58617,79.468253
AMB,AMBODALA,19.8364,83.4561
AMBG,ARAMBAG,22.88811,87.791748
AMC,AMRITAPURA,14.1399,76.2488
AMD,AMILA,26.191026,83.522358
AMDI,AMDI P.H.,21.35254,79.318886
AME,AMETHI,26.1526,81.8059
AMG,ALAMNAGAR,26.8474,80.8606
AMGA,AMJONGA,25.981425,90.84569
AMGU,AMMUGUDA,17.488686,78.5232091
AMH,AZAMGARH,26.039,83.161
AMHA,AMETHA,24.4057073,76.4384104
AMI,AMRAVATI,20.9298,77.7575
AMIN,AMIN,29.9046,76.8997
AML,AMALSAD,20.8113,72.956
AMLA,AMLA JN,21.9198,78.1233
AMLI,AMLI,25.828,76.286
AMLO,AMLO,23.768693,85.980034
AMLP,AMALPUR,22.1614,73.5086
AMM,ADIRAMPATINAM,10.33147,79.384632
AMNE,AMALNER B,18.9325677,75.3289862
AMNR,AMMANUR,10.5912,79.6409
AMO,AMOLWA,27.210671,84.477997
AMP,AHAMADPUR JN.,23.8329,87.6935
AMPA,AMBALAPPUZHA,9.386149,76.363907
AMPL,AMMAPALLI HALT,25.264103,87.471428
AMPR,AMARPURA RATHAN,29.483539,74.079093
AMQ,AMMUGUDA,17.486829,78.527005
AMRA,AMHA PIPRA,26.146623,86.7923781
AMRO,AMROHA,28.8923,78.4739
AMS,AMAUSI,26.7745,80.8416
AMSA,AMMASANDRA,13.264821,76.711736
AMT,AMMAPET,10.779306,79.315538
AMTA,AMTA,22.574868,88.0188971
AMVA,AMARAVILA HALT,8.396809,77.100062
AMW,AMAN VADI,20.300197,77.064971
AMY,AKATHUMURI,8.70016,76.758642
AN,AMALNER,21.0492,75.0575
ANA,ASLANA,23.8601,79.3191
ANAH,AUNTA HALT,25.376911,85.962696
ANAS,ANAS,22.8655,74.421
ANB,AMMANABROLU,15.596832,80.148783
ANC,ANNECHAKANAHALI,12.73814,76.283054
ANCR,ANCHURI,23.284124,86.993394
AND,ANDAMPALIAM,12.0881,79.1687
ANDI,ADARSH NAGAR DELHI,28.714265,77.166767
ANDN,ANAND NAGAR,27.1033,83.2703
ANE,ANANTARAJUPET,13.9997,79.3025
ANF,ANANDAPURAM,14.073644,75.209484
ANG,AHILYANAGAR,19.075178,74.721622
ANGL,ANGUL,20.859935,85.100484
ANGM,AUNGRIDHAN,25.191284,85.226261
ANGR,ANGADGERI HALT,16.451644,75.845661
ANH,ANKORAH AKORHA,24.7614,84.1697
ANI,AJANTI,21.894314,76.286316
ANK,ANKAI,20.180932,74.45735
ANKL,ANKOLA,14.6448,74.3324
ANLG,AMAN LODGE,19.0010663,73.2814905
ANM,ANAIMALAI ROAD,10.624504,76.934681
ANMD,ARANG MAHANADI,21.1895,81.9554
ANMP,ARJUN NAGAR,24.397166,86.637046
ANND,ANAND JN,22.5617,72.9662
ANNR,ANNANUR,13.116428,80.127153
ANO,ANJANI,17.620955,73.399658
ANP,ANANDATANDAVAPURAM,11.145561,79.659119
ANPR,ANPARA,24.217,82.7658
ANQ,AMNAPUR,17.049235,74.459324
ANR,ANARA,23.480882,86.559563
ANSB,ANANDPUR SAHIB,31.230044,76.500134
ANT,ANANTNAG,33.7386014,75.10572
ANU,ANANGUR,11.3967,77.8198
ANV,ANNAVARAM,17.2694,82.4194
ANVR,ANAND VIHAR,28.649084,77.314494
ANVT,ANAND VIHAR TERMINAL,28.643218,77.307444
ANW,ANAWAL,20.84293,73.264389
ANY,ARUMUGANERI,8.5793,78.092
AO,AONLA,28.295841,79.16894
AON,ARAON,27.1159,78.6966
AONI,AMONI,26.445244,92.914127
AOR,ARGORA,23.3466,85.3139
AP,ASHOKAPURAM,12.273922,76.635475
APA,AMARPURA,26.111053,74.249382
APB,ANUPPAMBATTU,13.304103,80.230579
APD,ALIPUR DUAR,26.479447,89.520807
APDC,ALIPUR DUAR CRT,26.499305,89.526858
APDJ,ALIPUR DUAR JN,26.522999,89.533768
APE,ANDANAPPETTAI,10.759133,79.844406
APG,ANUPGANJ,26.7569,81.1257
APH,ANUPGARH,29.1968,73.2045
API,AKKARAIPPATTI,10.3998405,77.9201125
APJ,AMARPUR JORASI,28.0215,76.0758
APK,ARUPPUKKOTTAI,9.5247,78.102
APKH,ASANPUR  KUPHA  HALT,26.296796,86.63257
APL,APPIKATLA,15.9702,80.5143
APN,AYODHYAPATTANAM,11.671822,78.234072
APP,AMBAPENDARPUR HALT,25.310977,85.531311
APR,ANUPPUR JN,23.117312,81.695967
APRD,ASHAPURNA DEVI,21.727371,87.638171
APRH,ALEHPUR HALT,26.208954,84.789129
APT,ANAPARTI,16.935837,81.953201
APTA,APTA,18.8636,73.1528
APU,ANIPUR,24.5457,92.4345
AQG,ASHAPURA GOMAT,26.950382,71.892815
ARA,ARA,25.5488,84.6625
ARAG,ARAG,16.823438,74.790974
ARCL,ARUNACHAL,24.855833,92.743235
ARD,AMARDA ROAD,21.734,87.1021
ARE,ARNETHA,25.3734,75.9982
ARG,ANGAR GHAT,25.7949,85.9067
ARGD,ARIGADA,23.6435,85.4665
ARGL,ARGUL PH,20.124247,85.6707
ARGP,ARALAGUPPE,13.253062,76.615369
ARH,AMHERA,29.2624,78.286
ARI,ANTRI,26.0827,78.2033
ARJ,AUNRIHAR JN.,25.54492,83.187532
ARK,ARAKU,18.333751,82.86232
ARKA,ARKHA,25.8675,81.3314
ARL,ARAUL MAKANPUR,26.9206,80.0186
ARMU,ARMUR,18.780682,78.311228
ARN,ARAND,21.1017,82.1827
ARNA,ARNIYA,27.008973,76.515827
ARNB,AMARUN,23.3684,87.9084
ARNG,ARUN NAGAR P.H.,20.730107,79.979267
ARNH,ARJUNAHALLI,12.512587,76.391459
AROR,AROOR HALT,9.878893,76.302623
ARP,ATRAMPUR,25.572,81.7456
ARPL,AREPALLI HALT,16.270504,77.862339
ARPR,ALIRAJPUR,22.300229,74.39914
ARQ,ARARIYA COURT JN.,26.115061,87.447052
ARR,ARARIYA JN.,26.136638,87.411518
ARU,ARASALU,13.9988,75.314
ARV,ARNI ROAD,12.6307,79.209
ARX,ARELI,27.9709,79.8863
AS,ARJANSAR,28.933726,73.871899
ASAF,ASIFABAD ROAD,19.2567,79.4168
ASAN,ASAN,29.401,76.8823
ASAR,ASARA HALT,29.249415,77.291671
ASB,ASANBONI,22.7121,86.3136
ASCE,ATHSARAI,25.6822,81.2559
ASD,AMBASAMUDRAM,8.707932,77.438683
ASE,ASAUDAH,28.736958,76.859193
ASH,AISHBAGH,26.859069,80.917826
ASI,ARSENI,27.2433,80.3941
ASJP,AMAR SAHEED JAGDEO PRASAD HALT,25.560407,84.410019
ASK,ARSIKERE JN,13.3142,76.2518
ASKN,ASHOK NAGAR,24.5802,77.7268
ASKR,ASHOK NAGAR RD,22.8265,88.6285
ASL,ASLAODA,23.2296,75.6152
ASLU,ASLU,28.369048,75.074902
ASN,ASANSOL JN.,23.691101,86.974812
ASO,ASANGAON,19.4392,73.3078
ASR,AMRITSAR,31.631752,74.858265
AST,ASAOTI,28.251318,77.324009
ASV,ASARVA JN,23.043721,72.612677
AT,ASNOTI,14.876276,74.147673
ATA,ATA,26.0675,79.6511
ATB,ALATTAMBADI,10.5787,79.6407
ATC,ARTS COLLEGE,17.4184,78.5199
ATE,ATARRA,25.2912,80.5763
ATG,ATGAON,19.4677,73.3003
ATH,ANTAH,25.161,76.3071
ATKS,ATWA KURSATH,27.1352,80.2804
ATL,ATHMAL GOLA,25.4533,85.6231
ATM,ALTAGRAM,26.6077,88.9463
ATMO,AITHAL,29.8051,78.0413
ATNR,AWATARNAGAR,25.7647,84.9571
ATP,ANANTAPUR,14.686228,77.595062
ATPA,AWANTIPURA,33.894678,74.981861
ATQ,ARANTANGI,10.171671,79.003029
ATR,ATTAR,21.998764,76.204948
ATRI,ATRI PH,20.2037292,85.4975682
ATRR,ATRAURA,25.3166,82.3145
ATRU,ATRU,24.882,76.6701
ATS,ATTABIRA,21.3878,83.7924
ATT,ATARI,31.5944,74.6067
ATU,ATTUR,11.595068,78.592372
ATUL,ATUL,20.5482,72.9279
ATW,ATWA MUTHIA HALT,27.27397,80.415459
ATWN,ASTHWAN,25.2314261,85.6320668
ATX,ALINAGAR TOLA,25.842694,87.34766
AUB,ALUABARI ROAD,26.269481,88.18541
AUBR,ANUGRAHA N ROAD,24.8555,84.3294
AUI,AURAHI,25.8225,87.1345
AUL,AGSAULI,27.7055,78.4444
AUN,AURANG NAGAR,29.044315,75.974922
AUNG,AUNG,26.1642,80.5445
AUR,ATRAULI ROAD,28.081712,78.206949
AUS,ANUPSHAHR,28.9654,75.2005
AUWA,AUWA,25.665047,73.564453
AV,ASVALI,19.8174,73.7511
AVC,AMARAVATHI COLONY JUNCTION,14.498259,75.854133
AVD,AVADI,13.118017,80.100288
AVK,ARAVANKADU,11.3594,76.7695
AVL,AMRITVEL,21.077012,71.679311
AVLI,ARAVALLI,16.62,81.5986
AVN,ANAVARDIKHANPETTAI,13.050884,79.56773
AVP,ABHANPUR JN,21.052623,81.745319
AVRD,ARAVALI ROAD,17.316431,73.53806
AVS,AUVANESWSAREM,9.0368,76.8531
AVT,AVATIHALLI  H,13.2988,77.7264
AWG,AWA GARH,27.4639,78.4731
AWH,ALEWAHI,20.3884,79.7106
AWL,ALAWALPUR,31.4255,75.6425
AWP,AGHWANPUR,28.9399,78.7032
AWPR,AWAPUR,26.508676,85.652676
AWR,ALWAR JUNCTION,27.559493,76.621485
AWS,AWASANI HALT,27.1596,84.0519
AWT,ALWAR TIRUNAGRI,8.602,77.9415
AWY,ALUVA,10.1079,76.3562
AXA,AMARSAR,22.5858,70.9169
AXK,ASOKHAR,26.5258,78.5561
AY,AYODHYA DHAM JN,26.787874,82.200694
AYC,AYODHYA CANTT,26.7681,82.1293
AYD,AYANDUR,11.9669,79.341
AYI,AYINGUDI,10.242163,79.124737
AYM,ADIYAKKAMUNGALM,10.757,79.6809
AYN,AIYANAPURAM,10.7887,78.9291
AYR,AYYALUR,10.4833,78.157
AYRN,AKSHAYWAT RAI NAGAR,25.6963,85.2801
AYU,ABHAYAPURI ASAM,26.3569,90.642
AYV,ARYANKAVU,8.9812,77.1529
AYVN,ARYANKAVU NEW BLOCK,8.955414,77.134661
AZ,AZIMGANJ JN,24.218553,88.256264
AZA,AZARA,26.09903,91.613617
AZK,AZHWARKURICHI,8.789065,77.375507
AZP,AYYAMPET,10.8963,79.2067
AZR,AZAMNAGAR ROAD,25.5557,87.8524
BA,BANDRA,19.0546,72.8406
BAA,BARALA,24.3009,88.0402
BAAR,BANDAR PH,22.052312,88.087006
BAB,BABINA,25.2382,78.4521
BABH,BAHALBA HALT,28.909861,76.263056
BABR,BALANAGAR,16.9477,78.189
BAC,BARGACHIA,22.666888,88.137753
BAD,BAD,27.3958,77.6895
BADA,BARDHA HALT,26.3368126,87.5307787
BADH,BADHAUNA HALT,25.297926,85.42385
BADK,BARKA,29.074,77.2737
BADR,BHADER,21.36477,70.928679
BAE,BALIAKHERI,29.9284,77.6336
BAF,BAP,27.3429,72.3842
BAGA,BHAGEGA,27.6772,75.7209
BAGD,BAGWADA,20.43956,72.916946
BAGJ,BARHARAGANJ,26.919315,83.907566
BAGL,BARA GOPAL,25.7649,84.9066
BAH,BHABHAR,24.06498,71.615474
BAHI,BALENAHALLI,14.250241,76.566296
BAHL,BANIHAL,33.4509,75.1864
BAHN,BABHAN GAON HALT,25.465102,87.817005
BAHP,BAND HAMIRPUR,26.3297,80.7443
BAHW,BAHIR KHANDA,22.8515,88.0706
BAI,BASSI,26.840767,76.047363
BAJ,BHALEJ,22.63255,73.034019
BAJE,BAJAKARE HALT,12.720726,75.509205
BAK,BHANKARI,26.975321,76.437378
BAKA,BANKA,24.878,86.9161
BAKK,BAKKAL,33.1427434,74.8941332
BAKL,BAKAL,21.124,80.9413
BAKT,BARHARA KOTHI,25.7768,87.0962
BAL,BUDALUR,10.7831,78.9817
BALR,BAITALPUR,26.5521,83.738
BALU,BALUGAN,19.7472,85.2008
BAM,BRAHMAPUR,19.2964,84.7969
BAMA,BIRAMBAD,26.9224,77.3246
BAMR,BAMUR,21.0066,84.4757
BAND,BANASWADI,13.00577,77.628236
BANE,BASNI,26.223103,73.010779
BANI,BANI,26.2269,81.6204
BANO,BANO,22.649839,84.896078
BAO,BANMOR,26.355435,78.098797
BAOL,BAOLI,29.1369,77.2778
BAP,BELAPUR,19.6195,74.6625
BAPN,BAIRPUR HALT,25.738634,86.140937
BAPR,BALLUPUR,27.5939,79.106
BAQ,GANJ BASODA,23.845257,77.944736
BAR,BAR,26.063028,74.113169
BARA,BARA,23.9953808,81.1749476
BARD,DUVRI KALAN,23.9937,81.5075
BARH,BARH,25.4617,85.7094
BARJ,BHARATGARH,31.0991,76.5964
BARL,BARAL,28.4943,77.8102
BARN,BARANAGAR ROAD,22.6534,88.3786
BARS,BARSANA,27.4427,77.1497
BARU,BAHARU,22.205008,88.44419
BASN,BHAINSWAN,29.0939,76.6802
BASR,BATESAR,26.907882,78.558856
BAT,BATALA JN,31.8215,75.1944
BATL,BAIHATOLA,23.231,82.0584
BATM,BATALA SUGAR ML,31.8571,75.2287
BAU,BURHANPUR,21.3342,76.1985
BAV,BARUVA,18.901,84.5544
BAW,CHIK BANAVAR,13.0739,77.5067
BAWA,BALWARA,25.510996,72.551651
BAWD,BHADWAD,21.323,74.0982
BAY,BALLARI JN.,15.145375,76.922235
BAZ,BARAN,25.0965,76.5048
BBA,BABRALA,28.266613,78.403534
BBAE,BAIDYABATI,22.795292,88.331838
BBAI,BHADBHUNJA,21.1659,73.6934
BBC,BHACHHBAR,25.7318,71.0444
BBD,BABLAD,17.337079,76.778769
BBDB,BENOY BADAL DINESH BAG,22.576757,88.346568
BBDE,BABARPUR,29.4499,76.9664
BBE,BAGHI BARDIHA,24.953,85.6233
BBGN,BARUA BAMUNGAON,26.661727,93.944263
BBHT,BARABAR HALT,25.008057,84.977198
BBI,BARA BANI,23.743555,87.019615
BBK,BARABANKI JN,26.9353,81.181
BBKR,BABA BAKALARAYA,31.5416,75.2386
BBL,BALRAI,26.9319,78.8075
BBLA,BHYABLA HALT,22.65469,88.855362
BBLK,B L DASPURI,27.3177,79.3668
BBM,BARABHUM,23.091686,86.211637
BBMN,BARI BRAHMAN,32.6391,74.9163
BBN,BARBIL,22.1045,85.369
BBO,BABUGARH,28.7473,77.8554
BBPR,BABUPUR,27.3496,81.07
BBQ,BASIN BRIDGE JN,13.1025,80.2713
BBR,BAGH BAZAR,22.605196,88.365316
BBRI,BANSHBARI HALT,26.1806,87.4276251
BBS,BHUBANESWAR,20.265498,85.842705
BBSN,BHUBANESWAR NEW JN,20.38149,85.835832
BBT,BIRATI,22.6647,88.4276
BBTR,BARBATPUR,22.1967,77.9204
BBU,BHABUA ROAD,25.173097,83.619003
BBW,BODARWAR,26.874,83.6327
BBY,BHADROLI,26.3058,78.1812
BC,BAREILLY CITY,28.355646,79.403708
BCA,BACHWARA JN,25.581378,85.900262
BCB,BHOWRA BH,23.67033,86.416569
BCD,BANSDIH ROAD,25.811303,84.214958
BCF,BANKAPASI,23.5721,88.0385
BCGM,BAINCHIGRAM,23.1062,88.2166
BCH,BERCHHA,23.2828,76.3346
BCHL,BACHELI,18.7036,81.2387
BCHN,BOCHASAN,22.4019574,72.8477141
BCHT,BARH COURT HALT,25.452674,85.688903
BCJ,BAGAHABISHUNPUR,24.8116,84.2048
BCK,BALICHAK,22.3577,87.5529
BCL,MUMBAI CENTRAL(L),18.9696253,72.8144371
BCN,BACHHRAWAN,26.4768,81.105
BCOB,BHACHAU BG,23.301191,70.344772
BCP,BICHPURI,27.1765,77.9144
BCPR,BACHHARPUR HALT,26.490222,85.665053
BCQ,BARACHAK JN.,23.707,86.9284
BCRD,BARCHHI ROAD,21.9519,78.312
BCU,BHUCHCHU,30.210212,75.095516
BCW,BHAWI,26.227681,73.613548
BCY,VARANASI CITY,25.334228,83.014224
BCYN,BUDHDEVCHAK YADAV NAGAR,25.497072,85.328402
BD,BADNERA JN.,20.857163,77.73269
BDAG,BONIDANGA,24.823,87.8101
BDBA,BADABANDHA,20.276851,86.520081
BDBG,BADHAI BALAMGRH,30.459994,74.460268
BDBP,BASUDEBPUR,24.639216,87.959461
BDBR,BHOGDBAR HALT,26.3841199,88.0611591
BDBS,BINDUBASINI HALT,24.792968,87.859383
BDC,BANDEL,22.923577,88.379282
BDCR,BHADRACHALAM RD,17.5503,80.616
BDDR,BADODAR,21.3613,70.2961
BDE,BODELI,22.269931,73.71632
BDGM,BADGAM,34.0155,74.7851
BDGP,BADANAGUPPE,11.9901,76.861
BDGU,BUDAGUMPA,15.395661,76.297296
BDH,BHEDIA,23.5867,87.7118
BDHA,BADHADA,21.2698,71.3369
BDHL,BADHAL,27.252,75.4516
BDHP,BHUDPUR,29.2702,77.2922
BDHT,BARDI HALT,21.6212,78.8224
BDHY,BUDHI,32.4408,75.4333
BDI,BHADLI,21.0222,75.6729
BDIN,BHADAIYAN,26.170229,82.170353
BDJ,VADAKARA,11.5934,75.587
BDKD,BHANDARKUND,21.836283,78.918631
BDKN,BANDHUA KALAN,26.2721,81.9956
BDKT,BADAKHANDITA,20.365429,86.083816
BDL,VINDHYACHAL,25.1606,82.5019
BDLN,BORDOLANI,27.4229,94.43264
BDM,BADAMI,15.9591,75.6769
BDMA,BUDHMA,25.902468,86.856709
BDME,BAIDYANATHDHAM,24.4892,86.692
BDMJ,BHODWAL MAJRI,29.1851,77.0082
BDN,BHADAN,26.9794,78.7375
BDNH,BHUDEVINAGAR HALT,17.4930836,78.5018439
BDNK,BODINAYAKKANUR,10.020751,77.346754
BDNP,BIDANPUR,25.5853,81.4423
BDO,BAHALDA ROAD,22.4407,86.1639
BDPA,BADALPUR PH,21.7102,87.6159
BDPG,BADA PADAGAON,20.570278,85.873518
BDPK,BURHAPANKA,20.852957,85.255623
BDPL,BANDARUPALLE,16.3651,80.3624
BDPR,BRINDABANPUR,23.3131,87.2933
BDRI,BHADRAULI,26.894154,78.482157
BDRL,BYADARAHALLI,12.50228,76.753106
BDS,BARADIGHI,26.801856,88.740349
BDSW,BUDHSINGHWALA,29.832156,74.22226
BDT,BORDUBI ROAD,27.399051,95.314465
BDTS,BANDRA TERMINUS,19.062341,72.840965
BDU,BADNAPUR,19.874419,75.722923
BDUA,BASUDEOPUR CHANDEL H,25.647407,85.545216
BDVL,BUDVEL,17.3098,78.4249
BDVR,BODDAVARA,18.1753,83.1127
BDVT,BHADRAVATI,13.842399,75.702802
BDW,BANDANWARA,26.125311,74.691389
BDWA,BADHWA BARA,23.2943,81.2867
BDWD,BODWAD,20.903763,76.017226
BDWL,BIRADHWAL,29.152311,73.887348
BDWS,BADARWAS,24.98351,77.561998
BDXT,BASAI DHANKOT,28.4644,76.9829
BDXX,BADEARAPUR,19.011164,81.837587
BDY,BUDDIREDDIPPATI,12.045,78.3131
BDYK,BINDAYAKA,26.924404,75.659752
BDYP,BIDYADHARPUR,22.425152,88.452902
BDYR,BIDYADABRI,26.2779,89.765703
BDZ,BADKULLA,23.3045,88.5264
BE,BAREILLY(NR),28.337134,79.410824
BEA,BIHIYA,25.5587,84.4488
BEAS,BEAS,31.5198,75.2912
BEB,BELDANGA,23.9323,88.2432
BEDM,BEDHAM,27.453979,77.209511
BEE,BEBEJIA,26.310035,92.640806
BEED,BEED,18.9717298,75.7319261
BEF,BHUPDEOPUR,21.9752,83.2602
BEG,BEHTAGOKUL,27.5306,80.055
BEH,BAGDIHI,21.9511,84.1864
BEHI,BENNEHALLI,14.787451,76.119087
BEHJ,BEHAJ,27.4814,77.3961
BEHR,BEOHARI,24.000449,81.379895
BEHS,BIHAR SHARIF,25.2065,85.5394
BEHT,BIHAT HALT,25.45118,86.028957
BEJ,BENIGANJ,27.3,80.4407
BEK,BUNDKI,29.5227,78.3934
BELA,BELA,24.9789,84.9818
BELD,BELKHERA,22.982101,79.300089
BELT,BELA,25.038291,86.998502
BEM,BADAUN,28.027712,79.136244
BEML,BEML NAGAR,12.9786,78.2419
BENA,BELONIA,23.247994,91.484501
BENL,BENL,16.3842,75.8821
BEO,BIROHE,25.174,82.4499
BEP,BHEERPUR,25.265,81.9892
BEPR,BELAPUR CBD,19.018711,73.038676
BEQ,BELUR,22.6363,88.3399
BER,BEAWAR,26.108508,74.314571
BERO,BERO,23.548251,86.726589
BES,BES,23.905641,85.324254
BET,BARETH,23.915107,77.99984
BEU,BISHESHWARGANJ,27.3409,81.8334
BEW,BETAVAD,21.1496,74.8865
BEX,BELBONI,23.2773,87.1538
BEY,BUGGANIPALLE,15.486272,78.195362
BFD,BORHAT,27.163793,95.277042
BFE,BAHAWAL BASI,30.147205,74.279251
BFF,BARABHATI,20.8634,80.0613
BFJ,BHORAS BUDRUKH,20.537971,75.013962
BFM,BHALUI,25.0855,86.1668
BFP,BILOCHPURA,27.202179,77.986729
BFPA,BHOPATPUR,28.452,79.8122
BFQ,BENDI,23.7633,84.4167
BFR,BEKAL FORT,12.385904,75.043166
BFT,BHABTA,23.9869,88.2415
BFV,BAHELIA BUZURG,28.046834,80.512447
BFW,BYATRAYANHALLI,13.0022,77.9887
BFX,BAGHI GHAUSPUR,25.052,85.6841
BFZ,BHANDARTIKURI,23.432852,88.329477
BG,BHONGIR,17.525,78.8988
BGA,BAGALIA,23.447026,86.519136
BGAE,BALAGARH,23.122,88.453
BGAN,BANGAIN,27.239,81.9059
BGAR,BANGARI,26.5378,84.921
BGBR,BAGBAHRA,21.046,82.3839
BGD,BARA GUDAH,29.6974,75.0014
BGDI,BAGADIA PH,20.278803,86.586093
BGDS,BHAGWANPUR DESU,25.8267,85.8457
BGF,BAGILA,23.1603,88.1222
BGH,BAGHAULI,27.2279,80.2961
BGHI,BAGHAI ROAD,24.555633,81.018393
BGHT,BARKA GAON,26.14771,84.639721
BGHU,BORRAGUHALLU,18.2753,83.0399
BGJT,BAGHA JATIN,22.4822,88.387
BGK,BAGALKOT,16.1789,75.7003
BGKA,BANGURKELA,22.2769,84.9735
BGKT,BHAGAT KI KOTHI,26.248087,73.012927
BGL,BAGULA,23.335045,88.645984
BGLI,BARGOLAI,27.287816,95.703878
BGM,BELAGAVI,15.849203,74.509524
BGMR,BAGUMRA,21.1495,72.9959
BGMU,BANGARMAU,26.8917,80.2219
BGN,BORGAON,20.728839,77.17943
BGNA,BALGONA,23.4579,87.9501
BGND,BOGINADI,27.394326,94.171028
BGNP,BANAGANAPALLE,15.322441,78.25054
BGNR,B.G.NAGAR,12.968543,76.733234
BGO,BOGRI ROAD,22.882,87.326
BGP,BHAGALPUR,25.242229,86.977112
BGPA,BAGESHAPURA,13.119939,76.217823
BGPL,BAGHUAPAL,21.042089,86.013036
BGQ,BHONGAON,27.2588,79.1655
BGRA,BAGHNAPARA,23.2416,88.3292
BGRD,BELIAGHATA ROAD,22.674768,88.607225
BGRM,BIGGABAS RAMSARA,28.047792,74.201647
BGRR,BAGARPUR HALT,29.079126,78.278103
BGS,BEGUSARAI,25.425156,86.134336
BGSF,BISUGIRSHARIF,18.3476,79.4831
BGTA,BAGRA TAWA,22.631121,77.994117
BGTN,BHAGTANWALA,31.5964,74.8805
BGU,BAIRAGNIA,26.738252,85.273304
BGUA,BAIGUDA,18.826834,82.965577
BGVN,BHIGWAN,18.3169,74.7747
BGWD,BAGEWADI H,16.307701,74.75353
BGWI,BEGDEWADI,18.700603,73.708777
BGY,BANGRIPOSI,22.1307,86.5014
BGZ,BAHADURGARH,28.701053,76.931076
BH,BHARUCH JN,21.7073,72.998
BHA,BHANDAI JUNCTION,27.068794,77.966537
BHAD,BARHAPUR HALT,25.427152,85.860043
BHAL,BHATIEL,22.4775,72.835
BHAN,BHOYANI,23.358489,72.234392
BHAS,BHOJRAS,25.7883,74.6344
BHAU,BHALUA,24.678877,86.690021
BHB,BADLA GHAT,25.5534,86.5868
BHBK,BODHADI BUJRUG,19.464003,78.166351
BHBR,BATHUA BAZAR HALT,26.497051,84.232418
BHBV,BLOCK HUT B (BHB),25.274969,83.102303
BHC,BHADRAKH,21.0912,86.5157
BHCL,BAHORA CHANDIL,25.365278,83.490086
BHD,BADLI,28.74638,77.137323
BHDH,BAHADURPUR H.,27.944561,79.797159
BHDR,BHADRI,25.677,81.5681
BHEL,BHEL HALT,17.502231,78.282124
BHET,BHESTAN,21.1279,72.8613
BHG,BHATON KI GALI,27.105436,75.712709
BHGH,BHAIRGACHHI,23.274939,88.634176
BHGJ,BIHARIGANJ,25.732179,86.992235
BHGN,BHILGAON,26.354344,93.926067
BHGP,BHAGIRATHPUR,27.3261,83.3872
BHHT,BARHARA,26.448904,86.371937
BHHZ,BEHTA HAZIPUR HALT,28.71927,77.303581
BHI,BAHERI,28.777511,79.500442
BHID,BHIDI,20.5734543,78.4147286
BHJ,BARHAJ BAZAR,26.2836,83.7312
BHJA,BHEJA,18.4726,82.6854
BHK,BADHARI KALAN,27.7988,78.7343
BHKA,BAHIRA KALIBARI (HAL,22.686172,88.563988
BHKD,BHURKUNDA,23.637,85.3716
BHKH,BAGHOI KUSA,24.838932,84.468727
BHKL,BHAKRAULI,28.308461,78.474655
BHL,BHILWARA,25.344,74.6312
BHLA,BEHULA,23.181657,88.428482
BHLE,BARAHAT,24.9163,87.0106
BHLK,BHALKI,18.047141,77.228211
BHLP,BHULANPUR,25.2874,82.9571
BHM,BAHRAM,31.1974,75.8941
BHMA,BAGHMARA HALT,25.365272,87.617876
BHME,BHANDARIDAH,23.7562,86.0643
BHMW,BHAMBHEWA,29.23937,76.55075
BHN,BHULI,23.8059,86.3781
BHNA,BHAYNA,23.311951,88.641349
BHNE,BHONE,21.0186,75.2221
BHNG,BHALUKPONG,27.00194,92.64472
BHNP,BISHANPUR HALT,25.614551,87.742542
BHNS,BHANSI,18.776702,81.265158
BHP,BOLPUR S NIKTN,23.6582,87.6985
BHPA,BAHRUPIYA HALT,22.2296,88.349047
BHPI,BICHHUPALI,20.73515,83.616318
BHR,BHADRESHWAR,22.8277,88.3413
BHRB,BHAIRABI,24.19546,92.54106
BHRL,BHAROLI JN.,32.271168,75.616493
BHRM,BISHRAMGANJ,23.598095,91.360535
BHS,VIDISHA,23.5226,77.8151
BHSA,BHISA HALT,26.576399,85.533371
BHT,BHATTU,29.3865,75.3396
BHTA,BHATIYA,22.088654,69.280862
BHTH,BHAIROPATTI HALT,25.894901,86.907177
BHTK,BHANWAR TONK,22.6083,81.8981
BHTL,BHATEL,22.163876,69.493409
BHTN,BHITONI,23.142608,79.673891
BHTR,BHATPAR RANI,26.3099,84.0326
BHTS,BHATASA,27.5041,79.3842
BHUA,BHUA,25.927,79.2984
BHUJ,BHUJ,23.266283,69.678088
BHV,BHOMA,22.171867,79.689589
BHW,BARHARWA JN,24.857858,87.774603
BHWA,BECHHIWARA,23.780632,73.523555
BHWR,BHITIHARWA ASHRAM,27.234484,84.487438
BHX,BULLUANA,30.217783,74.78327
BHY,BHAYAVADAR,21.8494,70.2356
BHZ,BIHARA,24.9632,92.6895
BI,BARI SADRI,24.411515,74.468765
BIA,BHILAI,21.2022,81.4213
BIC,BICHIA,28.182661,81.271671
BICI,BARKICHANPI,23.533143,84.728279
BID,BIDADI,12.8005,77.3903
BIDD,BIDIYAD,26.9809169,74.7032131
BIDR,BIDAR,17.9116,77.5137
BIG,BELGAHNA,22.4307,82.0319
BIGA,BIGGA,28.05105,74.144484
BIGH,BAGRIGRAM HALT,25.390944,86.982578
BIGJ,BIBIGANJ,26.3653681,87.7736728
BIGN,BAIGANI HALT,26.1087526,86.1466636
BIJ,BIRNAGAR,23.2363,88.5517
BIJR,BIJOOR,13.822656,74.642514
BIK,BHIRA KHERI,28.334679,80.486012
BILA,BHESLANA,27.065,75.304
BILD,BILDI,23.2251,74.9181
BILK,BILKHA,21.4432,70.6005
BILP,BHILPUR,22.196505,73.323827
BIM,BILIMORA JN,20.763779,72.970934
BIML,BHIMAL,24.7525,73.9225
BINA,BINA JN,24.171114,78.18334
BINR,BRIJ NAGAR,27.439279,77.089348
BIO,BORDI,22.8664,74.3471
BIP,BAHILPURWA,25.1367,80.9982
BIPR,BHEEMPURA,25.129744,72.392349
BIQ,BANSI PAHARPUR,26.933,77.4575
BIR,BIR,22.0527586,76.546937
BIRA,BIRA,22.7896,88.5716
BIRD,BHIVANDI ROAD,19.268754,73.045864
BIRL,BIRAUL,25.938624,86.233
BIRP,BIRARAJPUR,22.82375,86.064752
BIS,BISWA BRIDGE,20.8852,76.3392
BISH,BISHENGARH,25.448574,72.574917
BIV,BAMHNI BANJAR,22.4781485,80.3599858
BIWK,BISALWAS KALAN,24.5002,74.7833
BIX,BHIND,26.5886,78.7771
BIY,BARDOLI,21.1343,73.1059
BIYA,BANIYANA,26.8237746,76.2955756
BIZ,BAIHATA,26.3438,91.6845
BJ,BAHJOI,28.40109,78.631096
BJA,BIJROTHA,24.94655,78.421215
BJBA,BIJBIARA,33.78945,75.075445
BJD,BAREJADI,22.8949,72.6773
BJE,BHOJUDIH JN.,23.642055,86.446879
BJF,BIJNI,26.497557,90.707417
BJG,BAJRANGARH,23.0424,74.6948
BJI,BIJAULI,25.3762,78.5175
BJIH,BIJULI HALT,26.1866,85.976
BJK,BIJORA,25.1448,76.3954
BJKN,BAJEKAN,29.5238,75.0986
BJL,BRAHMAJAN,26.851335,93.550129
BJLP,BARAI JALALPUR,27.449638,80.800152
BJM,BHAGAVATHIPURAM,9.0188,77.1918
BJMA,BURJ MOHAR,30.1891176,74.1906236
BJMD,BARA JAMDA,22.166063,85.411922
BJNR,BIJAINAGAR,25.930613,74.652669
BJO,BIJNOR,29.3854,78.1466
BJP,VIJAYAPURA,16.83057,75.739511
BJPD,BAJIPADA,20.5374,86.367
BJPL,BAIJNATHPAPROLA,32.049989,76.632128
BJQ,BAGHORA,24.136237,78.260696
BJR,BARRAJPUR,26.6855,80.1391
BJRA,BHAJERA,27.1075,76.6809
BJRI,BIJURI,23.2505,82.1191
BJT,BAJPATTI,26.5467,85.6204
BJU,BARAUNI JN,25.462,85.989
BJUD,BAJUD,21.736261,71.828055
BJV,BIJAURIA,28.575,79.6555
BJW,BAJVA,22.3667,73.1436
BJWS,BOJAWAS,28.313146,76.253228
BJY,BANGALBAREE,25.626514,88.229485
BK,BAKRA ROAD,25.213522,72.488073
BKC,BHIKAMKOR,26.80764,72.787213
BKD,BHANKODA,23.270316,72.128106
BKDE,BUDHAKHERA,29.3788,76.5572
BKDR,BEGUNKODAR,23.387363,86.021787
BKG,BANKA GHAT,25.5473,85.2731
BKH,BANKHEDI,22.775232,78.538347
BKHR,BAKHRI,25.5004,87.3102
BKI,BANDIKUI JN,27.0392,76.5667
BKJ,BARKUR,13.477499,74.75972
BKKA,BHUKARKA,29.2393,74.7508
BKKI,BAKARKUDI,23.097487,85.963669
BKKS,BAKAS,26.7765,81.0519
BKL,BONA KALU,17.0311,80.261
BKLA,BAKULHA,25.798037,84.543571
BKLE,BAKUDI,24.9255,87.7781
BKN,BIKANER JN,28.014029,73.316488
BKNA,BAKAINA HALT,29.03591,78.274841
BKNG,BHAKTI NAGAR,22.282743,70.792058
BKNM,BANKRA NAYABAJ,22.591765,88.272142
BKNO,BIKNA,23.252,87.1018
BKO,BINDKI ROAD,26.1166,80.5805
BKP,BAKHTIYARPUR JN,25.45614,85.529594
BKPR,BAKASPUR,22.985736,84.956245
BKPT,BHAKARAPET,14.409,78.9697
BKRD,BHALUKA ROAD F,25.3429,87.9124
BKRH,BRIJ KISHOR HALT,26.31342,84.69429
BKRL,BAKROL,22.5937,73.4231
BKRO,BOKARO THERMAL,23.7853,85.8758
BKS,BALIKOTIA,26.467869,92.570003
BKSA,BAKHSHA,25.8306,82.5131
BKSC,BOKARO STEEL CITY,23.656711,86.085176
BKSL,BIKRAMSHILA,25.299764,87.299938
BKT,BAKSHI KA TALAB,26.9835,80.9224
BKTB,BINDUKURI,26.7154,92.7261
BKTH,BAIKUNTH,21.4974,81.7798
BKTL,BAKTAL,23.2339,77.0383
BKTS,BAKOTHIKHAS HALT,26.87844,80.038147
BKTU,BARI KHATU,27.116438,74.331951
BKU,BHIKNUR,18.163876,78.398352
BKWA,BAKAYANWALA,30.143012,73.985538
BL,VALSAD,20.6086,72.9335
BLA,BAJALTA,32.7627,74.9537
BLAE,BALARAMBATI,22.8069,88.2123
BLAX,BARLAI,22.8938,75.9617
BLC,BOLDA,19.5516,77.2732
BLD,BHILAD,20.2756,72.8877
BLDA,BELDA,22.0712,87.3366
BLDI,BHILDI JN.,24.194731,72.008667
BLDK,BALAUDA TAKUN,22.8771,75.7551
BLDL,BALLE-DA-PIR-LARATH,32.215851,75.932852
BLG,BILHAR GHAT,26.681587,82.269278
BLGA,BELAGULA,12.387581,76.587753
BLGH,BISHALGARH,23.676664,91.27286
BLGR,BALANGIR,20.6887,83.4943
BLGT,BALURGHAT,25.233128,88.758116
BLH,BELGHARIA,22.6616,88.3892
BLHI,BISALEHALLI,13.48126,75.96696
BLHR,BALAHAPUR HALT,25.105639,86.155873
BLK,BELAKOBA,26.5917,88.5836
BLKR,BALLEKERE HALT,13.502482,76.023674
BLL,BANTANAHAL,15.1629,77.2758
BLLI,BALLI,15.151796,74.021046
BLM,BALAMU JN,27.167153,80.352287
BLME,BHOLLDIH,23.898394,86.116848
BLMK,BHALUMASKA,19.3277,83.2939
BLMR,BHALUKMARA,26.685042,94.143219
BLN,BALLYGUNGE JN.,22.519772,88.372009
BLND,BOLINNA DOABA,31.3425,75.6566
BLNG,BARLANGA,23.449703,85.833263
BLNI,BHALWANI,18.2133,75.1996
BLNK,BELANKI,16.848808,74.869236
BLNR,BIRLANAGAR,26.237245,78.195001
BLO,BHULON,24.6359,76.9688
BLP,BALRAMPUR,27.433108,82.180223
BLPA,BILASIPARA,26.2425685,90.2336875
BLPE,BALAPALLE,13.8169,79.4033
BLPR,BADULIPAR,26.646385,93.878689
BLPU,BILPUR,28.0831,79.6253
BLQR,BILASPUR ROAD,28.865121,79.253783
BLR,BALGANUR,15.5926,75.6025
BLRA,BILARA,26.186164,73.700044
BLRE,BELSIRI,26.800171,92.514153
BLRG,BALASIRING,23.267212,85.270729
BLRI,BELARI HALT,25.819969,85.801553
BLRR,BELANDUR ROAD,12.936955,77.707329
BLS,BALASORE,21.5009,86.92
BLSA,BOLSA,19.005484,77.701664
BLSD,BALSAMAND,27.581177,74.473743
BLSN,BELSONDA,21.1546,82.0352
BLSR,BELASAR,27.995462,73.653545
BLT,BALOTRA JN.,25.830121,72.248733
BLTR,BELTHARA ROAD,26.1209,83.8412
BLU,BILHAUR,26.839,80.0604
BLV,BHELWA,26.9938,84.778
BLW,BALAWALI,29.6273,78.1123
BLX,BOLAI,23.3658,76.5157
BLY,BALLY,22.656204,88.340782
BLYC,BALLY CHORD,22.5958,88.2636
BLYG,BALLY GHAT,22.6523,88.3476
BLYH,BALLY HALT,22.652314,88.338318
BLZ,BUDHLADA,29.9217,75.5496
BMAE,BELMURI,22.9325,88.1521
BMB,BAMRA,22.0517,84.2914
BMBE,BIMBARI,19.164465,77.631626
BMC,BHIMALGONDI,21.7411,78.9147
BMCK,BISSAMCUTTACK,19.4873,83.4588
BMD,BHIMADOLU,16.8083,81.2609
BME,BARMER,25.744922,71.397467
BMF,BASMAT,19.3347,77.1518
BMG,BAMANGACHHI,22.749,88.51
BMGA,BHIMGARA,23.7384,87.2846
BMGN,BAMUNIGAON,26.01159,91.282456
BMGR,BAMANGRAM,25.623186,88.199015
BMH,BETAMCHERLA,15.4491,78.1484
BMHR,BAMANHERI,29.5145,77.7061
BMHT,BARAW MORE,25.04703,84.064826
BMI,BAMNIA,23.095294,74.758546
BMJ,BRIDGMANGANJ,27.1953,83.1968
BMK,BIRANG KHERA,29.919084,74.647636
BMKD,BELLAMKONDA,16.4696,80.006
BMKI,BAPUDM MOTIHARI,26.6555,84.905
BMKJ,BHIMKHOJ,21.0799,82.2889
BMLL,BAMLA,28.8326,76.2442
BMN,BHIMANA,24.595831,72.886562
BMNL,BAMAN WALI HALT,28.361646,73.555183
BMO,BOLARUM,17.533279,78.515147
BMP,BRAMHAPURI,20.6036,79.8672
BMPL,BRAHMANPALLI,17.876654,78.465385
BMPR,BADAMPAHAR,22.08898,86.11187
BMPT,BANNI MAHAMMAN PATTI,25.891195,84.778576
BMQ,BHIMARLAI,25.893311,71.882116
BMR,BIKRAMPUR,23.0824,79.5865
BMRN,BHIMRANA,22.390119,68.992675
BMSB,BHIMASAR BG,23.186464,70.174935
BMSN,BAMSIN,25.763721,72.544355
BMT,BEGAMPET,17.438524,78.458277
BMU,BAMHRAULI,25.4446,81.7413
BMWS,BAMANWAS,26.534993,76.5781826
BMY,BAMIANA,28.263594,79.329576
BN,BIBINAGAR,17.4706,78.7945
BNA,BANNI KOPPA,15.4067,75.9419
BNAA,BIBHUTI BHUSHAN  H,23.027904,88.821719
BNAR,BINAUR,26.4027,80.1787
BNB,BANSTOLA,22.4111,87.0829
BNBH,BANI BIHAR,20.2927,85.8528
BNBR,BAHANAGA BAZAR,21.335944,86.761538
BNC,BANGALORE CANT,12.993434,77.599087
BNCE,BANGALORE EAST,13.0012,77.6182
BNCR,BANCHARI,27.953165,77.362633
BND,BHANDUP,19.14231,72.937535
BNDA,BANDA JN,25.4772,80.3357
BNDI,BARUNDINI,25.173796,74.930491
BNDM,BONDAMUNDA,22.2358,84.9253
BNDP,BUNIADPUR,25.386527,88.402348
BNE,BOHANI,22.9136,78.9232
BNF,BANDHUA,24.752054,85.06628
BNG,BARNAGAR,23.0612,75.3765
BNGL,BHANGALA,32.0229,75.6118
BNGM,BANGURGRAM,26.138333,74.346714
BNGN,BONGAIGAON,26.478563,90.560818
BNGY,BABHANJYOTIYA HALT,26.999567,82.362871
BNH,BHIMNATH,22.2463,71.9254
BNHR,BANBIHARI - GWALIPUR,20.339517,86.205523
BNI,BUDNI,22.787124,77.681293
BNJ,BANGAON JN,23.0297,88.8333
BNJL,BINJHOL HALT,29.3441,76.9233
BNK,BANASANKARAI HALT,13.265719,76.513982
BNKA,BANKIM NAGAR,23.208889,88.591739
BNKH,BHAIRANAYAKANAHALLI,13.193968,77.383103
BNKI,BANMANKHI JN.,25.885172,87.193744
BNKJ,BANKE GANJ,28.158508,80.416316
BNKM,VINAEKMA HALT,26.056012,86.610031
BNL,BEVINAHALU,15.1668,77.2128
BNLS,BANGI NIHALSNGH,30.0081,74.9551
BNLW,BANASTHALI NIWAI,26.366033,75.941277
BNLY,BHANUPLI,31.2989762,76.4178355
BNM,BARAGAON,26.756034,81.836643
BNN,BARNALA,30.3708,75.5496
BNNR,BHINDAR,24.528697,74.179688
BNO,BANAR,26.33973,73.146651
BNOD,BENODA,21.449782,78.180418
BNOI,BINDORI,26.5151663,76.365323
BNP,BHANAPUR,15.3871,76.0366
BNPH,BASANTPUR,26.162957,84.688051
BNPR,BANIKPUR HALT,25.400026,87.138975
BNPT,BENIPATI PIRAPUR,25.892178,85.309032
BNQ,BANARHAT,26.798025,89.025822
BNQL,BHANKALA HALT,29.847716,77.475586
BNR,BHAGWANPUR,25.8582,85.301
BNRD,BALANGIR ROAD,20.714734,83.498197
BNRS,BANARAS,25.29975,82.971856
BNS,BANAS,24.713504,72.989066
BNSA,BANBASA,28.9921,80.0736
BNSL,BANSINALA HALT,24.6651,85.1617
BNSP,BANSAPAHAR JUNCTION,25.055745,81.050262
BNSR,BHAGWAN SAR,29.343726,73.859711
BNT,BHARTHANA,26.7506,79.2167
BNTH,BANDHNATH,21.434055,70.356789
BNTL,BANTAWALA,12.878135,75.034046
BNU,BANDAKPUR,23.848456,79.576206
BNV,BINNAGURI,26.747418,89.052721
BNVD,BHANVAD,21.932594,69.798408
BNW,BHIWANI JN.,28.797956,76.12511
BNWC,BHIWANI CITY,28.825399,76.143999
BNXR,BIDHAN NAGAR,22.592,88.3906
BNY,BARHNI,27.4956,82.7916
BNZ,BADSHAHNAGAR,26.868973,80.961721
BO,BORSAD,22.4011227,72.9086974
BOBS,BOBAS,26.905916,75.498326
BOD,BANGROD,23.3984,75.1243
BODG,BODAGRAM PH,23.64495,84.6726241
BOE,BARSOI JN,25.6509,87.9226
BOF,BAROG,30.890413,77.08253
BOG,BHAIRONGARH,23.1838,74.879
BOI,BAINCHI,23.1195,88.1966
BOJ,BHOJO,27.063498,95.032306
BOK,BORKHEDI,20.8604,78.9747
BOKA,BOKRA,23.085279,87.92027
BOKE,BHOKE,17.049,73.381
BOKO,BOKO,25.999691,91.224289
BOKR,BHOKAR,19.214075,77.666645
BOM,BOMADRA,25.780454,73.439585
BOMN,BOMMAGUNDANAKERE,14.59189,76.68045
BON,BHOnra,25.1817,76.1405
BONA,BOINDA,20.9202,84.7484
BOP,BHOGPUR,22.402,87.8095
BOR,BOISAR,19.7982,72.7616
BORA,BAGHDOGRA,26.6979,88.324585
BORT,BOLAGARH TOWN PH,20.165499,85.282579
BOT,BOROTI,17.3953,76.2538
BOTI,BAORI THIKARIA,27.414629,75.511415
BOTR,BHAVDHARI,28.380527,75.795536
BOUH,BOUDH,20.8045105,84.282824
BOW,BORAWAR,27.027783,74.666862
BOY,BHADOHI,25.395304,82.5584
BOYA,BOTHIA P.H.,22.3853806,79.9626044
BOZ,BOLARUM BAZAR,17.51877,78.515369
BP,BARRACKPORE,22.7607,88.3711
BPA,BELAMPALLI,19.0535,79.4862
BPAE,BEGUMPUR,22.737517,88.255534
BPAH,BENIPUR A HALT,26.060965,86.163711
BPB,BADARPUR JN.,24.865038,92.556183
BPBS,BALLALPUR,24.7548596,87.910941
BPC,BERHAMPORE CRT,24.0893,88.2639
BPD,BAHADURPUR,23.4389,88.4638
BPE,BENAPUR,22.2717,87.3766
BPF,BANAPURA,22.457796,77.462454
BPGJ,BHARPURA PAHLEJAGHAT JN.,25.6998562,85.1303458
BPGR,BENIPURGRAM HALT,26.318317,85.482045
BPH,BELPAHAR,21.827062,83.848926
BPHB,BHILAI POWER HOUSE,21.207779,81.375561
BPJ,BARA HAPJAN,27.529128,95.491447
BPK,BHUGAON,20.6736,78.6698
BPKA,BHOPALKA,22.12263,69.368591
BPKH,BUDHA PUSHKAR,26.522424,74.594825
BPL,BHOPAL JN.,23.259933,77.412615
BPM,BAGPAT ROAD,28.957403,77.272489
BPMH,BISHUNPUR MAHUARI,26.126154,84.537348
BPN,BANPUR,23.4518,88.7618
BPO,BARIPADA,21.9231,86.7375
BPP,BAPATLA,15.9084,80.4682
BPQ,BALHARSHAH,19.848747,79.348316
BPR,BHOJIPURA JN.,28.494453,79.44771
BPRA,BARIPURA,25.3404,79.9432
BPRD,BARPETA ROAD,26.5023,90.9634
BPRH,BALPUR HALT,22.1147,82.6937
BPRS,BHOGPUR SIRWAL,31.5563,75.6449
BPS,BANPAS,23.4011,87.7476
BPTP,BHANUPRATAPPUR,20.297445,81.064516
BPU,BHAUPUR,26.468575,80.12475
BPUR,BAIDPUR,26.875049,78.980083
BPV,BHOTEPATTI,26.470852,88.851318
BPW,BURHPURA,25.211309,78.42968
BPZ,BAZPUR,29.15798,79.146463
BQA,BANKURA,23.2244,87.0747
BQE,BAKANIAN BHAUNRI,23.262007,77.252769
BQG,BHAGWANGOLA,24.333,88.3097
BQI,BOMMIDI,11.9844,78.2454
BQM,BARELIPAR,22.052,78.4082
BQN,BAGRI NAGAR,25.895365,73.787441
BQP,BIGHAPUR,26.354977,80.693284
BQQ,BAKHLETA,23.8461,79.9694
BQR,BHILAINAGAR,21.200918,81.333925
BQSP,BASUCHAK HALT,25.0515447,86.185192
BQU,BHATTIPROLU,16.1057,80.788
BQW,BARAKALAN,25.506387,83.906794
BQY,BELERHAT,23.5196,88.2832
BR,BANDH BARETA,26.9104,77.3641
BRA,BIRSOLA,21.5987,80.2072
BRAG,BARANG JN.,20.400789,85.832663
BRAM,BALARAMPURAM,8.4303,77.0515
BRBD,BORABANDA,17.459116,78.40775
BRBG,BARBIGHA,25.220427,85.7466496
BRBL,BIRAHALLI,12.667472,76.385536
BRBS,BIRBANS PH,22.794145,86.014109
BRC,VADODARA JN,22.310696,73.181005
BRCK,BARUA CHAK,27.122702,82.055211
BRD,BHANDARA ROAD,21.2387,79.6477
BRDB,BARDA,22.1529,88.0874
BRDT,BERIA DAULAT,29.13222,79.210052
BRDV,BARADEV,26.72844,80.374603
BRE,BHARWARI,25.5591,81.4918
BRG,BARGARH,25.1637,81.4497
BRGA,BARGARH ROAD,21.3333,83.643
BRGJ,BARGAON GUJAR,21.75934,76.35498
BRGL,BURGULA HALT,16.9763853,78.2025063
BRGM,BARAIGRAM JN,24.683989,92.344036
BRGT,BHERAGHAT,23.169866,79.797979
BRGW,BARGAWAN,24.197182,82.456169
BRH,BAIKUNTHPUR RD,23.3168,82.5294
BRHD,BABA RAGHUNI HALT DWARIKA,25.7604,86.596735
BRHI,BARHI,24.302439,85.408769
BRHL,BARYAL HIMACHAL,32.025615,76.100222
BRHU,BARAHU,26.1195,92.1311
BRI,BHIRINGI,22.227932,76.941204
BRIP,BAROGOPINATHPUR,22.9511079,87.546498
BRJ,BRACE BRIDGE,22.5177,88.3013
BRJN,BRAJRAJNAGAR,21.8229,83.9238
BRK,BAHRAICH,27.581806,81.607788
BRKA,BARKA KANA,23.6241,85.4695
BRKB,BHARAT KHAND,25.400484,86.805983
BRKH,BISAPUR KALAN HALT,21.9147,78.9237
BRKP,BARKIPONA,23.568786,85.646496
BRKY,BORAKI,28.5077,77.5634
BRLA,BARAYALA CHAURASI,23.568707,75.095158
BRLF,BARLONGFER,25.755836,93.225346
BRLY,BIROLIYA,25.170106,73.192077
BRM,BARABAMBO,22.701217,85.72855
BRMA,BARMASIA,24.224289,87.38815
BRMD,BIRAMDIH,23.045394,86.19882
BRMH,BELUR MATH,22.635639,88.339691
BRMI,BRAHMANI PH,20.887041,86.056252
BRML,BARAMULA,34.2208,74.3887
BRMO,BERMO,23.7727,85.9561
BRMP,BIRMITRAPUR,22.3972,84.737
BRMR,BHARMAR,32.167839,75.954739
BRMT,BARAMATI,18.153717,74.578237
BRMX,BARMI,27.4889,80.5603
BRN,BARHAN,27.3293,78.1927
BRNA,BERAWANYA,23.4657,75.3342
BRND,BORIDAND JN.,23.2673,82.1783
BRNI,BARWASNI HALT,29.023614,76.942408
BRNR,BARUANAGAR,27.138132,95.221081
BROR,BERORE,29.19973,73.2929751
BRP,BARUIPUR JN.,22.366348,88.431337
BRPA,BARUIPARA,22.7664,88.237
BRPK,BISHARPARA KODALIA,22.676194,88.434641
BRPL,BARPALI,21.1839,83.5951
BRPS,BARAPALASI,24.382149,87.181533
BRPT,BIRAPATTI,25.3992,82.9175
BRQ,BAGRAKOT,26.870352,88.585682
BRR,BARAKAR,23.742,86.8191
BRRD,BORDI ROAD,20.1225,72.7662
BRRG,BIYAVRA RAJGARH,23.93629,76.907387
BRRI,BIRARI,24.731141,78.507383
BRRZ,BARARA BUZURG,26.0451758,81.0973393
BRS,BIRSINGHPUR,23.3669,81.043
BRSA,BARWA KALAN,27.3911,83.4082
BRSQ,BRAR SQUARE,28.613196,77.14046
BRSR,BIRANARSINGHPUR,20.7370114,84.3432101
BRST,BIRPURUSOTHAMPR,19.9904,85.8064
BRT,BRAHMAVART,26.6034,80.2724
BRTA,BARTARA,27.837103,80.007051
BRTG,BARITHENGARH,20.656639,86.059341
BRTK,BHORTEX,21.1022,74.9957
BRU,BHAIROGANJ,27.1514,84.2424
BRUD,BARUD,22.052232,76.814175
BRVR,BORVIHIR,20.7838,74.8412
BRW,BARIWALA,30.53225,74.658623
BRWD,BARWADIH JN,23.8437,84.1187
BRWH,BAHERWA HALT,25.251413,82.792177
BRY,BAREILLY JN,28.337134,79.410824
BRYA,BARHIYA,25.283313,86.015187
BRYC,BAREILLY CANTT,28.310039,79.428198
BRZ,BARETA,29.8594,75.6925
BS,BENISAR,28.070276,73.902454
BSA,BHAINSA,27.3915,77.6735
BSAE,BANSH BARIA,22.9571,88.3954
BSB,VARANASI,25.326901,82.986088
BSBH,BHAINSBODH P.H.,20.696649,81.127323
BSBP,BIR SHIBPUR,22.4737,88.0535
BSBR,BANSLOI BRIDGE,24.5023,87.8621
BSC,BULANDSHAHR,28.392,77.8483
BSCK,BASUCHAK,25.531178,83.347993
BSCP,BASKATWA B. H.,24.547123,85.365658
BSD,BASULDANGA,22.203458,88.233649
BSDA,BANIYA SANDA DH,25.86,71.668333
BSDL,BHARSENDI,24.096619,81.90239
BSDP,BHUSANDPUR,19.952,85.4767
BSDR,BANSADHARA PH,18.9665,83.8224
BSE,BADSHAHPUR,25.6526,82.1909
BSGN,BASUGAON,26.4605,90.4205
BSGR,BHAGSAR,30.452225,74.401817
BSHT,BASIRHAT,22.6501,88.8685
BSI,BASBARI,26.184094,89.900093
BSJ,BHUPALSAGAR,24.8473,74.2113
BSKH,BASUKINATH,24.388691,87.044849
BSKO,BANSKHO,26.855815,76.141906
BSKR,BASI KIRATPUR,29.4969,78.213
BSL,BHUSAVAL JN,21.046991,75.788382
BSLA,BHASILA,22.665244,88.658295
BSLE,BATASPUR,23.8753,87.6807
BSM,BISANATTAM,12.8423,78.25
BSMH,BIRSHAMUNDA HALT,23.0459626,87.3649832
BSN,BANASANDRA,13.265072,76.659057
BSNP,BISHUNPUR,25.5378152,86.4218278
BSP,BILASPUR JN.,22.057323,82.167435
BSPH,BISHANPUR HRYNA,29.2736,76.3235
BSPL,BASAMPALLE,14.310795,77.745523
BSPN,BASSI PATHANAM,30.6887,76.4099
BSPR,BISHRAMPUR,23.179,82.9827
BSPX,BANSPANI,22.000553,85.423722
BSQ,BARSI TAKLI,20.576004,77.060852
BSQP,BANSIPUR,25.1241,86.1446
BSR,VASAI ROAD,19.382389,72.832162
BSRA,BASARHIA HALT,25.692115,85.811895
BSRI,BASARI,24.813489,79.702832
BSRL,BESROLI,26.991154,74.561205
BSRX,BASAVANA BAGEWADI ROAD,16.479959,75.828238
BSS,BAHADUR SINGH W,30.3186,75.8585
BSSL,BASI BERIASAL,25.024454,74.764688
BST,BASTI,26.8155,82.7699
BSTP,BASANTAPUR,21.549,85.6768
BSUR,BISALPUR,28.2902,79.8123
BSW,BANESWAR,26.388025,89.494286
BSWA,BAISWARA,26.2848,80.8347
BSWD,BHEMSWADI,21.4918218,71.358114
BSX,BASAR,18.8656,77.938986
BSY,BARSATHI,25.5641,82.4739
BSYA,BARKISALALYA,24.7741,84.1787
BSZ,BHARWA SUMERPUR,25.8252,80.1672
BT,BARASAT,22.7239,88.4835
BTA,BIHTA,25.5611,84.8743
BTBR,BUTI BORI,20.9184,79.0136
BTC,BALAGHAT JN,21.8116,80.1998
BTD,BOTAD JN,22.182941,71.665667
BTDR,BATADROWA ROAD,26.467039,92.538185
BTE,BHARATPUR JN,27.2366,77.4882
BTF,BATHNAHA,26.341884,87.237797
BTG,BASHARATGANJ,28.287919,79.285106
BTGH,BETTADNAGENHALI,14.1986,76.2943
BTH,BETTIAH,26.8054,84.5225
BTHL,BITHAULI,25.8175,85.2922
BTHN,BITHAN,25.6986912,86.2807589
BTI,BATHINDA,30.209828,74.932423
BTIC,BATINDA CANTT,30.19106,74.954224
BTJL,BHATKAL,13.98911,74.566009
BTK,BANKATA,26.266,84.095
BTKB,BATHNA KRITTI BAS,23.236634,88.482989
BTKD,BHARATKUND,26.6357,82.127
BTKP,BHARAT KUP,25.2173,80.7678
BTL,BORTALAO,21.2181,80.626
BTNR,BHARATNAGAR,17.4619,78.428693
BTO,BHITAURA,28.4699,79.3065
BTP,BABATPUR,25.454,82.8804
BTPD,BETHAMPURDI,17.5437,80.5733
BTPG,BETHERIA GHOLA,22.350552,88.573751
BTPH,CHAKIA THERMAL HALT,25.401042,86.016187
BTQ,BETNOTI,21.74111,86.843289
BTR,BUTARI,31.5563,75.1831
BTRA,BANTHRA,27.928749,79.82769
BTRB,BETUR,23.1907,87.5788
BTRH,BHATAR,23.4063,87.9248
BTRI,BITROI,27.983639,78.92355
BTRO,BASTOI HALT,27.66711,78.285141
BTS,BASTA,21.7028,87.0637
BTSD,BHATISUDA,23.392367,75.421658
BTSI,BATASI,26.606563,88.174907
BTSR,BHUTESHWAR,27.5014,77.6678
BTT,BHATNI JN,26.381567,83.934345
BTTN,BHATIAN,31.071094,75.779657
BTTR,BITRAGUNTA,14.7688,79.9834
BTU,BARAUT,29.09694,77.273026
BTV,BAITARANI ROAD,20.9873,86.2357
BTVA,BATUVA,18.3434,83.6244
BTW,BARSI TOWN,18.240683,75.717859
BTX,BELA TAL,25.2896,79.4418
BTY,BETHUADAHARI,23.6104,88.3848
BTYA,BHATARIYA,23.438522,72.274735
BTZ,BALIMARA,27.236468,95.333176
BU,BASWA,27.149436,76.575394
BUA,BARADWAR,22.0116,82.8136
BUB,BISSAU,28.240281,75.061388
BUBA,BIJUBIGHA HALT,25.4438708,85.1387387
BUBR,BHUTAKIA BHIMSA,23.53393,70.908852
BUBT,BURAHA  BHARTHARA,27.10345,78.653011
BUD,BADLAPUR,19.1667,73.2393
BUDA,BHUDA,27.124841,76.78791
BUDI,BUNDI,25.4083,75.6511
BUDM,BADMAL,20.3848,83.271
BUE,BARUNA,25.5696,84.089
BUF,BIMALGARH JN.,21.964062,85.017056
BUG,BAGAHA,27.130265,84.067211
BUGL,BUGLANWALI,29.79507,74.237709
BUGM,BERUGRAM,23.10526,87.987082
BUGN,BHURJIHA BARAGN,27.637611,80.725822
BUGY,BUGIA HALT,29.38038,73.608055
BUH,BURHAR,23.2127,81.5279
BUI,BALLIA,25.7603,84.1528
BUJ,BARAUNI FLAG,25.467764,85.977974
BUJA,BHUJIA,27.08959,78.969231
BUL,BHALULATA,22.2663,85.0602
BUM,BOMMASAMUDRAM,13.044906,79.176407
BUP,BARIARPUR,25.2797,86.5762
BUPH,BABUPETH,19.9226,79.3125
BUQ,BARGI,22.9955,79.8747
BUR,BINDAURA,27.0473,81.351
BURA,BAHUARA HALT,25.898198,84.784672
BURN,BURNPUR,23.672384,86.939093
BUS,BADAUSA,25.2487,80.6513
BUT,BAYTU,25.897218,71.76836
BUTA,BHADUTALA,22.485437,87.32058
BUTN,BUTANA HALT,29.201161,76.624269
BUU,BHADANPUR,24.16782,80.679517
BUW,BURHWAL JN,27.086601,81.38968
BUX,BHANDAK,20.084712,79.112978
BV,BABHNAN,26.9382,82.4998
BVA,BAURIA,22.486825,88.13889
BVB,BHADBHADAGHAT,23.375,77.5351
BVC,BHAVNAGAR TERMINUS,21.781818,72.141209
BVH,BALLABGARH,28.342763,77.311821
BVI,BORIVALI,19.229149,72.856822
BVL,BIKKAVOLU,16.9689,82.0307
BVN,BISWAN,27.4892,80.9907
BVNR,BHAVANI NAGAR,17.1572,74.3133
BVO,BOGOLU,15.473493,77.914395
BVP,BHAVANAGAR PARA,21.7705,72.118292
BVQ,BHILAVDI,17.007668,74.516401
BVR,BANAVAR,13.3919,76.144
BVRM,BHIMAVARAM JN,16.543487,81.538725
BVRT,BHIMAVARAM TOWN,16.5478,81.5173
BVS,BHIVPURI ROAD,18.9706,73.3312
BVU,BALIPARA,26.8194,92.7715
BVV,BEDETTI,26.850263,93.373489
BVW,BAHMINIWALA,30.5494,74.1935
BVZ,NALOI BARWA,28.962905,75.623617
BW,BIWAI,27.088,76.6296
BWA,BHINWALIYA,25.559323,73.492141
BWB,BAGWALI,30.033582,74.772949
BWBN,BEWAR BHOJAN,28.552862,75.547829
BWC,BANWALI,29.919896,74.029974
BWCN,BOWAICHANDI,23.1315,87.7269
BWD,BELVANDI,18.710968,74.622231
BWF,BUTEWALA,31.0803,74.8968
BWH,BHADAURA,25.4503,83.7383
BWI,BILWAI,26.158866,82.665081
BWIP,BHAWANIPATNA,19.93309,83.158324
BWK,BAWANI KHERA,28.939,76.0322
BWL,BAWAL,28.070011,76.572132
BWM,BHAWANI MANDI,24.4197,75.83
BWN,BARDHAMAN,23.249548,87.870111
BWO,BURAMARA,22.107987,86.650715
BWP,BHAWANIPUR KALN,27.415433,82.160912
BWPB,BHAWANIPUR BIHAR,25.598032,87.868996
BWPL,BALWANT PURA,27.90137,75.242357
BWR,BARWA SAGAR,25.3519,78.7317
BWRA,BHARATWADA,21.231275,79.016688
BWS,BADWASI,27.311155,73.662815
BWSN,BIJWASAN,28.53684,77.051432
BWT,BANGARAPET JN.,12.984988,78.178368
BWX,BAHMAN DIWANA,30.225626,74.849253
BWZ,BADDOWAL,30.8624,75.743
BXA,BALOD,20.7408,81.2051
BXB,BANGA,31.1767,75.9992
BXC,BARWALA,29.3679,75.8874
BXF,BARSUAN,21.8474,85.1198
BXG,BHANGA,24.857157,92.457161
BXHT,BOXIRHAT,26.306964,89.73741
BXJ,BOKAJAN,26.018686,93.779726
BXK,BANDARKHAL,25.069895,92.800827
BXL,BHEDUASOL,23.1988,87.1217
BXLL,BILLI,24.4529,83.0114
BXM,BELRAYAN,28.379621,80.915508
BXN,BAYANA JN,26.916,77.2968
BXO,BOPARAI,31.2435,74.784
BXP,BARPATHAR,26.274522,93.899632
BXQ,BRUNDAMAL,21.8066,84.0163
BXR,BUXAR,25.5616,83.9817
BXS,PICHCHANDARKOVL,10.8815,78.7206
BXT,BAMANHAT,26.070449,89.583378
BXY,BORDHAI,21.997331,78.348484
BY,BYCULLA,18.9765,72.8328
BYC,BALLARI CANTT. HALT,15.150636,76.894855
BYCH,BELLARYCANT HALT,15.1505802,76.8948776
BYD,BYADGI,14.701505,75.486717
BYE,BANSI BOHERA,24.363673,74.389114
BYH,BHITI,25.333748,82.261548
BYHA,BARYA RAM,25.5669,82.2265
BYL,BELHA,21.9617,82.0769
BYN,BANAHI,25.5614,84.3901
BYNR,MOOKAMBIKA ROAD BYNDOOR (H),13.87233,74.63253
BYP,BAIJNATHPUR,25.900924,86.653676
BYPL,BAIYYAPPANAHALLI,12.990508,77.651196
BYQ,BAHAI,26.1331611,81.0068842
BYR,BHAYANDAR,19.311386,72.852659
BYS,BARSALI,21.9099,78.0315
BYSA,BASULYASUTAHATA,22.120391,88.130653
BYT,BHATAPARA,21.7323,81.9459
BYXA,BETGARA,26.6121,88.885
BYY,BYREE,20.6284,86.0351
BYZA,BEGUNIA,20.187001,85.432042
BZ,BHARUR,30.1804,75.8195
BZA,VIJAYAWADA JN,16.518062,80.618448
BZB,BARRA BAZAR,22.590447,88.351343
BZC,BELIATOR,23.3151,87.2225
BZE,BASERIA,23.786994,86.381893
BZG,BILGA,31.0577,75.6663
BZGT,BAZURGHAT,24.6076,92.3835
BZJT,BAZIDA JATAN,29.6129,76.9653
BZK,BHAINI KHURD,29.7519,76.9557
BZL,BELANAGAR,22.6611,88.3178
BZLE,BAZARSAU,23.8757,88.1828
BZM,BHIMSEN,26.4193,80.2177
BZN,BAGNAN,22.4625,87.9707
BZO,BARSOLA,29.3947,76.232
BZR,BISRA,22.2479,84.9981
BZS,BANSJORA,23.7903,86.3549
BZU,BETUL,21.896823,77.906327
BZY,BASAI,25.1426,78.3939
CAA,CHAKIA,26.4176,85.0468
CAC,CHAND PIPAR HALT,26.273692,86.721619
CAER,CHHANERA,21.963505,76.707315
CAF,CHANDA FORT,19.940251,79.312449
CAG,CHHABRA GUGOR,24.68,76.8507
CAI,CHANPATIA,26.9414,84.5304
CAJ,CHAKRAJ MAL,29.2498,78.536
CAM,CHHOTA AMBANA,23.7627,86.5745
CAMU,CHAMUA,27.141,84.3947
CAN,KANNUR,11.871,75.3687
CAO,CHAURADANO,26.850722,85.017907
CAP,CHATRAPUR,19.3593,84.9736
CAPC,CHATRAPUR COURT,19.3592,84.9828
CAPE,KANNIYAKUMARI,8.088208,77.542684
CAPG,CHAPAGURI,26.349047,89.337639
CAR,CHUNAR,25.1036,82.875
CAS,CHAS ROAD,23.4156,86.2255
CASA,CHHANSARA,23.7674,71.2762
CAT,CHATTAR HAT,26.5488,88.3234
CATA,CHHATA ASCHAURA,25.824617,84.253936
CAZ,CHAUHANI,23.3285,76.259
CBCC,CHANDLODIYA B CABIN,23.0806839,72.5405713
CBD,CHANGRABANDHA,26.4167,88.9174
CBDH,CBD P.H.,21.1704539,81.7613475
CBE,COIMBATORE JN,10.997479,76.966138
CBF,COIMBATORE NORTH JN.,11.020227,76.954594
CBH,CHAUBE,24.2272,85.8215
CBJ,CLUTTERBUCKGANJ,28.3965,79.3715
CBK,CHACHURA BINAGANI,24.177804,77.016263
CBM,CUMBUM,15.5929,79.1108
CBN,CHIT BARAGAON,25.744549,84.00198
CBP,CHIK BALLAPUR,13.4314,77.7327
CBR,CHAUBEPUR,26.5984,80.2109
CBSA,CHAIBASA,22.56,85.8118
CBT,CHARBATIA,20.5692,85.9112
CBU,CHINNABABUSAMUDRAM,11.919675,79.686627
CBX,CHAND BHAN,30.4446,74.8795
CBY,KHAMBHAT,22.3234,72.63
CBZ,CHURAIBARI,24.433241,92.240868
CC,CHAURI CHAURA,26.6736,83.5457
CCA,CHIGICHERLA,14.5174,77.6834
CCAB,BMY C CABIN,21.210179,81.443453
CCBG,CHICHOLI BUZURG P.H.,20.613023,79.912663
CCD,CHICHONDA,21.709809,78.352132
CCG,BMBY CHURCH GTE,18.934887,72.827253
CCH,CHINCHVAD,18.639373,73.791862
CCI,CHINNEKUNTAPALI,14.435678,77.759514
CCK,CHICHAKI,24.1119,85.9463
CCL,CHANCHELAV,22.7958,73.7143
CCO,CHICHOLI P.H.,21.458341,79.702291
CCP,CHHUCHHAPURA JN,22.215219,73.595009
CCR,CHINCHURIA,23.737426,86.965199
CCT,KAKINADA TOWN,16.96746,82.233372
CD,CHANDRAPUR,19.9597,79.3001
CDA,CHUDA,22.496698,71.750679
CDAE,CHANDANPUR,22.88092,88.175797
CDB,CHAUDHRIBANDH,24.0535,85.9915
CDBN,CHEDHABANNI HALT,25.488995,86.60059
CDD,CHANDOD,21.9936,73.4516
CDG,CHANDIGARH,30.701897,76.822
CDGR,CHANDRAKONA ROAD,22.739496,87.341008
CDH,CHAKDAHA,23.0786,88.5298
CDK,CHANDKHERA ROAD,23.111668,72.563024
CDL,CHODIALA,29.8959,77.738
CDM,CHIDAMBARAM,11.3914,79.7033
CDMA,CHANDESHWARSTHAN,26.342922,86.314377
CDMR,CHANDAULI MJHWR,25.2611,83.2677
CDNR,CHANDANAGAR,17.487607,78.333485
CDP,CHANDPARA,22.9624,88.7853
CDRA,CHANDERA,12.1794,75.1679
CDRL,CHHANDRAULI,26.6996,81.2308
CDS,CHANDISAR,24.206122,72.312446
CDSL,CHANDRESAL,25.2133,75.9443
CDV,CHANDARWA,22.2309,71.8898
CE,CHHARODI,23.0261,72.3229
CEL,CHEBROL,16.8196,81.3962
CEM,CHEEKATEEGALPLM,16.0115,79.6827
CEME,CHEGRO,24.029689,86.011276
CEU,CHIHERU,31.2674,75.6993
CFG,CHAKITING,26.573099,94.132662
CG,CANNING,22.3137,88.6679
CGA,CHENGEL,22.486825,88.13889
CGF,CHARALI,27.442326,95.350342
CGH,CHOLANG,31.6177,75.6403
CGHD,CHINNADAGUDIHDI,12.0841,76.732
CGI,CHANDRAGIRI,13.6116,79.3121
CGKR,CHANDAGIRIKOPAL,12.485437,76.730447
CGL,CHENGALPATTU JN.,12.692844,79.981499
CGLA,CHANGOTOLA,22.245569,80.117455
CGN,CHIRGAON,25.5746,78.8053
CGON,CHAYGAON,26.047298,91.359987
CGR,CHANDAN NAGAR,22.8671,88.3541
CGS,CHANGSARI,26.2559,91.6927
CGTA,CHEGUNTA,16.485,77.3019
CGV,CHINGAVANAM,9.5375,76.5256
CGX,CHARGOLA,24.846254,92.417164
CGY,CHANGANASSERI,9.449781,76.548314
CH,CHANDAUSI JN,28.458656,78.780298
CHA,CHAWAPALL,30.7849,76.0801
CHAA,CHAPAR,26.2758497,90.4369424
CHAF,CHAF HALT,26.81733,84.113045
CHAH,CHAILAHA HALT,26.677063,84.888962
CHAR,CHARMAL,21.0954,84.2044
CHB,CHABUA,27.480862,95.171771
CHBN,CHANDKHIRA BAGN,24.516202,92.287731
CHBR,CHAURE BAZAR,26.4696,82.1188
CHBS,CHAUBISI,26.580391,81.429119
CHBT,CHAKARBHATHA,22.0029,82.1119
CHC,CHANCHAI,23.158235,88.025851
CHCR,CHACHER,21.2417,79.3552
CHD,CHANDIA ROAD,23.6455,80.7015
CHDX,CHHADA,23.238034,81.471837
CHE,SRIKAKULAM ROAD,18.4085,83.9036
CHF,CHUNNABHATTI,19.051389,72.86901
CHG,BBY CHINCHPKILI,18.986919,72.832789
CHGA,CHIRUGODA,22.550512,86.516889
CHH,CHAUKHANDI,25.3151,82.9302
CHI,CHIPLUN,17.542127,73.522049
CHIB,CHIRAI BG,23.208771,70.242119
CHIT,CHITHARI HALT,25.228469,79.890922
CHJ,CHATA,27.711722,77.502708
CHK,CHAKERI,26.3814,80.4068
CHKE,CHALLAKERE,14.3152,76.66
CHL,CHOLA,28.3123,77.7295
CHLK,CHAVALKHEDE,21.0243,75.3524
CHLR,CHHALESAR,27.2125,78.0846
CHM,CHALTHAN,21.158,72.9563
CHMG,CHINTPURNI MARG,31.722425,76.048775
CHN,CHHINA,31.9024,75.2721
CHNN,CHANNANI,26.49531,75.920677
CHNR,CHHAN ARORIAN,32.461181,75.358915
CHNU,CHHANUA,22.1321483,86.1623158
CHP,CHHAPI,24.0346,72.4003
CHPD,CHEPPAD,9.232969,76.477032
CHPT,CHATRAPPATTI,10.4774,77.6555
CHR,CHILKAHAR,25.827,83.9653
CHRA,CHHARRA,23.375587,86.422834
CHRG,CHORGI,17.175317,75.869951
CHRI,CHARHI,23.841954,85.441645
CHRM,CHIRMIRI,23.1899,82.35
CHRU,CHAMRUA,28.796546,79.139328
CHSM,CHINNA SALEM,11.631052,78.873811
CHT,CHAMPAHATI,22.4019,88.4934
CHTL,CHURARU TAKRALA,31.597545,76.166325
CHU,CHAMPION,12.9366,78.2629
CHUA,CHOURAI,22.057562,79.246616
CHV,CHARVATTUR,12.2137,75.1548
CHWT,CHHAPRAWAT,28.547735,77.798309
CHZ,CHARLAPALLI,17.458072,78.606019
CI,CHHAPRA KACHERI,25.786,84.7472
CIA,CHHEHARTA,31.622178,74.794578
CID,CHIRAIDONGRI,22.4115,80.2861
CIH,CHILHIA,27.3521,82.990894
CII,CHETTIYAPATTI,10.5722841,78.3622425
CIK,CHIKSANA,27.1995,77.6635
CIKR,CHANDIKHOLE ROAD,20.7072165,86.146221
CIL,CHILBILA JN,25.9469,82.0038
CIO,CHIKHLI ROAD,20.806188,73.070755
CIRL,CHIRULA,25.583764,78.483761
CIT,CHITALI,19.686637,74.619312
CIV,CHINNARAVURU,16.2237,80.6556
CJ,KANCHIPURAM,12.8493,79.7035
CJA,CHONGAJAN,26.062489,93.818264
CJE,KANCHIPURAM EAST,12.840876,79.712314
CJL,CHAJLI,30.0401,75.8126
CJM,CHINNA GANJAM,15.6894,80.2366
CJN,CHHATNA,23.304936,86.975284
CJQ,CHAMPAJHARAN,22.101546,84.904232
CJS,CHARAMULA KUSUM,19.0202,82.4008
CJW,CHAJAWA,25.009,76.581
CK,CHIKSUGAR,16.3367,77.3439
CKA,CHAK PAKHHEWALA,30.434614,74.19754
CKB,CHAUTH KA BARWARA,26.050923,76.148643
CKBK,CHIKKABENAKAL,15.428416,76.442733
CKD,CHARKHI DADRI,28.6004,76.2796
CKDL,CHAKDAYALA,32.4792,75.3052
CKE,CHOKI SORATH,21.6594,70.5261
CKG,CHOWKA GHAT,27.1004,81.4503
CKH,CHAKAND,24.8902,84.9956
CKI,CHALAKUDI,10.3019,76.3219
CKK,CHAKARPUR,28.9522,80.0026
CKKD,CHARKHERA KHURD,21.938906,76.642685
CKLA,CHAK BANWALA,30.422773,74.133167
CKLT,CHAK KALI LAIT,28.874141,78.611641
CKM,CHAUKI MAN,30.814766,75.565553
CKMI,CHHOTAKI MASAUDHI HALT,25.330612,85.031891
CKN,CHINTA KANI,17.1265,80.2013
CKNA,CHIKNA,26.269404,86.418114
CKNI,CHIKNI ROAD,20.326,78.9594
CKOD,CHAKROD,23.3493,76.7884
CKP,CHAKARADHARPUR,22.678649,85.627441
CKR,CHIKODI ROAD,16.3965,74.7798
CKRD,CHAKMAKRAND,25.6977,85.275
CKS,CHAKSU,26.592518,75.910378
CKSR,CHAK SAFAURA HALT,28.211693,79.842968
CKTD,CHITRAKUT DHAM KARWI,25.217211,80.922375
CKU,CHAKULIA,22.4782,86.7213
CKV,CHERUKUVADA,16.589722,81.421613
CKVD,CHIKKANDAWADI,14.1364,76.1646
CKW,CHALKHOA,27.461824,94.967537
CKX,CHAKUR,18.482865,76.894169
CKYD,CHAKRA ROAD,26.0012,83.6722
CLA,KURLA JN,19.0652,72.8793
CLC,CHALALA,21.415079,71.161763
CLD,CHALSA JN,26.882115,88.798113
CLDR,CHILIKIDARA,21.2428,85.8269
CLDY,CHANDLODIYA,23.117864,72.56032
CLE,CHINTALPALLI,17.9147,79.7013
CLF,CHHULHA,23.1067,81.737
CLG,KAHALGAON,25.2636,87.2374
CLI,CHALGERI,14.5729,75.721
CLJ,COLONELGANJ,27.1375,81.694
CLKA,CHILKA,19.6863,85.1795
CLKN,CHUCHELA KALAN HALT,29.014746,78.272953
CLN,KOLLIDAM,11.3324,79.7181
CLO,CHILO,27.446134,73.524971
CLPE,CHALLAVARIPALLI,14.8766,78.0343
CLR,CASTLE ROCK,15.397749,74.334354
CLT,KOZHIKKODE,11.246514,75.780687
CLU,CHILAKALAPUDI,16.2026,81.162
CLVR,CHILUVUR,16.3797,80.6171
CLW,CHILWARIYA,27.4874,81.6991
CLX,CHIRALA,15.8309,80.3538
CM,CAMPIERGANJ,27.0581,83.2677
CMA,CINNAMARA,26.715407,94.169312
CMBR,CHEMBUR,19.062503,72.901336
CMC,CHEMANCHERI,11.4048,75.7196
CMDG,CHAMARDIGHI,23.329804,87.88908
CMDP,CHIMIDIPALLI,18.2622,83.0763
CMGR,CHIKKAMAGALURU,13.3153,75.7754
CMJ,CHAMARAJAPURAM,12.2982,76.6376
CMMG,CHAMUNDA MARG,32.110641,76.420727
CMNR,CHAMARAJANAGAR,11.9347,76.9327
CMP,CHROMEPET,12.951657,80.141187
CMR,CHAMROLA,27.3928,78.1799
CMU,CHAU MAHLA,23.9486,75.6013
CMW,CHIMA PAHAD,17.516,80.4636
CMX,CHAMAGRAM,24.8214,87.9634
CMY,CHINTAMANI,13.4108,78.0544
CNA,CHANDERIA,24.939448,74.629869
CNB,KANPUR CENTRAL,26.45436,80.351086
CNBI,CHANDARI,26.4278,80.3603
CNC,CHINCHLI,16.5713,74.855
CND,CHANDUR,20.8041,77.9818
CNDB,CHANDUR BAZAR,21.227462,77.755982
CNDI,CHANDI HALT,25.321566,85.390351
CNDM,CHANDI MANDIR,30.7271,76.8869
CNDN,CHANDAN,24.613635,86.67562
CNE,CHANDRANATHPUR,24.9845,92.7161
CNF,CHIANKI,23.9738,84.1156
CNGR,CHENGANNUR,9.3194,76.6081
CNH,CHAUNRAH,26.1655,79.7826
CNI,CHANDIL JN.,22.955864,86.071959
CNJ,CHANDER NAGAR HALT,28.662631,77.330961
CNK,CHANDOK,29.5769,78.1529
CNKH,CHINNAKOTE,12.9812862,78.2259222
CNKP,CHANAKYAPURI,28.5916,77.1717
CNL,CHANDAWAL,25.948243,73.87207
CNN,CHINTAMAN GANES,23.1026,75.7127
CNO,CANACONA,15.006806,74.039354
CNPA,CHANNARAYAPATNA,12.892655,76.39371
CNPI,CHANDANPAHARI,24.404324,86.953182
CNPR,CHAINPUR,23.73,85.5831
CNR,CHANDAR,15.2649,74.0478
CNRF,CHANDRA,23.304897,87.266464
CNS,CHUCHURA,22.8902,88.3695
CNV,KINATTUKKADAVU,10.8135,77.0237
CNX,CHANDAUNA HALT,26.440604,85.722885
COA,KAKINADA PORT,16.955624,82.240477
COB,COOCH BEHAR,26.318719,89.456311
COD,CHHOTA GUDHA,27.294223,75.599928
COE,CHITROD,23.417799,70.655286
COL,COROMANDEL,12.9756,78.2577
COM,CHOMUN SAMOD,27.157913,75.70241
COO,CHHOTI ODAI,26.5587,76.8053
COR,CHITTAURGARH JN.,24.874601,74.623947
CP,CHITPUR,22.566563,88.374968
CPA,KANPUR ANWRGANJ,26.455743,80.327954
CPB,KANPUR BGE L BK,26.4776,80.3794
CPBH,CHIRAILA,24.863388,84.268913
CPD,CHINCHPADA,21.2064,73.9393
CPDR,CHHIPADOHAR,23.8155,84.2004
CPE,CHANDIPOSI,22.0689,84.9162
CPH,CHAMPA,22.0344,82.6649
CPHT,COOPERS HALT,23.157082,88.585481
CPJ,KAPTANGANJ JN,26.9265,83.7
CPK,CHAPARMUKH JN,26.202732,92.512178
CPL,CHAKARLAPALLI,13.9973,77.5827
CPLE,CHINPAI,23.839997,87.460957
CPN,CHAMPANER RD JN,22.5414,73.3928
CPP,CHIPURUPALLE,18.3165,83.5699
CPPR,CHAMPAPUR HALT,25.4608278,85.5054309
CPQ,CHAPRAKATA,26.4914,90.6073
CPR,CHHAPRA,25.7879,84.7246
CPS,CHAND SIAU,29.1323,78.2762
CPSN,CHHATRAPATI SAMBHAJINAGAR,19.859566,75.310936
CPT,CHANNAPATNA,12.6592,77.2033
CPU,CHOPAN,24.51425,83.026063
CQA,CHERUKARA,10.928888,76.227779
CQL,CHIRAKKAL,11.9106,75.3533
CQR,CHAMPAPUKUR,22.6563,88.8076
CQS,CAPPER QUARRY,11.6947,79.7538
CRAE,CHERAGRAM BH.,22.993479,88.126316
CRC,CHARKHARI ROAD,25.307796,79.745893
CRD,BMBY CURREY RD,18.99398,72.83294
CRDA,CHAKARDAHA HALT,26.316036,87.212048
CRE,CHORGHATPIPARIYA,23.044,79.9298
CRG,CHURAMAN NAGRI,27.401,77.6175
CRJ,CHITTARANJAN,23.8572,86.8781
CRK,CHARKHERA,22.366983,77.170887
CRKR,CHAURAKHERI,24.5672,77.122
CRLM,KARMELARAM,12.907403,77.705784
CRN,CHAREGAON,22.0266,80.1498
CROA,CHAUTARA,26.4019,90.0859
CRP,CHANDRAPURA,23.755496,86.119595
CRQ,CHARPOKHARI HALT,25.359737,84.486213
CRR,KARAGOLA ROAD,25.4956,87.3725
CRU,CHUDAWA,19.184246,77.137585
CRV,CHUREB,26.7826,82.9781
CRW,CHARAUD,29.009538,75.646743
CRWA,CHIRAWA,28.223264,75.651019
CRWL,CHAKRAKWALA,32.942132,75.082888
CRX,CARRON,26.880469,88.97059
CRY,CHIRAYINKEEZH,8.658778,76.78581
CS,KANNUR SOUTH,11.866889,75.400243
CSA,CHAUSA,25.5281,83.9359
CSB,SHIVAJI BRIDGE,28.633651,77.226162
CSM,CANSAULIM,15.344782,73.897476
CSMT,C SHIVAJI MAH T,18.944101,72.836523
CSN,CHALISGAON JN,20.4642,74.9991
CSR,CHAK SIKANDAR,25.6771,85.3646
CSZ,COSSIMBAZAR,24.1223,88.2669
CT,CHITTAPUR,17.1195,77.0901
CTA,CHITRADURG,14.2307,76.386
CTC,CUTTACK,20.466,85.901
CTD,CHHOTA UDEPUR,22.3145,74.014
CTF,CHITGIDDA,17.3909,77.9636
CTGN,COTTON GREEN,18.986594,72.843322
CTH,CHIKALTHAN,19.859566,75.4002
CTHR,CHITAHRA,24.8622,80.8425
CTHT,CHATAR HALT,24.8422,85.4954
CTJ,CHHATAINI,23.9912,81.3015
CTKT,CHHOTI KHATU,27.156004,74.3577
CTL,CHITAL,21.7453,71.2178
CTM,KATTANGULATUR,12.805985,80.026388
CTMP,CHHIT MAKANDPUR,25.234896,86.870571
CTND,CHETTINAD,10.160603,78.775914
CTO,CHITTOOR,13.220227,79.103622
CTPE,CHANDANATTOP HALT,8.932218,76.64506
CTQ,CHETAR,23.6832,84.6468
CTR,CHATRA,24.3725,87.8489
CTRD,CHITRAWAD,21.1007,70.5566
CTRE,CHITTERI,13.0684,79.5981
CTS,CHHATARIPUT,18.922932,82.590237
CTT,CHITRASANI,24.267428,72.488523
CTTP,CHITRAPUR (H),14.040423,74.532537
CTU,CHHATAPUR ROAD,26.352806,87.042561
CTW,CHHINTANWALA,30.3656,76.0138
CTYL,CHITYALA,17.22566,79.127355
CUE,CHOUPALE,21.3769,74.319
CUK,CHURK,24.6498,83.1034
CUPJ,CUDDALORE PORT JN.,11.7149,79.7661
CUR,CHURU,28.288661,74.966583
CUX,CHAURA,24.919,86.2872
CV,CAUVERY,11.3507,77.7607
CVB,CAVALRY BARRACKS,17.494934,78.518894
CVD,CHAVADIPALAIYAM,11.2551,77.8007
CVJ,CHAVAJ,21.7528,73.0101
CVP,KOVILPATTI,9.1825,77.8728
CVR,CHORVAD ROAD,21.054946,70.290484
CVV,CHERUVU MADHWRM,16.7459,80.5187
CW,CHAINWA,26.0221,84.4965
CWA,CHHINDWARA JN,22.057721,78.952732
CWDA,CWDA,30.2245,74.1276
CWI,CHONDI,19.4612,77.1568
CWLE,CHOWRIGACHA,23.9427,88.1867
CWN,CHARAWAN,30.501047,74.577942
CWR,CHOVVARA,10.132764,76.371889
CWT,CHOWHATTA,23.82508,87.748489
CXA,CHANDSARA,28.8757,77.7253
CYI,CHHAYAPURI,22.388174,73.179588
CYN,CHERIYANAD,9.273039,76.585007
CYR,BMBY CHARNI RD,18.9515,72.8185
D,DEULA,22.214424,88.280983
DAA,DATIA,25.64083,78.456116
DAB,DHARMABAD,18.887934,77.848091
DABN,DHABAN,29.860297,74.54318
DAD,DEVARGUDDA,14.6676,75.5759
DADN,DR. AMBEDKAR NAGAR,22.547512,75.773784
DAE,DAHEGAON,20.7295,78.4632
DAG,DHANG,26.7174,85.353298
DAJ,DAROJI,15.227297,76.70032
DAKE,DAKHINESWAR,22.6538,88.3639
DAL,DALIGANJ JN.,26.8756,80.9277
DANE,DANRE,24.724544,87.069256
DAO,DAGHORA,21.8576,83.6782
DAP,DAGMAGPUR,25.0985,82.8006
DAPD,DAPODI,18.5804,73.8331
DAQ,DAUD KHAN,27.830424,78.098717
DAR,DANWAR,28.1299,77.8838
DARA,DARA,24.8323,76.0055
DARI,DHARI JN,21.3265,71.0273
DAS,DHASA JN,21.782615,71.518078
DAU,DAGRU,30.83533,75.047264
DAV,DEVALGAON AUCHR,19.322321,76.605091
DAVC,DAV COLLEGE (JALALAB,30.593666,74.252257
DAVJ,D.A.V.C.H. JALANDHER,31.347297,75.56164
DAVM,DHANU VACHA PURAM HA,8.3792,77.1247
DAYG,DARIYAGANJ,24.801469,79.782379
DAZ,DELHI AZADPUR,28.703086,77.177153
DB,DABHOI JN,22.137525,73.415236
DBA,DABRA,25.881157,78.330975
DBB,DHUBRI,26.022697,89.977512
DBD,DEOBAND,29.6797,77.6706
DBEC,DEVBALODA CHARODA P.H.,21.21378,81.45092
DBF,DABPAL,18.9282,81.4891
DBG,DARBHANGA JN,26.156748,85.907235
DBHL,DOBH BAHALI,28.8805447,76.5233734
DBI,DABLI RATHAN,29.542846,74.19136
DBL,DODBELE,13.2165,77.3513
DBLA,DABLA,27.8935,75.9496
DBLG,DIBOLONG,25.59522,93.085633
DBLI,DEORA BANDHAULI HALT,26.384796,85.76992
DBM,DABOLIM,15.3888,73.8494
DBN,DHABLAN,30.3382,76.301
DBNK,DERABABA NANAK,32.023,75.0142
DBNR,DIBNAPUR,28.5248,79.5166
DBO,DABHODA,23.167981,72.747688
DBP,DEBIPUR,23.1432,88.1575
DBR,DABHAURA,25.11801,81.303205
DBRG,DIBRUGARH,27.477959,94.901329
DBS,DOBBSPET,13.235434,77.255001
DBSI,DAYABASTI,28.667169,77.17123
DBT,DAKSHIN BARASAT,22.2264,88.4526
DBU,DODBALLAPUR,13.2792,77.5504
DBV,DABILPUR,17.674446,78.470535
DBW,DUBIA,26.919927,93.722477
DBY,DIGBOI,27.383733,95.617232
DBZ,DHING BAZAR,26.455513,92.480679
DC,MAGUDANCHAVADI,11.551,77.9873
DCA,DAMCHARA,25.0127,92.7497
DCAB,BMY D CABIN,21.226342,81.477699
DCH,DINHATTA CLGE H,26.146877,89.466531
DCK,DHANDHUKA,22.3845,71.9761
DCP,DAL CHAPRA,25.82678,84.432335
DCU,DAMALCHERUVU,13.478695,79.056244
DCX,DHANICHHA,25.2305,83.4775
DD,DAUND JN,18.463897,74.578972
DDA,DURAUNDHA JN,26.0873,84.4592
DDC,DUM DUM CANT,22.6366,88.4119
DDCC,DAUND CHORD LINE,18.46677,74.552784
DDCE,DUNDI,23.5576,80.2164
DDD,DHONDHA DIH,25.672628,83.7953
DDDM,DEEN DAYAL DHAM,27.3183,77.7582
DDE,DONDAICHA,21.3312,74.5629
DDGA,DUGDA,23.7584,86.1615
DDGJ,DEEDAR GANJ,25.572451,85.253166
DDJ,DUM DUM,22.6216,88.3927
DDK,DHINDSA,30.896038,74.738703
DDL,DHANDARI KALAN,30.8746,75.9096
DDM,DAM DIM,26.858993,88.671083
DDMT,DARIMETA,21.536963,78.54126
DDN,DEHRADOON,30.313888,78.033451
DDNA,DUDHAUNDA,25.573105,83.084278
DDNI,DUDHNOI,26.001369,90.76179
DDP,DAUDPUR,25.90683,84.591165
DDR,DADAR,19.019441,72.843175
DDU,PT.DEEN DAYAL UPADHYAYA JN.,25.2785,83.1196
DDV,DADHDEVI,25.0776,75.8978
DDW,DUDWA,28.50807,80.671921
DDWA,DEEDWANA,26.6104118,76.3082147
DDX,DHAMDHAMIA,24.9497,87.7608
DDY,DUDWINDI,31.2379,75.2584
DEA,DIARA,22.798497,88.280811
DEB,DEBAGRAM,23.6857,88.3072
DEC,DELHI CANTT,28.613384,77.116427
DED,DANDELI,15.2730904,74.6174502
DEE,DELHI SARAI ROHILLA,28.662952,77.187066
DEEG,DEEG,27.486821,77.324781
DEG,DELANG,20.0383,85.7668
DEHR,DEHU ROAD,18.6802,73.7342
DEIA,DEORIA,26.182912,84.9935154
DELI,DEOLI,20.6437425,78.4937975
DELO,DEORAKOT,26.754348,81.906338
DEMU,DEMU,23.6973,84.5258
DEO,DEOKALI,27.977727,80.705566
DEOR,DIYODAR,24.113149,71.770548
DEOS,DEORIA SADAR,26.508,83.7823
DEP,DEPALSAR,28.236427,74.919908
DEPI,DEENAPATTI,25.89521,86.937389
DER,DADRI,28.53816,77.537642
DES,DESARI,25.6681,85.4061
DET,DET,25.01204,74.641628
DEV,DEVARAYI,15.449539,74.571424
DEW,DEWALGAON,20.9136,80.087
DFR,DEOGAN ROAD,20.5548,83.4301
DG,DINDIGUL JN,10.3539,77.9855
DGA,DIGHWARA,25.744,85.0032
DGB,DINDU G PURAM H,18.5432,84.242
DGBH,DIGHA BRIDGE HALT,25.64629,85.080161
DGBZ,DONGRI BUZURG P.H.,21.573484,79.676285
DGD,DANGIDHAR,23.871711,79.019852
DGDG,DURGADA GATE,17.2125,82.3491
DGF,DHAGARIA,23.2425,87.5058
DGG,DONGARGARH,21.185532,80.759897
DGHA,DIGHA,21.6227,87.508
DGHL,DIGHAL,28.74136,76.640399
DGHR,DEOGHAR,24.511692,86.697031
DGI,DUNGRI,20.6874,72.9492
DGJ,DUNGAR JN,21.078574,71.553526
DGLE,DHULIAN GANGA,24.6724,87.938
DGN,DONGARGAON,21.6411,76.3639
DGNH,DARGAON HALT,25.088864,85.751209
DGNR,DURGANAGAR,22.650928,88.41917
DGO,DURGAUTI,25.2077,83.5395
DGPP,DHENGLI PP GOAN,19.406212,76.49128
DGQ,DUGDOL,24.633171,72.098161
DGR,DURGAPUR,23.495366,87.298222
DGS,DAGORI,21.9056,82.069
DGU,DIGARU,26.1731,91.9777
DGW,DHIGAWARA,27.295825,76.613159
DGX,DAGAON,26.444216,92.613459
DGZ,DEVIGANJ,26.319729,87.141666
DH,DIAMOND HARBOUR,22.192332,88.190346
DHA,DHEENA,25.354,83.4227
DHAE,DAINHAT,23.6014,88.1697
DHBI,DHABAULI HALT,25.68215,85.342473
DHD,DAHOD,22.843907,74.253674
DHE,DOBHI,25.604379,82.998447
DHG,DHRANGADHRA,22.986785,71.478728
DHH,DINHATA,26.123924,89.468365
DHI,DHULE,20.8873,74.7684
DHJ,DHINOJ,23.670782,72.28166
DHK,DHAKURIA,22.5155,88.3715
DHKR,DHODA KHEDI,30.0185,76.8421
DHL,DEVANAHALLI,13.2472,77.705
DHMZ,DHOLA MAZRA,30.1209,76.8546
DHN,DHANBAD JN,23.7911,86.4291
DHNA,DHACHANA,25.656382,87.963066
DHND,DHINDA,26.891301,75.361576
DHNE,DHONE JN,15.396259,77.865257
DHNR,DHANORA DECCAN,19.454453,78.125324
DHO,DHAULPUR,26.697312,77.905769
DHP,DICHPALLI,18.613468,78.194847
DHPD,DHAPARA DHAM,24.196086,88.246307
DHPR,DAPPAR,30.6105,76.8476
DHR,DHARNAODA,24.592,77.0991
DHRJ,DHIRGANJ,25.7453,81.924
DHRN,DHURANA,29.2531,76.8028
DHRR,DHIRERA,28.363459,73.616295
DHRY,DHALPUKHURI,25.980731,92.880306
DHT,DHAMARA GHAT,25.5906,86.5993
DHU,DHUBULIA,23.4837,88.4413
DHW,DHARIWAL,31.9492,75.3216
DHWN,DANIAWAN,25.421528,85.287049
DHY,DHARODI,29.6321,76.0645
DI,DOMBIVLI,19.218188,73.08687
DIA,DIDWANA,27.406138,74.557686
DIB,DIBAI,28.19369,78.302994
DIBL,DHOLI (BHAL),22.44562,72.0825
DIC,DAHISAR,19.2499,72.8593
DIG,DUGGIRALA,16.3277,80.6237
DIH,DHARUADIHI,21.9947,84.2232
DIL,DILAWARNAGAR,26.9599,80.6672
DIM,DHANSIMLA,23.2684,87.4635
DING,DING,29.4609,75.2604
DINR,DIVINE NAGAR HALT (F,10.287474,76.335969
DIPA,DIPA,27.706403,94.847374
DIR,DHANAPUR ORISSA,18.9449,82.5071
DISA,DISA,24.237085,72.17956
DIT,DOHRIGHAT,26.266325,83.511887
DIU,DHING,26.453131,92.450895
DIVA,DIVA,19.1886,73.0421
DIW,DHILWAN,31.4986,75.3347
DIWR,DIGWAR HALT,23.6913,85.534579
DJ,DARJEELING,27.037741,88.262916
DJA,DAOTUHAJA,25.227771,93.162432
DJD,DIDARGANJ ROAD,26.0922,82.805
DJG,DULIAJAN,27.367242,95.306482
DJHR,DEOJHAR,22.080747,85.477023
DJI,DHORAJI,21.7217,70.4444
DJL,DODJALA H,13.1829,77.6518
DJR,DOMJUR,22.6415,88.2123
DJS,DHURANI JWAS HALT,25.220084,86.047325
DJX,DUNGRIPADI,21.0607,83.559
DK,DAKOR,22.7468,73.1582
DKAE,DANKUNI,22.677342,88.291411
DKB,DAKSHIN BARI,22.657106,88.178501
DKBJ,DAHAR KA BALAJI,26.944491,75.765839
DKC,DEVARKADRA,16.630764,77.838521
DKD,DONAKONDA,15.8343,79.4838
DKDE,DANKAUR,28.4148,77.6427
DKDP,DAKSHIN DURGAPR,22.308791,88.399258
DKE,DIHAKHO,25.427617,93.126297
DKGN,DEKARGAON,26.680546,92.762842
DKGS,DINKAR GRAM SIMARIA,25.411398,86.013721
DKI,DHARMKUNDI,22.509068,77.54631
DKJ,DORNAKAL JN,17.4456,80.1528
DKJR,DHEKIAJULI ROAD,26.809364,92.452698
DKLU,DOIKALLU,19.7416,83.4814
DKM,DIKOM,27.470277,95.095682
DKMN,DEORIA KURHMA NARESH HALT,24.848008,84.396315
DKN,DEVANGONTHI,12.9856,77.831
DKO,DEVAKOTTAI ROAD,10.0374,78.7615
DKR,DEKPURA HALT,25.300734,85.530796
DKRA,DHUANKHERI,24.5051,75.8981
DKRD,DOCKYARD ROAD,18.966343,72.844194
DKS,DAREKASA,21.271,80.5805
DKT,DHULKOT,30.3959,76.7878
DKU,DUMRI KHURD P.H.,21.310166,79.312019
DKW,DHANAKWADA,24.146127,71.823292
DKWA,DOKWA,28.579547,75.323124
DKX,DUDHWAKHARA,28.45858,75.165195
DKY,DHOKI,18.353466,76.103239
DKZ,DELHI KISHANGNJ,28.664232,77.200756
DL,DALADI,22.5852,71.0694
DLB,DAULATABAD,19.916387,75.210514
DLC,DULMERA,28.417372,73.65612
DLCR,DULLABCHERRA,24.5049,92.4773
DLD,DALAUDA,23.949,75.1058
DLDE,DALDALI,25.819981,93.516912
DLF,DALAN,25.6118,87.5608
DLGN,DHALGAON,17.120617,74.988363
DLI,DELHI JN.,28.661596,77.228136
DLJ,DHOLA JN,21.822939,71.738663
DLK,DALKOLHA,25.8736,87.8391
DLM,DASKALGRAM,23.749741,87.930901
DLMH,DHAULIMUHAN,20.0794,85.6049
DLN,DILDARNAGAR JN,25.4192,83.6681
DLO,DALGAON,26.715254,89.136114
DLP,DALPATPUR,28.8205,78.8772
DLPC,DAULATPUR CHAUK,31.771485,76.008539
DLPH,DAULATPUR HALT,25.325893,88.332567
DLPI,DELHI INDRAPURI,28.600913,77.161188
DLPR,DAYALPUR,25.6361659,81.8911273
DLPT,DULAKHAPATNA,21.007359,86.281214
DLQ,DALELNAGAR,27.1185,80.4196
DLR,DULLAHAPUR,25.7994,83.4227
DLSR,DALHOGI ROAD,32.288584,75.750363
DLW,DILWA,24.5375,85.4199
DLX,DALIMGAON,25.6402,88.386
DLZ,DHOLBAJA,26.27433,87.270927
DMA,DAMODAR JN.,23.651011,86.908507
DMBR,DUMRI BIHAR(E),23.8073,85.7661
DMC,DHEMAJI,27.489106,94.542298
DMD,DHARMADAM,11.7786,75.4635
DME,DAMNAGAR,21.688616,71.509323
DMF,DUMERTA,22.1861,84.9151
DMG,DOMINGARH,26.7647,83.3415
DMGN,DHAMALGAON,27.325186,94.856189
DMH,DAURAM MADHPURA,25.908683,86.782808
DMJR,DOMJUR ROAD,22.635639,88.221931
DMK,DILMILI,18.987873,81.738281
DML,DHARAMTUL,26.189177,92.36721
DMLE,DUMURDAHA,23.039693,88.432302
DMM,DHARMAVARAM JN,14.4245,77.7172
DMN,DHAMANGAON,20.784604,78.137984
DMNJ,DAMAN JODI,18.7682,82.8662
DMO,DAMOH,23.836543,79.432096
DMP,DHARAMPUR HIMACHAL,30.900071,77.023494
DMPR,DHARAMPUR,28.149806,78.265228
DMR,DHARMANAGAR,24.367426,92.168727
DMRT,DUMURIPUT,18.780217,82.803783
DMRX,DUMRI,25.253391,86.024494
DMSR,DHIMSIRI,27.029393,78.200405
DMT,DIGUVAMETTA,15.3947,78.826
DMU,DHAMUA,22.290049,88.392048
DMV,DIMAPUR,25.905942,93.728056
DMW,DALMAU JN,26.07521,81.05361
DMYA,DAMOY,23.971278,80.997792
DMZ,DUMDANGI,26.4769,88.2962
DN,DHANARI,28.340799,78.530445
DNA,DEGANA JN,26.897119,74.316158
DNDI,DHONDI,19.106568,76.736412
DNDL,DANDI MAL,20.714855,85.5338
DNE,DHAMNI,19.6474,77.1782
DNEA,DANEA,23.7994,85.6586
DNGD,DUNGARDA,20.806509,73.441372
DNGI,DANGARI,27.712254,95.569553
DNH,DEONAGAR,23.7584,86.1614
DNHK,DHINDHORA HKMKD,26.8036,77.1032
DNHL,DHANIAKHALI  HALT,22.95045,88.143911
DNI,DANSI,22.620983,88.268108
DNJ,DAUNDAJ,18.230819,74.174366
DNK,DHANAKYA,26.91809,75.605507
DNKL,DHENKANAL,20.6763,85.5904
DNL,DHANOLI P.H.,21.32224,80.42696
DNM,DHANMANDAL,20.6873,86.1118
DNN,DINA NAGAR,32.1346,75.4671
DNQ,DANDKHORA,25.5695,87.6329
DNR,DANAPUR,25.582201,85.044909
DNRA,DHANDHERA,29.8428,77.9043
DNRE,DHANAURI,25.1716,86.2152
DNRP,DUNGARPUR,23.867315,73.695602
DNT,DANTAN,21.9304,87.2841
DNU,DALSANUR,13.2690105,78.169987
DNV,DONKINAVALASA,18.469,83.3512
DNW,DANGARWA,23.4015,72.4412
DNWH,DANIYAWAN BZR H,25.4344,85.2909
DNWR,DHANWAR,24.423535,85.966105
DNX,DHANSU,29.2119,75.8018
DO,DAUSA JUNCTION,26.900487,76.330776
DOA,DORAHA,30.804,76.0432
DOB,DUNDLOD MUKANDGARH,27.965447,75.235405
DOBH,DEOBAHAL,21.371588,83.735637
DOC,DAUN KALAN,30.3871,76.4769
DOD,DHODHAR,23.770421,75.103226
DODH,DODH,30.842,74.5223
DOE,DEORI,23.298235,80.009608
DOH,DHODRA MOHAR,22.2812,77.8749
DOI,DOMOHANI,26.578856,88.769274
DOK,DHOLKA,22.732332,72.434192
DOKM,DOKRA HALT,23.782674,86.480598
DOKY,DUKHERI,30.2954,76.8843
DOL,DHOLI,25.977182,85.562725
DOLK,DHOLIKUA,20.830898,73.212118
DOR,DUNDARA,25.895519,72.796612
DORD,DEO ROAD,24.825067,84.550781
DOS,DEHRI ON SONE,24.9147,84.1853
DOT,DHAKIA TIWARI,28.0286,79.8857
DOTL,DEOTALA,25.274659,88.294544
DOX,DOHNA,28.434204,79.432869
DOY,DORNAHALLI,12.433056,76.42622
DOZ,DAURAI,26.395714,74.619656
DPA,DURGAPURA,26.8557,75.7862
DPC,DARLIPUT,18.3651,82.7464
DPD,DOSAPADU,16.4688,80.9388
DPDH,DHANPATDIH,24.4173037,86.9133906
DPDP,DHAPDHAPI,22.3162,88.4601
DPE,DEVARAPALLE,13.732382,77.510262
DPH,DADHAPARA,22.0282,82.1232
DPI,DODDAMPATTI,12.1815,78.4224
DPJ,DHARMAPURI,12.1261,78.1542
DPK,DHOLIPAL,29.751412,74.255219
DPL,DANAULI PHLWRIA,25.4209,86.2498
DPLN,DIPLANA,29.1849,74.8326
DPNR,DEEPNAGAR HALT,25.140467,85.483074
DPP,DHIRPUR,30.0791,76.8467
DPR,DHAMPUR,29.3059,78.502
DPRA,DHUPDHARA,25.979959,91.066189
DPS,DANGOAPOSI,22.167614,85.59238
DPSR,DAPSAURA,25.9836,80.2031
DPT,DALPAT SINGHPUR,29.929498,73.524456
DPU,DIPHU,25.8369,93.438034
DPUR,DEPUR PH,19.9729,83.2505
DPW,DHAPEWARA,21.8727,80.1911
DPX,DADPUR,24.8294,86.3491
DPZ,DEVPURA,26.0322,76.2512
DQG,DHUPGURI,26.5734,88.9949
DQL,DHALAIBIL,26.7889,92.9279
DQN,DHANERA,24.506528,72.032364
DQR,DABIRPURA,17.366183,78.490384
DR,DADAR,19.017189,72.842982
DRA,DULARIA,22.575241,77.653942
DRB,DEBARI,24.6067,73.8051
DRBR,DEORAHA BABA RD,26.2837,83.8708
DRD,DAHANU ROAD,19.991417,72.743568
DRGM,DEORAGRAM,24.096775,82.352314
DRGU,DAMRUGHUTU,23.45179,86.09024
DRH,DHARHARA,25.2583,86.4118
DRHI,DAGAR KHEDI,22.106635,76.831856
DRI,DUMRI JUARA,25.7484,84.8693
DRL,DEROL,22.6299,73.4619
DRLA,DAURALA,29.1142,77.7063
DRN,DEORANIAN,28.64495,79.476643
DRO,DARYAOGONJ,27.5966,79.0917
DRPH,DEVRI P.H.,22.85672,79.836788
DRQ,DHARMINIYA,26.8654,84.7933
DRR,DHARUR,17.289,77.758
DRS,DHARESHWAR,25.777634,73.667793
DRSN,DHURWASIN,23.1291,81.8457
DRSV,DHARASHIV,18.248264,76.022773
DRTP,DASHARATHPUR,25.2644,86.4617
DRU,KADUR,13.552051,76.008396
DRV,DARAULI,25.3932,83.6013
DRWN,DEROWAN,22.4877,85.2995
DRZ,DALLI RAJHARA,20.586249,81.067493
DS,DASNA,28.6908,77.5282
DSA,DELHI SHAHDARA,28.672968,77.293024
DSB,SADAR BAZAR,28.658696,77.216892
DSJ,DELHI SAFDARJUNG,28.582261,77.187109
DSKG,DR SRIKRISHNA SINGH NAGAR GARHPURA,25.659444,86.207106
DSL,DESWAL,26.852254,73.884429
DSM,DARASURAM,10.9443,79.3563
DSME,DASARA,24.2659,85.7977
DSNI,DAUSNI,29.7845,77.9794
DSNR,DASHNAGAR,22.5983,88.3084
DSO,DESHNOK,27.791023,73.338203
DSPL,DASPALLA,20.3453354,84.8543189
DSPN,DESHPRAN PH,22.0297,87.8174
DSPT,DANISHPET,11.8589,78.1382
DSR,DHANSIRI,25.811096,93.613858
DSS,DALSINGH SARAI,25.664949,85.841665
DST,DASAMPATTI,12.2512,78.4386
DSVS,D.SAMUDRAVALLI,12.94263,76.317399
DSX,DESANG,27.055915,94.686184
DTAE,DHATRIGRAM,23.2778,88.3118
DTAP,DHATURA ALIPUR P.H.,22.423923,80.170164
DTC,DITOKCHERRA,25.090418,92.798595
DTE,DEULTI,22.4529,87.9141
DTF,DANTLA,27.1966,76.9509
DTG,DIGNAGAR,23.3657,87.6633
DTJ,DETROJ,23.338,72.1817
DTK,DATTAPUKUR,22.7685,88.5397
DTL,DARRITOLA,23.289288,82.395401
DTN,DHAMTAN SAHIB,29.689,76.0042
DTO,DALTONGANJ,24.0328,84.0745
DTP,DIVITIPALLI,16.741263,78.084555
DTRA,DANTRA,26.7743527,75.153462
DTRD,DIYATRAROAD,27.734744,72.810688
DTT,DODAANATTA HALT,13.374447,78.136149
DTV,DHUTRA,21.8969,84.0911
DTVL,DATIVALI CABIN,19.187002,73.059039
DTW,DATEWAS,29.8928,75.6163
DTX,DANGTAL,26.4656,90.4648
DUA,DHAURA,24.44965,78.321791
DUAN,DUAN,22.354045,87.588158
DUB,DABTARA,28.368444,78.991184
DUBH,DUBAHA,25.948475,85.616798
DUD,DUDHANI,17.3626,76.3789
DUE,DUDAHI,26.79113,84.154072
DUGA,DUGGA,33.1780744,74.9381151
DUI,DHURI JN,30.3731,75.867
DUJ,DUBRAJPUR,23.8028,87.3784
DUK,DUDIA,25.934428,72.902012
DULP,DAULATPUR HRYNA,29.4524,75.8889
DUM,DHAURMUI JAGHNA,27.292,77.5362
DUMK,DUMKA,24.289687,87.255135
DUMR,DUMRA,26.576553,85.533199
DUO,DHAURSALAR,26.7981,80.0812
DUR,DESUR,15.754754,74.49842
DURE,DUMRAON,25.571634,84.143515
DURG,DURG,21.199937,81.291447
DUS,DULRASAR,28.354547,74.492455
DUSI,DUSI,18.3703,83.858
DUT,DUM DUMA TOWN,27.57083,95.555477
DUTR,DURIATANR HALY,24.408011,86.096054
DUU,DUPADU,15.742858,78.013229
DVA,DELVADA,20.773489,71.041589
DVD,DUVVADA,17.703353,83.151569
DVG,DAVANGERE,14.467594,75.92205
DVGM,DEVGAM,23.9387,71.5922
DVH,DEVI HALT,21.7059,78.8615
DVJ,DILLI DEWAN GANJ,25.432811,87.778702
DVL,DEVLALI,19.897099,73.83688
DVM,DALBHUMGARH,22.5062,86.5518
DVN,DEVTHANA,19.2985,77.6996
DVR,DORAVARICHATTRAM,13.781402,79.968967
DWA,DAILWARA,24.78089,78.393245
DWD,DHEKVAD,21.3392,74.1386
DWDI,DIGHWA DUBAULI,26.2646,84.7441
DWG,DEWANGANJ,23.429386,77.592487
DWI,DINGWAHI,25.417,80.4144
DWJ,DWARKAGANJ,26.3164,82.1091
DWK,DWARKA,22.250653,68.980064
DWL,DHUWALA,25.5467,74.5813
DWLE,DHAUNI,25.0027,86.9924
DWNA,DIWANA,29.3182,76.9799
DWO,DOIWALA,30.1755,78.1223
DWP,DWARAPUDI,16.9276,81.9227
DWR,DHARWAR,15.440526,75.004692
DWT,DEWAN HAT,26.234764,89.483471
DWV,DIWANKHAVATI,17.855823,73.418584
DWX,DEWAS,22.977676,76.051311
DWZ,DANTE WARA,18.908073,81.354876
DXD,DIGOD,25.1965,76.0156
DXG,DHARANGAON,21.0063,75.286
DXH,DUHAI,28.7298,77.4799
DXK,DHANA KHERLI,26.9502,77.5358
DXN,DUDDHINAGAR,24.2086,83.2265
DXR,DIGSAR,22.7122,71.4991
DXU,DUHRU,26.084,80.1771
DY,DUMARIYA,26.8643,77.2338
DYD,DARYABAD,26.861673,81.550484
DYE,DAYANAND NAGAR,17.456537,78.53164
DYK,DUDHIYAKHURD,28.46507,80.198135
DYP,DARYAPUR,26.182399,81.248188
DYU,DIYURI,28.603513,79.87627
DYW,DIYAWAN HALT,25.381101,85.283668
DZA,DASUYA,31.8082,75.6576
DZB,DAHINA ZAINABAD,28.292138,76.38588
DZK,DURGACHAK,22.082,88.1552
DZKT,DURGA CHAK TOWN,22.0664,88.1356
DZL,DHANA LADANPUR,28.746666,76.168363
DZP,DARAZPUR,30.1528,77.196
ED,ERODE JN,11.3274,77.7256
EDD,EDDULADODDI,15.33,77.5902
EDG,EDEN GARDENS,22.564997,88.339262
EDN,EDAMANN,9.0069,76.9825
EDP,EDAPALAYAM,8.964776,77.116556
EDU,ERIODU,10.515608,78.057109
EE,ELURU,16.7177,81.1197
EGT,EGATTUR,13.106648,79.88451
EKC,EKCHARI,25.2259,87.2158
EKH,EKSARI HALT,25.134873,85.889225
EKI,EKLAKHI,25.167698,88.099322
EKL,EKDIL,26.7661,79.1163
EKM,EKAMBARAKUPPAM,13.318594,79.573116
EKMA,EKMA,25.9669,84.5361
EKN,EZHUKONE,8.9792,76.7151
EKNR,EKTA NAGAR,21.8874,73.6862
EKR,EKANGARSARAI,25.2223,85.232
EL,ELAMANUR,10.8794,78.5737
ELL,ERALIGU,24.6649,92.3321
ELM,ELIMALA,12.0765,75.2137
ELR,ELAVUR,13.4579,80.1157
ENB,ELLENABAD,29.4434,74.6581
ENR,ENNORE,13.217219,80.321217
ERC,ERICH ROAD,25.8208,79.0352
ERL,ERANIEL,8.213,77.3086
ERN,ERNAKULAM TOWN,9.992012,76.28653
ERS,ERNAKULAM JN,9.969992,76.291122
ET,ITARSI JN,22.608,77.7669
ETAH,ETAH,27.5715,78.6542
ETK,ETAKKOT,11.8059,75.4435
ETM,ETTUMANUR,9.6765,76.5454
ETMD,ETTIMADAI,10.8985,76.8969
ETP,ETTAPUR ROAD,11.650639,78.468175
ETR,ELATTUR,11.3463,75.7411
ETUE,ETMADPUR JN,27.221586,78.198023
ETW,ETAWAH JN,26.78638,79.021912
EVA,EDAVAI,8.763023,76.697617
EZP,EZHUPPUNNA,9.819888,76.301991
FA,FALNA,25.235418,73.234563
FAB,FATEHABAD,27.019234,78.299585
FAH,FATEHA HALT,25.598806,85.862446
FAN,FATEHNAGAR,24.8179,74.095402
FAP,FAKHARPUR HALT,28.8471,77.2937
FAR,FARAH,27.3347,77.7439
FBD,FARRUKHABAD,27.3819,79.5713
FBG,FORBESGANJ JN,26.298571,87.262473
FDB,FARIDABAD,28.411483,77.307358
FDK,FARIDKOT,30.683,74.7616
FDN,FARIDABAD NW TN,28.376298,77.309418
FGCN,FETEHGARH CHURN,31.8618,74.9408
FGH,FATEHGARH HRYNA,28.650844,76.240807
FGR,FATEHGARH,27.3693,79.6213
FGSB,FATEHGARH SAHIB,30.651,76.3884
FK,FEROK,11.1749,75.8302
FKA,FAZILKA,30.408931,74.025707
FKB,FAKHRABAD,18.824254,77.974091
FKG,FURKATING JN.,26.465502,94.002542
FKM,FAKIRAGRAM JN,26.3649,90.1859
FL,PHULERA,26.873234,75.245876
FLCK,FAZALCHAK,25.436443,85.1617221
FLD,PHULAD,25.6243,73.8134
FLK,FALAKATA,26.5294,89.206
FLM,FALIMARI,26.070507,89.473
FLR,FULESWAR,22.476396,88.11224
FLU,PHULIA,23.2301,88.4965
FM,FALAKNUMA,17.332307,78.474591
FN,FARUKHNAGAR,28.4666,76.828
FNB,FATEHNAGAR BRIDGE,17.455875,78.450143
FNO,FANGO,25.618667,86.604401
FPAW,FATEHPUR ATWA HALT,25.623391,83.638574
FPMP,FATEHPUR MAKRANDPUR,28.3768501,77.6751203
FPS,FATEHPUR-SHEKHAWATI,28.000388,74.970703
FRD,FARHEDI,28.702333,78.792229
FRDH,FARIDAHA,25.557929,83.125992
FRH,FARHATNAGAR,27.0809,80.143
FSG,PHURSUNGI,18.455349,74.025536
FSP,FATEH SINGHPURA,26.8036,77.1032
FSR,FAQARSAR,30.189651,74.572792
FSW,FATEH SINGHWALA,29.91248,74.1009351
FTC,FATEHPUR CHURSI,26.8433,80.2616
FTD,FATEHABAD CH.JN,23.0095,75.6738
FTG,FURSATGANJ,26.2447,81.4159
FTH,FATUHI,30.057134,73.871469
FTP,FATEHPUR,25.917,80.8014
FTS,FATEHPUR SIKRI,27.0938,77.6705
FUT,FATUHA,25.5017,85.305748
FYZ,FAIZULLAPUR,25.8695,80.8937
FZD,FIROZABAD,27.147145,78.386421
FZGH,FEROZGUDA HALT,17.4647301,78.4601652
FZL,FAZALPUR,29.5955,78.289
FZP,FIROZPUR CITY,30.9621,74.6009
FZR,FIROZPUR CANT,30.9419,74.6179
G,GONDIA JN,21.462175,80.190582
GA,GUDHA,26.950382,75.128632
GAA,GALAN,20.606917,75.268536
GAD,GEVRA ROAD,22.348964,82.6461
GADH,GOALDIH,21.726733,85.546675
GADJ,GANDHINAGAR JAIPUR,26.873387,75.7986
GADM,GANGA DHAM,27.2094,81.9301
GAE,GAIPURA,25.1605,82.3863
GAG,GANGAGHAT,23.363059,85.512085
GAGA,GALGALIA,26.5273,88.1133
GAH,GAWNAHA,27.269889,84.520226
GAI,GAUCHHARI,25.438314,86.674576
GAJ,GANESHGANJ,23.8954,79.0741
GAJB,GAJARA BAHARA,24.05391,82.312231
GAJU,GAJU HALT,27.203801,80.372543
GAL,GHATLA,27.732313,76.628952
GALE,GANKAR,24.4137,88.067
GAM,GANJAM,19.3956,85.0465
GAMI,GOGAMERI,29.1605,75.034
GANG,GANGAGANJ,26.2918,81.2018
GANL,GHANAULI,31.0257,76.5918
GAO,GAIGAON,20.720554,76.889963
GAP,GURPA,24.5621,85.2966
GAQ,GANJ KHAWAJA,25.2735,83.184
GAR,GADARWARA,22.899739,78.792014
GARA,GARHA,26.426309,85.520986
GATD,GAUTAMDHARA,23.359907,85.599289
GATL,GATL,24.3059684,76.5131543
GAUR,GAUR,26.9136,82.5613
GAW,GAINJAHWA,27.468374,82.257385
GAYA,GAYA JN,24.804188,84.999504
GB,GAURI BAZAR,26.5949,83.6678
GBA,GARBETA,22.844342,87.320752
GBB,GUBBI,13.3213,76.9391
GBD,GAURIBIDANUR,13.6126,77.5123
GBE,GAYABARI,26.85972,88.260678
GBG,GOBARDANGA,22.88,88.7606
GBHA,GAROBIGHA HALT,24.827092,85.467453
GBK,GOPALPUR BALKDA,20.4329,85.8782
GBN,GARH BANAILI,25.914821,87.534771
GBP,GULABPURA,25.9077,74.6565
GBPM,GADHI BERI,27.3218551,77.7007948
GBQ,GODBHAGA,21.4167,83.8572
GBRA,GOBRA,22.695754,88.279524
GBRI,GOBARWAHI,21.514487,79.722977
GBX,GOVINDPUR ROAD,23.03993,85.02285
GC,GHAT KOPAR,19.085865,72.908471
GCAB,BMY G CABIN,21.204658,81.431608
GCH,GACHHIPURA,26.953442,74.454346
GCN,GOCHARAN,22.277978,88.45861
GCT,GHAZIPUR CITY,25.583634,83.568535
GD,GONDA JN,27.154553,81.978092
GDA,GODHRA JN,22.7768,73.6035
GDB,GIDDARBAHA,30.201149,74.663172
GDBR,GOONDA (BIHAR),23.068361,86.081657
GDD,GADRA ROAD,25.7439,70.6431
GDE,GARLADINNE,14.8274,77.5923
GDG,GADAG JN,15.436638,75.642071
GDGN,GAUDGAON,17.336383,76.531363
GDH,GIDNAHALI,13.41429,77.8087556
GDHA,GODHA,28.005617,78.140945
GDI,GUDGERI,15.123502,75.359688
GDK,GONDA KACHAHRI,27.1426,81.9383
GDKP,GHUNDANKHAPA,21.655035,78.42556
GDL,GONDAL,21.972181,70.795298
GDM,GUDMA,21.4156,80.2872
GDN,GANGAIKONDAN,8.8306,77.786
GDO,GOVERDHAN,27.520756,77.461853
GDP,GUDUPULLI,12.8034,78.2746
GDPL,GUNDLA POCHAMPALLI,17.567857,78.488131
GDQ,GODAMGURA,17.2898,77.8667
GDR,GUDUR JN,14.1484,79.8453
GDRA,GANGADHARA,18.581986,78.989382
GDU,GUDRU HALT,22.2921,80.1176
GDV,GUDIVADA JN,16.4301,80.9878
GDW,GADHWALA,27.970298,73.454933
GDX,GHOKSADANGA,26.4222,89.3528
GDY,GUINDY,13.008112,80.212362
GDYA,GHORADONGRI,22.126593,78.002157
GDZ,GUNDARDEHI,20.9491,81.3026
GEA,GHATERA,23.8298,79.6738
GEB,GARH BARUARI,26.019149,86.605396
GEBL,GOREBAL,15.686318,76.7402109
GED,GULEDAGUDDA RD,16.0694,75.6956
GEDE,GEDE,23.491587,88.787127
GEG,GIR GADHARA,20.9067,70.9196
GEK,GEGAL AKHRI,26.540316,74.775524
GELA,GHADELA HALT,21.714214,78.888187
GEOR,GUNJARIA,26.218095,88.131852
GER,GERATPUR,22.9171,72.6549
GFAE,GARIFA,22.9084,88.4099
GG,GANDHIGRAM,23.02666,72.568731
GGA,GHOGA,25.2078,87.1634
GGAR,GANGADHRA,21.1418,73.0439
GGB,GARHMUKTESAR BR,28.759684,78.134079
GGC,GANGAPUR CITY JUNCTION,26.468499,76.727228
GGD,GULLAGUDA,17.4151,78.027
GGG,GANGAGARH HALT,27.850764,78.739529
GGGS,GARHA GOODS SHED,23.141356,79.864688
GGH,GHOGARDIHA,26.282718,86.468453
GGJ,GOSHAINGANJ,26.569644,82.384243
GGKR,GOVINDGARH KHKR,29.9951,75.8088
GGLE,GANGATIKURI,23.7179,88.087
GGN,GURGAON,28.489325,77.010899
GGO,GORAM GHAT,25.6351,73.8488
GGP,GANGNAPUR,23.131658,88.640206
GGR,GANGRAR,25.0614,74.6249
GGSY,GANGA SAHAI HALT,25.270157,86.019173
GGT,GHUNGHUTI,23.3431,81.1859
GGTA,GHORAGHATA,22.4579,87.9438
GGV,GHOVARASH GHONA,22.651878,88.783092
GGVT,GANGAVATHI,15.442004,76.549948
GGWA,GANGWARA HALT,24.634045,87.121671
GGY,GAGARIYA,25.7409,70.7347
GH,GHUGHULI,27.0892,83.7331
GHA,GOLEHWALA,30.7899,74.7044
GHAA,GHAGHRA,22.413251,85.215138
GHAI,GHATIGAON,26.054624,77.92654
GHB,GAHRI BHAGI,30.1164,74.9439
GHD,GARWA ROAD JN,24.214639,83.885336
GHDA,GHOLBAGDA,21.9173335,87.7682214
GHE,GHEVRA,28.691642,76.998196
GHG,GHAGGHAR,30.6621,76.8396
GHGL,GHAGWAL,32.5045,75.2139
GHH,GARHI HARSARU,28.43777,76.929917
GHJ,GURSAHAIGANJ,27.1188,79.732
GHL,GOLHALLI,13.1486,77.4143
GHLE,GADADHARPUR,24.0131,87.6918
GHLU,GHALLU,30.2531016,74.1090682
GHN,GHORPARAN,24.741219,86.491585
GHNA,GOHANA,29.1398,76.6889
GHNH,GHANTIKHAL NDPR,20.5108,85.7361
GHPU,GANDHIPURAM HALT,17.4948,80.3133
GHQ,GARHWA,24.1756,83.8136
GHR,GIDHAUR,24.8563,86.3242
GHRI,GHORI HALT,27.374359,80.503693
GHS,GURU HARSAHAI,30.7152,74.4001
GHSR,GHASARA HALT,26.72246,79.360428
GHT,GHAGHARA GHAT,27.104214,81.505337
GHUM,Ghum,27.008323,88.253903
GHX,GARHARA,25.4274,86.0104
GHY,GUWAHATI,26.182245,91.751461
GI,GUDUVANCHERI,12.845,80.0572
GIA,GARIA,22.4665,88.4042
GIBP,GHOGI BARIARPUR,25.205794,86.304759
GID,GIDDALUR,15.3793,78.9259
GIF,GANI DHAM HALT,25.173097,86.986828
GIG,GOHRIGAON HALT,25.111174,86.152496
GIHT,GAIGHAT HALT,27.993855,81.432255
GII,GIDHNI,22.488332,86.853061
GIL,GAISAL,26.1917,88.0983
GILA,GHIALA,32.1516,75.6439
GILL,GILL,30.8409,75.8485
GIMB,GANDHIDHAM BG,23.069466,70.148134
GIN,GINIGERA,15.3481,76.2475
GIO,GORIYAN,27.547698,75.26536
GIR,GAINSARI JN,27.526236,82.56217
GIZ,GIDAM,18.9345,81.4086
GJ,GANGAJHARI,21.4428,80.0585
GJD,GUJHANDI,24.4977,85.4633
GJH,GOLDINGANJ,25.753904,84.826984
GJJ,GAJJELAKONDA,15.7778,79.4017
GJL,GAJRAULA JN,28.8344,78.2502
GJMB,GANJMURADABAD,26.9875,80.1766
GJN,GAJNER,27.9361,73.0618
GJS,GAJSINGHPUR,29.658223,73.436909
GJT,GANNAGHATTA,13.2136622,78.1365129
GJTA,GURUDIJHATIA,20.5699,85.8283
GJUT,GANGSAR JAITU,30.4451,74.8795
GJW,GAJUWALA,29.5856,75.8719
GK,GK,28.084551,80.475368
GKA,GOKHULA,27.0696,84.5396
GKB,GHATAKA VARANA,25.5065,76.1599
GKC,GORAKHPUR CANT,26.751129,83.417301
GKD,GADHAKDA,21.238022,71.381779
GKG,GOKULGARH,28.2463718,76.617281
GKH,GUSKARA,23.4903,87.7337
GKHT,GRAM KHARIKA HALT,25.672783,85.383339
GKJ,GOLAKGANJ JN,26.108279,89.83057
GKK,GOKAK ROAD,16.205114,74.738789
GKL,GOKULPUR,22.3757,87.2935
GKM,GUNDALUKAMMA,15.9855,79.645
GKP,GORAKHPUR JN,26.759751,83.381939
GKT,GANKHERA HALT,21.3886,80.1914
GKV,GOOTIHALLI,13.2344171,78.1425629
GKX,GHAI KALAN,30.82292,75.10937
GLA,GARLA,17.4866,80.1388
GLBA,GOLABAI,20.0172,85.5562
GLBN,GUJRAN BALWA,29.405,77.301
GLG,GULABHGANJ,23.6841,77.9121
GLGT,GOLAGHAT,26.509056,93.96162
GLH,GULAOTHI,28.5825,77.8013
GLI,GALSI,23.3582,87.6814
GLKN,GUGALWA KIRTAN,28.546227,75.576496
GLMA,GULMA,26.803082,88.404064
GLNA,GULANA,27.10345,76.565094
GLP,GOLLAPROLU,17.1514,82.2906
GLPT,GOALPARA TOWN,26.126775,90.620899
GLTA,GEHLOTA,26.687343,74.996109
GLU,GULLIPADU,17.41,82.6337
GLY,GOLLAPALLI,16.819043,78.157425
GM,GARMADI,23.72784,71.1339
GMAN,GUMANI,24.8045,87.8047
GMD,GURAMKHEDI,22.6814,78.1477
GMDA,GUMADA,18.8887,83.4571
GMDN,GIRIMAIDAN,22.3407,87.3064
GMDP,GRAMDADPUR,23.115683,87.998461
GMG,GUMGAON,20.9931,79.0298
GMGM,GOMANGALAM,10.6031,77.1449
GMH,GAMHARIA,22.796439,86.102343
GMI,GOND UMRI,21.0034,80.0824
GMIA,GUMIA,23.8027,85.8289
GMM,GUMMAN,30.842258,76.97176
GMO,NSC BOSE J GOMO,23.872966,86.14809
GMR,GAHMAR,25.4889,83.8047
GMS,GARHMUKTESAR,28.7818,78.0735
GMTO,GUMTO,27.137169,93.791403
GMU,GAURIYAMAU,26.756839,81.79347
GMX,GURMURA,24.335,83.0405
GN,GOPAL NAGAR,23.062359,88.745327
GNA,GONEANA,30.3186,74.9094
GNB,JNANA BHARATI HALT,12.935679,77.511592
GNBA,GAON BARODA,29.430495,76.205687
GNC,GANDHINAGAR CAPITAL,23.233459,72.629242
GND,GOVINDGARH MALIKPUR,27.240742,75.645161
GNDM,BAHUARA HALT,26.043982,84.830418
GNG,GAURIGANJ,26.2038,81.6871
GNGD,GANGADHARPUR,19.8154,85.293
GNGL,GANGAULI,25.667677,82.862663
GNGT,GANGATOLA,22.392539,79.986709
GNH,GANGAKHER,18.973547,76.755681
GNHI,GANDHI HALT,25.5715,84.95766
GNJ,GUNJI,15.522664,74.475632
GNJB,GOPINATHJEW BANIKUNDA PH,20.290606,86.443944
GNJP,GOKULNAGAR JOYPUR,23.0402566,87.4559063
GNK,GARHNOKHA,25.097064,84.122658
GNL,GONGLE,21.2225,80.1478
GNN,GANGINENI,16.7819,80.4991
GNNA,GANGANIYAN,25.265034,86.592522
GNND,JNANDAS KANDRA,23.736169,87.98521
GNO,GOREGAON ROAD,18.162938,73.30297
GNP,GHANPUR,17.8508,79.377
GNPR,GUNUPUR,19.075584,83.812466
GNQ,GODHANI,21.2115,79.068646
GNR,GADIGANURU,15.218726,76.598868
GNRL,GANGRAUL HALT,28.28269,77.75445
GNS,GHONSOR,22.6583,79.9512
GNST,GANDHI SMRITI,20.920713,72.921861
GNT,GUNTUR JN,16.3005,80.4417
GNTR,GAUNTRA HALT,27.126216,80.174789
GNU,GANAUR,29.1307,77.0107
GNV,GANDEVI,20.802337,73.000374
GNVR,GONDWANAVISAPUR,19.8771,79.3309
GNW,GANGIWARA,22.0978,78.8459
GNWA,GHUNWARA,24.1343998,80.6301407
GO,GHOTI,19.7152,73.6332
GOA,GOHAD ROAD,26.4805,78.4392
GOC,PONMALAI,10.791827,78.709745
GOD,GIDARPINDI,31.1531,75.1249
GODA,GODDA,24.829926,87.193102
GOE,GHOGRAPAR,26.450902,91.540146
GOF,GHUTIARI SHARIF,22.368,88.5524
GOG,GHORGHAT,25.242668,86.627821
GOGH,GOSSAIGAON HAT,26.4287,89.9498
GOGT,GOGHAT,22.898733,87.707891
GOH,GAROT,24.3544,75.726
GOK,GOKARNA ROAD,14.583251,74.367657
GOL,GOILKERA,22.5055,85.3795
GOLE,GOLE,25.891658,71.99976
GOM,GOGAMUKH,27.441564,94.320116
GOP,GOP JAM,22.037117,69.895363
GOPG,GOPALGANJ,26.4538,84.4351
GOR,GOPINATHPUR,23.0885,87.8464
GOS,GHOSRANA,27.1801,76.9036
GOT,GOT,28.8714,78.8234
GOTN,GOTAN,26.652061,73.737144
GOVR,GOVINDNAGAR,26.8638,82.7071
GOX,GOBINDPUR DUGLI,26.0853,83.7915
GOY,GOVINDPURI,26.454283,80.313063
GOZ,GOLSAR,28.151622,74.545498
GP,RAJ GANGPUR,22.1862,84.5822
GPAE,GUPTIPARA,23.197,88.4175
GPB,GHATPRABHA,16.240675,74.75986
GPC,GHATPINDRAI,22.952466,79.2661
GPD,GUMMIDIPUNDI,13.4094,80.1232
GPE,GOGIPOTHIA HALT,26.249853,87.284145
GPH,GARPOS,22.1345,84.4187
GPI,GAJAPATINAGARAM,18.293,83.3337
GPJ,GORAPUR,18.3467,82.7938
GPLG,GOPALPURGRAM,23.822882,87.771492
GPNB,GOPINATHPUR NILGIRI,21.482843,86.786662
GPSA,GHATPARSIA HALT,22.0626673,79.0343067
GPSL,GOKULPUR SABOLI HALT,28.70349,77.301941
GPU,GULAPALYAMU,15.0873,77.3995
GPX,GAUTAMPURA ROAD,23.0299,75.5155
GPY,GANGAYAPALLE,14.553849,78.717193
GPZ,GOHPUR,26.895191,93.619168
GQD,GOURDAHA (HALT),22.378333,88.534441
GQL,GURLA JUNCTION,25.270623,75.885658
GQN,GARHANI,25.411338,84.569664
GRA,GHARAUNDA,29.5411,76.9652
GRAE,GURAP,23.025,88.1119
GRAK,GARKHA,27.7478989,78.883775
GRB,GARH DHRUBBESWAR,23.509061,86.616726
GRBH,GAREA BIHAR,24.121845,85.925102
GRBL,GARUDUBILLI,18.2143,83.3503
GRCP,G RAMCHANDRAPUR PH,19.9911,83.3306
GRD,GIRIDIH,24.181856,86.314245
GRE,GOLA ROAD,23.545891,85.697479
GRF,GAMBHIRI ROAD,24.6935,74.6706
GRG,GUWARIGHAT,23.1103,79.9276
GRH,GHORASAHAN,26.820087,85.127427
GRHI,GARHI,29.0575214,76.0714717
GRHM,GIR HADMATIYA,20.9886,70.6874
GRHX,GARRA,21.8017,80.1545
GRI,GURIYA,25.997781,73.954811
GRJ,GATRA HALT,21.5549,80.2062
GRKA,GURHA KEMLA,28.320792,76.275303
GRKN,GORAKHNATH,20.3082,86.2602
GRL,GORAUL,25.9311,85.3185
GRM,GARHMAU,25.5062,78.6879
GRMA,GHORMARA,24.442618,86.86424
GRMP,GANGA RAMPUR,25.389939,88.515987
GRMR,GARHI MANIKPUR,25.7862,81.4031
GRN,GURNAY,29.8944,75.8059
GRNA,GURHANWA,26.74745,85.215626
GRO,GURRA,22.6318,77.867
GRP,GANGPUR,23.2232,87.9278
GRR,GORPHAR,25.578369,87.656651
GRRG,GURLI RAMGARHWA,27.186,83.7717
GRRU,GURARU,24.8107,84.7914
GRU,GAROPARA,26.66188,89.480896
GRWD,GHORAWADI,18.7202,73.6966
GRX,GAURA,25.7494,82.0919
GRY,GORAYA,31.1295,75.7739
GRZ,GURTHURI,29.647929,76.177139
GS,GODHANESHWAR,22.6815,72.3686
GSA,GUAGACHHA,26.501148,91.015892
GSB,GARNA SAHIB,31.7601,75.6503
GSD,GHOSUNDA,24.871292,74.534597
GSDH,GARSANDA HALT,25.1428,86.0115
GSGB,GOSAINGRAM,24.248373,88.212147
GSGJ,GHAUSGANJ,27.1483,80.3203
GSI,GHOSI,26.118606,83.544331
GSK,GHUSIA KALAN HALT,25.1847617,84.2424691
GSL,GODAPEASAL,22.530237,87.320366
GSO,GHASO,29.5308,76.1429
GSP,GURDASPUR,32.0438,75.4204
GSPR,GOSALPUR,23.381456,80.058875
GSPU,GAUSPUR HALT,25.4297284,85.1924874
GSQ,GUIR SARANGA,23.1256,87.755
GSR,GARHSHANKAR,31.2183,76.1428
GSRM,GAURI SRIRAM,26.762472,84.197845
GSW,GURSAR SHNEWALA,30.14034,74.887404
GSX,GANDHI SMRAK RD,20.8728201,77.0179647
GT,GHATKESAR,17.453,78.6781
GTA,GOLANTHRA,19.2187,84.7403
GTBN,GURU T B NAGAR,19.037759,72.864193
GTD,GOURINATHDHAM,23.395794,86.274605
GTE,GOTHAJ,22.7783,72.7864
GTF,GUMTHAL,28.484082,78.757725
GTHT,GHATARO HALT,25.825245,85.194071
GTI,GHUTAI,25.2897,79.388
GTJT,GETOR JAGATPURA,26.836555,75.832014
GTK,GHUTKU,22.1682,82.0853
GTL,GUNTAKAL JN,15.17553,77.366581
GTLM,GOTLAM,18.1114,83.3958
GTM,GHATAMPUR,26.1511,80.1745
GTNR,GOMTI NAGAR,26.860524,81.003613
GTP,GHATPURI,28.125586,79.206276
GTQ,GUMTALI HALT,31.066352,75.636953
GTR,BOMBAY GRNT RD,18.9636,72.8161
GTRA,GOTRA HALT,28.8082,77.3013
GTS,GHATSILA,22.5859,86.4795
GTST,GAUTAMSTHAN,25.7921,84.6312
GTT,GOMTA,21.8739,70.7298
GTU,GHAT NANDUR,18.722958,76.563463
GTW,GATORA,22.0531,82.2274
GTX,GOTHANGAM,21.2944,72.8805
GTY,GOLA PATI,23.798696,79.738572
GUA,GUA,22.2181,85.3815
GUB,GULARBHOJ,29.111244,79.301605
GUD,GALUDIH,22.6485,86.4101
GUDM,GUDUM P.H.,20.438033,81.085295
GUG,GARH JAIPUR,23.4157,86.142
GUH,GULDHAR,28.703462,77.455502
GUJ,GUNJA,23.73994,72.598858
GUK,GUNTAKONDURU,16.4568,81.0772
GULR,GULER,32.004218,76.151206
GUMA,GUMA,22.8083,88.6004
GUMI,GORUMAHISANI,22.3327,86.2763
GUNA,GUNA,24.64062,77.314224
GUNS,GHUNAS,30.32,75.4205
GUP,GAURIPUR,26.078371,89.952106
GUR,GANAGAPUR ROAD,17.3406,76.5905
GURN,GURUDAS NAGAR,22.199803,88.215408
GUU,GUNDRATIMADUGU,17.5319,80.0796
GUV,GURUVAYUR,10.597,76.0456
GUZ,GUMANI HAT,26.423234,89.275589
GV,GOVANDAI,19.05504,72.915541
GVA,GANGUVADA PH,18.6671,84.1067
GVB,GUNERU BAMORI,24.4669,78.0532
GVD,GHOLVAD,20.087,72.7381
GVDP,GOVINDPUR PH,22.743042,86.260632
GVG,GOVINDGARH,30.708,76.2252
GVH,GOVIND GARH,27.499136,76.987638
GVI,GARIVIDI,18.2737,83.5314
GVL,GUDLAVALLERU,16.3483,81.046
GVMR,GOVINDI MARWAR,27.0313,75.092754
GVN,GODAVARI,17.0072,81.7703
GVR,GORESWAR,26.525726,91.720137
GW,GIRWAR,23.8379,78.936
GWA,GANJ DUNDWARA,27.7283,78.9359
GWD,GADWAL,16.2251,77.809682
GWH,GHOSHAWAR,25.740599,85.246396
GWL,GWALIOR JN.,26.216593,78.182402
GWM,GANNAVARAM,16.5561,80.796
GWP,GANGAWAPUR HALT,26.94977,80.003471
GWS,GAUSHALA,29.2983,79.0095
GWSB,GOINDWAL SAHIB,31.3767,75.1181
GWV,GOWDAVALLI,17.609911,78.468561
GWYR,GREENWAYS ROAD,13.020426,80.251865
GXG,GEONG,29.8358,76.496
GY,GOOTY,15.149518,77.626133
GYF,GOOTY FORT,15.136768,77.6448272
GYL,GHARYALA,31.2224,74.7317
GYM,GUDIYATTAM,12.9373,78.9159
GYN,GYANPUR ROAD,25.2813,82.4226
GZA,GURUJALAS,16.548478,79.639631
GZB,GHAZIABAD,28.650072,77.431469
GZH,GULZARBAGH,25.5977,85.2054
GZKA,GAZIKA,27.6073,76.6547
GZL,GAZULAPALLI,15.4303,78.5996
GZM,GOUR MALDA,24.9478,88.1106
GZN,NAYA GHAZIABAD,28.674474,77.438078
GZO,GAZOLE,25.227926,88.211632
GZS,GZ SANDHWAN,30.6133,74.8014
GZT,GHAZIPUR GHAT,25.59989,83.604412
HA,HARGAON,27.7695,80.7285
HAA,HARWADA,14.740272,74.259167
HAB,BAH,26.866205,78.617667
HAD,HARIPAD,9.2799,76.4625
HAG,HALLIGUDI,15.415963,75.836621
HAH,HOSA AGRAHARA,12.561098,76.364937
HAM,HAMIRHATI,23.3203,87.3636
HAN,HINDAUN CITY,26.7558,77.0313
HAPA,HAPA,22.4685,70.1177
HAPR,HANAMAPUR,15.6360514,76.0663662
HAQ,HASTAVARAMU,14.218793,79.12199
HAR,HAMIRPUR ROAD,26.016,80.1902
HAS,HASSAN,13.003052,76.117229
HAT,HATHURAN,21.5013,72.9697
HATB,HATIBARI,21.3094,84.1179
HATI,HATI,24.68898,80.843039
HAUR,HAUR,22.3656,87.6554
HB,HABRA,22.8408,88.6577
HBB,HENDLASO BHOKTA BAGICHA,23.498359,84.715946
HBE,HABIBPUR,23.211847,88.538303
HBF,HADOBHANGI,18.819,83.953
HBI,HGRIBOMANAHALLI,15.0499,76.2088
HBL,HOMBAL,15.5205,75.5765
HBLN,HBL NAGAR,17.1338028,78.2729433
HBN,HAIBARGAON,26.355728,92.672596
HBP,HARPAR BOCHAHA,25.60376,85.760822
HBS,HEBSUR,15.4219,75.2837
HBSH,HASAN BAZAR STATION HALT,25.266764,84.350065
HBU,HALBARGA,17.98804,77.297745
HBW,HABIBWALA,29.3486,78.4786
HC,HINDU COLLEGE,13.118518,80.074883
HCM,HRSCHNDRAPURAM,18.4791,84.1216
HCNR,HARI CHANDANPUR,21.3282,85.7951
HCP,HARCHANDPUR,26.3429,81.1606
HCR,HARISCHANDRPUR,25.4043,87.8674
HD,HARDA,22.338724,77.10115
HDA,HIRNODA,26.8856,75.3277
HDB,HALDIBARI,26.335422,88.782406
HDC,HARISHDADPUR  PH,22.577242,88.046837
HDD,HADDINAGUNDU,15.1529,76.9787
HDE,HARDAS BIGHA,25.4971,85.3279
HDGR,HADGAON ROAD,19.332769,77.723293
HDK,HANDIA KHAS,25.3572,82.1891
HDL,HODAL,27.8856,77.3882
HDM,HIRDAMALI,21.3429,80.1972
HDN,HAIDARNAGAR,24.4977,83.9507
HDP,HADAPSAR,18.526817,73.927774
HDS,HARIDASPUR,20.7256,86.1161
HDT,HARDATTPUR,25.2707,82.8813
HDU,HARDUA,23.8307,80.391
HDW,HALDWANI,29.215257,79.533892
HDWL,HARDORAWAL,31.9179,74.9241
HEB,HEBBAL,13.0424,77.5862
HEI,HEGGERE HALT,13.340852,77.047806
HEM,HIMAYATNAGAR,19.417059,77.869205
HEN,HENRIA PH,21.975046,87.795696
HER,HER,18.423593,76.97897
HET,HETAMPUR,26.6116,77.9434
HFZ,HAFIZPET,17.482695,78.363075
HG,HOTGI,17.5652,75.9895
HGA,HOGLA,22.254704,88.452044
HGH,HAIDERGARH,26.6211,81.3627
HGI,HAGARI,15.1538,77.0409
HGJ,HARDUAGANJ,28.0056,78.1409
HGL,HARANGUL,18.385438,76.481152
HGR,HIMGIR,21.8763,83.7426
HGT,HINGANGHAT,20.5423,78.8336
HGY,HOOGHLY GHAT,22.9040817,88.3887523
HHD,HUNSIHADGIL,17.3526,76.6465
HHG,HEHEGARA HALT(E),23.790214,84.258614
HHL,HIREHALI,13.28038,77.189598
HHP,HARISHPUR,29.5623948,77.3875264
HHR,HRIDAYPUR,22.710798,88.469982
HHT,HABANGHATA,13.247131,76.262455
HIH,HAJIGARH,23.0067,88.1211
HIJ,HIJLI,22.319431,87.319679
HIKD,HALLIKHED K,17.671166,77.06876
HIL,HILSA,25.3171,85.2769
HIND,HIND,29.5305,77.3639
HIP,HALDIPADA,21.5714,86.9966
HIR,HARINAGAR,27.1561,84.324
HIS,HISUA,24.859961,85.418186
HISE,HIRISAVE,12.947018,76.574606
HJI,HOJAI,26.002024,92.851982
HJL,HEJJALA,12.8459,77.4168
HJLI,HUGRAJULI,26.805533,92.358971
HJP,HAJIPUR JN,25.7029,85.2155
HK,HELAK,27.226,77.309
HKD,HAILAKANDI,24.680226,92.56784
HKG,HIRAKUD,21.4801,83.9053
HKH,HARANYA KHERI,22.5837,75.7768
HKL,HARKIA KHAL,24.3627,74.9192
HKP,HAKIMPUR,28.878,78.6664
HLAR,HOLE ALUR,15.8199,75.6467
HLB,HADALA BHAL,22.487,72.1315
HLD,HALUDPUKUR,22.6,86.1434
HLDD,HALDI ROAD,29.039137,79.459219
HLDR,HALDAUR,29.2871,78.2781
HLE,HEELALIGE,12.81314,77.710934
HLG,HILLIGROVE,11.3366,76.837
HLK,HOLALKERE,14.0361,76.1297
HLKH,HALLIKHED,17.848176,77.277291
HLN,HOLE NARSIPUR,12.786525,76.24649
HLP,HALDHARPUR,25.9631,83.6788
HLR,HALISAHAR,22.921559,88.436852
HLV,HALIYURU,14.2224,76.3367
HLW,HIRNAWALI,29.716532,74.269466
HLX,HILARA,24.9516,92.6204
HLZ,HALDIA,22.0453,88.0664
HM,HADMATIYA JN,22.4197,70.3959
HMA,HUMMA,19.4432,85.0758
HMBD,HUMNABAD,17.771512,77.139489
HME,HAMRE,34.221881,74.512539
HMG,HAMIRGARH,25.1872,74.6169
HMH,HANUMANGARH JN,29.614804,74.297533
HMI,HIMMATANA,30.4587,75.8671
HMK,HINDUMALKOTE,30.146983,73.925714
HML,HELEM,26.873,93.4497
HMO,HANUMANGARHTOWN,29.574,74.331
HMP,HEMPUR,27.6298,80.5783
HMPR,HURMUJPUR HALT,25.7218,83.3526
HMQ,HIMMATPURA,29.7506,75.8607
HMR,HAMIRA,31.456,75.4324
HMRR,HAMARAPUR,18.82,73.0865
HMT,HIMMATNAGAR,23.591245,72.959948
HMY,HARMUTI,27.165168,93.958855
HMZ,HIND MOTOR,22.683796,88.341665
HN,HATHBANDH,21.6318,81.8459
HNA,HONNAVAR,14.3164,74.4327
HNB,HASANABAD,22.5705,88.9133
HND,HINDOL ROAD,20.7684,85.4243
HNDR,HENDEGIR,23.6982,85.1703
HNG,HIRANGAON,27.175553,78.314469
HNH,HANUMANAHALLI,14.358791,75.9959701
HNHL,HARNAHALLI,14.0486,75.4584
HNK,HANAKERE,12.5653,76.9795
HNL,HINGOLI DECCAN,19.7267,77.1471
HNM,HINAUTARAMBAN,24.574992,80.942862
HNMN,HANUMAN STATION,15.15251,77.37489
HNN,HARANA KALAN,28.9449,77.0386
HNPA,HANDAPA,20.9431,84.6845
HNR,HANSARA,27.548155,95.525951
HNS,HANSI,29.087977,75.946941
HNSL,HASLANG P.H.,23.094891,86.008186
HOD,HALDITA BIHAR,26.166994,87.356758
HOH,HONAGANAHALLI,16.6789,75.7323
HOJ,HAMITONGANJ,26.688417,89.416351
HOL,HOL,21.1986,74.7851
HP,HARIPUR,26.012747,74.025278
HPA,HAMPAPURA,12.479655,76.394634
HPG,HUPPUGUDA,17.34091,78.482165
HPGM,HARIPUR GRAM,20.133152,85.707436
HPH,HANUMAPURA,15.9759861,77.3079437
HPHI,HARAPANAHALLI,14.773532,75.985142
HPI,HARPATTI HALT,25.881002,87.092228
HPKA,HINOTIA PIPALKHERA,24.535236,77.79352
HPL,HARIPAL,22.8314,88.1188
HPLE,HATPURAINI,25.1494,86.9845
HPM,HAMPAPATNAM,15.1152,76.277
HPO,HASANPUR ROAD JUNCTION,25.714742,86.185341
HPP,HARPALPUR,25.2904,79.3354
HPR,HIRAPUR,20.426691,74.939632
HPRD,HAPA ROAD,23.54,72.9377
HPT,HOSAPETE JUNCTION,15.287207,76.38618
HPU,HAPUR,28.739893,77.779856
HPUR,HABASPUR,23.1209805,88.0039459
HQR,HIRENANDURU,17.2582,76.8722
HR,HARPALU,28.578341,75.478306
HRB,HARRI,22.8277,81.8824
HRBR,HARUBERA,23.489856,85.739193
HRDR,HARSAR DEHRI,32.104462,76.038081
HRE,HIRODIH,24.3827,85.5963
HRF,HARHRAS QILAH,27.5947,78.0584
HRG,HIRDAGARH,22.1424,78.517
HRGR,HARNAGAR,25.865957,86.255394
HRH,HARTHALA,28.8843,78.7294
HRI,HARDOI,27.3992,80.1476
HRLI,HARLAYA,26.8666,72.7215
HRLT,HARLATANR,24.5310207,86.9198771
HRM,HADMADIYA,20.9346,70.8408
HRN,HARAUNI,26.7061,80.7476
HRNG,HARPUR NAG(HALT),26.385949,85.076666
HRNR,HIRA NAGAR,32.487,75.2687
HRNS,HARISING,24.2391841,87.5738587
HRO,HARUA ROAD,22.6618,88.6902
HRPG,HARPALGANJ,25.9844,82.371
HRR,HARIHAR,14.5149,75.8118
HRS,HATHRAS JN,27.6247,78.1369
HRSB,HILLAR SHAHABAD HALT,33.567352,75.192168
HRSG,HARSINGRA HALT,25.040897,85.232039
HRSN,HARISINGA,26.7243,91.9849
HRSR,HARISH NAGAR HALT,23.469387,88.777599
HRT,HARNAUT,25.4133,85.5447
HRTK,HORTOKI,24.0782611,92.6281101
HRV,HARRAD,23.1611,81.904
HRW,HARRAWALA,30.2604,78.0972
HSA,HASIMARA,26.72683,89.347601
HSB,HASANBAZAR HALT,25.267052,84.350452
HSD,HOSDURGA ROAD,13.8617,76.1314
HSDA,HANSDIHA,24.611558,87.08556
HSI,HARSAULI,27.864878,76.615219
HSK,HARISHANKER RD,20.6438,82.7515
HSP,HASANPARTI ROAD,18.0786,79.5022
HSQ,HUSAINPUR,31.3009,75.3207
HSR,HISAR,29.1521,75.7241
HSRA,HOSUR,12.7177,77.823
HSWS,HANSIAWAS,28.8424,75.3497
HSX,HOSHIARPUR,31.5242,75.9057
HSY,HARSINGPUR GOBA,27.4187,79.5157
HT,HOTAR,22.308791,88.399258
HTC,HATHRAS CITY,27.5998,78.0551
HTCY,HIGH TECH CITY,17.46978,78.385241
HTD,HATUNDI,26.373108,74.651756
HTE,HATIA,23.311203,85.307808
HTGR,HATHIGADH,21.6202,71.4447
HTJ,HATHRAS ROAD,27.6227,78.1371
HTK,HATKANANGALE,16.748044,74.421687
HTL,HATIKHALI,25.6115,93.091278
HTLA,HATOLA,18.9627176,75.2704435
HTN,HATNA PUR,21.761572,78.334064
HTNL,HITNAL,15.335677,76.291509
HTT,HATRA ROAD,21.7062,80.2077
HTW,HATHUA,26.3551,84.3408
HTZ,HATHIDAH JN,25.3672,85.988
HTZU,HATHIDAH JN UPPER,25.351473,85.987072
HUD,HUDUKULA,13.0728428,78.1537863
HUDU,HUNDUR HALT,23.477387,85.396479
HUFP,HARAULI FATEHPUR,25.7660436,85.2168629
HUK,HOLAMBI KALAN,28.801247,77.102394
HUN,HUNSENAHALLI,13.4001476,77.9465164
HUP,HINDUPUR,13.818744,77.499962
HVD,HALVAD,23.018426,71.18282
HVL,HONNAVALLI RD,13.276203,76.365108
HVR,HAVERI,14.7948,75.411186
HW,HARIDWAR JN,29.9481,78.1552
HWH,HOWRAH JN,22.584058,88.340979
HWR,HATWAR,26.044599,87.892642
HWT,HANWANT,26.059404,73.005095
HWX,HABAIPUR,25.871426,92.985363
HX,CUDDAPAH,14.4514,78.8289
HYA,HADIAYA,30.3373,75.4772
HYB,HYDERABAD,17.393603,78.467617
HYG,HOOGHLY GHAT,22.9048311,88.3960861
HYL,HADYAL,28.526773,75.264931
HYT,HAYAGHAT,26.020691,85.878582
HZBN,HAZARIBAGH TOWN,23.983338,85.34041
HZD,HAZARIBAGH RD,24.1597,85.8902
HZR,HAFIZPUR,28.6719,77.786
IAA,INDARA JN,25.9874,83.6192
IAM,MAI HALT,25.169103,84.987026
IB,IB,21.815847,83.948851
IBL,INDRABIL,23.445254,86.781607
ICG,ICHCHANGADU,11.35492,79.212799
ICGH,ICHANGADU HALT,11.356054,79.213549
ICL,ICHAULI,25.521375,80.179253
IDG,INDARGARH,25.7276,76.2327
IDGJ,IRADATGANJ,25.3179,81.8193
IDH,IDGAH AGRA JN,27.17288,77.998037
IDJ,IDALHOND,15.701879,74.520693
IDL,INDALVAI,18.549115,78.244801
IDM,INDEMAU,26.3183,80.767
IDP,INDUPALLI,16.4794,80.8773
IDR,INDI ROAD,17.211149,75.919476
IDS,ISHARDASPUR,25.948274,81.2505688
IDT,SIDLAGHATTA,13.3919,77.8651
IGL,IRINGAL,11.5483,75.609
IGP,IGATPURI,19.6941,73.5624
IGR,INGUR,11.2249,77.5872
IGRL,INGORALA,21.823047,71.6862
IGTA,INGOHTA,25.758774,80.127068
IGU,IRUGUR,11.0168,77.0688
IHP,INCHHAPURI,28.319909,76.719391
IJ,ITAUNJA,27.081137,80.891304
IJK,IRINJALAKUDA,10.3399,76.2814
IK,IKRAN,27.2112,77.6088
IKI,ITIKYALA,16.074269,77.852211
IKK,IKKAR,29.892,78.1
IKR,IKLEHRA,22.2077,78.7112
IKRA,IKRA JN,23.6953,87.1138
ILA,SILAIMAN,9.875511,78.183432
ILO,ILLOO,23.287238,85.858669
IMAM,IMAMPURAM,15.016678,77.514202
IMBG,IMLIBHAGA HALT,25.3008463,85.5315387
IMGE,ISMAILPUR,24.8155,84.7234
IMLI,IMLI,25.5558,86.3027
IMR,IBRAHIMPUR,16.8032,75.7196
INCI,ISHAN CHANDI HALT,23.3349643,87.7378219
INDB,INDORE JN,22.71729,75.868149
INDR,INDRANAGAR,12.9887511,80.242108
INJ,INNANJE,13.256094,74.761813
INK,INTAKANNE,17.7279,79.8609
INP,INDAPUR,18.2978,73.2448
INS,INDAS,23.1579,87.6334
IP,ICHHAPUR,22.8,88.3736
IPG,IPPUGUDA,17.8098,79.3358
IPL,IDAPALLI,10.034528,76.298461
IPM,ICHCHPURAM,19.1105,84.6802
IPPM,IPURUPALEM,15.8521,80.3853
IPR,ISLAMPUR,25.1431,85.2176
IPRA,ISLAMPARA HALT,22.969402,88.392904
IQB,IQBALPUR,29.8747,77.8034
IQG,IQBAL GADH,24.344438,72.532682
IRA,ISRANA,29.2914,76.8529
IRN,IRGAON,23.4215,84.7832
IRP,IRAVIPURAM,8.867348,76.623459
ISA,ISARDA,26.170075,76.030197
ISH,ISARWARA,23.926954,78.548727
ISHN,ISHANAGAR,24.853852,79.393229
ISM,ISMAILA HARYANA,28.7966,76.7462
ISRI,ISHAPUR KHERI HALT,29.216356,76.59294
ITA,ITOLA,22.149729,73.156586
ITE,INTIYATHOK,27.311384,82.046413
ITKY,ITKY,23.3502,85.1323
IZN,IZZATNAGAR JN,28.387776,79.420681
J,JALNA,19.830421,75.892782
JA,JALIYA,21.814652,71.62571
JAA,JHALIDA,23.370465,85.975742
JAB,YAMUNA BRIDGE JN,27.191892,78.038507
JAC,JALSU,26.844443,74.194107
JACN,JALSU NANAK,26.868334,74.250069
JAG,JALALGARH,25.976719,87.519493
JAIS,JAIS,26.262,81.519
JAJ,JHAJHA,24.7791,86.3995
JAKA,JUNAKHERA,24.4594771,76.2973327
JAL,JAWALI,25.463192,73.397341
JALD,JALIYA DEVANI,22.4202,70.3996
JAM,JAMNAGAR,22.4939,70.0538
JAMA,JAMA,24.3456,87.1451
JAN,JARANGDIH,23.7697,85.929
JAO,JAORA,23.627383,75.115242
JAPN,JHALRAPATAN,24.5330234,76.1938206
JAQ,JANDRAPETA,15.8099,80.334
JAR,JUNAIR HALT,25.273219,85.250645
JARI,JARI,24.582251,72.054691
JASH,JORASHANKH HALT,24.292505,86.145238
JAT,JAMMUTAVI,32.706495,74.879637
JATP,JAITPURA,26.749326,78.888486
JAU,JHAUA,25.6145,87.7433
JAUA,JAMUA,24.358128,86.154184
JBB,JAMBUR,21.0329,70.5931
JBD,JALLALABD,30.6077,74.2684
JBG,JUNG BAHADURGNJ,27.7684,80.1729
JBGD,JABBALGUDDA,15.424415,76.368532
JBK,JAGGAMBHOTLA KRISHNAPURAM,15.551606,79.071522
JBN,JOGBANI,26.402633,87.263632
JBO,JAMADOBA PH,23.714639,86.409531
JBP,JABALPUR,23.164746,79.951029
JBR,JAHANGIRABAD RJ,26.9839,81.264
JBS,JADOLI KA BAS,27.539251,76.880779
JBU,JAABUGAM,22.28592,73.76049
JBW,JHABELWALI,30.510217,74.601803
JBX,JABRI,23.2942,76.8894
JCH,JETHA CHANDAN,26.999949,71.308307
JCL,JADCHERLA,16.7523,78.1416
JCN,JUNICHAVAND,21.3856,70.6841
JCNR,JUCHANDRA,19.360122,72.872711
JCU,JAICHOLI,27.1307,77.3973
JCY,JIND CITY,29.3096,76.3173
JDA,JASODA,27.0834,79.8197
JDB,JAGDALPUR,19.0661,82.0139
JDD,JERTHI DADHIA,27.730394,75.20045
JDDA,JETHA,22.016111,82.880859
JDGP,JAMALDAHA GOPALPUR,26.455699,89.043358
JDH,JAM JODHPUR JN,21.9064,70.0311
JDHH,JANDHERA HALT,29.8617669,77.4796901
JDI,JHARRADIH,22.0002,83.0511
JDL,JAGDEVWALA,28.339137,73.484116
JDN,JAGUDAN,23.521811,72.401619
JDNX,JOGINDER NAGAR,31.988823,76.789277
JDP,JADABPUR,22.4951,88.3743
JDPR,ORO,24.903887,85.4137498
JDPT,JAGDISHPUR,25.120552,86.990546
JDR,JIWDHARA,26.5813,84.9064
JDW,JARUDA NARAA,29.4268,77.7055
JEA,NAKAHA JUNGLE,26.8027,83.3603
JEN,JENAPUR,20.8511,86.0653
JEP,JEONATHPUR,25.2145,83.0434
JER,JALESWAR,21.7972,87.2202
JES,JAITSAR,29.342379,73.651829
JET,SECBAD JAMES ST,17.4328,78.4866
JEUR,JEUR,18.2606,75.1621
JFD,JIADHAL,27.457864,94.510059
JGA,JOGIARA,26.4061,85.746
JGBR,JOGESHWAR BIHAR,23.7455,85.6262
JGD,JAGADISHPUR,24.2732,86.5254
JGDL,JAGADAL,22.851184,88.394966
JGE,JGNTH TMPL GTE,11.7377,75.5086
JGF,JOGIDIH,24.2698,83.0508
JGG,JANGIGANJ,25.3336,82.2609
JGJ,JAGESHARGANJ,26.0091,81.9568
JGJN,JUGIJAN,26.027941,92.81765
JGKS,JIGNI KHAS,25.8023,84.0064
JGLP,JATINGA LUMPUR,25.110912,92.949528
JGM,JHARGRAM,22.4544,86.9982
JGN,JAGRAON,30.8009,75.4724
JGNR,JOGENDRA NAGAR,23.811732,91.310034
JGP,JALALPUR,26.5866,84.3122
JGR,JASWANTNAGAR,26.8729,78.8936
JGW,JOGIWALA,31.0941,75.0676
JGWL,JAGJIVAN HALT,25.547862,84.630089
JGZ,JAMGOAON HALT,22.4186,80.1991
JHA,JAKHAURA,24.870591,78.400283
JHBN,JMTPUR BAHARAN,23.7499,88.0986
JHD,JEHANABAD,25.2249,84.9902
JHDC,JAHANBAD COURT,25.1973,84.9842
JHG,JHINGURA,25.1238,82.659
JHH,JHALRA,29.4198,78.1759
JHIR,JHIR,26.849804,76.097488
JHJ,JHAJJAR,28.593377,76.638595
JHK,JETHUKE,30.2884,75.3186
JHL,JAKHAL JN,29.8016,75.8243
JHMR,JHIMRI,23.083048,86.026726
JHN,JAKHIM,24.8291,84.5265
JHT,JUNEHTA,22.7826,78.5963
JHW,JHALAWAR ROAD,24.5422,75.92
JHWR,JHAWAR,32.0027,75.3782
JI,JHUSI,25.430795,81.916294
JIA,JIGNA,25.1578,82.3255
JIBI,JOLAIBARI,23.190941,91.596366
JID,JAGI ROAD,26.126004,92.197351
JIGT,JIRIGHAT,24.809942,93.086729
JIL,JALILA ROAD,22.2396,71.8205
JIND,JIND JN,29.3288,76.2895
JIR,JIRA ROAD,21.4504,71.3453
JIT,JIRAT,23.0983,88.4615
JITE,JITE,18.841964,73.119507
JJ,JAJAU,26.934161,77.936325
JJA,JAJAN PATTI,27.355,77.574
JJBR,JHANJHARPUR BAZAR HA,26.261303,86.283038
JJG,JIAGANJ,24.2441,88.2768
JJJ,JAIJON DOABA,31.3491,76.1344
JJK,JHINJHAK,26.5549,79.7341
JJKR,JAJPUR K ROAD,20.943324,86.132298
JJN,JHUNJHUNU,28.106812,75.390544
JJP,JHANJHARPUR,26.228913,86.268253
JJR,JEJURI,18.286897,74.171791
JJT,JAI JAI WANTI,29.1691,76.3688
JJTI,JHANJHITOLI HALT,23.53343,85.412063
JJW,JOJWA,22.2535,73.6427
JK,JAKOLARI,32.2187,75.5457
JKA,JAKHVADA,23.0761,72.2038
JKAR,JAKLAIR,16.578117,77.607312
JKB,JAKHALABANDHA,26.582694,92.983475
JKDK,JHARKHAND DHAM,24.4086109,86.0513061
JKDP,JANKIDAIPUR,19.8886,85.8195
JKE,JUKEHI,23.986723,80.432239
JKH,JAHANIKHERA,27.7461,80.2328
JKHI,JAKHOD KHERA,29.209414,75.57375
JKI,KAURIAA JUNGLE,26.8815,83.3002
JKL,JALALKHALI HALT,23.347378,88.513498
JKM,JANKAMPET JN.,18.70235,78.05357
JKN,JAKHANIAN,25.7413,83.3699
JKNI,JHARKHANDI,27.441031,82.225971
JKO,JAKKALACHERUVU,15.1095,77.7274
JKP,JHAREKAPUR,27.680792,80.729084
JKPR,JAKHAPURA,20.9178,86.0653
JKR,JAULKHERA,21.8383,78.2165
JKS,JAKSI,23.337,72.1812
JKT,JEKOT,22.8657,74.1594
JKZ,JITAKHERI,29.0184,75.9853
JL,JALGAON JN,21.0181,75.5629
JLBR,JHALLURBAR,22.627163,88.252144
JLD,JARWAL ROAD,27.1206,81.5406
JLF,JULMI,24.643979,75.939645
JLG,JULGAON DECCAN,19.3992,77.8144
JLHI,JHILAHI,27.0564,82.1968
JLI,JALASI PH,22.588337,88.05748
JLL,JALALGANJ,25.6125,82.7724
JLLO,JHILO,27.850764,75.890093
JLM,JALIYA MATH,23.227623,72.877636
JLN,JAKHALAUN,24.5477,78.3422
JLPH,JALALPUR HALT,25.3043939,86.0038441
JLQ,JALPUR,29.0123,78.8703
JLR,JETALSAR JN,21.729404,70.57394
JLS,JALESAR ROAD,27.4458,78.1703
JLT,JHAMAT,27.1995,83.3398
JLW,JHALWARA,23.7726,80.474
JLWC,JHALAWAR CITY,24.580355,76.146644
JLY,JHILMILI,22.053982,79.154263
JM,JALAMB JN.,20.812847,76.573076
JMA,JAMURIA,23.712439,87.073689
JMBL,JAMBHALI  HALT,19.166897,77.594547
JMD,JAMDHA,20.573975,74.985437
JMDG,JAMMALAMADUGU,14.847482,78.397992
JME,JAMSHER KHAS,31.2387,75.6079
JMG,JAMGA,21.8748,83.5646
JMI,JAMGURI,26.385027,93.959026
JMIR,JAMIRA HALT,25.557515,84.705524
JMK,JAMUNAMUKH,26.108664,92.741776
JMKR,JAWLMUKHI ROAD,32.015354,76.226037
JMKT,JAMIKUNTA,18.2898,79.4767
JML,JUMNAL,16.6605,75.7368
JMM,JAIMURTINAGAR,26.836632,85.065765
JMN,JAMUAWAN,24.8149,85.2921
JMP,JAMALPUR JN,25.314236,86.492615
JMPT,JIMIDIPETA,19.0444,83.4221
JMQ,JAMIRGHATA,24.9166,88.0677
JMRA,JAMIRA,24.307679,92.527885
JMS,JAMSAR,28.24784,73.399315
JMT,JAMTARA,23.9592,86.8055
JMU,JAMUI,24.9722,86.255
JMV,JAMBARA,21.9425,78.2514
JNA,JULANA,29.1196,76.396
JND,JUNAGADH JN,21.530376,70.457382
JNE,JANIYANA,25.827398,72.336044
JNH,JANGHAI JN,25.5497,82.3107
JNJ,JUI NAGAR,19.055526,73.018141
JNK,JHINKPANI,22.4115,85.7682
JNKR,JANAKINAGAR,25.881774,87.117119
JNL,JANDIALA,31.5898,75.0543
JNM,JAYNGR MAJLIPUR,22.169,88.4156
JNN,JAMUNIATANR HALT (E),23.75471,86.192122
JNNA,JAMUNIATANR HALT (FOR SHCDDULE),23.754239,86.187032
JNO,JUNNOR DEO,22.191299,78.592072
JNP,JAGAN NATHAPUR,19.3302,84.8677
JNR,JANAKPUR ROAD,26.468114,85.701056
JNRD,JUNAGARH ROAD,19.873898,82.946716
JNRI,JALANDARI,25.286145,75.342007
JNT,JAINTIPURA,31.773,75.1018
JNTR,JINTI ROAD,18.3223,74.8833
JNU,JAUNPUR JN,25.73388,82.666626
JNX,JAGNATHJI ROAD,25.2707,72.628
JNZ,JENAL,24.321758,72.03907
JO,JO JAGABOR,23.7298,73.4398
JOA,JANWAL,18.55953,76.755037
JOB,ASALPURJOBNER,26.900334,75.423717
JOBA,JOBA,24.0379,81.6443
JOBT,JOBAT,22.402807,74.5531324
JOC,JOYCHANDI PAHAR,23.516853,86.680799
JOH,JUHARPURA,28.199439,74.84745
JOK,JODHKA,29.493252,75.218239
JOL,JOGAL,21.6962,86.8825
JOM,JOGI MAGRA,26.698232,73.818512
JON,JOHNA,23.359907,85.626068
JONR,JEONARA P.H.,22.468147,80.074024
JOO,JAMAI OSMANIA,17.411499,78.518214
JOP,JAUNPUR CITY,25.762662,82.699302
JOQ,JORAI,26.4675,89.7902
JOR,JALOR,25.35411,72.63422
JOX,JANAI ROAD,22.7221,88.2648
JP,JAIPUR JN.,26.920233,75.786953
JPAH,JAGDISHPUR A HALT,26.153779,86.123039
JPD,JALALPUR DHAI,26.021231,81.136007
JPE,JALPAIGURI ROAD,26.5593,88.7097
JPG,JALPAIGURI,26.51866,88.723526
JPH,JHANTIPAHARI,23.353603,86.904731
JPI,JHADUPUDI,19.0279,84.6127
JPL,JAPLA,24.5387,84.0026
JPM,JIYAPURAM,10.8731,78.6059
JPML,JAI PRAKASH MAHULI HALT,25.45366,85.600491
JPP,JLALPR PANWARA,27.0712,79.847
JPQ,JHAPANDANGA,23.0639,88.0909
JPR,JAKPUR,22.3624,87.3898
JPRD,JENAPUR ROAD PH,20.018355,85.786572
JPS,JMLPR SHAIKHAN,29.6997,75.8572
JPV,JMTRA PARASWARA,23.0916,79.96
JPZ,JOGIGHOPA,26.241,90.5759
JRA,JARAIKELA,22.3094,85.1135
JRAE,JAUGRAM,23.078547,88.080697
JRBI,JAYRAMBATI,22.920099,87.60631
JRBM,JIRIBAM,24.798839,93.124366
JRC,JALANDHAR CANT,31.3067,75.6325
JREA,JHAREDA,27.4765,77.0323
JRG,JUGPURA P.H.,21.6687,86.9127
JRJ,JARGAON,28.560702,78.768883
JRJE,GARJEE,23.431812,91.496607
JRK,JERUWA KHERA,23.973705,78.478689
JRKN,JORKIAN,29.66225,74.285088
JRKT,JADARAMA KUNTE,16.267085,75.828323
JRL,JHARILI,28.5062,76.3743
JRLE,JANGIPUR ROAD,24.459455,88.0407
JRLI,JAROLI,21.952519,85.419044
JRMA,JHARAMUNDA,20.7738503,84.1341086
JRMG,JAIRAMNAGAR,22.034,82.2961
JRNA,JIRNIA,23.827043,91.431656
JRO,JIRON,24.608084,78.361487
JRPD,JARAPADA,20.8851,84.8876
JRQ,JHAROKHAS,24.1804,83.1699
JRR,JUGAUR,26.8794,81.0851
JRS,JORAVASAN,20.7301,72.9661
JRT,JARATI,18.890736,82.665381
JRTB,झारतरभा,20.7491495,83.7093213
JRTR,JURTARA HALT,22.2530758,79.7568047
JRU,CHIKJAJUR JN,14.125922,76.138515
JRW,JORAMOW,24.2012,86.7073
JRX,JURIAGAON,26.441219,92.644615
JRZ,JORANDA ROAD,20.6232,85.6402
JSA,JASAI,25.7164,71.2454
JSB,YAMUNA SOUTH BK,25.9023,80.2266
JSC,JALESAR CITY,27.4603,78.3067
JSD,JAISINGDER,25.7555,70.3588
JSE,JAMSOLE,21.8734956,86.8134883
JSG,JHARSUGUDA JN,21.8625,84.0176
JSGR,JHARSUGUDA ROAD,21.850505,84.010906
JSI,JASALI,24.1699,71.9141
JSKA,JATAULA JAURI SAMPKA,28.372522,76.799412
JSM,JAISALMER,26.91656,70.928249
JSME,JASIDIH JN.,24.514797,86.644535
JSP,JAYASINGPUR,16.7911,74.5514
JSPR,JASHAPAR,21.841942,69.87395
JSR,JASRA,25.2804,81.775
JSRD,JHANKAD SARALA ROAD,20.290376,86.304474
JSS,JASIA,29.0061,76.6498
JSV,JARANDESHWAR,17.746398,74.076004
JTB,JAGATBELA,26.7719,83.2782
JTDM,JAT DUMRI JN,25.473316,85.09502
JTH,JHOKTAHAL SING,30.809,74.4955
JTI,JAITHARI,22.9875,81.868
JTIN,JTIN,24.921313,85.35862
JTJ,JOLARPETTAI JN.,12.560512,78.57748
JTK,JHITKIA,25.6256,88.0525
JTKN,JAITPUR KALAN,26.835025,78.710572
JTL,JHAPATER DHAL,23.3671,87.7496
JTN,JOTANA,23.4585,72.2937
JTNU,JATNANDUR,18.98088,75.4233451
JTO,JUTOGH,31.101084,77.122393
JTP,JETPUR,21.735583,70.615454
JTR,JATKANHAR,21.1795,80.8216
JTRD,JATH ROAD,17.209017,75.106316
JTS,JATUSANA,28.3309,76.5206
JTT,JUMMA PATTI,19.004104,73.308334
JTTN,JORHAT TOWN,26.750362,94.216776
JTU,JAITIPUR,26.6825,80.7153
JTV,JETALVAD,21.3527,70.8247
JTW,JAITWAR,24.7398,80.8634
JTY,JETHI,24.292347,72.507534
JU,JODHPUR JN,26.283565,73.02299
JUA,JARAUNA,25.557,82.399
JUBS,JUBBASAHANI,26.180994,85.382196
JUC,JALANDHAR CITY,31.3314,75.5912
JUCT,JODHPUR CANTT,26.304034,73.075047
JUDW,JAGADHRI WSHOP,30.1354,77.2407
JUJA,JUJOMURA,21.239,84.1343
JUK,JAULKA,20.302291,77.064972
JUL,JHULASAN,23.3268,72.4714
JUNX,JUNONA HALT,19.472742,77.160416
JUP,JHUNPA,28.777289,75.521393
JUR,JUTURU,14.978617,77.897873
JVA,JAVALE,17.298,75.159
JVL,JAMWALA,20.9707,70.772
JVN,JORAWARNAGAR JN,22.71254,71.641674
JVT,JIBANTI,24.0804,88.1924
JW,JATWARA,26.867568,76.206493
JWK,JWHRPUR KAMSAN,27.5251,78.5886
JWKA,JANDWALA KHARTA,30.3583961,74.0290799
JWL,JAJIWAL,26.364957,73.214779
JWLS,JAWANWALA SHAHR,32.14197,76.004092
JWN,JIWA ARAIN,30.674,74.3559
JWNR,JAWAHARNAGAR,23.924601,91.895313
JWO,JAWAD ROAD,24.5578,74.7647
JWP,JWALAPUR,29.9284,78.1207
JWS,JHARWASAA,26.210587,74.70789
JXN,JIRONA,19.4078,77.9517
JYG,JAYNAGAR,26.589295,86.134701
JYK,JONE KARRANG,27.76133,95.114822
JYM,JAI SAMAND ROAD,24.308931,73.774395
JYP,JEYPORE,18.896,82.5543
KAA,KAURARA,27.0287,78.6645
KAC,KASAP,25.4746233,84.6014238
KAD,KHANDALA,18.7546,73.3769
KADA,KHANDALA(M.P.),22.3560264,74.4698756
KADI,KADI,23.292323,72.326295
KADL,KUMRADOL,24.661856,87.064881
KAG,KODAGANUR,14.3282,76.035
KAGA,KURHAGADA,24.198607,85.285796
KAGJ,KALIAGANJ,26.3469642,87.6390102
KAGR,KAGANGARH,29.8394,75.7391
KAH,KALHAR,23.978411,78.057518
KAHL,KARHAL,27.013539,78.936
KAI,KAIRLA,25.846865,73.194866
KAJ,KALIYANGANJ,25.63936,88.330464
KAJG,KARANJGAON,19.950437,74.915085
KAKI,KAKNI,24.54252,86.9941051
KAL,KALLAL,9.977473,78.670492
KALI,KAILI,28.7854,77.7527
KALM,KALAMB,20.4822071,78.3555525
KALN,KALANA,29.0052,75.172
KALS,KALAS HALT,15.080411,75.395222
KAMA,KAMTA HALT,25.336116,85.278136
KAMG,KAMAKHYAGURI,26.4842,89.7219
KAMP,KAMALPUR,28.1823,77.8396
KAMR,KAMR,25.169824,85.222029
KAN,KHANA JN,23.3209,87.7699
KANJ,KANIL,22.8668,72.705
KANO,KANOH,30.991663,77.117586
KANR,KUKANUR,15.4874043,75.9866049
KANS,KANSIYA NES,21.2442,70.6402
KAO,KALUBATHAN,23.7585,86.6617
KAOT,KAOTHA,20.737131,78.376293
KAP,KALIANPUR,26.503145,80.252552
KAPE,KAKAPORA,33.959878,74.906845
KAPG,KALUPARA GHAT,19.8966,85.4036
KAPP,KHARIAPIPRA  HALT,25.236774,86.644914
KAPU,KIRATPUR,27.150993,78.982958
KAR,KARNA,27.3214,80.196
KARD,KAMAN ROAD,19.336,72.9186
KARH,KAKRAHA RST HSE,27.998797,81.420879
KARI,KHARI,33.3873535,75.1395767
KARJ,KARJHAUSA,24.769547,86.818562
KARK,KARAIKKURICHI,8.678842,77.537148
KARO,KHARIO,23.833717,86.192036
KARR,KHARAR,30.745377,76.623716
KART,KIRATPUR SAHIB,31.186371,76.562862
KASA,KANSA,23.9299899,72.0603191
KASH,KULTHAMABDULLASHAH H,31.203185,75.848236
KASR,KANAS ROAD,20.0622,85.7429
KASU,KASU,18.641,73.0798
KAT,KHATAULI,29.2738,77.737
KATB,KHATKURA PH,22.477625,86.930394
KATI,KATHI,21.788513,87.733898
KATL,KATOL,21.263021,78.590484
KAU,KACHNA,25.638741,88.008213
KAUA,KATHAUTIA,24.171346,85.224823
KAV,KALUMNA,21.1682,79.141
KAVM,KATHIVAKKAM,13.204184,80.316582
KAVR,KALAVUR HALT,9.567574,76.318417
KAW,KHAJRI,25.563194,77.617035
KAWL,KANDWAL HALT,32.283069,75.769933
KAWR,KARWAR,14.820897,74.182649
KAWT,KANWAT,27.610386,75.689249
KAY,KARAIMADAI,11.239,76.958
KAYI,KAYDI P.H.,21.795208,80.101833
KB,KHAIRATABAD,27.5209,80.7404
KBA,KURABALAKOTA,13.666254,78.485813
KBE,KUREBHAR,26.4098,82.1119
KBGB,KOMAGATA MARU BUDGE BUDGE,22.493095,88.194711
KBGH,KAREA KDMBGACHI,22.704939,88.534527
KBH,KHANDBAARA,21.3247,74.1022
KBI,KAMBARGANVI,15.459967,74.875431
KBJ,KANTABANJI,20.4739,82.9064
KBK,KHAMBLI GHAT,25.627133,73.865204
KBKN,KHABRA KALAN,29.345175,75.381929
KBL,KOPPAL,15.354218,76.144309
KBM,KOTABOMMALI,18.488,84.1995
KBN,KARBIGWAN,26.2009,80.503
KBP,KUBERPUR JUNCTION,27.222426,78.129272
KBPR,KABAKA PUTTUR,12.768667,75.204772
KBQ,KUMRABAD ROHINI,24.466838,86.644878
KBR,KABRAI,25.3787,80.0166
KBRV,KANJARI BORIYAVI,22.615239,72.921925
KBSH,KRISHNA BALLABH SAHA,24.256199,86.483345
KBSN,KASBE SUKENE,20.072056,74.026909
KBT,KADAMBATTUR,13.0997,79.8624
KBU,KASU BEGU,30.8569,74.6718
KBY,KHOIRABARI,26.6262,91.8405
KCA,KUCHMAN,25.3193,83.2154
KCC,KRISHNA CANAL,16.4775,80.6049
KCD,KURICHEDU,15.9131,79.5719
KCF,KALCHINI,26.687957,89.447937
KCG,KACHEGUDA,17.389651,78.499846
KCHV,KACHCHANVILAI,8.5793,78.0224
KCI,KALLKIRI,13.643735,78.801241
KCJ,KASIMPUR,26.257089,81.539841
KCKI,KECKHI,23.928,84.1465
KCLA,KENCHANALU HALT,14.017656,75.284976
KCM,KALASUMUDRAM,14.21688,78.099403
KCN,KARCHANA,25.3135,81.916
KCO,KACHHIA BRIDGE,27.944521,78.864155
KCP,KALGUPUR,18.163958,77.19183
KCR,KHONKER,25.316563,77.579098
KCT,KIRAKAT,25.645705,82.925148
KCU,KACHHIAA,27.973482,78.883209
KCV,KRISHNA CH PURA,21.8244,86.8199
KCY,KAICHAR,23.5372,88.0116
KCYN,KACHHIYANA HALT,25.13251,85.973673
KCZ,KAIRON,31.332,74.8678
KD,KUNDARKHI,28.6779,78.788323
KDAA,KADA,18.8961,75.0816
KDBA,KODIMBALA HALT,12.718382,75.476761
KDBR,KHADKI BAZAR,19.407021,77.832298
KDE,KORADACHERI,10.771212,79.490225
KDER,KUNDER HALT,25.009295,86.22451
KDF,KHUNDAUR,26.0205,82.0155
KDG,KEDGAON,18.4859,74.3156
KDGH,KODIGEHALLI,13.0625,77.5744
KDGI,KUDGI,16.5304,75.8116
KDGO,KADOGAON HALT,26.3506472,88.006017
KDH,KHARDAHA,22.7253,88.3774
KDHA,KARCHHA,23.1013,75.9333
KDHI,KALADEHI P.H.,22.87918,79.8349
KDHL,KUNDHELA,22.228408,73.28187
KDHN,KANDHARAN HALT,28.595374,75.4529
KDI,KUNDLI,22.258279,71.668625
KDJ,KHUDAGANJ,27.2192,79.6426
KDJB,KHUDAGANJ BAZAR,25.083975,85.223724
KDJR,KENDUJHAR,21.6601,85.6267
KDKN,KENDUKANA,26.3738,91.6366
KDLG,KUNDALGARH,24.03502,73.813534
KDLR,KANDEL ROAD,20.1262,83.2787
KDM,KESAMUDRAM,17.6862,79.8964
KDMD,KANDAMBAKKAM,11.8119,79.3874
KDMR,KHODIYAR MANDIR,21.739251,72.004652
KDN,KUDATINI,15.21504,76.763449
KDNL,KADAYANALLUR,9.0855,77.3633
KDO,KADAKOLA,12.1906,76.6639
KDP,KONDAPURAM,14.7733,78.1933
KDPA,KHADAPA,19.0059,82.4458
KDPR,KUMEDPUR,25.437,87.8058
KDPS,KADIPUR SANI HALT,27.862753,80.779037
KDQ,KADIPUR,25.44839,83.090973
KDRA,KADAMPURA,26.166686,86.621532
KDRI,KENDRI,21.131102,81.729527
KDRP,KANDARPUR,20.396928,86.017799
KDS,KUSUNDA JN,23.7904,86.4117
KDSB,KHADUR SAHIB,31.4179,75.1185
KDT,KHADARPETT,14.9888,77.5361
KDTN,KADETHAN,18.476678,74.438038
KDTR,KIRODIMALNAGAR,21.9266,83.3321
KDTY,KADUTURUTTI HALT,9.755838,76.49231
KDU,KADAMBUR,9.0015,77.8631
KDV,KHADAVLI,19.3565,73.219
KDVI,KADAVAI,17.26533,73.551889
KDX,KADABARI HAT,26.475951,88.730736
KDY,KETTANDAPATTI,12.6262,78.5713
KDZ,KANDAGHAT,30.965834,77.107286
KE,KHARDI,19.5803,73.3938
KEA,KATRA,26.8429,82.2048
KEB,KARAMBELI,20.316,72.9011
KED,KENDUAPADA,21.0302,86.3831
KEE,KASEETAR,24.0044,86.7525
KEF,KRISHNAMMAKONA,15.505461,78.268147
KEG,KARENGI,28.347144,79.041653
KEH,KAPSETI,25.3576,82.7175
KEI,KASHI,25.3268,83.0321
KEJ,KATHLEEGHAT,31.021678,77.103424
KEK,KARKHELI,18.944771,77.7384
KEM,KEM,18.1768,75.2745
KEMK,KHEM KARAN,31.1396,74.5534
KEMR,KEMRI HALT,28.810254,79.198186
KEN,KOTALA,13.612,79.2955
KENP,KENDRAPARA,20.4961,86.4124
KEP,KELANPUR,22.2326,73.2765
KEPR,KOIRIPUR,26.0685,82.3035
KER,KIRIHRAPUR,26.0512,83.746
KES,KESRI,30.2649,76.9342
KESR,KESRI SINGHPUR,29.950919,73.61887
KETI,KEOTI,20.225294,81.081374
KEU,KETTUR,18.2896477,74.9504524
KEV,KELA DEVI,27.0157,77.3291
KEX,KHEKRA,28.87166,77.289076
KEY,KAGANKARAI,12.4121,78.5096
KEZ,KELZAR,19.9831,79.5641
KFA,KOPARIA,25.661411,86.59853
KFC,KALPATTICHATRAM,10.542,78.3072
KFD,KARANJADI,17.998285,73.404422
KFE,CHOTTANIKKARA ROAD,9.923537,76.37661
KFF,KOLDA,21.1656,73.8932
KFH,KATPHAL,18.232571,74.596052
KFI,KAPPIL,8.779225,76.67942
KFK,KATKA,25.2504,82.6344
KFN,KANOR,24.459494,74.266205
KFP,KUKRA KHAPA,21.8253,78.8972
KFPR,KAFURPUR,28.8661,78.3623
KFQ,KUMARANALLUR,9.617506,76.532049
KFT,KAJRI,24.126,84.0668
KFU,KOHAND,29.4945,76.9684
KFV,KUNDARA EAST,8.9696,76.6913
KFX,KOCHEWAHI P.H.,21.788194,79.929872
KGA,KHAGA,25.7619,81.1027
KGB,KARGI ROAD,22.2974,82.0263
KGBP,KHONGSANG,24.8358533,93.4878025
KGBS,KISHANGARH BALAWAS,28.262507,76.571274
KGD,KALLIGUDI,9.6953,77.9739
KGE,KATANGI,21.7679,79.8024
KGF,KATHGHAR,28.8257,78.7963
KGG,KHAGARIA JN.,25.5059,86.4653
KGI,KENGERI,12.9177,77.484
KGIH,KALGURKI .H,16.568823,75.785731
KGK,KANKURGACHHI ROAD JN,22.572963,88.385439
KGKD,KANG KHURD,31.1258,75.2127
KGL,KUPGAL,15.7266,77.2196
KGLE,KHAGRAGHAT ROAD,24.106412,88.226051
KGM,KATHGODAM,29.266933,79.54668
KGMR,KANGRA MANDIR,32.0945,76.276531
KGN,KURSEONG,26.877521,88.277121
KGP,KHARAGPUR JN,22.341582,87.328606
KGQ,KASARAGOD,12.4911,74.9876
KGRA,KANGRA,32.085047,76.262455
KGS,KHONGSARA,22.5515,81.9343
KGV,KONAGAYALLI,14.0262472,75.490004
KGX,KANGINHAL,15.4481,75.7193
KGY,KULGACHIA,22.4722,88.0203
KGZ,KARUNGUZHI,12.5323,79.9118
KH,KAHILIYA,27.7754,79.9596
KHA,KHAIGAON,21.9445,76.5685
KHAA,WETALWADI,24.5082855,86.8098772
KHAG,KHARGHAR,19.025851,73.059189
KHAI,KHIRAI,22.3745,87.6966
KHAT,KHAT,21.2424,79.5509
KHBJ,KHANNA BANJARI,23.8966,80.8222
KHBV,KHARBAO,19.297697,72.983894
KHDB,KHODIYAR,23.156184,72.547874
KHDH,KARAHDIH HALT,25.069118,85.432949
KHDP,KHUDLAPUR,27.0991,79.7804
KHDR,KHANDARI HALT,29.1814102,76.672009
KHE,KANKATHER,28.7848,78.166
KHED,KHED,17.712429,73.409185
KHF,KHANTAPARA,21.3962,86.8228
KHGP,KHARGAPUR,24.845991,79.184466
KHGR,KASHINAGAR HALT,21.905234,88.201163
KHH,KICHHA,28.913067,79.519386
KHHJ,KHATKAR KALAN J,31.1665,76.025
KHI,KURHANI,25.979651,85.339308
KHJ,KHAJRAHA,25.3038,78.478
KHJA,KHANJA HALT,26.088932,82.745419
KHKN,KHERA KALAN,28.7695,77.1156
KHKT,KHOTKHOTI,25.952643,93.754921
KHLL,KETOHALLI,12.7592,77.3358
KHM,KUSMHI,26.72844,83.454037
KHMA,KHATIMA,28.9153,79.9693
KHN,KHANYAN,23.046722,88.314972
KHNM,KUNDA HARNAMGNJ,25.714,81.5094
KHNP,KHANAPUR DECCAN,17.942645,77.382631
KHNR,KACHNARA,23.808748,75.100994
KHOH,KHOH,25.209911,80.980396
KHPL,KHALIPALI,20.9503,83.5363
KHPR,KHALIPUR,23.852872,72.131252
KHQ,KHARIK,25.3891,87.0152
KHR,KHAIREE HALT,22.3342,79.851633
KHRA,KACHERA,27.542371,75.657978
KHRI,KHARKHARI,23.7605,86.2352
KHRJ,KHUMBARAJ,24.362657,77.079134
KHRK,KHARAK,28.8372,76.3083
KHRY,KHAIRAHI,24.789,83.0029
KHS,KHARSIA,21.9918,83.1024
KHSN,KHHERA SANDHAN,27.2404,77.7268
KHT,SRI KALAHASTI,13.7457,79.6829
KHTG,KHATGAON,21.2645,73.9924
KHTI,KUSHTAGI,15.7508483,76.2020788
KHTN,KHUTAUNA,26.494465,86.397514
KHTX,KHED TEMPLE HLT,25.885944,72.108936
KHU,KHURHAND,25.3527,80.4951
KHUH,KHARUARA HALT,25.4079331,85.5454209
KHUT,KHUNTALA,26.5344669,76.5667734
KHV,KARAINTHI,29.027,76.4739
KHW,KHERODA,24.571011,74.068966
KI,KONDAPALLI,16.6238,80.5465
KIA,KHARI AMRAPUR,23.390791,72.914028
KIAD,KEMPEGOWDA INTERNATIONAL AIRPORT STATION,13.210671,77.6734591
KIAT,KYATSANDRA,13.315462,77.147713
KIB,KIZHA AMBUR,8.750617,77.399261
KIC,KALLIDAIKURICHI,8.680815,77.465007
KID,KHAIRAR JN,25.4519,80.236
KIE,KHIRIA KHURD,27.996,79.8857
KIF,KURI,9.034945,76.817418
KIGL,KUNIGAL,13.016485,77.011088
KII,KILLE,11.4374,79.7224
KIJ,KULDIHA,22.1775,86.1875
KIK,KARAIKAL,10.9256,79.8397
KIKA,KURWAI KETHORA,24.118242,78.115368
KIM,KIM,21.3992,72.9263
KIN,KAPASAN,24.86183,74.312382
KIP,KHALILPUR,28.275056,76.678562
KIQ,KHAI PHEMEKI,30.902,74.5516
KIR,KATIHAR JN,25.548637,87.566099
KIRP,KHIDIRPUR,22.53547,88.315659
KIS,KAPILAS ROAD,20.5582,85.9935
KISN,KALISEN PH,23.179021,87.165415
KIT,KHALLIKOT,19.6116,85.1285
KITA,KITA,23.356755,85.729237
KITN,KHIRI TOWN,27.903114,80.788651
KIU,KINANA,29.227,76.3362
KIUL,KIUL JN,25.171854,86.106548
KIV,KAILSA,28.880792,78.559413
KIW,KANWALPURA,24.7886,75.9829
KIY,KALAYAT,29.685,76.2361
KIZ,KANSUDHI,22.7888,73.6477
KJ,KAJGAON,20.5736,75.1403
KJA,KHAJURHAT,26.5254,82.1269
KJC,KASGANJ CITY,27.815242,78.658333
KJG,KARAJGI,14.851886,75.408096
KJH,KAJRA,25.1824,86.2613
KJI,KHAJAULI,26.53,86.1536
KJJ,KODAVALURU,14.5643,79.9948
KJKD,KANJIKODE,10.8004,76.7548
KJL,KHUMGAON BURTI,20.866993,76.401157
KJLU,KHARI JHALU,29.3317,78.2187
KJM,KRISHNARAJAPURM,13.000544,77.674026
KJME,KAJORAGRAM,23.6155,87.1849
KJN,KANNAUJ,27.026407,79.926009
KJNC,KANNAUJ CITY,27.0394,79.9095
KJPD,KURINJIPADI,11.5727,79.5961
KJRA,KARJANA,23.3443,87.8921
KJRD,KANJUR MARG,19.128201,72.928061
KJRG,KESHRA-KATJURIDANGA,23.255391,87.032875
KJRM,KARJANAGRAM,23.3515,87.8938
KJS,KRISHNARAJASGRA,12.401,76.5666
KJT,KARJAT,18.9111,73.3206
KJTW,KAJGAON TERHWAN,25.6854,82.7052
KJU,KUNTIGHAT,23.0164,88.4128
KJV,KHIJADIYA JN,21.7409,71.2756
KJW,KHAJWANA,26.858074,73.882713
KJY,KHURJA CITY,28.252,77.8407
KJZ,KARONJI,23.282,82.9225
KK,KHADKI,18.56311,73.840613
KKA,KANKI,26.0034,87.8647
KKAE,KAIKALA,22.839497,88.092889
KKAH,KANKAHA,26.6191,81.0078
KKAS,KATKAMASANDI,24.122394,85.198502
KKB,KARAK BEL,22.9922,79.3411
KKBA,KAKBARA,24.841134,86.872362
KKD,KALKUND,22.47822,75.85948
KKDE,KURUKSHETRA JN,29.9691,76.8524
KKDI,KARAIKKUDI JN,10.068798,78.793595
KKET,KAMRUP KHETRI,26.1306,92.0798
KKF,KANKARIA,23.008727,72.607012
KKG,KEKATUMAR,20.012549,77.101021
KKGM,KAKRI GUMA,18.9229,83.0068
KKGT,KALKALIGHAT,24.574602,92.294126
KKHT,KAKARGHATTI JUNCTION,26.183324,85.948105
KKI,KARKELI,23.4613,80.9194
KKJ,KAKORI,26.885,80.7979
KKK,KHAKHARIA,21.652642,70.931654
KKL,KALA BAKRA,31.4794,75.6312
KKLR,KAIKOLUR,16.5506,81.2179
KKLU,KAKLUR,18.8833,81.6197
KKM,KAMALAPURAM,14.5922,78.6665
KKMB,KASTLA KASAMBAD,28.719647,77.704411
KKN,KHIRKIYA,22.166104,76.859107
KKNA,KHUNKHUNA,27.277441,74.49254
KKNH,KARUKHIRHAR NAGAR HALT,25.890886,86.616211
KKP,KOT KAPURA,30.578,74.8177
KKPM,KALLAKKUDI PALANGANATHAM,10.965629,78.948269
KKPR,KOKPARA,22.4742,86.6429
KKQ,KALAIKUNDA,22.3294,87.244
KKRD,KIKAKUI ROAD,21.1287,73.4808
KKRH,KARAHIA,25.471484,83.771267
KKRL,KAKRALA,30.3673,76.0743
KKS,KURASTI KALAN,25.9555,80.7529
KKT,KATH KUIYAN,26.8531,84.0536
KKTA,KOLLIKHUTAHA,25.19003,86.988201
KKTI,KUTTAKUDI,11.5912,79.1559
KKU,KANAKPURA,26.9291,75.7028
KKV,KUNKAVAV JN,21.653838,70.975442
KKW,KANKAVLI,16.259017,73.720111
KKY,KILA KADAIYAM,8.818942,77.381022
KKZ,KOTTARAKARA,8.9999,76.7656
KL,KHERLI,27.198915,77.013645
KLA,KULWA,27.9829,78.0074
KLAD,KALANAD HALT,12.4674,74.9982
KLAR,KULPAHAR,25.295,79.637
KLB,KIRAOLI,27.133778,77.785692
KLBA,KALAMBHA,21.344905,78.558683
KLBG,KALABURAGI,17.3147,76.8248
KLBN,KALAMBANI BUDRUK,17.769296,73.420553
KLCR,KATLICHERA,24.453088,92.547112
KLD,KHALILABAD,26.7748,83.0553
KLDI,KALDHARI,16.8373,81.6775
KLE,KAITHAL,29.7928,76.3978
KLG,KALUNGA,22.2218,84.7333
KLGA,KALAGAR,20.3805897,86.51025
KLGD,KOLLENGODE,10.627,76.6977
KLGM,KALLAGAM,11.0366,79.0134
KLGN,KALANGANI,11.331542,78.176155
KLGR,KHALAIGRAM,26.5499,89.0517
KLH,KHEMLI,24.6911,73.8427
KLHD,KOLHADI,20.900513,76.059208
KLI,KAULI,30.4186,76.5201
KLJ,KAMALGANJ,27.2925,79.6207
KLJI,KALIJAI,19.648044,85.151854
KLK,KALKA,30.838,76.9321
KLKA,KOILAKUNTLA,15.221138,78.307099
KLKR,KALIKAPUR,22.4125,88.4749
KLL,KALOL,23.244146,72.5032
KLM,KADLIMATTI,16.236,75.7956
KLMG,KALAMBOLI GOODS,19.0346,73.1145
KLMR,KALAMASSERI,10.0622,76.3273
KLNA,KOLHANA HALT,24.811044,85.189018
KLNK,KALANAUR KALAN,28.8348,76.3895
KLNP,KALINARYNPUR JN,23.2069,88.5736
KLNT,KALINAGAR,23.365501,88.335459
KLOD,KELOD,21.4704,78.8912
KLP,KOTALPUKUR,24.7407,87.8233
KLPG,KAMALPUR GRAM,23.166087,83.080158
KLPM,KAILASAPURAM,8.8473,77.9946
KLQ,KILIKOLLUR,8.9245,76.6347
KLRE,KHALARI,23.6507,85.0013
KLRS,KOLARAS,25.225286,77.590771
KLS,KOLATUR,10.7002,78.5472
KLSP,KUSHALPURA,28.484686,75.765152
KLSX,KAULSERI,30.3691,75.9411
KLT,KULITALAI,10.933,78.4211
KLTR,KALMITAR,22.2401,82.0553
KLU,KALLURU,14.9243,77.5813
KLV,KELVA ROAD,19.6246,72.7908
KLVA,KALVA,19.195939,72.997541
KLW,KULPI FLAG,22.076255,88.255749
KLWD,KALITALAVDI,22.381,72.6539
KLWL,KILANWALI PUNJB,30.137111,74.11231
KLWN,KALWAN,29.7014,75.9527
KLX,KOLAKALUR,16.2954,80.6277
KLYG,KALYANI GHOSHPARA,22.981878,88.439558
KLYH,KALLUR YEDAHLI,12.421154,76.497288
KLYM,KALYANI SIMANTA,22.987474,88.427839
KLYN,KHILERIYAN,28.295614,74.509964
KLYS,KALYANI SILPANCHAL,22.976095,88.456593
KLYT,KOLAYAT,27.8351,72.9548
KLZ,KEOLARI,22.373571,79.906998
KM,KALEM,15.293541,74.189043
KMA,KAIMA JUNCTION,24.610815,80.845642
KMAE,KHAMARGACHHI,23.0539,88.4438
KMAH,KAMATHE,17.477742,73.516002
KMB,KALV AMBA,20.808434,73.405323
KMBL,KHAMBHALIYA,22.217523,69.657354
KMC,KAMAREDDI,18.3254,78.3354
KMD,KODUMUDI,11.0763,77.886
KMDC,KURMADANGA HALT,23.742298,87.958946
KMDR,KARIMUDDIN PUR,25.7003,83.8605
KMEZ,KUMAR MARANGA,19.0389,81.9499
KMGE,KUMAHU,24.9773,83.9467
KMGH,KAMARGANJ,25.23724,86.687173
KMH,KALAMALIA,14.6672,78.4703
KMHN,KAMTHAN,25.6034084,86.420259
KMHT,KARMAHAT,23.725012,85.544357
KMI,KUMHARI,21.2436,81.5158
KMJ,KAIMGANJ,27.5419,79.3252
KMK,KOMAKHAN,20.9795,82.4575
KMKD,KHAMKHED,20.9042,76.1223
KML,KAMTAUL,26.3372,85.8085
KMLM,KELAMANGALAM,12.6158,77.8653
KMLR,KAMALUR,18.855001,81.277367
KMM,KANNAMANGALAM,12.7483,79.165
KMMD,KIRMITI MENDHA,20.594,79.7743
KMME,KUMARDUBI,23.747483,86.794095
KMN,KHAMGAON,20.707834,76.570775
KMNC,KUCHAMAN CITY,27.049036,74.840927
KMND,KUMENDI,23.7673,84.3529
KMNG,KAMRANGA,24.851355,93.054826
KMNN,KHAMANON,30.807823,76.324763
KMNP,KISHAN MANPURA,27.2994,75.5048
KMNR,KAMALNAGAR,18.240764,77.178955
KMP,KAMLAPUR,27.3786,80.8224
KMPH,KAMALPUR HALT,25.516495,87.837131
KMPR,KOMARPUR,23.732712,88.007183
KMPU,KAMALAPUR,17.5868187,76.9788495
KMQ,KUMBLA,12.59,74.9433
KMQA,KOMALI,14.936,77.9272
KMRA,KAMNARA,23.2989,87.8802
KMRD,KALAMB ROAD,18.371632,76.04908
KMRJ,KUMARGANJ,25.2186,88.0654
KMRL,KUMRUL,23.1809,87.6024
KMS,KARAMNASA,25.2452,83.4092
KMSD,KUMAR SADRA,18.913,81.6715
KMSI,KUMSI,14.051914,75.402002
KMST,KAMSHET,18.766808,73.552222
KMT,KHAMMAM,17.249597,80.138741
KMTI,KUMARHATTI,30.889336,77.056131
KMU,KUMBAKONAM,10.9532,79.3889
KMV,KARMAD,19.871028,75.527058
KMX,KOMATI PALLI,18.3814,83.3414
KMZ,KATNI MURWARA JUNCTION,23.833876,80.401004
KMZA,KANKRA MIRZANGR,22.658215,88.721638
KN,KADALUNDI,11.1337,75.8283
KNAD,KANAD,21.6532,71.9362
KNAG,KANAJI HALT,17.913429,77.308532
KNAR,KHANPUR AHIR,27.912064,76.590157
KNB,KANIYAMBADI,12.7969,79.1274
KNBR,KANAIBAZAR,24.63906,92.327042
KNC,KANCHANPUR ROAD,24.0407429,81.6425322
KND,KANDRA,22.8526,86.0475
KNDG,KANHADGAON P.H.,21.741005,80.20792
KNDI,KANDRORI,32.1844,75.6688
KNDL,KHANDEL,26.9572,75.2788
KNDP,KHANDIP,26.6406,76.9114
KNDS,KHANDESHWAR,19.007441,73.095388
KNDV,KRISHNADEVARAYA HALT,12.958212,77.539456
KNE,KISHANGANJ,26.098066,87.949977
KNF,KHANODIH,23.785345,86.212978
KNG,KATHUNANGAL,31.7289,75.0154
KNGN,KANHEGAON,19.8837,74.5606
KNGR,KASHINAGAR,18.8523,83.8788
KNH,KONCH,25.9949,79.1575
KNHE,KANHE,18.761972,73.593636
KNHN,KANHAN JN,21.2251,79.2385
KNHP,KANHAIPUR,25.458,85.8382
KNHR,KIRNAHAR,23.764942,87.876184
KNJ,KRISHNGR CTY JN,23.3886,88.4935
KNJI,KARANJALI  HALT,22.03481,88.245509
KNJJ,KANNJARA HALT,19.600709,77.214146
KNKT,KANAKOT,22.4882,70.8764
KNL,KALANWALI,29.8348,74.9796
KNLI,KANGALI HALT,27.006526,84.731884
KNLP,KANAMALO PALLE,14.4285,78.925
KNLS,KANALAS JN,22.320185,69.896779
KNM,KANIMAHULI PH,22.482582,86.778774
KNN,KHANNA,30.708,76.2252
KNNA,KHINANIYAN,29.3325,74.7231
KNNK,KANINA KHAS,28.321609,76.300735
KNNT,KUNNATHUR,12.3606,78.4974
KNO,KUNDGOL,15.258352,75.250168
KNP,KHANAPUR,15.637502,74.499536
KNPL,KANDANUR PUDUVAYAL,10.103629,78.836877
KNPR,KENDRAPARA ROAD,20.4984,85.9173
KNPS,KENDPOSI,22.2947,85.7324
KNR,KANKINARA,22.8654,88.4047
KNRG,KANHARGAON NAKA,19.928007,77.145653
KNRI,KUNURI,23.9162,87.6247
KNRN,KANAROAN,22.600224,84.876766
KNRT,KUNERU,18.9665,83.4403
KNS,KANCHAUSI,26.633,79.5525
KNSN,KARNA SUBARNA,24.0351,88.176
KNSR,KANASAR,28.146173,73.324986
KNT,KANTH,29.0595,78.6212
KNVH,KANIVEHALLI,13.32645,75.900461
KNVT,KINWAT,19.618982,78.202915
KNW,KHANDWA JUNCTION,21.823676,76.353307
KNYR,KANIURU HALT,12.717377,75.365696
KNZ,KALANOUR,30.082,77.3408
KO,KOSGI,15.8475,77.2361
KOA,KARONDA,24.3298,78.265
KOAA,KOLKATTA TERMINAL,22.601135,88.385139
KODI,KODI,19.709829,76.004963
KOF,MARWAR KORI,24.919756,72.273731
KOG,KONNAGAR,22.701,88.3424
KOHL,KOHLI,21.2739,78.8077
KOHR,KOHIR DECCAN,17.6092,77.7123
KOI,KHODRI,22.6653,81.9359
KOJ,KOKRAJHAR,26.4052,90.2743
KOK,KORUKKUPET JN,13.119772,80.277958
KOKA,KOKA,21.2634,79.7128
KOL,KOLAD,18.391914,73.223491
KOLA,KOTLA,15.811317,78.03762
KOLE,KOLE,23.6956,85.1045
KOLI,KESHOLI,24.727654,76.790829
KOLR,KOLNUR,18.4957,79.4193
KON,KUDAL NAGAR,9.9449,78.1087
KONA,KONA,22.61924,88.293343
KONN,KONNUR,16.424271,77.884054
KONY,KISONI,23.3017,76.3718
KOO,KHUSROPUR,25.485,85.3874
KOP,KOLHAPUR,16.70267,74.237795
KOPR,KOPAR,19.210975,73.077471
KOQ,KUTHUR,10.755064,79.718513
KORI,KHORI,28.1876,76.4984
KORU,KOPAR UPPER LEVEL,19.2135286,73.0782919
KOTA,KOTA JN,25.223733,75.88068
KOTI,KOTI,30.852721,76.994419
KOTR,KORATTUR,13.113085,80.183802
KOTT,KOTTUR HALT,17.1515001,78.2816594
KOU,KODURU,13.9487,79.3458
KOV,KIRLOSKARVADI,17.083902,74.416108
KOWN,KHOWANG,27.299563,94.895843
KOX,KACHUJOR,23.8556,87.4777
KOY,KHEROL,23.310414,72.934113
KOZ,KOSMA,27.1563,78.8342
KP,KAMPTEE,21.2113,79.1976
KPA,KANCHRAPARA,22.946,88.4512
KPB,KHARPOKHRA,27.143,84.1567
KPCM,KUNWARPUR CHINTAMANPUR,26.51697,84.941654
KPD,KATPADI JN,12.972944,79.135551
KPDH,KAPURDHA HALT,22.053823,79.304123
KPE,KAUWAPUR,27.509642,82.292876
KPG,KOPARGAON,19.9033,74.5036
KPGM,KARPOORIGRAM,25.869882,85.724258
KPHH,KUSHALPUR HARNAHA HALT,25.57007,84.098779
KPI,KALPI,26.1198,79.7561
KPJ,KOPAGANJ,26.022388,83.570766
KPJG,KEREJANGA,20.8555,84.9764
KPK,KALIPAHARI,23.6652,87.016
KPKD,KHAPRI KHEDA,21.2792,79.1134
KPKI,QASIMPUR KHERI,29.1827,77.2859
KPL,KANTAKAPALLE,17.9546,83.2081
KPLD,KAPALI ROAD,21.040527,86.407471
KPLE,KOPAI,23.7589,87.6894
KPLL,KOTTA PNDLPALLI,15.7611,80.2816
KPLR,KOPARLAHAR,32.05188,76.250413
KPN,KUPPAM,12.747,78.3397
KPNA,KAPAN,22.0258,82.4947
KPO,KARANPURA,27.1165,76.7353
KPP,KALAPIPAL,23.333,76.8343
KPPR,KARUPPUR,11.724,78.0902
KPQ,KANNAPURAM,11.9842,75.3139
KPRD,KALYANPUR ROAD,25.2523,86.6122
KPRR,KOTAPAR ROAD,19.041,82.3085
KPS,KOPA SAMHOTA,25.8518,84.6528
KPTM,KANJIRAMITTAM,9.861981,76.410599
KPTN,KESHORAI PATAN,25.3246,75.9378
KPTO,KARANPURATO,25.1535,87.7306
KPU,KRISHNAPURAM,14.4936,78.7767
KPV,KASHIPUR,29.205068,78.9608
KPXR,KAIPADA ROAD,20.1044,85.6392
KPY,KARUNAGAPPALLI,9.065568,76.544323
KPZ,KAPREN,25.4448,76.0865
KQA,KONDAGUNTA,14.0796,79.7935
KQD,KHAIRATABAD DCN,17.4137,78.4611
KQE,KALA AKHAR,22.394999,77.818565
KQI,KALACHAND,25.338751,93.13282
KQK,KOTIKULAM,12.4234,75.0239
KQL,KANDHLA,29.3242,77.2928
KQLS,KAMARKUNDU (LOWER),22.820729,88.204139
KQN,KODAIKANAL ROAD,10.1798,77.9098
KQQ,KAUKUNTLA,16.538962,77.850451
KQR,KODERMA,24.4344,85.5292
KQRT,KODERMA TOWN,24.465811,85.609772
KQT,KURGUNTA,17.1916,77.36
KQU,KAMARKUNDU,22.821441,88.204937
KQW,KHEDULI,26.759713,74.014893
KQZ,KOLAR,13.1249,78.1323
KRA,KAREPALLI,17.5109,80.2714
KRAI,KAHET,21.1369,73.2938
KRAN,KORATTI ANGADI,10.260533,76.356311
KRAR,KHARIAR ROAD,20.9035,82.5093
KRBA,KORBA,22.3373,82.7128
KRBP,KHUDIRAM BOSE PUSA,25.906174,85.672417
KRC,KIRODA,26.990925,74.311008
KRCD,KHARWA CHANDA,24.419799,73.792248
KRD,KARAD,17.3104,74.2161
KRDH,KORADIH,21.2491,79.1013
KRDL,KIRANDUL,18.757056,81.257701
KRDN,KARAUNDHANA,27.040704,78.024652
KRE,KARTARPUR,31.4323,75.4925
KRG,KOREGAON,17.691456,74.148102
KRH,KHAIRTHAL,27.801197,76.641827
KRHA,KORAHIA,26.53018,86.153954
KRHT,KHARAHAT,27.070591,94.749699
KRI,KHAPRI,21.049018,79.048519
KRIH,KORAI HALT,20.9598,86.1764
KRJ,KHURJA JN,28.206247,77.81888
KRJD,KARJODA,24.218319,72.455521
KRJR,KARJARA,24.808707,85.152254
KRKD,KARAKAD,10.7823,76.2274
KRKH,KHARKARA HALT,28.9139119,76.3763136
KRKN,KARKEND,23.7658,86.37
KRKP,KYARKOP,15.442429,74.968128
KRKR,KURKURA,22.763677,84.931698
KRL,KOTARLIA,21.8835,83.4826
KRLA,KORATLA,18.835636,78.710434
KRLI,KURALI,30.835,76.5719
KRLR,KARAILA ROAD JN,24.2605,82.7188
KRLS,KURLASI,24.368834,75.744209
KRMA,KARAMTOLA,25.2509,87.5526
KRMB,KARMABAD BH,24.07891,85.974026
KRMD,KUARMUNDA,22.2865,84.7896
KRMG,KUMARAMANGALAM,10.696033,78.723707
KRMI,KARMALI,15.490233,73.924684
KRMP,KUMARIPUR HALT,25.464974,87.595196
KRMR,KARIMNAGAR,18.458361,79.143019
KRND,KHORASON ROAD,26.0893,82.8667
KRNH,KARANAHALLI,13.666671,75.933895
KRNI,KRISHNAI,26.070584,90.682268
KRNN,KARNAUTI HALT,25.453195,85.544186
KRNR,KRISHNARAJNAGAR,12.445201,76.388417
KRNT,KURNOOL CITY,15.833215,78.032155
KRNU,KONANUR,12.025554,76.810055
KRON,KARONA HALT,25.261718,85.005482
KRP,KRISHNAPUR,24.4065,88.2563
KRPN,KHAREPATAN ROAD,16.569092,73.661095
KRPP,KURUPPANTARA,9.734775,76.510849
KRPU,KORAPUT JN.,18.79208,82.719326
KRQ,KARARI,25.5303,78.5086
KRR,KARUR JN.,10.965882,78.085327
KRRA,KARRA,23.119364,85.13134
KRRI,KHAIRRANJI,22.419042,80.039409
KRS,KARISATH,25.5494,84.5631
KRSA,KHARSALIYA,22.7031,73.5529
KRSL,KRISHNASHILLA,24.1545,82.768
KRSW,KOHAR SINGHWALA,30.76035,74.445934
KRT,KHURAHAT,25.9851,83.4555
KRTA,KARKATA,24.296258,83.837872
KRTH,KIRATGARH,22.5382,77.7725
KRTL,KARTAULI,28.17281,79.25005
KRTN,KIRTINAGAR,28.6542,77.1516
KRTR,KAROTA PATNER,25.152853,86.038055
KRU,KHERALU,23.881757,72.628212
KRUR,KEERANUR,10.576585,78.787222
KRV,KARAVADI,15.5527,80.1129
KRW,KHARWA,26.204734,74.42688
KRXA,KHARA MP,21.6721,80.2044
KRXM,KRISHNAMOHAN (HALT),22.330268,88.449769
KRY,KADIRI,14.114518,78.165321
KRYA,KURRAIYA,28.416919,80.244312
KRYP,KADIRIDEVARAPALLI,14.405536,77.203356
KRYR,KARAMSAD,22.532933,72.917032
KRZ,KHARAWAR,28.8312,76.6807
KS,KHETA SARAI,25.9233,82.6913
KSA,KHASA,31.6104,74.7145
KSAE,KOSAI,19.643881,78.325481
KSAR,KUDALA SANGAM,16.3071,75.8914
KSB,KOSAMBA JN,21.4642,72.9547
KSBI,KASHIABARI,26.385104,88.769016
KSBP,KESHABPUR,22.221734,87.948732
KSC,KASHI CHAK,25.0711,85.719
KSD,KESHOD,21.297292,70.251904
KSDE,KARSINDHU,29.3917,76.7316
KSE,KOSAD,21.2557,72.8656
KSF,KHALISPUR,25.5255,82.8315
KSG,KISHANGARH,26.5894,74.856
KSH,KALI SINDH,23.3448,76.4307
KSHR,KESHWARI,24.194833,85.864162
KSHT,KHETIA,23.3138,87.8851
KSI,KOSLI,28.412,76.4648
KSIH,KHODSEONI,21.1722,80.1306
KSJ,KASGANJ,27.8015,78.6457
KSK,KASIMKOTA,17.6734,82.9639
KSM,KAMASAMUDRAM,12.8807,78.2001
KSMB,KUSUMBHA HALT,25.114824,85.798244
KSN,KRISHNA,16.4095,77.3287
KSNA,KANASAR NAWADA,24.026138,85.28993
KSNG,KESINGA,20.1882,83.2248
KSNR,KHUSHAL NAGAR,27.0277,83.7122
KSO,KHEMASULI,22.338088,87.185183
KSP,KISHANPUR,25.925011,85.840044
KSPR,KASHIPURA SARAR,22.119676,73.145428
KSQ,KANSPUR GUGAULI,26.0738,80.6253
KSR,KASTURI,27.1398,81.7286
KSRA,KASARA,19.6475,73.4724
KSTA,KASTHA,24.8024,84.9217
KSTH,KASHTI,18.531212,74.608326
KSU,KUSTAUR,23.430016,86.497936
KSV,KOSI KALAN,27.788441,77.445889
KSVR,KESHAV NAGAR HALT,29.2114021,73.4547518
KSW,KHERI SALWA,26.421697,73.372192
KSWD,KASAR WADI,18.609889,73.818984
KSWR,KALMESHWAR,21.229122,78.915911
KSX,KOTSHILA,23.411311,86.079168
KSY,KUSIARGAON,26.057708,87.479668
KT,KUMTA,14.437,74.4208
KTA,KUSHTALA,25.9611,76.3264
KTBR,KASTURBA NAGAR,13.005269,80.247746
KTCE,KATOGHAN,25.7297,81.1652
KTCH,KAITHALKUCHI,26.4505,91.3393
KTD,KANTADIH,23.21871,86.29662
KTDD,KATAIYA DANDI,25.1465,81.3822
KTE,KATNI,23.833795,80.400953
KTES,KATNI SOUTH JUNCTION,23.824295,80.400683
KTF,KOT FATTEH,30.121,75.0882
KTGA,KEUTIGUA,19.3036,83.3682
KTGD,KOTH GANGAD,22.635,72.307
KTGG,KARATAGI,15.6195221,76.6773485
KTGM,KAYASTHAGRAM,24.721262,92.353306
KTH,KATRASGARH,23.7959,86.3026
KTHA,KHUTAHA,24.802318,80.86092
KTHD,KOTHARI ROAD,22.1567,82.7083
KTHL,KATHOLA,27.144,81.8028
KTHN,KATHOUN,24.735,86.739
KTHY,KALTHURUTHY HALT,8.969608,77.098618
KTI,KANTI,26.1993,85.2854
KTJ,KHALTIPUR,24.876,88.0219
KTJI,KATHA JORI,20.45098,85.896263
KTK,KYATANEAKERI RD,17.05301,75.820856
KTKA,KOTAKADRA,16.668344,77.869077
KTKD,KATANGI KHURD JUNCTION,23.772621,80.474038
KTKH,KOTLAKHERI,22.078084,76.173534
KTKL,KOTLI KALAN,30.0276,75.3241
KTKS,KANTAKOSH HALT,25.342475,87.620258
KTLA,KATKOLA JN,21.8371,69.8739
KTLP,KATALPUR(HALT),26.264632,84.744158
KTLR,KANTHALIYA ROAD,23.991271,88.178501
KTM,KUTTALAM,11.069845,79.557409
KTMA,KOTMA,23.2029,81.9791
KTNA,KATHANA,22.2989711,72.8069618
KTNR,KIRTYANAND NGR,25.808391,87.411175
KTO,KATORA,23.3118,82.714
KTOA,KOTANA,23.930563,73.740749
KTOR,KATORIYA,24.740594,86.729247
KTP,KATEPURNA,20.724247,77.259851
KTPK,KOTHA PAKKI,30.144237,73.966656
KTPM,KOTTURPURAM,13.013715,80.248089
KTPR,KATHALPUKHURI,27.210213,94.049835
KTQ,KUDRA,25.0485,83.7934
KTRA,KOTRA,25.8108,78.3812
KTRD,KATOSAN ROAD,23.409381,72.246437
KTRH,KATAREAH,25.4,87.1943
KTRI,KATARI,24.9997754,85.2686781
KTRK,KUTURUKHAMAR PH,19.90391,83.058483
KTRR,KATHARA ROAD,26.3098,80.2286
KTSH,KOTMI SONAR HALT,22.024,82.3601
KTT,KHUTBAV,18.485959,74.315815
KTTR,KATTUR,10.8961,78.8554
KTU,KUTTIPPURAM,10.8456,76.0332
KTV,KOTTAVALASA,17.8927,83.1854
KTW,KOTDWARA,29.7426,78.5211
KTWS,KATHUWAS,28.129522,76.336069
KTX,KATAKHAL JN,24.83457,92.627277
KTY,KOTTURU,14.8251,76.2118
KTYM,KOTTAYAM,9.594487,76.532478
KTYR,KOTTAIYUR,10.112317,78.786557
KU,KULIKARAI,10.766195,79.579124
KUA,KULHARIA,25.568343,84.757977
KUB,KASBA,25.860305,87.529106
KUC,KARUKKUTTY,10.2261,76.3734
KUCE,KUCHAI,22.0083698,86.697195
KUD,KUDACHI,16.6258,74.8584
KUDA,KUNDAPURA,13.613289,74.728746
KUDL,KUDAL,16.017271,73.67775
KUDN,KUDNI,29.7387,75.8523
KUE,KURSELA,25.4407,87.2536
KUF,KAURHA,27.463,80.103
KUG,KUSUGALI,15.3916,75.2331
KUGT,KUMAR GHAT,24.149808,92.034402
KUH,KHACHROD,23.4428,75.2865
KUI,KULALI,17.3574,76.4701
KUJU,KUJU,23.725384,85.50233
KUK,KORUKONDA,18.0538,83.3199
KUKA,KUKA,30.3014,74.0804
KUKT,KURUKOTTA,17.476038,76.895334
KUL,KALLAYI,11.234307,75.788584
KULH,KULHA-HALT,26.3677948,80.6614049
KUM,KURAM,20.808876,77.58781
KUMB,KUMARBAGH,26.874842,84.5119
KUMM,KUMPBALAM,9.9063,76.3112
KUMT,KURMAHAT,24.531557,87.115335
KUN,KARNAL,29.6943,76.9695
KUND,KUND,28.142692,76.388597
KUP,KUP,30.6025,75.8519
KUPR,KHURDPUR,31.4252,75.7236
KUQ,KURETHA,25.4978,87.6391
KUR,KHURDA ROAD JN,20.1531,85.7082
KURJ,KHAJURAHO,24.7964,79.8895
KURN,KHUKRANA,29.399824,76.923866
KURO,KORARI,26.4883,80.5294
KURT,KHURDA TOWN,20.15837,85.593379
KURV,KURVA,24.2477928,87.2877454
KUT,KANAUTA,26.842069,75.949345
KUTI,KHUMTAI,26.626744,93.864613
KUU,KUHURI,19.8597,85.3524
KUV,KUNDARA,8.9599,76.6781
KUW,KANWAR,25.7007,81.221
KVA,KAVAS,25.867256,71.538506
KVC,KAPARPURA,26.18,85.3093
KVD,KHURMABAD ROAD,25.021529,83.848343
KVDU,KADAVAKUDURU,15.725592,80.259333
KVE,KAVALANDE,12.0334,76.7994
KVG,KUNEANGANJ,26.396,81.1367
KVGM,KOLVAGRAM,26.98144,76.451454
KVJ,KESHAVGANJ,24.856534,73.071699
KVK,KAVATHE MAHANKAL,17.007217,74.944611
KVL,KIZHVELUR,10.754558,79.743404
KVLK,KAVAL KINARU,8.279445,77.573004
KVLR,KARUVALLI,11.8308,78.0276
KVLS,KARAKAVALASA,18.2918,82.991
KVM,KAVUTARAM,16.3285,81.0691
KVN,KAVANUR,12.9486,78.9693
KVO,KEVDI ROAD,20.826405,73.368244
KVP,KAVARAIPPETTAI,13.3634,80.1468
KVPT,KARAI KOVIL PATHU,10.930801,79.833047
KVQ,KOSIARA,24.4789,83.9088
KVR,KOVVUR,17.0067,81.7261
KVS,KALSUR,14.883576,75.40123
KVTA,KARUVATTA HALT,9.316661,76.431112
KVU,KADAKAVUR,8.6792,76.7668
KVV,KURAVAPPULAM,10.419612,79.786835
KVX,KUSUMBHI,26.6483,80.6661
KVZ,KAVALI,14.9161,79.9884
KW,KHERVADI,20.0465,73.9736
KWAE,KATWA,23.639885,88.123655
KWAR,KAWAR,24.246026,86.184724
KWB,KANIWARA,22.213947,79.7295
KWC,KUNDWA CHAINPUR,26.772204,85.183439
KWD,KARWANDIA,24.9531,84.0845
KWDP,KWAKDWIP,21.8795,88.193779
KWE,KHURIAL,25.5171,87.837
KWGN,KAWARGAON,18.896,81.5335
KWH,KACHHWA ROAD,25.2509,82.7071
KWI,KIVARLI,24.529087,72.834635
KWJ,KHOJEWALA,31.3592,75.4749
KWM,KAMPUR,26.160214,92.65749
KWMD,KUMBHAWAS MUNDALIA D,28.255401,76.660881
KWN,KACHEWANI,21.4299,79.9813
KWNI,KAWNPUI,23.995076,92.645044
KWO,KARAUTA,25.4685,85.4681
KWP,KHATIPURA,26.836019,75.890808
KWPR,KHAWASPUR,26.2388894,87.3821418
KWR,KOELWAR,25.569,84.7923
KWV,KURDUVADI JN.,18.091768,75.417538
KWW,KUSWA,27.4737,78.4035
KXB,KANJAI,24.330987,78.169072
KXE,KALIAN CHAK,25.0347,87.7369
KXF,KAMPIL ROAD,27.567939,79.265327
KXG,KHARIA KHANGAR,26.609863,73.686333
KXH,KAPURTHALA,31.3664,75.3823
KXI,KURUMURTHI,16.494444,77.862983
KXJ,KARIMGANJ JN.,24.860467,92.373519
KXK,KHARKHAUDA,28.8329,77.7385
KXL,KAMARBANDHA ALI,26.529181,94.055972
KXM,KITHAM,27.254,77.8173
KXN,KANSHBAHAL,22.2152,84.6663
KXO,KUDIKADU,10.775976,79.241982
KXP,KANIYAPURAM,8.587302,76.854172
KXRA,KURIA HALT,26.467807,85.004997
KXT,KETTI,11.3816,76.7371
KXX,KATA ROAD,20.187779,77.11132
KXY,KARIYAPATTINAM,10.453545,79.737139
KY,KARELI,22.9319,79.0664
KYA,KAURIYA,25.5501,84.5331
KYB,KALYAR,23.122,87.7696
KYBR,KHAIRATIYA BH R,28.272032,81.081505
KYE,KHURAI,24.0517,78.3313
KYF,KAJRAT NAWADIH,24.5914,84.0505
KYG,KIDIYANAGA,23.4797,70.7692
KYH,KHAIRAH,25.8611,84.7602
KYI,KALYANI,22.9692,88.4675
KYJ,KAYANKULAM JN,9.182176,76.512523
KYM,KADIYAM,16.914488,81.832824
KYN,KALYAN JN,19.235126,73.13015
KYND,KALYANDURGA,14.57342,77.119624
KYNT,KALYANKOT,29.2986,73.6368
KYO,KHANDIKAR,26.463351,91.642799
KYP,KALYANPUR,22.343566,88.414707
KYQ,KAMAKHYA,26.156054,91.689405
KYS,KUSUMKASA,20.6374,81.0879
KYT,KAILAHAT,25.1547,82.9471
KYV,KOYILVENNI,10.776144,79.368496
KYW,KARCHHUE,26.2346,84.1845
KYX,KARHIYA BHADELI,23.858524,79.504623
KYY,KARIHA,31.1461,76.0679
KYZ,KIZHA PULIYUR,8.956764,77.323451
KZA,KHADA,27.182806,83.868256
KZB,KURUMBUR,8.5852,78.0391
KZC,KULUKKALUR,10.867867,76.239023
KZE,KANHANGAD,12.3198,75.0848
KZH,KILA ZAFARGARH,29.0864,76.4233
KZI,KHANDRAWALI,29.3242,77.2928
KZJ,KAZIPET JN,17.9741,79.5109
KZK,KAZHAKUTTAM,8.5562,76.8726
KZPE,KAZIPARA HALT,23.906717,88.188072
KZPR,KAZIPARA,22.7229014,88.5054801
KZQ,KHIMEL,25.300579,73.279967
KZS,KUAKHERA HALT,28.546151,78.766197
KZT,KULITTHURAI,8.3018,77.2183
KZTW,KULITTURAI WEST,8.3235,77.2095
KZU,KUNKI,22.8755,86.0673
KZW,KATAR SINGHWALA,30.1543,75.011
KZX,KHUDDA KORALA,31.7297,75.6475
KZY,KAYALPATTINAM,8.5672,78.1
LAA,LAKHPAT,23.597576,71.028731
LAD,LOHARDAGA  BS,23.446317,84.70768
LAE,LAKHOLI,21.2013,81.8902
LAK,LAKHO,25.4166,86.2052
LAL,LUSHALA,21.395221,70.329494
LAP,LOHAPUR,24.302,87.9634
LAR,LALITPUR,24.6881,78.3956
LAT,LATHI,21.7394,71.3866
LATH,LATH HALT,29.063105,76.788952
LAU,LADNUN,27.64263,74.40568
LAV,LABHA,25.4425,87.739
LB,LAINE BAZAR(HALT),26.429766,84.281144
LBA,LAMBHUA,26.1554,82.1914
LBG,LIMBGAON,19.179058,77.188053
LBI,LILABARI,27.288502,94.070606
LBN,LABAN,25.574,76.2076
LBO,LATABOR,20.789498,81.26544
LBP,LABPUR,23.812753,87.805867
LBT,LALGARH BIHAR HALT,24.161007,83.979492
LBTL,LEBUTALA,22.666611,88.639927
LBW,LAIBURWA HALT,27.528519,82.505093
LBZ,LALBAG BH,24.5096,85.4466
LC,LUCKNOW CITY,26.859069,80.917826
LCAE,LALBAGH CRT RD,24.1736,88.2463
LCH,LINCH,23.5214,72.3504
LCK,LAKHOCHAK HALT,25.145071,86.133829
LCR,LOKUR,11.9281,78.1744
LCT,LANGCHOLIET,25.759392,93.311691
LD,LONDA JN,15.450123,74.496832
LDA,LIDHORA KHURD,23.852872,78.872223
LDCY,LODI COLONY,28.5795,77.2166
LDE,LOKDHIKHERA,21.5827,78.856
LDH,LUDHIANA JN,30.912387,75.847893
LDK,LADHUKA,30.4983,74.1194
LDM,LEDARMER,25.055279,72.346859
LDP,LODIPUR BISHNPR,28.8694,78.7177
LDR,LANDAURA,29.8145,77.9416
LDU,LUNIDHAR,21.7151,71.0852
LDW,LADHOWAL,31.0168,75.7857
LDX,LADDA,19.1031,83.4126
LDY,LAKKITI,10.7531,76.4344
LEB,LEMUABAD,25.482021,85.774384
LEDO,LEDO,27.288655,95.725594
LEK,LAKHAKHERA,23.758324,80.554676
LER,LEHRA,27.160853,83.233752
LGCE,LAGARGAWAN,24.464338,80.8144
LGDH,LALAGUDA GATE,17.4407,78.5248
LGH,LALGARH JN,28.043728,73.313999
LGI,LANGAL,24.8541,92.345
LGL,LALGOLA,24.4213,88.2577
LGO,LALGOPALGANJ,25.6421,81.6301
LGRE,LINGIRI,16.67,77.1887
LGT,LANGTING,25.4974,93.110075
LGTR,LINGARAJ TMP RD,20.2346,85.8155
LHA,LEHRA GAGA,29.938,75.8102
LHB,LAHABON,24.6301,86.6062
LHBK,LOTHAL BHURKHI,22.55283,72.222233
LHD,LOHOGAD,20.467546,77.078876
LHL,LAHOAL,27.45257,94.999595
LHLL,LAHLI,28.8545,76.4456
LHM,LEHRA MUHABBAT,30.2365,75.1633
LHN,LACHYAN,17.278776,75.971146
LHNA,LOHANDA HALT,25.353863,85.27964
LHNR,LAKSHMANPUR HALT,27.532629,82.342529
LHU,LOHARU,28.427411,75.801973
LHW,LOHARWARA,27.19861,75.67709
LIG,LINGA,21.9634,78.9362
LIJ,LAKSHMIGANJ,26.9278,83.7882
LIL,LILMA,25.750917,70.4696854
LIR,LACHMIPUR,27.2537,83.3786
LJN,LUCKNOW,26.831807,80.918427
LJR,LANJIGARH ROAD,19.9417,83.4016
LKA,LANKA,25.914666,92.958241
LKB,LAKSHMIPUR BHORANG,25.288008,87.36311
LKBL,LAKHABAWAL,22.409005,69.999304
LKD,LAKODARA,21.9914,73.0985
LKDU,LANKALAKODERU,16.534149,81.679316
LKE,LAKHERI,25.640134,76.192417
LKF,LAKE GARDENS,22.508017,88.352441
LKG,LAMSAKHANG,25.796336,93.046646
LKK,LYALLPUR KC HLT,31.3111,75.5945
LKKD,LAKKAD KOT,21.1634,73.6029
LKMN,LOKMANYA NAGAR,22.6913,75.8472
LKMR,LAKSHMIPUR ROAD,19.0035,83.1038
LKN,LAKHMINIA,25.4259,86.3091
LKNA,LAKHNA,20.7296,82.6628
LKNR,LAKHPAT NAGAR,27.0274,82.2845
LKO,LUCKNOW JN.,26.830505,80.925121
LKPL,LAKDI KA PUL,17.403718,78.463197
LKPR,LAKSHMIKANTPUR,22.1099,88.3218
LKQ,LAUKAHA BAZAR,26.542888,86.462703
LKR,LUCKEESARAI JN,25.1715,86.0926
LKS,LUNKARANSAR,28.493135,73.742895
LKSH,L NARAYANAPURAM,16.6003,81.5921
LKT,HULKOTI,15.4344,75.5317
LKU,LALKUA JN.,29.071174,79.517241
LKW,LAKHEWALI,30.448304,74.342251
LKX,LAKSHMIPUR,23.5029,88.3027
LKY,LAKHMAPUR,15.8697,75.6272
LKZ,LAKADIYA,23.3397,70.5868
LLBR,LALABAZAR,24.5618,92.610111
LLD,LALAVADI,21.930227,78.189526
LLGM,LELIGUMMA,19.304,83.2083
LLH,LILUAH,22.6211,88.3392
LLI,LALGUDI,10.8758,78.8137
LLJ,LALGANJ,26.172232,80.973015
LLJP,LALGANJ PAKRI,25.855109,85.192613
LLKN,LAL KALAN,30.826826,76.101066
LLP,LALITGRAM,26.353421,87.044334
LLPR,LALIT LAKSHMIPUR,26.436915,86.15633
LLR,LALPUR,26.3184,79.9481
LLST,LALSOT,26.5472507,76.3539339
LLTG,LALITAGIRI,20.5920798,86.2690756
LLU,LALRU,30.4797,76.794
LM,LIMBDI,22.56583,71.789389
LMA,LAMBIYA,25.578214,74.585495
LMD,LINGANENIDODDI,15.3995,77.703
LMG,LUMDING JN,25.750116,93.17668
LMK,LIMKHEDA,22.8335,73.9841
LMM,LAILAKH MAMLKHA,25.2195,87.0965
LMN,LACHHMANPUR,26.050152,81.256943
LMNR,LAKSHMIBAI NGR,22.7423,75.8585
LMO,LILIYA MOTA,21.539877,71.372423
LMP,LAKHIMPUR,27.947024,80.777235
LMT,ALMATTI,16.3462,75.9008
LMU,LIMARUA,22.5171,80.3552
LMY,LAIMEKURI,27.749025,95.068302
LNBI,LINGANABANDI,15.6998835,76.1583825
LNH,LACHHMAN GARH SIKAR,27.832776,75.034304
LNK,LOHIAN KHAS JN,31.165112,75.196095
LNL,LONAVALA,18.7492,73.408
LNMA,LAKHAN MAJRA HALT,29.039162,76.465529
LNN,LONAND,18.040279,74.189987
LNO,LOHNA ROAD,26.220982,86.229157
LNP,LANGARPETH,17.0843,74.9667
LNR,LUNI RICHHA,23.6605,75.5138
LNS,LUNSU HALT,32.018774,76.17953
LNW,LAKHANWARA P.H.,21.784369,79.871807
LNWT,LKO ALAMBAGH W CABIN,26.8289,80.9091
LO,LOLIYA,22.5117,72.1664
LOA,LORHA,23.581,80.7514
LOG,LOHGARA,25.2501,81.7298
LOGH,LOTTEGOLLAHALLI,13.043359,77.562447
LOHA,LOHA,28.006981,74.619484
LOK,LOKNATH,22.871588,88.033791
LOL,LOLIEM,14.939586,74.088109
LOM,LODHMA,23.230462,85.205669
LONI,LONI,18.4913,74.0202
LOT,LOHTA,25.3181,82.9548
LOV,LOVEDALE,11.3827,76.7046
LP,LALAPET,10.9514,78.3393
LPG,LAPANGA,21.7324,84.0396
LPH,LOTAPAHAR,22.6178,85.5659
LPI,LINGAMPALLI,17.483084,78.316984
LPJ,LALPUR JAM,22.187246,69.954243
LPJL,LINGAMPET JAGITYAL,18.782573,78.886728
LPK,LEPETKATA,27.347889,94.839144
LPNR,LAJPAT NAGAR,28.57902,77.243886
LPTA,LONGPATIA,27.086639,95.110788
LPW,LOHARPURWA,27.0829,83.2688
LR,LADPURA,26.5048,74.7291
LRB,LARABAD,24.407451,85.562553
LRD,LAR ROAD,26.2135,83.9098
LRI,LIHURI,18.9127,83.8493
LRJ,LAKSAR JN,29.753648,78.019238
LRU,LALPUR UMRI,26.4299,76.6805
LS,LASALGAON,20.1549,74.226
LSD,LUSADIYA,23.674713,73.415451
LSE,LASERI,28.713323,75.479798
LSGS,LAVAN SATYAGRAHA SMARAK P.H,22.096456,87.850731
LSI,LAHERIA SARAI,26.111053,85.904245
LSMP,LAKSHMAPUR,18.1250016,78.36802
LSR,LASUR,19.926151,75.011559
LSX,LOISINGHA,20.8529,83.5143
LT,LAHAVIT,19.852865,73.815079
LTA,LAMTA,22.137,80.1242
LTD,LATHIDAD,22.089696,71.702442
LTG,LATAGURI JN,26.70498,88.769875
LTHR,LATEHAR,23.725,84.468
LTI,LATTERI,12.9674,79.0656
LTK,LATHIKATA,22.1322,84.8953
LTKR,LALIT KHERA HALT,29.268358,76.477434
LTMD,LATEMDA,23.095049,85.975056
LTR,LAKHTAR,22.872933,71.776257
LTRR,LATUR ROAD,18.506064,76.844859
LTT,LOKMANYATILAK,19.07025,72.891669
LUA,LALURI KHERA,28.6081,79.7463
LUBA,LACHHUBIGHA HALT,25.368001,85.341357
LUNI,LUNI JN,26.001716,73.003635
LUR,LATUR,18.429456,76.556339
LUSA,LUSA,24.8762,82.843
LVR,LOKVIDYAPTH NGR,27.1543,83.3067
LW,LORWADA,24.217223,72.08971
LWR,ALNAVAR JN,15.424144,74.738016
LWS,LUKWASA,25.110005,77.589912
LXA,LAKSWA,27.005608,94.866772
LXD,LAKSHANNATH RD,21.8419,87.2508
LXMP,LAKXMIPUR,26.3095332,87.4150925
LYD,LAYABAD,23.773877,86.352367
MA,MADHA,18.0298,75.5466
MAA,MAVAL,24.432147,72.70031
MAAR,MALHAR,27.2042,72.3803
MABA,MANDI BAMORA,24.053832,78.082237
MABB,MABBI HALT,25.748832,86.063721
MABD,MAHBUBABAD,17.5977,79.9999
MABN,MABAN,24.641556,77.371902
MACI,MARACHI HALT,25.4489773,85.1152492
MACR,MANGULI CHOWDWAR,20.530094,85.943813
MAD,MADDUR,12.6047,77.0495
MADA,MAONDA,27.809928,75.828123
MADM,MATRADHAM,22.048493,79.451641
MADR,MADURE,15.812735,73.808727
MADU,MADDURU,15.443248,78.379074
MAE,MATHERAN,18.989444,73.271111
MAEL,MAEL,23.574608,85.625982
MAF,MANAVUR,13.096115,79.801598
MAG,MANGALAGIRI,16.4378,80.5646
MAGH,MANIKGARH,19.7877,79.3985
MAH,MADHOGANJ,27.1178,80.1353
MAHE,MAHE,11.6988,75.5466
MAHI,MAHIPUR,20.170504,85.010191
MAHM,MEHAM,28.9818767,76.2572339
MAHO,MAHOLI,27.6485,80.4769
MAI,MEHSI,26.3547,85.0961
MAJ,MAJHERGRAM,23.11,88.685
MAJN,MANGALORE JUNCTION,12.866113,74.87998
MAK,MALLIKPUR,22.3967,88.433
MAKG,MUALKHANG,23.900771,92.6638043
MAKH,MOKHAMPURA,26.030255,74.68317
MAKM,MARARIKULAM,9.5975,76.3175
MAKP,MANIKPURA,26.936568,78.390349
MAKR,BINA MALKHERI JUNCTION,24.170404,78.223489
MALA,MALA,28.592661,79.916782
MALB,MALIYA MIYANA JN.,23.10326,70.755043
MALK,MALKAPUR ROAD,21.9048,77.9678
MALM,MANTHRALAYAM RD,15.9487,77.2989
MALR,MALLUR,11.5543936,78.1342438
MAM,MANGAL MAHUDI,22.8357,74.0584
MAN,MANINAGAR,22.998338,72.61169
MANA,MANA,20.761491,77.469063
MANE,MANESWAR,21.4109,84.0436
MANI,MANI HALT,25.170145,84.2272
MANK,MANKI,14.199823,74.480867
MANR,MANSAROVAR,19.016367,73.080539
MANU,MANU,23.993937,92.00655
MANW,MANWA,27.219182,80.849934
MAO,MADGAON JUNCTION,15.267791,73.970604
MAP,MORAPPUR,12.1241,78.3939
MAQ,MANGALORE CENTRAL,12.861845,74.843588
MAR,MULANUR,12.6619,78.4068
MARD,MAVUR ROAD,10.6533,79.6362
MAS,PURATCHI THALAIVAR DR. MGR CTL,13.085061,80.275156
MASK,MAISAR KHANA,30.0993,75.1387
MASS,CHENNAI CENTRAL SUBURBAN STATION,13.083025,80.273875
MATL,MATLA,22.3330918,88.6276853
MAU,MAU JN,25.9392,83.5641
MAUL,MAULI BLOCK HUT,31.17521,75.769444
MAUR,MAUR,30.0627,75.2276
MAX,MANGUDI,10.7026,79.6277
MAY,MARIAHU,25.5967,82.5978
MAYP,MAYAPUR,22.868966,87.867365
MAYR,MAYAR,29.100127,75.860767
MAZ,MANGRA,23.8822,84.1123
MB,MORADABAD,28.8314,78.7656
MBA,MAHOBA,25.3065,79.8487
MBAH,MIRABIGHA HALT,25.128192,84.987251
MBB,MURSHIDABAD,24.1768,88.2814
MBC,MAHANANDA BGE,25.1999,88.076
MBDD,MAA BARAHI DEVI DHAM,25.8023933,82.0405316
MBDP,MAA BELHA DEVI DHAM PRATAPGARH,25.9131355,81.996984
MBE,MIRZAPUR BANKIPUR,22.78726,88.224506
MBF,MUNABAO,25.7426,70.2766
MBG,MAIBANG,25.30508,93.135481
MBGA,MARWAR BAGRA,25.208979,72.594051
MBI,MADHUBANI,26.3485,86.0771
MBL,MANUBOLU,14.2267,79.8773
MBM,MAMBALAM,13.037694,80.227704
MBNL,MARWAR BHINMAL,25.000683,72.275448
MBNR,MAHBUBNAGAR,16.7575,77.9992
MBO,MAIRABARI,26.450979,92.421198
MBP,MOHIBULLAPUR,26.909595,80.939283
MBQ,MUMBRA,19.190103,73.02314
MBS,MADHOSINGH,25.2497,82.5521
MBSK,MARWAR BALIA,27.358047,74.545326
MBT,MARWAR BITHRI,27.099629,72.290211
MBU,MELPATTAM BAKKAM,11.785148,79.623199
MBV,MIRZAPUR BACHHOD,28.077887,76.198397
MBW,MALWARA,24.787514,72.255363
MBY,MANDI DABWALI,29.966237,74.700165
MC,MANDAPAM CAMP,9.281,79.1345
MCA,MECHEDA,22.4138,87.8586
MCDA,MAA CHANDIKA DEVI DHAM ANTU,26.0552549,81.8984076
MCF,MANIK CHOWREE P.H.,21.004394,81.783428
MCI,MANCHERAL,18.8792,79.4493
MCJ,MANJATTIDAL,10.7924,78.7317
MCL,MADIMANGALAM,12.5987,79.186
MCLA,MACHERLA,16.46967,79.438437
MCLE,MANCHILI,16.6633,81.614
MCN,MUKUNDARAYAPURM,12.9776,79.289
MCO,MOTIHARI COURT,26.6259,84.9056
MCPE,MARWAR CHAPRI,26.778104,73.909321
MCPK,CHEPAUK,13.061712,80.28049
MCPT,CHINTADARIPET,13.07371,80.273838
MCQ,MIRCHADHORI,24.2923,82.7939
MCRD,MECHERI ROAD,11.8044,77.922
MCS,MANCHESWAR,20.321931,85.844936
MCSC,MAHARAJA CHHATRASAL STATION CHHATARPUR,24.877902,79.61503
MCTM,MARTYR CAPTAIN TUSHAR MAHAJAN,32.9262,75.1518
MCU,MULACALACHERUVU,13.802158,78.264799
MCV,MACHARYA,28.772775,78.803902
MCVM,MACHAVARAM,16.0256,80.5418
MCY,MACHHRIAWAN HALT,25.4623842,85.2933619
MCZ,MAHABUANG,22.717132,84.91951
MDA,MANDHANA JN,26.557,80.2225
MDAK,MEDAK,18.0609431,78.2798787
MDB,MANDOR,26.350498,73.041916
MDBP,MADHABPUR,22.119557,88.347673
MDC,MAKARDAHA,22.628589,88.236008
MDCR,MASAUDHI COURT HALT,25.367275,85.044955
MDDG,MALAD GAON,18.36202,74.596481
MDDP,MANDI DIP,23.093747,77.511077
MDE,MAKHDUMPUR GAYA,25.0769,84.9789
MDF,MURADI,23.593132,86.80933
MDG,MANDAL GHAT,26.430767,88.754768
MDGB,MADHABNAGAR HALT,21.9388378,88.2193795
MDGR,MANENDRAGARH,23.2196,82.1976
MDH,MANDHAR,21.3376,81.7042
MDHA,MADHADA,21.6095,71.908
MDJ,MUHAMMADGANJ,24.4265,83.87
MDJN,MADAR JN,26.462733,74.685228
MDKD,MADHUKUNDA,23.62695,86.869411
MDKI,MADUKARAI,10.9005,76.9426
MDKM,MADATTUKULAM,10.5611,77.3476
MDKU,MODUKURU,16.1247,80.5835
MDL,MANDAL,25.441104,74.593048
MDLA,MUNDLANA,29.2121,76.7576
MDLE,MANDAR HILL,24.6123,87.0853
MDLL,MUDDALINGAHALLI,13.2366,77.3109
MDN,MIDNAPORE,22.4253,87.3077
MDNR,MODINAGAR,28.827907,77.571716
MDP,MADHUPUR JN.,24.270753,86.642303
MDPA,MANDPIYA,25.261619,74.635963
MDPB,MADHOPUR PUNJAB,32.3595,75.595
MDPJ,MADANAPUR HALT,19.549114,78.189869
MDPR,MODPUR,22.271941,69.824953
MDR,MADHIRA,16.9214,80.3664
MDRA,MEDRA,23.13596,72.712648
MDRR,MADHAVNAGAR ROAD,23.804193,80.397949
MDS,MANDASOR,24.0756,75.0761
MDSE,MADHU SUDANPUR,22.8446,88.193
MDT,MADARIHAT,26.701798,89.283056
MDU,MADURAI JN,9.920197,78.110604
MDUN,MADHRANAGAR,16.525359,80.647985
MDVB,MANDAR VIDYAPITH HALT,24.763121,87.0506
MDVK,MAHADEOKHEDI,24.217692,78.193989
MDVL,MANDAVALLI,16.514,81.1548
MDVR,MADHAVNAGAR,16.8865,74.5754
MDW,MARWAR MUNDWA,27.063406,73.815765
MDWI,MANDAWARI,26.4733055,76.4256066
MDXR,MUDARIA,23.359277,81.092319
ME,MASAIPET,17.904466,78.46354
MEC,MERTA CITY,26.6516,74.0352
MED,MEDCHAL,17.639605,78.474827
MEE,METHAI,25.906946,86.724529
MEH,MELALATHUR,12.9179,78.8754
MEJ,VANCHI MANIYACHCHI JN,8.882273,77.890821
MEKM,MELAKKONNAKKULM,9.7246,78.4665
MEL,BMBY MARINE LNS,18.9456,72.8237
MELH,MELUSAR,28.222886,74.531937
MEM,MAU AIMMA,25.6978,81.9132
MENP,MEENAPUR,25.613203,87.774925
MEP,MAHIDPUR ROAD,23.5674,75.5002
MEQ,MALETHU KANAK,26.6035,82.1246
MER,METPANJRA,21.26946,78.659449
MES,MADURAI EAST,9.908825,78.134508
MESR,MESRA,23.422897,85.418405
MET,MALERKOTLA,30.5292,75.8715
METR,METHI TIKUR,26.6915141,80.4280808
MEU,MENDU,27.614,78.0997
MEW,MARHAURA,25.9687,84.8506
MEX,MUKERIAN,31.9418,75.6118
MFA,MUKURIA,25.626,87.8819
MFB,MUSTAFABAD,30.1805,77.1228
MFC,MONABARI,26.794348,93.238392
MFCK,MUSTAPHA CHAK,23.132002,88.024314
MFH,MAHRAULI,28.6638,77.4688
MFJ,MUFTIGANJ,25.7007,82.8276
MFKA,MUSAFIR KHANA,26.3793,81.7996
MFL,MISRAULI,26.1221,81.8383
MFM,MAHALAM,31.0183,74.7066
MFP,MUZAFFARPUR JN,26.122151,85.377846
MFQ,MAHROI,23.9473,80.9048
MFR,MANDLA FORT,22.586277,80.355721
MFX,MADARAHA,25.273727,81.764374
MFZ,MALAHAR,25.3041,87.9582
MG,MODELGRAM,30.8917,75.8364
MGAE,MORGRAM,24.305,88.0185
MGB,MUDIGUBBA,14.349714,77.994776
MGC,MUGAT,19.1746,77.427
MGD,MUGAD,15.46278,74.915771
MGDR,MAGARDARRA,21.964467,80.12576
MGE,MIGRENDISA,25.170922,93.061237
MGF,MANDAGERE,12.730438,76.379185
MGG,MANGLIYA GAON,22.8149,75.9179
MGI,MANIGACHI,26.213359,86.146245
MGK,MULAGUNNATHUKAVU,10.597339,76.208209
MGKM,MUNGIYAKAMI,23.878931,91.703911
MGKP,MANISINGH KA PURA,26.809004,78.777409
MGL,MUGALALLI HALT,16.223081,75.749273
MGLE,MANIGRAM,24.3511,88.1022
MGLP,MANGOLPURI,28.684112,77.087116
MGM,MURAGACHA,23.5293,88.4209
MGME,MCCLUSKIEGANJ,23.6521,84.9412
MGN,MEGHNAGAR,22.9073,74.5397
MGPA,MUNDA GOPAL ASH,27.2553,81.1391
MGPI,MANGARPATTI HALT,26.372992,86.114946
MGR,MONGHYR,25.387147,86.465106
MGRD,MAGARDOH,22.247634,77.894268
MGRP,MEGH RAJ PURA,32.079447,76.071469
MGRR,MAGARPUR,25.322925,78.859005
MGT,MAGRAHAT,22.242391,88.372993
MGV,MOLAGAVALLI,15.3576,77.3717
MGVK,MALEGAON VYENKU,21.3757,78.9559
MGW,MAGARWARA,26.5235,80.4287
MGWD,MAHNGARWL DOABA,31.3249,76.0885
MGZ,MAHARAJ GANJ,26.108105,84.507372
MH,MAHURI HALT,25.1003,85.4468
MHA,MARAHRA,27.746594,78.555164
MHAD,MOHADI PRGN LNG,20.862662,74.779444
MHBA,MATHABHANGA,26.364341,89.199457
MHBG,MAHADEVA BUZRUG,27.451161,82.87468
MHBT,MAHBUB NAGAR TOWN HA,16.742989,77.982759
MHBZ,MAHTHA BAZAR,27.391431,82.957249
MHC,MASRAKH,26.1001,84.809
MHD,MAHEMADAVAD KHEDA ROAD,22.819226,72.752151
MHDB,MAHADIA PH,20.751057,85.475993
MHH,MAGHAR,26.7499,83.1336
MHHR,MAHESRA,28.8567,78.3306
MHI,MANIHARI,25.382495,87.621803
MHJ,MAHAJAN,28.793387,73.854046
MHKT,MOHKHUTI,27.106047,94.80772
MHL,MAHWAL,26.327884,85.107307
MHLN,MAHENDRALALNAGAR PH,22.643165,88.091469
MHLT,MAHESH LETA HALT,25.15091,86.130642
MHMB,MAHIMBA,19.4201,78.0765
MHN,MAHANADI,26.882421,88.318748
MHNR,MAHESH NAGAR HALT,25.8725,72.7282
MHO,MAHPUR,25.6047,83.2465
MHP,MUHAMMADPUR,26.2372,85.8531
MHPR,MAHIYARPUR,25.446065,87.604122
MHQ,MOHUDA,23.747011,86.270313
MHRG,MAHENDRAGARH,28.281103,76.1483
MHRI,MACHHRAULI,28.486338,76.643219
MHRL,MAHRAIL,26.294031,86.284733
MHRN,MAHENDRANATH,26.001099,84.510269
MHSA,MAHESHPUR,24.463102,85.698625
MHT,MANJHI F,25.828325,84.584599
MHTR,MALIHATI TBR RD,23.7936,88.1261
MHU,MANHERU,28.7008,76.2027
MHUL,MEHUWALA HALT,29.411414,75.315228
MHUR,MOHANPUR,24.488711,86.785898
MHV,MAHUVA JN,21.09411,71.756001
MIA,MANIA,26.8059,77.9197
MIAN,MIANGRAM,23.8528,88.1711
MID,MADHI,21.1457,73.2427
MIH,MIHRAWAN,25.8708,82.6939
MIJ,MAJHDIA,23.4144,88.7188
MIK,MANIKUI,22.919978,86.066809
MIKD,MAHIKHAND HALT,25.744641,87.02959
MIL,MILAK,28.6124,79.164
MIM,MANIRAM,26.8383,83.3424
MIN,MIHINPURWA,27.98271,81.458087
MINA,MIYANA,24.85669,77.472324
MINJ,MAIKALGANJ,27.71499,80.342503
MIO,MOLISAR,28.13149,74.739475
MIPM,MARRI PALEM HALT,17.7362,83.2525
MIQ,MIRHAKUR,27.149894,77.862682
MIR,MAIJAPUR,27.1421,81.7741
MIRA,MIRA ROAD,19.2803,72.856
MITA,MITHA,24.082044,71.671972
MIU,MARIPAT,28.5873,77.4959
MIW,MIGHAUNA,28.2428,79.8261
MIYN,MANIYAN,25.527881,87.603006
MJ,MARWAR JN,25.720349,73.609171
MJA,MEJA ROAD,25.2213,82.0891
MJBK,MANJARI BUDRUK,18.512249,73.971634
MJBT,MAJBAT,26.7848,92.288
MJE,MUJNAI,26.693018,89.191647
MJF,MALKAJGIRI,17.448,78.5292
MJG,MAJHAGAWAN,24.913529,80.811796
MJH,MAJU PH,22.616705,88.078938
MJHL,MAJADA HALT,28.462202,78.743649
MJHR,MAJHIARI,25.1811,81.553
MJL,MAJHOWALIA,26.802392,84.618759
MJM,MANJHAULIGRAM HALT,25.477992,85.421791
MJN,MAKUM JN,27.486192,95.441408
MJNL,MAJRI NANGAL,28.012437,76.555309
MJNS,MAA JAGDAMBA NAWADA HALT,26.0939967,86.1552554
MJO,MAJORDA JUNCTION,15.313575,73.921938
MJP,MOHARAJPUR,25.2196,87.7403
MJPB,MANJHRA PURAB,28.301056,81.160812
MJR,MINJUR,13.2815,80.2597
MJRI,MAJRI JN,20.1388,79.0431
MJS,MANJESHWAR,12.7245,74.8879
MJT,MAJERHAT,22.5191,88.3223
MJTA,MAJITHA,31.757,74.9485
MJV,MANJHAGARH,26.4173,84.5043
MJY,MARAMJHIRI,21.9456,77.8825
MJZ,MAJHOLA PAKARYA,28.8314,79.8991
MK,MIRANPUR KATRA,28.0374,79.6751
MKA,MOKAMA,25.392265,85.913429
MKAK,MUNDAKAKANNI AMMAN KOIL,13.0407169,80.2673168
MKB,MANKATHA,25.207116,86.056252
MKBH,MANWALA KOT BAK,30.0402,74.9518
MKC,MAKSI JUNCTION,23.251795,76.159286
MKD,MARKUNDI,25.017173,80.946894
MKDD,MUKUNDWADI HALT,19.859404,75.367413
MKDI,MAKUDI,19.5927,79.4484
MKDN,MARKADHANA,22.1107,78.5016
MKG,MANAK NAGAR,26.810436,80.890875
MKGD,MANIKAGODA,20.169482,85.2235321
MKH,MALAKHERA,27.389906,76.618652
MKHI,MAKHI,26.66,80.4623
MKHR,MARWAR KHARA,27.059737,72.127132
MKJ,MAKKAJIPALLI,14.196,77.6284
MKK,KODAMBAKKAM,13.052076,80.230815
MKL,MAKALIDURGA,13.424686,77.505455
MKLI,MAKRAULI,28.9471,76.6277
MKM,MARIKUPPAM,12.9189,78.2637
MKMN,MOKHRA MADINA,28.908412,76.425302
MKN,MAKRANA JN,27.037722,74.723339
MKO,MARKONA,21.1951,86.5956
MKP,MANIKPUR JN,25.063442,81.093607
MKPR,MUKTAPUR,25.8847,85.7956
MKPT,MALIKPETH,17.9003,75.6091
MKR,MADDIKERA,15.2566,77.4115
MKRD,MACHHAKUNDA,18.5669,82.667
MKRH,MALLICHPURHAT,25.325253,88.675976
MKRN,MAKRONIA,23.867,78.8081
MKS,MUKTSAR,30.47871,74.514771
MKSP,MUKHASA PARUR,11.565471,79.244213
MKSR,MOKALSAR,25.608288,72.519336
MKTL,MAKTHAL,16.5297521,77.5186346
MKTP,MUKETASHWAR,19.918808,85.437584
MKU,MALKAPUR,20.8921,76.2031
MKWI,MAKARWADI HALT,26.541775,74.648555
MKX,MORAK,24.7311,75.9735
MKZ,MAHKEPAR ROAD P.H.,21.632856,79.67886
ML,MALHOUR,26.859758,81.051292
MLAR,MALANPUR,26.413,78.2727
MLB,MODLIMB,17.979876,75.396938
MLBZ,MAL BAZAR,26.86586,88.737486
MLC,MALKISAR,28.653762,73.862175
MLD,MALIHABAD,26.9304,80.7149
MLDE,MADLAUDA,29.3998,76.8097
MLDT,MALDA TOWN,25.015929,88.130608
MLFC,MALDA COURT,25.0129,88.1613
MLG,MALHARGARH,24.266,74.9731
MLGH,MANDAL GARH,25.1941,75.0809
MLHA,MALIYA HATINA,21.15928,70.299411
MLHS,LIGHT HOUSE,13.044906,80.276799
MLI,MANGALIYAWAS,26.277947,74.492455
MLJ,MOHANLALGANJ,26.6871,80.9841
MLK,MALKAPURAM,15.3687,77.9673
MLKA,MALUKA,22.2028,85.6728
MLKH,MULEWAL KHAIHRA,31.1034,75.3001
MLKN,MUNDHAL KALAN,28.99894,76.1978151
MLKP,MALIKPUR,27.1619,79.6903
MLM,MALTHAN,18.3774,74.7067
MLMG,MALLEMADUGU,17.326387,80.160542
MLMR,MELMARUVATHUR,12.429494,79.833741
MLN,MAILANI,28.284769,80.347738
MLND,MULUND,19.172065,72.956643
MLNH,MALANCHA,25.368846,88.586197
MLO,MALUR,12.9923,77.9402
MLP,MALLAPUR,15.6726,75.6103
MLPR,MALIPUR,26.281102,82.63092
MLQ,MALKERA JN.,23.779533,86.296749
MLR,MALKHED,20.822073,77.863111
MLS,MALASA,26.2884,79.9069
MLSA,MALLASANDRA,13.335173,77.015018
MLSU,MALSAILU,19.862633,77.118702
MLT,MALATIPATPUR,19.8653,85.8318
MLTI,MALTI,25.2214483,85.6067369
MLTR,MELATTUR,11.06538,76.272755
MLU,MALUGUR,13.8669,77.5318
MLV,MALLARPUR,24.0803,87.7266
MLW,MALLANWAN,27.0472,80.1552
MLX,MULLANPUR,30.8379,75.6648
MLY,MAULA ALI,17.4405,78.5507
MLYA,MALIYA   HALT,22.831488,88.136101
MLYR,MELNARIYAPANUR,11.615751,78.814631
MLZ,MALARNA,26.231,76.5346
MMA,MUHAMMADABAD,26.0262,83.376
MMB,MAHMUDABAD AVDH,27.2886,81.1147
MMC,MAHAMANDIR,26.312805,73.042946
MMCT,MUMBAI CENTRAL,18.970727,72.819443
MMD,MAHESHMUNDA,24.2324,86.3891
MMDA,MUTHALAMADA,10.6268,76.7722
MMDL,MOHINI MANDAL(HALT),26.678447,85.388832
MMDP,MOHAMADPUR,24.877716,85.415955
MME,MUL MARORA,20.0627,79.6742
MMG,MADHYAMGRAM,22.6943,88.4526
MMH,MAHADANAPURAM,10.9536,78.299
MMI,MARIYAMANAHALLI,15.1566,76.364
MMK,MADURANTAKAM,12.504,79.8927
MMKB,MEKRA MEMERKHABAD HALT,25.472568,85.826912
MML,MADAN MAHAL,23.159695,79.920645
MMLN,MAHUAMILAN,23.6618,84.8541
MMM,MANDAPAM,9.2805,79.1574
MMNK,MARAIMALAI NAGAR KAMARAJAR,12.79661,80.019865
MMP,MAMBALAPPATTU,11.9522,79.3739
MMPL,MANTAPAMPALLE,14.3219,79.0789
MMR,MANMAD JN,20.2498,74.4382
MMS,MANDASA ROAD,18.8409,84.4944
MMU,MUGMA,23.7518,86.748
MMV,MAHALI MARUP,22.757345,85.879526
MMVR,MURGA MAHADEV ROAD,22.060146,85.465522
MMY,MARWAR MATHANIYA,26.532483,72.979088
MMZ,MANDAMARI,18.971,79.4699
MN,MINAMBAKKAM,12.98457,80.174875
MNAE,MANKAR,23.42,87.5555
MNC,MADANKATA,24.1408,86.7018
MNCR,MONACHERRA,24.611751,92.549858
MND,MUNDERWA,26.7764,82.9034
MNDH,MANDIR HASAUD,21.2263,81.7729
MNDK,MAGANOOR,16.466617,77.428647
MNDP,MENDIPATHAR,25.915041,90.634018
MNDR,MANDI DHANAURA,28.9527,78.2611
MNDU,MANDU HALT,23.806497,85.472862
MNDY,MANDAVELI,13.027931,80.260577
MNE,MANSI JN,25.5094,86.5544
MNF,MANDA ROAD,25.1629,82.2369
MNGD,MUNIGUDA,19.6274,83.4882
MNGR,MOHAN NAGAR,29.45918,73.523598
MNH,MUNSHIRHAT PH,22.648868,88.095245
MNHA,MINDHA,27.1117,75.332
MNHL,MAJHAIRAN HMCHL,32.046788,76.603203
MNI,MANGAON,18.247326,73.275719
MNJ,MANOHARGANJ,25.5245,81.5585
MNJR,MANJHLEPUR,25.9946,81.1786
MNKD,MANKHURD,19.047839,72.930851
MNL,MINCHNAL,16.970935,75.821972
MNLI,MANALI HALT,10.563591,79.640923
MNM,MANAMADURAI JN,9.6818,78.4538
MNMA,MANDAN MISHRA,26.214052,86.184483
MNMU,MANI MAU,26.9961,79.9586
MNO,MEHNAR ROAD,25.6544,85.5029
MNP,MANANPUR,25.0723,86.174
MNPR,MIANPUR,30.910915,76.566982
MNQ,MAINPURI,27.216777,79.035044
MNR,MAKKHANPUR,27.119,78.471
MNS,MANSHAHI,25.488375,87.578716
MNSR,MANAKSAR,29.680074,74.383621
MNTT,MULANTURUTTI,9.9012,76.3893
MNU,MUNDIKOTA,21.3729,79.8352
MNUR,MANNANUR,10.7491,76.3233
MNV,MUNGAOLI,24.4026,78.1114
MNWL,MANWAL,32.768945,75.132065
MNY,MANKARAI,10.7718,76.5005
MNZ,MANANI,29.8848,77.4985
MO,MOHOL,17.8047,75.6755
MOA,MANOPAD,15.993964,77.941818
MOAR,MONIPUR BAGAN,24.400885,92.54076
MOB,MANOHARABAD,17.75539,78.454056
MOBD,MOABUND,26.66863,94.071808
MOF,MONDH,25.4277,82.4848
MOG,MOHIUDDINNAGAR,25.6063,85.7037
MOGA,MOGA,30.8175,75.1687
MOHR,MOHANA HARYANA,29.043272,76.855336
MOI,MORI BERA,25.035255,73.135986
MOJ,MOHANA,25.980268,77.834015
MOL,MULI ROAD,22.6763,71.4346
MOMU,MOLAKALMURU,14.7101,76.7461
MON,MODRAN,25.187078,72.447281
MONJ,MONGLAJHORA,26.2597,89.9637
MONR,MOHANUR,11.069023,78.139585
MOO,MUDDANURU,14.6888,78.3958
MOP,MOHITNAGAR,26.53018,88.669281
MOPR,MOHANPURA,29.992705,73.845291
MOR,MOR,25.44,85.8507
MORA,MORAIYA,22.9468,72.4548
MOT,MALOUT,30.185051,74.495888
MOTA,MOTA,27.2871,79.2485
MOTC,MOTICHUR,29.9808,78.1773
MOTG,MOTIGANJ,27.1011,82.1034
MOTH,MOTH,25.7413,78.9484
MOU,MANOHARPUR,22.3738,85.1973
MOW,MANANWALA,31.6126,74.9664
MOX,MORAN,27.14745,94.888744
MOY,MOHRI,30.2554,76.8502
MOZ,MUZAFFARNAGAR,29.4689,77.708
MP,MELAPPALAIYAM,8.682342,77.691522
MPA,MANAPARAI,10.6073,78.4178
MPC,MUTTAMPATTI,11.9837,78.1525
MPD,MADPUR,22.3694,87.443
MPE,MALATIPUR,22.651562,88.762493
MPF,MUIRPUR ROAD,24.2061,83.0944
MPG,MANPUR NAGARIA,27.908424,78.818321
MPH,MUNDHA PANDE,28.8001,78.9388
MPI,MELPATTI,12.8598,78.7973
MPJ,MADANPUR,23.0062,88.49
MPK,CHENNAI PARK,13.0806,80.2728
MPKT,CHENNAI PARK TOWN,13.07952,80.275555
MPL,MADANAPALLE RD,13.644152,78.554134
MPLE,MAHIPAL,24.3067,88.1625
MPLI,MINNAMPALLI,11.671822,78.270721
MPLM,MURTHIPALAIYAM,11.021449,78.023229
MPLR,MAHIPAL ROAD,24.2954,88.179
MPML,MOHAPANI MAL,21.811783,78.909645
MPN,MADHYAMPUR,22.6201,88.8962
MPNH,MAJNUPUR NAVADA HALT,25.532295,85.931487
MPO,MANPUR JN,24.8066,85.0443
MPR,MAKAR PURA,22.233,73.1758
MPRA,MAHAMMAD PUR,24.50849,92.592375
MPRD,MATHURAPUR RD,22.140467,88.390803
MPT,MANGALAMPETA,13.567904,79.073582
MPU,MEDAPADU,17.0054,82.0964
MPUE,MAINPURI KACHRI,27.2268,79.0653
MPUR,NEW MADANPUR,24.312777,87.226682
MPY,MURARPUR,25.2324,86.8865
MQ,MANNARGUDI,10.675031,79.456129
MQA,MATODA,22.883941,72.399375
MQC,MUNDKA,28.6892,77.0265
MQE,MOHAMMADKHERA,23.3838,76.6653
MQG,MILANGARH,25.3772,87.8916
MQL,MIRKHAL,19.199242,76.927471
MQN,MANYAMKONDA,16.683925,77.905383
MQO,MUNROTURUTTU,8.997203,76.610456
MQP,MAKRANDPUR,28.213357,79.290047
MQQ,MARKAHANDI U HT,22.049527,79.190998
MQR,MALKHAID ROAD,17.1469,77.1737
MQS,MALSIAN SHAHKHT,31.1099,75.3543
MQU,MURUKKAMPUZHA,8.6136,76.8302
MQW,MALLANNAGAR,28.070617,79.166451
MQX,MERALGRAM,24.1972,83.7099
MQZ,MOTA JADRA,21.082578,71.704502
MR,MARTUR,17.1995,76.9025
MRA,MORENA,26.500764,78.003702
MRB,MUNIRABAD,15.308484,76.335497
MRBD,MOINARBAND,24.853714,92.833994
MRBL,MURIBAHAL,20.3858,83.0166
MRC,MARICHETHAL,16.1114,77.3094
MRDA,MARODA P.H.,20.0926023,79.6587439
MRDG,MARADANGA,26.300568,89.556426
MRDL,MERAMANDOLI,20.802377,85.304933
MRDP,MURADPUR(HALT),26.227373,83.511715
MRDW,MURDESHWAR,14.100617,74.505587
MRE,MANAURI,25.4697,81.662
MRF,MARPALLI,17.5456,77.7717
MRG,MARGHERITA,27.289265,95.67255
MRGA,MIRYALAGUDA,16.860652,79.533763
MRGM,MAURIGRAM,22.5794,88.2544
MRHA,MURAHARA,24.914154,86.933532
MRHT,MORANHAT,27.182618,94.918948
MRIJ,MURLIGANJ,25.888106,87.000046
MRJ,MIRAJ JN.,16.819946,74.638839
MRJD,MARAJDWA,27.043073,84.601936
MRJN,MIRJAN,14.500246,74.424911
MRK,MARKAPUR ROAD,15.7147,79.3012
MRKL,MARIKAL,16.594966,77.728339
MRL,MAROLI,21.0204,72.8904
MRLA,MARIYAL GANGAVADI HA,11.954459,76.900397
MRLI,MURLI HALT,25.017173,87.773209
MRM,MAMANDURU,13.746,79.4582
MRN,MORWANI,23.298433,74.994392
MRND,MORINDA,30.7918,76.5027
MROA,MORA,27.517102,77.613087
MRPR,MAU RANIPUR,25.261231,79.136753
MRQ,MATARI,23.8404,86.2389
MRR,MURARAI,24.4405,87.8583
MRSH,MORSHI,21.326689,77.996042
MRT,MATHURA CANT,27.4909,77.685
MRTA,MURAITHA,26.369725,85.786572
MRTD,MORTAD,18.820379,78.453153
MRTL,MIRTHAL,32.1124,75.608
MRV,MARSUL,19.2336,77.0984
MRWS,MARWAR RANAWAS,25.6695,73.74
MRX,MURUD,18.380022,76.251125
MRYA,MERIYANA,21.201697,71.416111
MRZA,MIRZA,26.078679,91.461782
MS,CHENNAI EGMORE,13.077848,80.260363
MSAE,MASAGRAM,23.1351,88.0425
MSB,CHENNAI BEACH,13.09043,80.291691
MSC,CHENNAI CHETPAT,13.074253,80.24296
MSD,MUMBAI MASJID,18.951935,72.838111
MSDG,MHASOBA DONGARGAON,17.266974,75.136932
MSDH,MASNADIH,26.9584,84.8329
MSDL,MAHISADAL,22.1761,88.0106
MSDN,MASUDAN,25.238019,86.36198
MSDR,MURSHADPUR,29.5578,78.3823
MSF,CHENNAI FORT,13.08324,80.282636
MSGR,MARSHAGHAI ROAD,20.4231,86.5022
MSH,MAHESANA JN,23.603003,72.389088
MSHW,MUSHARWA HALT,27.047354,84.489326
MSK,MAHES KHUNT,25.4607,86.6417
MSKT,MSKT KATHUA,32.397537,75.551562
MSL,MACHCHALANDAPUR,22.8565,88.7451
MSMD,MAHASAMUND,21.1131,82.1039
MSMI,MISAMARI,26.811355,92.595863
MSN,MURSAN,27.5737,77.9358
MSOD,MASODHA,26.7094,82.1255
MSP,MANSURPUR,29.355,77.7189
MSQ,MARWAR RATANPUR,24.629698,72.095547
MSR,MASUR,17.4047,74.1446
MSRP,MURHESI RAMPUR,27.4123,77.6273
MSS,MASARAHALLI,13.803742,75.735455
MSSD,MAHESHARI SNDHN,30.848669,74.993019
MSSN,MAISHASHAN,24.8345,92.32
MST,MASIT,27.2698,80.2578
MSTH,MISRIKH TIRATH,27.4228,80.5306
MSU,MOSUR,13.086668,79.73259
MSV,MUSTRA,25.497052,78.63533
MSW,MASKANWA,27.0025,82.3574
MSWA,MASANIWALA,29.400273,73.590717
MSZ,MANSA,29.9892,75.4021
MTA,MATHELA,21.87265,76.38485
MTAP,MATANIA ANANTPUR,22.636009,88.886269
MTB,MATLABPUR,28.9903,78.6572
MTBG,MATHIA BARGHAT HALT,26.9419,83.7575
MTBH,MAHATBANIA HALT,25.548558,84.602549
MTC,MEERUT CITY,28.9773,77.6748
MTCN,TIRUVALLIKENI,13.055232,80.280576
MTD,MERTA ROAD JN,26.727827,73.917646
MTDB,MERTA ROAD BYPASS,26.731194,73.9228851
MTDI,MALTEKDI,19.16787,77.334824
MTDM,METTUR DAM,11.807371,77.832298
MTE,METTUR,8.874726,77.369499
MTFA,MERTALA PHALEYA HALT,23.480016,88.320036
MTGE,MUTHANI,25.173,83.619
MTH,MATAUNDH,25.4191,80.1486
MTHP,MITHAPUR,22.411981,69.009075
MTI,MITAWALI,27.292011,78.198624
MTIP,MATHNASHIPUR,23.101847,87.964964
MTJ,MATHURA JN.,27.480025,77.672997
MTJR,MOTERJHAR,26.134,89.8645
MTKR,MATOKHAR,25.1318923,85.8060763
MTL,MAILAM,12.1601,79.6018
MTLP,MITHILA DEEP,26.236612,86.312027
MTM,MACHILIPATNAM,16.171648,81.138153
MTMI,MOTIMARI,16.9563,80.3206
MTMY,THIRUMAYILAI,13.03529,80.267358
MTN,MUMBAI MATUNGA,19.027697,72.850192
MTND,MATTAGAJPUR,20.441812,85.946388
MTNL,MUTTARASANALLUR,10.8663,78.6488
MTO,MAITHA,26.476412,80.025101
MTP,METUPALAIYAM,11.3,76.9348
MTPC,MOTIPURA CHAUKI,24.6105,77.04
MTPI,METAPALLI,18.854619,78.638183
MTPR,RAIMAHTPUR,31.4055,76.324
MTR,MOTIPUR,26.3014,85.1256
MTSI,MOTISADHLI,22.382732,74.184214
MTT,MUTUPET,10.399,79.4929
MTU,MATMARI,16.0464,77.3027
MTUR,MATHUR,11.3178,79.2055
MTV,MATALKUNTA,17.7681,77.5627
MTWN,MITEWANI P.H.,21.423908,79.712677
MTY,MULTAI,21.7831,78.2624
MU,MAKANSAR,22.752438,70.91074
MUA,MUSRA,21.1527,80.8792
MUBR,MANU BAZAR,23.061935,91.64609
MUC,MULLURCARAI,10.706153,76.271725
MUD,MURADNAGAR,28.759157,77.506914
MUE,MUDKHED,19.148087,77.509661
MUG,MAGRA,22.983365,88.36853
MUGA,MAHUGARA,24.6248,77.2393
MUGN,MAHUTGAON,26.962317,94.792442
MUGR,MANUGURU,17.9248,80.7985
MUH,MURTHIHA,28.030622,81.378307
MUHI,MURHARI HALT,25.390094,85.545044
MUK,MUNUMAKA,16.1911,79.9814
MUKE,MUKKALI,11.6838,75.5499
MULK,MULKI,13.068777,74.805222
MUM,MANGAPATNAM,14.7451,78.2719
MUP,MURHIPAR,21.1836,81.1486
MUPA,MUPA,25.368846,93.122907
MUQ,MARUDUR,10.915,78.4506
MUR,MANKAPUR JN,27.039,82.2276
MURD,MANDAWAR M RD,27.1401,76.832
MURI,MURI JN,23.377871,85.867167
MUT,MEERUT CANT,29.015947,77.686887
MUU,MANKUNDU,22.846952,88.346858
MUUA,MAHUAWA KHURD,26.8545,83.5941
MUW,MATHURAPUR,24.3866,86.6318
MUZ,MOHIUDDINPUR,28.8857,77.6218
MV,MAYILADUTURAI JN,11.094777,79.62822
MVA,MALAKA VEMALA,14.269208,78.054256
MVC,MAVINKERE,12.893139,76.165466
MVD,MULVAD,16.6204,75.7469
MVE,MUNDHEWADI,17.7441,75.7045
MVF,MANABAR,18.839852,82.696023
MVG,MALIGURA,18.953335,82.638774
MVH,MANTATTI,17.2445,77.5492
MVI,MORBI,22.824922,70.828857
MVJ,MAVLI JN,24.794215,73.973351
MVKR,MAHAVANKHOR HALT,26.975012,83.277963
MVL,MALAVLI,18.744133,73.48094
MVLK,MAVELIKARA,9.2395,76.5457
MVN,MILAVITTAN,8.8114,78.0872
MVO,MANWATH ROAD,19.358441,76.534796
MVP,MOKHASA KALVPDI,16.4958,81.1306
MVPM,MAVELIPALAIYAM,11.4825,77.9001
MVRD,MAIVADI ROAD,10.5632,77.3162
MVV,MAHESHI,25.2335,86.8084
MVW,MALLIVIDU,17.9716,83.1725
MVY,MALAVI,15.0004,76.2019
MW,MAIRWA,26.2399,84.1516
MWAD,MOWAD,21.456093,78.451922
MWAI,MAWAI,24.790173,78.924496
MWC,MANDAWALI CHANDER VIHAR HALT,28.613384,77.253315
MWD,MHASAVAD,20.870361,75.458736
MWE,MEWA NAWADA,29.117975,78.612757
MWG,MINDALA,20.5157,79.7169
MWH,MALWAN,26.0176,80.6859
MWJ,MARWASGRAM,24.0874,81.6972
MWK,MORDAD TANDA,20.68868,74.905272
MWM,MALLESWARAM,13.001129,77.563047
MWP,MAHRANI PACHHIM,26.1189,82.2488
MWQ,MOTARI HALT,20.0901,85.7287
MWR,MAHANSAR,28.199591,75.031042
MWRN,MADWARANI,22.1656,82.7117
MWT,MARWAR LOHAWAT,26.981746,72.58976
MWUE,MAHRAWAL,27.9375,78.0421
MWW,MAHWA,27.48406,76.609211
MWX,MALLANWALA KHAS,31.0481,74.8178
MWZ,MAHISHADAHARI,23.9164,87.6497
MXA,MARAUDA,21.1593,81.3595
MXH,MAKHU,31.1062,74.9838
MXJ,MANGURJAN,26.412358,88.256779
MXK,MANDRAK,27.7666,78.1103
MXL,MOKHOLI,26.1614,76.4613
MXM,MINATCHIPURAM,10.6299,76.8755
MXN,MARIANI JN,26.652675,94.308443
MXO,MORTHALA,24.497771,72.800217
MXP,MALUPOTA,31.1835,75.9649
MXR,MAHUR,25.188166,93.126469
MXS,MOHASA,24.378587,78.2888
MXT,MALAKPET,17.375808,78.494654
MXY,MAHUARIYA,24.2344,83.318
MYA,MANDYA,12.5291,76.8972
MYD,MANDERDISA,25.707589,93.123379
MYG,MIYAGAM KARJAN,22.0505,73.1201
MYGD,MAYNAGURI ROAD,26.526887,88.800019
MYHT,MAYURHAT,23.363217,88.661213
MYJ,MAHEJI,20.787733,75.430756
MYK,MAYAKONDA,14.284,76.0811
MYL,MALLIYALA,15.3982,77.7771
MYM,MEMARI,23.1727,88.0954
MYO,MORIDHAL,27.469287,94.522076
MYP,MUNDIYAMPAKKAM,11.997682,79.513035
MYPR,MAYNAPUR,23.0047536,87.4971247
MYR,MAIHAR,24.2559,80.7635
MYS,MYSORE JN,12.3185,76.6456
MYU,MAYANOOR,10.955,78.2368
MYX,METYALSAHAR HALT,23.4821,86.7483
MYY,MAYYANAD,8.8379,76.6474
MZA,MEZENGA S,26.884105,94.678974
MZC,MIRZA CHEUKI,25.2574,87.4948
MZGI,MANZURGARHI,27.9639,78.1062
MZH,MAUHARI,23.118891,81.769695
MZHL,MAJHAOLI,24.136572,82.37051
MZL,MIRZAPALLI,18.017753,78.415089
MZM,MUZZAMPUR NRYN,29.5833,78.2226
MZMA,MAZHOM,34.116495,74.611416
MZP,MIRZAPUR,25.1342,82.5698
MZQ,MAJGAON ASSAM,26.4307,90.5742
MZR,MURTAJAPUR JN.,20.736208,77.354565
MZS,MURKEONG SELEK,27.830879,95.218334
MZU,MARANDAHALLI,12.3889,78.0173
MZW,MANJHWE,24.8147,85.3071
MZX,MATATILA,25.08486,78.4026
MZY,MACHAPUR,20.569153,85.769062
MZZ,MANJURI ROAD,21.0118,86.3194
NAB,NAGBHIR JN,20.5801,79.7004
NAC,NAWA CITY,27.029159,74.998512
NACC,NEW ALIPUR (CALCUTTA,22.510912,88.33497
NAD,NAGDA JN,23.4561,75.4127
NAHT,NEW ASHTI,18.809467,75.16378
NAI,NANGI,22.5003,88.224
NAK,NAKSALBARI,26.683048,88.202705
NAKD,NAIK DIH,25.8465,83.4655
NAL,NAL HALT,28.0372,73.2106
NALR,NALPUR,22.529,88.1855
NAM,NAMRUP,27.19632,95.313692
NAN,NANDGAON ROAD,16.387344,73.73045
NANA,NANA,24.926295,73.110495
NAND,NANDIKOOR,13.132642,74.805905
NANR,NARANPUR,21.6167,85.6373
NARA,NARA HALT,29.389909,76.757899
NARD,NAIKA ROAD HALT,25.448516,85.292485
NAS,NASRALA,31.4979,75.8463
NASP,NARASINGAPALLI,17.6062,82.8905
NAT,NATHNAGAR,25.2366,86.9349
NAU,NADAPURAM ROAD,11.6394,75.5755
NAVI,NEW AMRAVATI,20.902517,77.732808
NAW,NAWANDGI,17.2274,77.5088
NAWN,NAWAN,29.652852,74.353065
NAZJ,NAZIRGANJ,25.724215,85.806227
NB,NIMBHORA,21.161161,75.975566
NBA,NABHA,30.3639,76.1463
NBAE,NABAGRAM,23.0987,88.0664
NBD,NAJIBABAD JN,29.6037,78.3359
NBE,NEW BARRACKPORE,22.686885,88.444405
NBG,NABINAGAR ROAD,24.653804,84.093904
NBH,NIMBAHERA,24.6236,74.6946
NBI,NADBAI,27.2135,77.2074
NBJU,NEW BARAUNI JN.,25.462493,85.988474
NBK,NUNGAMBAKKAM,13.065453,80.232832
NBKH,NABA GRAM KANKURHATI,23.661192,88.09988
NBL,NIMBAL,17.118644,75.860167
NBP,NIBHAPUR,25.5999,82.2493
NBPH,NEW BALRAMPUR HALT,24.050853,88.246994
NBQ,NEW BONGAIGAON,26.4744,90.536
NBR,NAMBURU,16.3585,80.4956
NBRN,NABA RAYNAGAR HALT,23.148252,88.603363
NBS,NEW BANESWAR,26.3895,89.5081
NBT,NAYABAGIRTHIPUR,20.7818,85.3826
NBU,NARASAMBUDHI,12.1044,76.7015
NBUE,NIBKARORI,27.3353,79.4381
NBX,NIZBARGANJ,26.8358,93.2868
NCA,NIZCHATIA,26.7479,93.0475
NCB,NEW COOCH BEHAR,26.352959,89.469566
NCBD,NEW CHANGRABANDHA,26.437225,88.902818
NCE,NALLACHERUVU EAST,13.98811,78.185431
NCH,NAKACHARI,26.711727,94.399853
NCHS,NATURE CURE HOSPITAL,17.445483,78.452511
NCJ,NAGERCOIL JUNCTION,8.17428,77.4439
NCN,NACHINDA PH,21.881731,87.755356
NCP,NISCHINDAPUR,21.973136,88.214035
NCPM,NISCHINDAPUR MARKET HALT,21.9873295,88.2168182
NCR,NAGORE,10.8183,79.846058
NCU,NALLACHERUVU,14.020855,78.178024
ND,NADIAD JN,22.6945,72.8561
NDAE,NABADWIP DHAM,23.3964,88.3563
NDAM,NADIGAM HALT,34.0690069,74.6612486
NDB,NANDURBAR,21.3743,74.2459
NDBT,NANDPR BHATAULI,32.013607,76.115929
NDD,NIDADAVOLU JN,16.8978,81.675
NDE,NANDRE,16.960468,74.560218
NDGJ,NANDAIGAJAN P.H.,22.403728,87.832088
NDH,NINDHAR BENAR,27.010349,75.724983
NDIM,NANDAIGRAM HALT,23.3073452,88.3144851
NDJ,NANDGANJ,25.5449,83.3972
NDK,NANKHAS,25.661179,78.872566
NDKD,NADIKODE,16.5901,79.7231
NDKR,NANDAKUMAR PH,22.197101,87.932339
NDL,NANDYAL,15.468,78.4725
NDLH,NANDLALEE HALT,25.926863,86.59338
NDLS,NEW DELHI,28.642464,77.220154
NDM,NIDAMANURU,16.5074,80.7308
NDMH,NEREDMET HALT,17.47872,78.5332851
NDN,NARDANA,21.1777,74.8282
NDNI,NIDHANI,22.5766,80.0085
NDNR,NEW DHANORA,18.9047109,74.9896071
NDO,NIDUBROLU,16.068,80.5574
NDON,NADAON HALT,25.566781,84.008546
NDPM,NARMADAPURAM,22.75323,77.716084
NDPR,NANDAPUR,19.5929,77.239
NDPU,NUDURUPADU,16.273,80.1929
NDR,NANDESARI,22.4202,73.0923
NDRT,NANGAL DEGROTA,28.367537,76.067104
NDT,NATHDWARA,24.92069,73.909836
NDU,NADAUL,25.310899,85.02373
NDV,NIDVANDA,13.246128,77.27972
NDW,NADWAN,25.4477,85.0853
NDY,NANDI HALT,13.383942,77.712286
NDZ,NIDIGALLU,13.9883,79.6606
NEC,NEMILICHERRY HALT,13.121193,80.044928
NED,NANDED,19.160492,77.310448
NEMA,NEMA HALT,25.409403,85.072393
NEO,NEORA,25.575,84.9869
NEP,NENPUR,22.8468,72.7248
NERH,NER HALT,25.017329,84.975471
NERI,NERI,27.6891,80.394
NES,NATESAR,24.939837,85.281372
NEU,NERUL,19.033235,73.018141
NEUA,NEMUA HALT,26.260014,86.389618
NEW,NIVARI,25.3282,78.8202
NFK,NEW FARAKKA JN,24.794838,87.915516
NG,NAGARI,13.307402,79.579167
NGA,NINGALA,22.0255,71.709652
NGAN,NAGAON,26.356252,92.672571
NGB,NAWABGANJ GONDA,27.1542,81.9775
NGD,NAGARDEVLA,20.5953,75.1825
NGDM,NAGRA DHAM P.H.,21.4962,80.198822
NGE,NAGAR,23.3146,82.4587
NGF,NAGARNABI,24.5883,87.8689
NGG,NAGINA,29.4377,78.4239
NGI,NAGARI,20.4068833,78.8896869
NGIM,NAGRI GRAM,25.344654,84.456505
NGL,NAGAL,29.8324,77.6221
NGLT,NAGLATULA,26.924,77.4215
NGM,NAGASAMUDRAM,14.322,77.6428
NGMP,NEW GARH MADHOPUR,20.798967,86.072216
NGN,NANDGAON,20.308086,74.659996
NGNT,NEW GUNTUR,16.31,80.4582
NGO,NAGAUR,27.199831,73.723412
NGP,NAGPUR JN.,21.153637,79.089074
NGR,ANNIGERI,15.4325,75.4312
NGRD,NILGIRI ROAD,21.4266,86.8556
NGRH,NEW GIRIDIH,24.219586,86.322632
NGRI,NEW GARIA,22.472704,88.397847
NGRS,NAGROTA SURIYAM,32.052099,76.09121
NGRT,NAGROTA,32.108388,76.388454
NGS,NAGANSUR,17.4291,76.1829
NGT,NAGAPPATTINAM JN,10.759281,79.846058
NGTG,NEW GITLDADA JN,26.032723,89.477463
NGTN,NAGOTHANE,18.54,73.1408
NGW,NAUGANWAN,23.2662,75.1528
NGWN,NOGANWAN,30.738,76.4429
NGX,NIGAN,23.5049,87.9922
NGY,NATH GANJ,24.545406,85.384884
NGZ,SHRI-KSHETRA NAGJHARI,20.761411,76.755123
NH,NAIHATI JN,22.888195,88.41814
NHB,NOH BACHHAMDI,27.2237,77.5468
NHF,NIHASTA HALT,26.2127,80.9254
NHGJ,NEW HARANGAJAO,25.112507,92.868367
NHH,NIHALGARH,26.4604,81.6328
NHK,NAHARKATIYA,27.289113,95.329485
NHLG,NEW HAFLONG,25.14808,93.032068
NHLN,NAHARLAGUN,27.130924,93.709523
NHM,NANDOL DEHEGAM,23.17382,72.815495
NHN,NIGOHAN,26.5674,81.0456
NHR,NOHAR,29.1921,74.7734
NHT,NALHATI JN,24.2954,87.8384
NHU,NAHUR,19.154736,72.946773
NHX,NARTHAR,27.6365,79.02
NHY,NAGANAHALLI,12.3797,76.6505
NI,NAYDONGRI,20.346558,74.833889
NIA,JANJGIR NAILA,22.023,82.5646
NID,NIDUR,11.1273,79.6452
NIDI,NIDI,18.472527,73.106847
NIG,NAIGAON,19.3513,72.8463
NIIJ,NILAJE,19.155222,73.080068
NIL,NILAMBUR ROAD,11.278585,76.254559
NILE,NIMITITA,24.6257,88.008
NIM,NIMDIH,22.993993,86.142468
NIN,NIMKANA,20.29554,86.373713
NIP,NIZAMPUR,27.9646,76.0088
NIQ,NIGAURA,22.9613,81.874
NIR,NAINPUR JN,22.425866,80.109043
NIRA,NIRA,18.100497,74.209213
NIT,NAIKOT,27.361,83.3967
NITR,NETAJI SUBHASH,21.1580435,79.1176408
NIU,NABIPUR,21.8073,73.0303
NIV,NIVASAR,16.946798,73.454762
NJA,NAGJUA FS,23.38827,84.873161
NJN,NAOJAN,26.13109,93.846245
NJP,NEW JALPAIGURI,26.682665,88.443031
NJT,NAGER COIL TOWN,8.199597,77.419868
NK,NASIK ROAD,19.948017,73.842287
NKB,NAGRAKATA,26.885713,88.917761
NKBR,NARKATIA BAZAR HALT,26.488089,84.38221
NKD,NEKONDA,17.7944,79.8041
NKDO,NAKKANADODDI,15.1655,77.4769
NKE,NARKATIAGANJ JN,27.104825,84.463835
NKH,NATHUKHERI,24.0227,75.6446
NKI,NAIKHERI,23.1968,75.6892
NKK,NARIKKUDI,9.608,78.3374
NKL,NALIKUL,22.8301,88.1666
NKLE,NEW KAITHAL HALT,29.801002,76.421385
NKM,NAMKOM,23.351555,85.376472
NKMG,NEW KARIMGANJ,24.843007,92.394618
NKN,NYOLI KALAN,29.189784,75.633144
NKOT,NEW KOTA,25.1446576,75.8611134
NKP,NIRAKARPUR,19.9919,85.5306
NKPU,NEKPUR,24.995549,85.338707
NKR,NIMAR KHERI,22.11081,76.150618
NKRA,NOKHRA,27.611299,72.669239
NKU,NAKARDEI,26.948546,84.891529
NKW,NILAKANTHESWAR ASTHAN,21.425746,85.797901
NKX,NAKATI SEMRA,19.0617,82.0734
NLBR,NILAMBAZAR,24.743402,92.365236
NLD,NALANDA,25.1227,85.4632
NLDA,NALGONDA,17.06101,79.283266
NLDM,NANGAL DAM,31.3709,76.373
NLE,NILESHWAR,12.2558,75.1356
NLH,NAULTHA,29.3189,76.8898
NLI,NAMLI,23.4554,75.067
NLKR,NILOKHERI,29.8314,76.9254
NLKT,NALKATA,24.06267,92.000793
NLN,NAILALUNG,25.770678,93.384132
NLNI,NEW LONI,19.0507412,74.5780538
NLNR,NULEMURU,14.0051,76.1252
NLP,NORTH LAKHIMPUR,27.254706,94.111333
NLPD,NALLAPADU,16.3081,80.3976
NLQ,NANGAL PATHANI HALT,28.364819,76.497116
NLR,NELLORE,14.4608,79.9896
NLRD,NECKLACE ROAD,17.423578,78.463111
NLS,NELLORE SOUTH,14.4446,79.9836
NLSF,NIYALISH PARA,24.156465,88.246307
NLV,NALBARI,26.450749,91.440411
NM,NAIMISHARANYA,27.3549,80.4842
NMA,NIRMALI,26.305765,86.575055
NMBR,N MAYURBHANJ RD,21.6667,87.0385
NMD,NOMODA,26.2797,76.5791
NMDA,NEW MORINDA,30.776059,76.517715
NMDR,NIMDANRI,22.608148,88.905144
NMF,NIMO,23.180448,88.069496
NMG,NIMIAGHAT,23.9321,86.0762
NMGA,NELEMANGALA,13.112294,77.392332
NMGT,NMG TAMDALGE,16.7687,74.4858
NMGY,NUMOLIGARH,26.601114,93.865643
NMH,NIMACH,24.4599,74.8531
NMHI,NEW MANJHI,25.8185101,84.6037144
NMJ,NIDAMANGALAM JN.,10.773784,79.412956
NMK,NIM KA THANA,27.7413,75.7794
NMKA,NAMKHANA,21.7717,88.239
NMKL,NAMAKKAL,11.226,78.1768
NML,NELLIMARIA,18.1836,83.4565
NMM,NEW MISAMARI,26.8099,92.5752
NMN,NAMANASAMUDRAM,10.327417,78.777437
NMT,NAMTIALI,26.851488,94.619236
NMX,NEW MAYNAGURI,26.5783,88.8226
NMZ,NEW MAL JN,26.874,88.725157
NN,NANDURA,20.838639,76.459908
NNA,NAUGACHIA,25.3848,87.0934
NNE,NONERA,26.437,78.3328
NNGE,NARANGI,26.1826,91.8354
NNHT,NONIHAT,24.476266,87.142484
NNKR,NANAKSAR,30.8036,75.4202
NNL,NARNAUL,28.0444,76.1232
NNM,NANNILAM,10.8836,79.6508
NNN,NANGUNERI,8.48952,77.663012
NNNL,NANDANI LAGUNIA,25.6215,85.6444
NNO,NANGLOI,28.686371,77.057076
NNP,NANPARA JN,27.860097,81.512804
NNPR,NONAPAR,26.3529,83.9695
NNR,NARAYANPUR,25.3981,86.8591
NNU,NANGAL MUNDI,28.250108,76.498833
NNW,NARAYANPUR TATWARA,26.344499,76.635818
NNWH,NEW NAWADIH,24.55591,86.705839
NNX,NANAUTA,29.7124,77.4426
NOA,NOSARIA,28.121498,74.560432
NOB,NOBANDA,23.2702,87.1385
NOH,NIGOHI,28.1302,79.8692
NOI,NARIAOLI,23.89604,78.604517
NOK,NOKHA,27.556373,73.475018
NOLB,NOLBARI,25.952743,90.711604
NOLI,NOLI,28.746591,77.310791
NOMD,NOAMUNDI,22.1526,85.5132
NON,NONAR HALT,25.278953,84.363661
NOQ,NEW ALIPURDUAR,26.4859,89.5415
NOR,NEORA NADDI,26.742764,88.746122
NOSM,NOSSAM,14.979562,78.396191
NPBR,NARAYANPUR BAZAR,25.19659,83.01928
NPD,NAWAPARA ROAD,20.8092,82.562
NPI,NIPANIA,21.8266,82.0445
NPJE,NICHITPUR,23.825708,86.287565
NPK,N. PANAKUDI,8.315541,77.581744
NPKM,NANDIYAMPAKKAM,13.268351,80.27607
NPL,NAGALAPALLE,17.4604,78.2298
NPM,NELLIKUPPAM,11.775444,79.664268
NPML,MALLIAL(NUKAPALLI),18.704383,78.915911
NPMR,NARAYAN PAKURIA MURA,22.399602,87.773895
NPNR,NEPANAGAR,21.4638,76.3969
NPR,NEPALGANJ ROAD,28.010922,81.60078
NPRD,NAGPUR ROAD PH,23.279,82.3487
NPS,NAPASAR,27.981062,73.56411
NPT,NARASINGAMPET,11.0347,79.5113
NPU,NADIAPUR,24.385681,92.204132
NPV,NARPATGANJ,26.339895,87.111943
NPX,NARINDARPURA,29.9522,75.4767
NPZ,NAWAPATRA,24.318317,86.647797
NQH,NEW DOMOHANI,26.5708,88.7956
NQR,NARAJ MARATHAPUR,20.459504,85.779705
NR,NIPHAD,20.096884,74.079781
NRA,NUNKHAR,26.4252,83.8799
NRD,NARODA,23.085812,72.658167
NRDP,NAGIREDDIPALLI,17.422555,78.940287
NRE,NANDALUR,14.2648,79.1056
NRF,NERALAKATTE HALT,12.81699,75.126228
NRG,NERGUNDI,20.538,85.9587
NRGO,NARGANJO HALT,24.749793,86.439571
NRGR,NARANJIPUR,23.0871,75.9793
NRI,NARAINA,26.79588,75.192833
NRJ,NARIMOGARU,12.750363,75.267162
NRK,NARAIKKINAR,8.8625,77.842
NRKE,NARI KHETRI,28.185567,75.599316
NRKP,NARKOPI,23.3848,84.9418
NRKR,NARKHER,21.4686,78.5246
NRL,NERAL,19.0266,73.3185
NRLN,NERAL (NG),19.027027,73.318292
NRLR,NORLA ROAD,20.0409,83.3728
NRM,NURMAHAL,31.0814,75.6013
NRN,SINGHIAGHAT,25.7474,85.9755
NRNR,NURNAGAR,28.9149,77.7125
NRO,NAKODAR JN,31.1117,75.4756
NRP,NARSIPATNAM RD,17.4528,82.7246
NRPA,NARAYNPUR ANANT,26.088932,85.409002
NRPM,NRP MURLI HALT,26.30311,86.783237
NRPR,NARENDRAPUR HALT,22.45387,88.41814
NRR,NAGARUR,15.5423,77.3131
NRS,NAGARIA SADAT,28.5502,79.2056
NRSD,NEW RUNNISAIDPUR HALT,26.386816,85.516604
NRSI,NOORSARAI HALT,25.282987,85.459038
NRT,NARASARAOPET,16.2311,80.0412
NRV,NARIYAR,26.24,85.2173
NRVR,NARAINA VIHAR,28.6377,77.141
NRW,NARWANA JN,29.5887,76.1093
NRWI,NARWASI,28.7651,75.4098
NRWN,NANGAL RAJAWATAN,26.7417019,76.3280459
NRX,NOADAR DHAL,23.4337,87.7448
NRY,NYORIYA HUSENPUR,28.734098,79.889231
NRYP,NARAYANAPURAM,14.1287,77.6958
NRZB,NOWROZABAD,23.3944,80.9803
NS,NARASAPUR,16.445511,81.699529
NSA,NISHANGARA,28.112717,81.311531
NSBG,NEW SISIBORGAON,27.533827,94.684872
NSCL,NEW SILCHAR,24.848107,92.771781
NSD,NASIRABAD,26.2948,74.717331
NSF,NASIBPUR,22.804985,88.262186
NSGR,NARASINGHGARH,20.8191532,83.7824909
NSI,NIKURSINI,22.0044,87.3059
NSKL,NASKHAL,17.8983,79.4265
NSL,NAGARSOL,20.102445,74.541636
NSP,NALLA SOPARA,19.4177,72.819
NSRH,NIZ-SARIHA-HALT,26.489319,91.210041
NSS,NAWASHAHR DOABA JN.,31.12144,76.108711
NSU,NISUI,28.291231,79.236746
NSVP,NATIONAL POLICE ACADEMY SHIVAR,17.32397,78.438177
NSX,NARSIPURAM HALT,18.7373,83.4059
NSZ,NISHATPURA,23.278565,77.419109
NTA,NETRA,22.208385,88.254375
NTG,NURSRATABAD KHARKHAR,28.775107,77.307615
NTN,NAR TOWN,22.4688,72.7068
NTR,NITTUR,13.3037,76.8629
NTSK,NEW TINSUKIA,27.479568,95.333948
NTT,NATHAPETTAI,12.8237,79.7558
NTU,NIGATPUR,25.2512,82.7585
NTV,NAUTANWA,27.427,83.4215
NTW,NANJANGUD TOWN,12.1219,76.6842
NTWL,NETAWAL,24.8612,74.4586
NTZ,NATHWANA,28.563039,73.813423
NU,NARSINGHPUR,22.9429,79.2142
NUA,NUA,28.057287,75.283813
NUB,NURABAD,26.4055,78.0776
NUD,NAVAGADH,21.7639,70.6163
NUGN,NUAGAN,20.3648,86.5601
NUIH,NEURI HALT,26.001201,86.192236
NUJ,NUJELLA,16.3864,81.0222
NUPR,NURPUR ROAD,32.281183,75.853043
NUQ,NAGAR UNTARI,24.2853,83.5137
NUR,NARELA,28.846516,77.085357
NVA,NINDRA,23.652151,84.941225
NVC,NAGALWANCHA,17.0745,80.2287
NVF,NAGAVANGALA,13.661,75.9871
NVG,NAWAGAON,22.088264,78.435946
NVK,NEYVILAKKU,10.408131,79.812756
NVL,NEYVELI,11.5392,79.4766
NVLN,NAWALGOHAN,19.796748,77.123165
NVRD,NAVADE ROAD,19.052829,73.103156
NVS,NAVSARI,20.9463,72.9138
NVT,NAVIPET,18.769977,78.012714
NVU,NAVALUR,15.415788,75.055761
NW,NALWAR,16.9356,77.0195
NWA,NAGARWARA,22.2261,80.12
NWB,NIWAS ROAD,24.1041,81.8692
NWC,NAYA NAGAR,25.7503,86.1114
NWD,NAWADAH,24.8867,85.5486
NWDH,NAWADIH,24.409324,85.816045
NWH,NAWALGARH,27.843857,75.246177
NWMS,NOAPARA MAHISHASUR H,24.323479,88.137474
NWN,NANWAN,28.371767,76.014748
NWP,NAUPADA JN,18.579,84.2828
NWR,NIWAR,23.7862,80.394
NWSI,NAWAL SAHI HALT,24.427647,85.765823
NWU,NAVAPUR,21.167,73.7713
NXL,NIROL HALT,23.729883,88.025894
NXN,NUAGAON,22.387,84.9425
NXNR,NUAGAON ROAD,20.244464,84.9677071
NXR,NAGSAR,25.4995,83.6457
NYA,NARAYANGARH,22.174,87.3802
NYDO,NARAYANDOHO,19.03561,74.88846
NYG,NAYAGARH,21.8399,85.4337
NYGT,NAYAGARH TOWN,20.144127,85.115322
NYH,NAYANDAHALLI,12.9412,77.5207
NYI,NELLAYI,10.391965,76.275544
NYK,NAYA KHARADIA,27.038486,74.935169
NYM,NEYAMATPUR,24.937036,84.988174
NYN,NAINI,25.393428,81.860332
NYO,NAYAGAON,25.7627,85.0988
NYP,NAYUDUPETA,13.908241,79.900818
NYRH,NAYARHAT,26.430851,89.130155
NYY,NEYYATTINKARA,8.4104,77.0811
NZB,NIZAMABAD JN.,18.678935,78.103008
NZD,NUZVID,16.6501,80.9617
NZG,NAZARBAG,22.814162,70.854778
NZH,NIDAGHATTA HALT,12.624174,77.082653
NZM,HAZRAT NIZAMUDDIN JN,28.58731,77.254229
NZP,NIYAZIPUR HALT,25.146089,84.988861
NZR,NAZIRA,26.906151,94.72867
NZT,NAZARETH,8.5638,77.9761
OBM,OBALAPURAM,15.01,76.8366
OBR,OBRA DAM,24.4391,82.9763
OBVP,OBULAVARIPALLI,14.0403,79.2677
OCH,ODHANIYA CHACHA,26.972568,71.718407
OCR,OCHIRA,9.1316,76.5252
OD,OD,22.649,73.0685
ODB,OODLABARI,26.866803,88.624649
ODC,ODDANCHATRAM,10.484773,77.748355
ODG,OBAIDULLA GANJ,22.994822,77.587209
ODM,ONDAGRARM,23.148134,87.202435
ODUR,ODUR,14.0721,79.8553
OEA,ODELA,18.4623,79.4457
OEL,OEL,27.819948,80.74831
OGL,ONGOLE,15.4976,80.0569
OGM,OORGAUM,12.9542,78.2599
OHV,ODHAVA,24.2523821,72.0282694
OKA,OKHLA,28.559722,77.265215
OKD,OKHA MADHI,22.194399,69.024525
OKHA,OKHA,22.47132,69.074135
OKL,OTTAKKAL,8.986055,77.039137
OLA,OLAKUR,12.306,79.7215
OLP,OLAPUR,25.5169,86.3696
OLR,OLLUR,10.4734,76.2372
OMB,OOMBERMALI,19.628036,73.422661
OML,OMALUR,11.7381,78.0455
OMLF,OLD MALDA,25.053,88.1435
ON,UNNAO JN,26.5487,80.4865
OND,AUNLAJORI JN,22.3354,86.1942
ONR,COONOOR,11.344064,76.791687
OPL,UPPAL,18.1834,79.481
OPM,ONNUPURAM,12.720587,79.174782
ORAI,ORAI,25.9826,79.4596
ORC,ORCHHA,25.3755,78.6815
OREH,ORE  HALT,24.914775,84.991608
ORGA,ORGA,22.4481,84.9153
ORH,ODDARAHALLI,13.3455,77.5411
ORKI,ORKI,30.091747,73.891468
ORR,ORR,24.52487,77.822084
ORW,ORWARA,26.8024,82.8303
OSA,AUSA ROAD,18.384502,76.379528
OSN,OSIYAN,26.729053,72.899609
OSRA,OSRA,23.0309,75.613
OTD,OOTWAR,27.626053,76.73255
OTK,OTTAKOVIL,11.223,79.1099
OTP,OTTAPPALAM,10.7697,76.3776
OTR,MOTURU,16.4401,81.0512
OV,OTTIVAKKAM,12.622708,79.975233
OYR,WARIA,23.538022,87.246637
PAA,PATAS,18.4739,74.4679
PAB,PATTABIRAM,13.11902,80.065184
PAD,PARDI,20.5132,72.9243
PADH,PIPRADIH,24.39062,85.493083
PAE,PALANA,27.844996,73.273315
PAHB,PURA HALT,24.8147982,85.2469775
PAI,PABAI,23.7677,77.9315
PAIL,PALI A,25.5572093,84.8135772
PAJ,PARAJ,23.3874,87.6271
PAK,PAKALA JN,13.4512,79.1141
PAKI,PAWAKHALI,26.3371589,87.9481934
PAL,PALASNER,22.304066,77.049994
PALM,PALAIYAM-I,10.7186,78.1291
PALR,PALUR,12.7663,79.9066
PAM,PANAPAKAM,13.5133,79.2109
PAN,PANAGARH,23.4427,87.4393
PANP,PANDAVAPURA,12.4627,76.6811
PAO,PANOLI,21.5349,72.9781
PAP,PITHAPURAM,17.1104,82.257
PAQ,PADIYA NAGLA,29.0863,78.9081
PAR,PANDHURNA,21.589726,78.525124
PARD,PATHRAD,19.1845,77.3923
PARH,PADARKHEDA,25.705423,77.642612
PAS,PASUR,11.237,77.8574
PASA,PARASSALA,8.3478,77.1532
PASG,PANISAGAR,24.27314,92.149415
PASR,PANDURANGA SWAMY ROAD,16.247622,77.577839
PATA,PATA,26.6874,79.4359
PATI,PARSA TEWARI,26.95612,82.452625
PATL,PATEL HALT,25.563876,84.895758
PATM,PATAM,25.322655,86.532443
PATR,PARAMJEEVAR TARAJEEVAR,26.27981,85.461286
PAU,PURNA JN,19.180517,77.024975
PAV,PEDANA,16.252,81.1437
PAVI,PAVI,22.342772,73.840656
PAW,PANDABESWAR,23.712,87.2775
PAX,PATTI,31.2799,74.8529
PAY,PAYYANUR,12.0919,75.1948
PAZ,PAYANGADI,12.0218,75.2599
PB,PUNTAMBA,19.761453,74.621458
PBA,PIARDOBA,22.956971,87.322254
PBB,PARBATONIA,22.497967,84.949551
PBC,PARVATSAR CITY,26.8886784,74.7625489
PBE,PILIBHIT JN,28.6154,79.8143
PBJM,PBNWA JASMHNDAR,29.91715,76.701221
PBKS,PAMBAKOVIL SHANDY,9.130148,77.430611
PBL,PATHSALA,26.4976,91.1763
PBM,PAMBAN JN,9.2805,79.1574
PBN,PARBHANI JN,19.25739,76.774049
PBP,PEMBARTI,17.6919,79.1158
PBR,PORBANDAR,21.643368,69.615276
PBV,PALIBA,18.6603,82.6961
PBW,PANTNAGAR,29.017598,79.51767
PBZ,PORABAZAR,22.9167,88.1594
PC,PACHORA JN,20.668605,75.34853
PCC,PRACHI ROAD JN,20.9886,70.6874
PCD,PATTAKKUDI,10.9509748,79.7713207
PCDR,PANCHDEORI HALT,26.567033,84.170658
PCH,PACHHAPUR,16.0931,74.6721
PCHA,PACHOLA,24.3550798,76.534634
PCK,PACHRUKHI,26.1629,84.416
PCKM,PACHCHAKUPPAM,12.823016,78.757725
PCL,PULICHERLA,13.598523,79.039936
PCLI,PALACHAURI,22.201352,78.659427
PCM,PAVURCHATRAM,8.917803,77.375851
PCMK,PACHAR MALIKPUR,27.201511,75.389357
PCN,PANCH PIPLIA,23.06307,74.737329
PCO,PALAYANKOTTAI,8.7094,77.7377
PCOI,PRAYAGRAJ CHHEOKI,25.379548,81.864796
PCQ,PICHKURIRDHAL,23.5435,87.721
PCR,PANCHRA,23.7715,87.3297
PCT,PANCHTALAVDA RD,21.6628,71.4743
PCU,PUTLACHERUVU,16.4844,81.1119
PCV,PALAKKODU,12.297,78.0717
PCW,PERAMBUR CARRIAGE WORKS,13.1074,80.238819
PCX,PAGLA CHANDI,23.7435,88.3043
PCY,PIPAR CITY,26.374954,73.531151
PCZ,POCHARAM,17.4867,80.2346
PD,PHARADAHAN,27.9939,80.6324
PDA,PUNDOOAH,23.0705,88.2698
PDD,PADUBIDRI,13.196747,74.767885
PDE,PINDRAI,22.5312,80.0302
PDF,PADAMPUR,23.5196,70.8369
PDG,PARADGAON,19.628683,76.146927
PDGL,PONDUGULA,16.6509,79.6745
PDGM,PUDUNAGARAM,10.6839,76.6848
PDGN,PADHEGAON,19.536819,74.69244
PDGP,PDGM GANESHPURA,23.67487,72.47715
PDH,PADADHARI,22.4294,70.6051
PDI,PALASDHARI,18.88432,73.32078
PDJ,PHIDING,25.222335,93.15033
PDKM,PEDDANAYAKKANPALAIYAM,11.647403,78.50564
PDKN,PEDAKAKANI HALT,16.343439,80.486355
PDKT,PUDUKKOTTAI,10.372167,78.801656
PDL,PENDEKALLU JN,15.374743,77.647591
PDMA,PADMA,24.210489,85.353274
PDNA,PEDDADINNE,16.099588,77.83453
PDNR,PADNUR,17.32188,75.984192
PDO,POODOOR,16.153677,77.820711
PDP,PADSE,21.132,74.9243
PDPK,PADMAPUKAR,22.5739,88.3008
PDPL,PEDDAPALLI,18.6133,79.3916
PDPR,PURANDARPUR,27.2096,83.347
PDQ,PADLA,24.308931,73.774395
PDR,PAYAGPUR,27.4073,81.7764
PDRD,PINDRA ROAD,25.497,82.8511
PDS,PINDARSI,29.933515,76.734867
PDSN,PEDDASANA,18.5945,84.1803
PDT,PENDURTI,17.8134,83.1951
PDU,PONDURU,18.3629,83.7765
PDV,PANDARAVADAI,10.9134,79.2418
PDW,PANDAUL,26.276485,86.087494
PDWA,PINDWARA,24.7886901,73.0371538
PDX,PAYRADANGA,23.1285,88.5453
PDY,PONDICHERRY,11.9249,79.8276
PDZ,PILODA,26.606026,76.864042
PEA,PETTAI,8.718655,77.653599
PEC,PENCHARTHAL,24.196125,92.10813
PED,PIPARDAHI,22.051755,79.41227
PEE,PATERHI,25.9237,84.8056
PEH,PATHARDIH JN,23.6751,86.4342
PEI,PERANI,12.1044,79.5528
PEL,POLIREDDIPALEM,13.7589,79.9797
PEM,PERALAM JN,10.9596,79.6566
PEN,PEN,18.7394,73.0874
PEP,PHEPHNA JN,25.770059,84.051075
PER,PERAMBUR,13.1074,80.244913
PERN,PERNEM,15.708324,73.816967
PES,PHESAR,24.8453,84.4179
PETA,PANDETOLA,24.743403,87.060035
PEW,PERAMBUR LOCO WORKS,13.108236,80.225515
PFL,PIPRALA,23.6525,71.0976
PFM,PHAPHAMAU JN,25.5247,81.8668
PFR,PACHOR ROAD,23.728705,76.741219
PFT,POTHAHI,25.4865,85.0985
PFU,PADUA,18.3964,82.6876
PG,PERGAON,19.295104,76.673584
PGA,PAGARA,24.6559,77.4409
PGC,PANCHGACHIA,25.969774,86.598701
PGDI,PAGIDIRAI,15.28286,77.601414
PGI,PARPANANGADI,11.0455,75.8605
PGK,PILI BANGAN,29.483465,74.078922
PGL,PAGDHAL,22.42051,77.351421
PGMD,PRAGATI MAIDAN,28.6154,77.2474
PGN,PERUGAMANI,10.8887,78.547
PGR,PUGALUR,11.0516,77.9906
PGRL,PIDUGURALLA,16.4781,79.8766
PGT,PALAKKAD JN,10.801691,76.641526
PGTN,PALGHAT TOWN,10.775799,76.652577
PGU,PADUGUPADU,14.4968,79.9898
PGW,PHAGWARA JN,31.217,75.7653
PGZ,PERUNGUZHI,8.631431,76.808081
PH,PANOH,31.551038,76.199627
PHA,PATHARIA,23.9054,79.1926
PHD,PHAPHUND,26.667249,79.479218
PHE,PAHALEJA HALT,24.9331,84.1453
PHI,PANIKHAITI,26.2102,91.8729
PHK,PUNARAKH,25.4819,85.8041
PHM,PATAPATNAM,18.7443,84.0815
PHN,POKHRAYAN,26.2229,79.8409
PHOP,PHOOP,26.655873,78.881598
PHQ,PARDHANDE,20.74873,75.41256
PHR,PHILLAUR JN,31.0168,75.7857
PHRH,PANCH RUKHI,32.056682,76.564922
PHS,FEROZESHAH,30.887494,74.78415
PHV,PIRTHIGANJ,25.8618,82.0072
PHWR,PEHOWA ROAD,29.8943,76.6497
PHX,PATHAKPUR,28.370105,78.580914
PHY,PHARIHA,26.0015,83.0544
PI,PADLI,19.783988,73.665793
PIA,PIPRAIGAON,24.503863,77.964478
PIC,PARICHA,25.5187,78.738
PIGT,PILIGHAT,24.661058,77.49361
PIH,PARHIHARA,27.927081,74.560089
PIL,PILER,13.661917,78.927069
PIO,PILOL,22.3961,73.1864
PIP,PIPLIA,24.2035,75.0073
PIRO,PIRO,25.312373,84.403152
PIS,PISKA FS,23.328543,85.210991
PIT,PALITANA,21.537881,71.822777
PIZ,PINGLI,19.216749,76.86636
PJ,PEPPEGANJ,26.9309,83.2947
PJA,PAJIAN,31.2642,75.2884
PJB,PANIAJOB,21.1837,80.6938
PJGM,PANJGAM,33.822512,75.059452
PJH,PIRJHALAR,23.0473,75.4424
PJK,PANJ KOSI,30.138076,74.057808
PJLE,PANJWARA ROAD,24.8074,87.0261
PJP,PANJIPARA,26.1467,88.0311
PJPT,PRAJAPATI(HALT),26.816105,84.502373
PJR,PANGRI,18.282741,75.86257
PJY,PARA JANI HALT,26.597123,79.635086
PK,PAKNI,17.7308,75.7701
PKA,PRADHANKHUNTA,23.7726,86.516
PKB,PATHARKHOLA,25.771451,93.113079
PKBS,PEEPLEE KA BAS,26.909059,75.268679
PKC,PAKRA,22.827928,84.936676
PKD,PENUKONDA,14.0999,77.5928
PKDE,PILU KHERA,29.355,76.4943
PKF,POKLA,22.89452,84.950924
PKGM,PHAKHOAGRAM,24.6412,92.3421
PKK,PAKKI,30.165239,74.355984
PKM,PERIYANAYAKANPALAYAM,11.145056,76.948757
PKNA,PAKHNA,27.3028,79.3046
PKNS,POKHARNI NARASINHA,19.139654,76.731606
PKO,PALAKOLLU,16.522094,81.716995
PKPU,PEDDAKURAPADU,16.4595,80.2532
PKQ,PATTIKKAD,11.020817,76.231985
PKR,PAKUR,24.637812,87.855864
PKRD,PAKARIA ROAD,24.05101,80.505409
PKRH,PARSA KERWAN HALT,26.05313,84.827131
PKT,PATTUKKOTTAI,10.419949,79.314079
PKU,PANSKURA,22.392777,87.74128
PKW,PILKHUA,28.7123,77.668
PKX,PAKHRULI,26.1994,82.1308
PKY,PILKHANI,29.9973,77.4727
PKZ,PPLI PKHI KALAN,30.7323,74.7326
PLA,PALIA,22.8296,75.7998
PLAE,PALSIT,23.19607,88.006582
PLCJ,PHALODI JN,27.124994,72.366943
PLD,PALDHI,21.0227,75.4614
PLE,PIPLEE,23.817,71.5307
PLF,PIALI,22.388174,88.517361
PLG,PALGHAR,19.6977,72.7721
PLGH,PALIGARH,25.9594,83.505
PLH,PARALAKHEMUNDI,18.786799,84.080858
PLHW,PALHAWAS,28.35956,76.629987
PLI,PETTAIVAYATALAI,10.8985,78.4949
PLJ,PALEJ,21.9217,73.0725
PLJE,PHULWARTANR,23.7753,86.2267
PLK,PLK,28.426694,80.582442
PLL,PARLI,10.8005,76.5596
PLLD,PHALTAN,18.008658,74.415451
PLM,PANELI MOTI,21.8747,70.153
PLMD,PILAMEDU,11.0332,76.9995
PLMG,PULIYAMANGALAM,13.083826,79.695511
PLMX,PALAMPUR HMCHL,32.068902,76.53986
PLNI,PALANI,10.4582,77.5207
PLO,PULGAON JN,20.7262,78.3176
PLP,PHULPUR,25.552,82.091
PLRD,PADALIYA ROAD,22.374149,74.073608
PLS,PIPALSANA,28.952,78.8352
PLSG,PALASINGI,19.014,83.8049
PLSN,PALSANA,27.485126,75.38033
PLT,PIRTHALA LLAUDA,29.6288,75.8664
PLU,PATAKOTTACHERUVU,15.172217,77.521935
PLV,PALSI,17.7995,74.1019
PLVA,PALLEVADA,16.5739,81.2711
PLW,PINGLESHWAR,23.2112,75.8613
PLWR,PHULWARIA,26.410628,84.165058
PLY,PLASSEY,23.7782,88.2847
PM,PALAM,28.585916,77.09321
PMB,PULLAMBADI,10.94,78.9174
PMD,PAMIDI,14.9698,77.5971
PMH,PARAO MAHNA,30.8113,75.2723
PMI,PAIMAR,24.807149,85.112629
PMK,PARAMAKKUDI,9.5388,78.5909
PMKT,PIMPALKHUTI,19.829533,78.581085
PML,PAPANASAM,10.9231,79.2689
PMM,PARSEHRA MAL,27.730337,80.729599
PMN,PAMAN,26.3598,80.0802
PMO,PANDOLI,24.866327,74.399157
PMP,PIMPRI,18.6231,73.8021
PMPE,PAMPORA,33.9986098,74.8948479
PMPR,PREMPUR,26.2527,80.4803
PMQ,PARNA NAND,32.1703,75.4962
PMR,PITAMBARPUR,28.2,79.538
PMS,PARMALKASA,21.1412,81.0991
PMT,PULLAMPET,14.1202,79.2052
PMU,PARMANANDPUR,25.7413,85.134
PMY,PALI MARWAR,25.790772,73.327389
PMYA,PARMINIYA HALT,25.826912,86.595392
PNB,PANBARI,26.2267,91.9514
PNBE,PATNA JN,25.60287,85.137134
PNC,PATNA SAHEB,25.5856,85.2307
PNCB,PANCHEBERIA,23.220997,88.599415
PND,PENDRA ROAD,22.7555,81.8988
PNDI,PACHANDI,23.717311,88.056107
PNDM,PENNADAM,11.3984,79.2204
PNDP,PANDILLAPALLI,17.1722,80.1705
PNDR,PANDORI,22.4727,72.7567
PNE,PRANTIK,23.6948,87.6939
PNF,PANGAON,18.634453,76.635475
PNGI,PANANGUDI,9.9211,78.6126
PNGM,PANCHGRAM,24.864478,92.598438
PNGR,PINGORA,27.0875,77.3715
PNHI,PANHAI,25.0821,81.1899
PNHR,PANIHAR,26.098721,78.014431
PNI,PURAINI,29.3894,78.446
PNJ,PADRIGANJ,22.2965,80.121
PNKD,PANKI DHAM,26.459753,80.238352
PNM,PANYAM,15.5011,78.3395
PNME,PARASNATH,23.9878,86.0377
PNP,PANIPAT JN,29.389018,76.963863
PNPI,PURUNAPANI,20.8064759,83.9481614
PNPL,PANPALI,21.9157,84.1392
PNPN,PANPANA,21.3582,86.7901
PNPR,PUNNAPRA,9.449231,76.333351
PNQ,PUNKUNNAM,10.5345,76.2089
PNRA,PANIARA,25.902,83.5257
PNSA,PUNSIA,24.9536,87.0039
PNSD,PANGRA SHINDE HALT,19.526789,77.24041
PNT,PANITOLA,27.49807,95.209236
PNTR,PENNATHUR H,12.8375669,79.1272527
PNU,PALANPUR JN,24.174633,72.430372
PNUG,PUNPUN GHAT HALT,25.49933,85.101133
PNV,PANEVADI,20.26574,74.495373
PNVL,PANVEL,18.990429,73.121266
PNVT,PANCHARATNA,26.158366,90.555496
PNW,PUNDAG,23.508629,86.089296
PNWN,PACHWAN,23.2084,77.1279
PNYA,PANIYA HAWA,27.167306,83.933659
PO,PARANGIPETTAI,11.4769,79.7361
POA,PALIKONA,16.061609,80.803971
POE,PAWAPURI ROAD,25.159735,85.512428
POF,PIPARSAND,26.743,80.7982
POI,PONPADI,13.240948,79.588394
POK,POKRAN,26.930641,71.923199
POKL,PEOKOL,26.340653,83.930054
POM,PUNTHOTTAM,10.932718,79.657402
PON,PONNERI,13.3319,80.1984
POO,POTLAPADU,15.8738,79.5243
POR,PIPALDA ROAD,24.9564,76.6164
PORA,PORA,27.532325,78.154507
POT,POTHIA,26.310497,88.179359
POTI,POTHERI HALT,12.820798,80.03686
POU,PADRAUNA,26.8978,83.9827
POX,POLA-PATTHAR,22.347377,77.853069
POY,POLLACHI JN.,10.652679,77.000942
POZ,POTUL,19.918727,75.121937
PP,PURANPUR,28.514631,80.150671
PPA,PIPRA,26.4901,84.9861
PPB,PARTABPURA,31.0524,75.7146
PPC,PIPRAICH,26.8282,83.5357
PPD,PIPLOD JN,22.819,73.909
PPDA,PANCHPATIA DEORIA HALT,25.768536,84.936184
PPDE,PANDU PINDARA,29.3079,76.3712
PPDI,PIPRADIH,24.991886,86.994389
PPE,PAINTEPUR,27.2304,81.1579
PPEA,PAPRERA,27.219525,77.256718
PPG,PIPLODA BAGLA,23.3569,75.4331
PPGT,PRINCEP GHAT,22.556734,88.331602
PPH,PIPRI DIH,25.8786,83.5002
PPI,PIPARIYA,22.7539,78.3545
PPJ,POPHLAJ,18.2926,75.1182
PPK,PACHPOKHARIA,26.893904,84.980965
PPLA,PIPLAI,26.5287607,76.5277454
PPLI,PIPLI,22.345472,69.934816
PPM,PHIRANGIPURAM,16.2922,80.2558
PPN,PUNPUN,25.5069,85.1037
PPNS,PAPPINISSERI,11.9412,75.3469
PPO,PANPOSH,22.2284,84.8044
PPR,PIPAR ROAD JN,26.4529,73.448753
PPRH,PIPRAHAN,26.224293,85.246868
PPT,PIRPAINTI,25.2871,87.4214
PPTA,PATLIPUTRA,25.62155,85.068892
PPTN,PIPRITHAN,26.484248,88.124428
PPTR,PUSHPATTUR,10.5203,77.4266
PPU,PIPARPUR,26.1375,82.0386
PPV,PRATAPGANJ,26.31342,86.955585
PPW,PACHPERWA,27.527758,82.657528
PPY,PAPATAPALLI,17.3732,80.1753
PPZ,PEDDEMPET,18.7963,79.4291
PQA,PIPLA HALT,21.313,79.0672
PQD,PRANPUR ROAD,25.4609,87.7059
PQH,PINDKEPAR HALT,21.3044,80.1823
PQL,PINDLAI,17.9256,79.4551
PQN,PARIAWAN KALAKANKAR RD,25.825544,81.368351
PQS,PARK CIRCUS,22.541,88.3737
PQT,PUNIYAVANT,22.3316,73.9568
PQU,PARHANA MAU,23.627225,76.556168
PQY,PABLI KHAS,29.0557,77.698
PR,MUMBAI PAREL,19.009115,72.837574
PRAE,PALLA ROAD,23.1793,88.009
PRAR,PAROR,32.08112,76.460295
PRB,PARBATI,23.251,77.0128
PRBG,PRATAP BAGH,21.5228,80.2041
PRBR,PARSA BASUARI HALT,26.2940344,86.5117735
PRBZ,PARSA BAZAR,25.5499,85.1188
PRCA,PERECHERLA,16.3191,80.339
PRDG,PORADANGA HALT,24.268562,88.219357
PRDL,PARADOL,23.2508,82.1887
PRDP,PARADEEP,20.280554,86.620331
PRDT,PRODDATUR,14.75855,78.521977
PRE,PAHARA,25.1193,82.7234
PRES,PATTABIRAM E DEPOT,13.146018,80.068874
PRF,PARSIPUR,25.3706,82.6372
PRG,PRAYAG,25.468229,81.867371
PRGA,PAHARJAGANGAUR HALT,25.531599,86.324558
PRGD,PERUNGUDI,12.975077,80.231223
PRGL,PERUNGALATTUR,12.905061,80.095096
PRGR,PINARGARIA,24.210929,87.6422
PRH,POWERPET,16.713,81.1064
PRI,PATHRI,29.8524,78.0769
PRJ,PRANTIJ,23.438994,72.862358
PRK,PARKHAM,27.2988,77.7112
PRKE,PURUA KHERA,28.38687,78.948441
PRKH,PARKANHATTI,16.1399,74.6951
PRKL,PARIKKAL,11.7788,79.3712
PRL,POLUR,12.5108,79.13
PRLI,PARLI VAIJNATH,18.852605,76.524024
PRM,PIRUMADARA,29.3275,79.0459
PRN,PARAUNA,25.8654,79.1214
PRNA,PURNIA JN,25.7906,87.519
PRNC,PURNIA COURT,25.795255,87.475033
PRND,PERINAD,8.9481,76.6205
PRNG,PRITAM NAGAR,23.199,75.2103
PRNR,PORJANPUR,21.789549,85.521784
PRNT,PERIYANAGATHUNAI,12.568303,77.906628
PRP,PAHARPUR,24.6251,85.2048
PRR,PURULIA JN.,23.325351,86.37831
PRRB,PRAYAGRAJ RAMBAG,25.44254,81.829866
PRSL,PANDRASALI,22.6335,85.8069
PRSN,PARSA NAGAR,26.7768,84.6874
PRSP,PRASADPUR,28.54683,80.081062
PRSR,PAHARSAR,28.7199,75.4256
PRT,PANRUTI,11.773,79.5549
PRTL,PIRTALA,24.3597,88.2809
PRTN,PRATAPNAGAR,22.281313,73.210459
PRTP,PARTAPUR,28.9248,77.6484
PRTR,PUTARRA P.H.,22.555921,80.014664
PRU,PARLU,25.823535,72.43166
PRUR,PRITHWIRAJPUR,29.957314,73.757401
PRV,PUKKIRIVARI,11.633322,78.988609
PRWA,PARWAKHURD HALT,19.384352,77.790585
PRY,PARAIYA,24.8091,84.8505
PRYJ,PRAYAGRAJ JN,25.445871,81.828446
PRZ,PARSA,27.435318,82.908669
PS,PARAS,20.724889,76.816235
PSA,PALASA,18.7568,84.4221
PSAE,PURBASTHALI,23.4535,88.3241
PSB,PARSABAD,24.3076,85.7388
PSD,PARSODA,19.954713,74.863501
PSDA,PASIVEDALA,16.9935,81.7011
PSE,PUSAULI,25.0977,83.722
PSF,PATRASAYER PH,23.216738,87.536659
PSJ,PATASAHI,22.0205,84.9241
PSK,PARADSINGA HALT,21.541,78.854
PSL,PARISAL,27.669086,76.614876
PSLI,PARSOLI,25.113192,74.875088
PSLP,PASALAPUDI,16.4704,81.0947
PSN,PARSENDI,27.5819,80.8367
PSO,PALSORA MAKRAWA,23.2796,75.5013
PSPH,PURUSHOTAMPUR HALT,27.03807,84.635546
PSPY,PRASANNAYA PALLI,14.643382,77.596092
PSR,PASRAHA,25.4038,86.744
PST,POSOITA,22.446969,85.254593
PSV,PARSNEU,28.037743,74.378643
PSX,PTNSNGI TWN HLT,21.3359,79.0263
PSZ,PARSAUNI,26.55644,85.574741
PT,PATLI,28.399253,76.853142
PTA,PATIALA,30.3441,76.4039
PTAB,PATIA HALT,20.348973,85.841074
PTAE,PATULI,23.5477,88.2533
PTB,PATTAMBI,10.8016,76.1812
PTD,PETLAD JN,22.4856,72.8017
PTE,PATIALA CANT,30.3406,76.3785
PTF,PALTA,22.7828,88.3699
PTH,PATRANGA,26.825067,81.625929
PTHD,PATOHAN,23.917226,80.230579
PTHL,PANTIHAL PH,22.65869,88.11327
PTI,PATIALI,27.6832,78.985
PTJ,PODANUR JN,10.9649,76.9896
PTK,PATHANKOT,32.271894,75.644517
PTKC,PATHANKOT CANTT,32.259161,75.63651
PTKD,PATHARKANDI,24.604026,92.31863
PTKP,POTKAPALLI,18.4221,79.4678
PTKR,PATIPUKUR,22.606008,88.395395
PTLD,PATILADAHA,26.5042,90.7846
PTLI,PATHAULI,27.157073,77.927485
PTLR,PUTLUR HALT,13.123032,79.93721
PTMS,PATTABIRAM MILITARY SIDING,13.136824,80.059862
PTN,PATAN,23.852872,72.131252
PTNR,PATELNAGAR,28.659977,77.156425
PTP,PATAL PANI,22.514182,75.796952
PTPR,PRATABPUR HALT,28.566733,79.831123
PTRA,PATRA,26.4813711,79.9583083
PTRD,PATAUDI ROAD,28.350468,76.755295
PTRE,PATARA,26.2326,80.2038
PTRJ,PATTI RAJPURA HALT,32.068756,76.53986
PTRL,PATHRALA,30.007125,74.744453
PTRU,PATRATU,23.667324,85.306177
PTS,PATANSAONGI,21.3448,79.011
PTT,PUTALAPATTU,13.3733,79.0986
PTTN,PATTAN,34.1648,74.5631
PTU,PARTUR,19.575965,76.213017
PTWA,PATWARA,23.910321,80.412369
PTYR,PATIYARA,26.613,80.4824
PTZ,PATSUL,21.00199,77.038021
PU,PATCHUR,12.5865,78.4693
PUA,PULLA,16.8094,81.3244
PUC,PUDUCHATTIRAM,11.539487,79.726839
PUD,PHANDA,23.2329,77.1892
PUDI,PUDI,13.5321,79.5101
PUE,PALARI,22.308949,79.821167
PUF,PAUTA,28.5233,79.8215
PUG,PUNGGUDI,10.7478,78.6198
PUHT,PUSHKAR TERMINUS,26.490855,74.538116
PUK,PUDUKAD,10.4206,76.2608
PUKK,PURUNAKATAK,20.6272839,84.4333673
PUKS,PARU KHAS,26.081462,85.0537521
PUL,RAMPURA PHUL,30.2689,75.2369
PUM,PALLIPPURAM,10.8417,76.1122
PUMU,PENUMARRU,16.1309,80.7753
PUN,PUNDI,18.6655,84.3702
PUNA,PAUNIA,21.7274967,79.7514354
PUNE,PUNE JN,18.529178,73.872886
PUO,PIR UMROD,23.2566,76.2605
PUQ,PURANIGUDAM,26.369984,92.797912
PURI,PURI,19.811769,85.840302
PUS,PHUSRO,23.7678,86.0105
PUSA,PUSLA,21.492633,78.354478
PUT,PUTTUR,13.4399,79.5529
PUU,PUNALUR,9.023,76.9157
PUW,PATUWAS MEHRANA,28.557385,76.334038
PUWA,PAUWARA P.H.,21.098754,81.332817
PUX,PARASIA,22.193286,78.76442
PUY,PHULAGURI,26.270097,92.592344
PV,PALLAVARAM,12.968553,80.152731
PVD,PEDDAVADIAPUDI,16.4145,80.6129
PVI,PERAVURANI,10.284518,79.199409
PVL,PASUPATIKOVIL,10.8843,79.1922
PVM,PATTARAVAKKAM,13.114422,80.166206
PVN,PUVANUR,11.600534,79.315796
PVP,PARVATIPURAM,18.77079,83.427086
PVPT,PARVATIPURAM TN,18.783955,83.433781
PVR,PANDHARPUR,17.6686,75.3194
PVRD,PIRAVAM ROAD,9.8291,76.4552
PVU,PARAVUR,8.8158,76.6683
PVZ,PARVEZPUR,28.511238,75.728588
PW,PIRWA,27.235705,74.467564
PWBN,PAWAI BROHMASTHAN  HALT,25.171167,86.197545
PWK,PIPARIYA KALAN,23.858995,80.736122
PWL,PALWAL,28.151471,77.341862
PWS,PHULWARI SHARIF,25.5865,85.0796
PWU,PARANUR,12.73027,79.98373
PWXP,PAWANI KUMARPUR HALT,25.540505,83.953314
PXR,PALPARA,23.0593,88.5206
PY,PERUNDURAI,11.2532,77.6286
PYA,PEDAPARIYA,14.0215,79.8754
PYD,PALLIYADI,8.2652,77.2597
PYGS,PRAYAGRAJ SANGAM,25.445133,81.88024
PYHT,PRAYAHAT HALT,24.693504,87.172205
PYI,PAYLI HALT,28.067588,74.580517
PYK,PERIYAKOTTAI,10.121435,78.873111
PYOL,PAYYOLI,11.5171,75.6179
PYV,PALAYASIVARAM,12.7767,79.8773
PYX,PEYANAPALLI,13.1312,79.1379
PZA,PALAVANTHANGAL,12.989755,80.186291
PZV,PUZHUTHIVAKKAM,12.9779112,80.2016169
QDN,QADIAN,31.826,75.3881
QG,QUAZIGUND,33.6173,75.1475
QGT,KOLAGHAT,22.435417,87.88108
QLD,QUILANDI,11.4459,75.6937
QLM,KULEM,15.3335,74.2437
QLN,KOLLAM JN,8.8865,76.5967
QLR,KALLAR,11.336,76.8923
QMRS,KAYAMSAR,28.125586,75.000572
QRP,KILA RAIPUR,30.7587,75.827
QSR,KANSRAO,30.0996,78.122
QTP,QUATABPUR,29.764228,76.350002
QXR,KUCHESAR ROAD,28.7467,77.9133
R,RAIPUR JN.,21.256582,81.629448
RA,RAMPARDA,22.6349,71.3519
RAA,BARARA,30.2136,77.0358
RAGM,RAJAGAMBIRAM,9.7247,78.4089
RAH,RAMGARH,27.576612,76.811256
RAHA,RAHA,26.225679,92.522564
RAI,RAIBHA,27.1818,77.8039
RAIR,RAIRAKHOL,21.046255,84.333072
RAJP,RAJAPUR ROAD,16.635205,73.626595
RAK,RAMKOT,27.5341,80.5972
RAKD,RADHAKUND,27.5376,77.5233
RAKL,RETHORAKALAN,26.3978,78.2401
RAL,REPALLE,16.0196,80.8286
RAM,RAMAPURAM,13.0983,79.1791
RAMA,RAMVA,25.892585,80.849247
RAMP,RAMPURI P.H.,22.409759,80.258904
RAMR,RAMAIPUR,27.5448,80.8967
RANI,RANI,25.347672,73.31048
RAPU,RAMPURA,24.84451,79.351637
RASP,RASIPURAM,11.4535997,78.1782914
RAU,RAU,22.633,75.8048
RAY,RAY,23.6899,85.0776
RAYA,RAYA,27.5534,77.789
RBA,RAMBHA,19.5383,85.0945
RBD,RAHIMABAD,26.9921,80.6128
RBG,RAYBAG,16.4837,74.8077
RBH,RAJBANDH,23.4756,87.3718
RBHR,RABHRA HALT,29.095572,76.71977
RBJ,RAIBOJHA,27.971539,81.471981
RBK,REOTI B KHERA,28.318889,79.107227
RBL,RAE BARELI JN,26.2324,81.239
RBN,RAGHUBANS NAGAR,25.7566,87.0599
RBQ,RAM BISHANPUR,26.304188,86.877651
RBR,RIBADA,22.125401,70.801392
RBS,RUPBAS,26.9897,77.5905
RBZ,RAMBHADDARPUR,25.9771,85.8651
RC,RAICHUR,16.192091,77.338815
RCA,RENTACHINTALA,16.545709,79.549942
RCD,RAJCHANDRAPUR,22.6528,88.3213
RCF,RAIL COACH FACTORY,31.326806,75.34265
RCGT,RICHUGHUTU,23.6596,84.5806
RCJ,RANAYALA JASNIA,23.161629,76.072254
RCP,RAMACHANDRAPUR,25.9966,81.2674
RCPT,RAMACHANDRAPURAM TS,17.511287,78.282541
RCR,RATAR CHATTAR,31.9984,74.988
RCRA,RAMCHAURA,27.0054,83.2652
RCTC,RAGHUNATHPUR,20.351709,86.149635
RD,RAM DAYALU NAGAR,26.0976539,85.3841908
RDBR,RANDIA BAUDPUR,21.0628355,86.4626834
RDD,RIKHABDEV ROAD,24.009619,73.755169
RDDE,RATHDHANA,28.9038,77.0588
RDE,RUNDHI,28.0678,77.3511
RDF,RADHAGAON,23.59793,86.089125
RDG,RAYADURG,14.705905,76.856918
RDHP,RADHANPUR,23.8472,71.5858
RDHR,RIDDHAPUR,21.2380362,77.814576
RDI,KARDI,13.26668,76.569815
RDK,RASHIDPUR KHORI,27.713926,75.087261
RDL,RUDAULI,26.762318,81.754332
RDM,RAMGUNDAM,18.763,79.4348
RDN,RUDAIN,27.580188,79.186878
RDP,RADHIKAPUR,25.642455,88.442516
RDRA,RAMDEVRA,27.006679,71.930237
RDS,RAMDAS,31.9565,74.9198
RDT,RAVTHA ROAD,24.9336,75.9584
RDU,RADHAMOHANPUR,22.3566,87.6127
RDUM,RAMPUR DUMRA,25.3272,86.0016
RDV,RADHA BALAMPUR,26.084,81.1072
RDY,REDDIPALAYAM,12.737303,79.94751
RE,REWARI JN.,28.202919,76.609554
REAI,REASI,33.1079332,74.8446468
RECH,RECHNI ROAD,19.1401,79.4514
REG,REGUPALEM,17.5053,82.7904
REI,RITHI,23.904358,80.140457
REJ,REJINAGAR,23.8503,88.2595
REM,REDDIGUDEM,16.4393,80.0557
REMA,REMA,24.409349,86.026155
REN,REN,26.789138,74.074802
RENH,RENHAT,25.980268,77.834015
RES,RASAULI,26.930029,81.261406
RET,RENTIA,22.863,74.2105
REWA,REWA,24.537442,81.250935
RF,RAFALESHWAR,22.772699,70.897522
RFJ,RAFIGANJ,24.8196,84.6347
RFR,RAFINAGAR,27.0257,81.3298
RG,RAJGHAT NARORA,28.236045,78.353977
RGA,RAJGODA,22.324433,87.866592
RGB,RAMGANGA,28.2981,79.375
RGBP,RANI GAIDINLIU,24.7421304,93.2347448
RGD,RAJGIR,25.033,85.4146
RGDA,RAYAGADA,19.175572,83.410435
RGG,RADOGARH,24.419799,77.146168
RGH,RAMGARHWA,26.920233,84.817028
RGI,RAMGIRI,13.9592,76.1224
RGJ,RAIGANJ,25.618775,88.127346
RGJI,RANGJULI,25.988215,90.955768
RGL,RENGALI,21.637,84.0424
RGLI,RAGHOULI HALT,25.150723,79.887772
RGM,RANGAPURAM,15.4066,78.059
RGNH,RAGHUNATHGARH,29.3112,73.6511
RGO,ROTEGAON,19.955762,74.7575
RGP,RAGHUNATHPALLI,17.7557,79.255
RGPM,RAGHAVAPURAM,18.6812,79.4111
RGQ,RAIGADH ROAD,23.597812,73.154011
RGS,RINGAS JN,27.373139,75.563364
RGT,RAJGHAT HALT,21.7644,87.155
RGU,RAGAUL,25.6864,80.1292
RGV,RAGHOPUR,26.299725,86.837826
RGX,RAGHUNATHBARI,22.3536,87.7976
RHA,RANAGHAT JN,23.1735,88.5683
RHBH,RAKESH BAGH HALT,24.409251,85.891388
RHE,RAKHA MINES,22.6743,86.3542
RHG,RAJGARH,27.240437,76.607151
RHI,RAKHI,25.708672,72.551823
RHMA,RAHAMA,20.2981,86.4047
RHMP,RAHAMATPUR,26.1514345,87.4403044
RHN,ROSHANPUR,29.047,78.8881
RHR,RAJHURA,24.1548,84.0159
RHU,RAHON,31.0514,76.1141
RHW,RHRA GHALUGHRA,30.6414,75.841
RIBP,RAMAKUNDA IBP (HALT),23.852906,86.202555
RIG,RAIGARH,21.8909,83.3903
RIGA,RIGA,26.644544,85.425711
RIKA,RATIKHEDA,24.59708,77.656174
RIKD,RISHIKUND,25.294642,86.561619
RIM,RAJIM,20.969935,81.867886
RIS,RISHRA,22.7262,88.3434
RJ,RAWAT GANJ,26.9566,83.2858
RJA,RAJNAGAR,26.401711,86.152897
RJAK,RAJ NAGAR K HALT,24.897025,79.878845
RJAP,RAJAPUR,16.8591,78.1632
RJB,RAJABERA,23.7506,86.0804
RJG,RAJGRAM,24.5449,87.8679
RJGR,RAJ ATHGARH,20.576,85.7415
RJI,RAJAWARI,25.498059,83.131142
RJIN,RAJURI,18.9949037,75.6460716
RJJN,RAJAJAN HALT,25.6145722,85.6703657
RJK,RAJA KA SAHASPR,28.625816,78.779697
RJL,RAJMAHAL,25.0526,87.8315
RJLA,RAJLA,24.7560385,86.4214333
RJLK,RAJALUKAH,22.125083,86.642132
RJMP,RAJMALPUR ROAD,25.8932,83.7889
RJN,RAJNANDGAON,21.100756,81.038589
RJO,RAJENDRA PUL,25.387147,86.010246
RJP,RAZAMPETA,14.1848,79.153
RJPB,RAJENDRA NAGAR TERMINAL,25.603141,85.162239
RJPM,RAJAPALAYAM,9.4521,77.5608
RJQ,RAJENDRANAGAR,22.6695,75.829
RJR,RAJALDESAR,28.033652,74.477692
RJS,RAJIYASAR,29.070574,73.843403
RJT,RAJKOT,22.312126,70.803366
RJW,RAJEVADI,18.387434,74.15926
RJY,RAJAMUNDRY,16.9844,81.7842
RK,ROORKEE,29.852,77.8745
RKB,RAIKA BAGH,26.291568,73.039684
RKD,RUKADI,16.724742,74.356585
RKG,RATTOKE GUDWARA,31.1761,74.6281
RKH,RAKHIYAL,23.261061,72.904243
RKI,RAMKANALI JN.,23.579721,86.762166
RKJE,RAKHITPUR,23.7261,86.4912
RKK,RATANGRH KNKWAL,29.9231,74.967
RKL,RAMKOLA,26.9066,83.8365
RKM,RAJA KI MANDI JN,27.193991,77.996793
RKMP,RANI KAMALAPATI,23.222259,77.439709
RKN,RATI KA NAGLA,27.6543,78.2405
RKO,RAMAKISTAPURAM GATE,17.476719,78.528893
RKR,RANIKUND RARAH,27.3242,77.5555
RKS,SARAI RANI,26.016218,83.121872
RKSH,RISHIKESH,30.1075,78.2878
RKSN,RAJKHARSAWAN JN.,22.733915,85.811548
RKX,RUKHI,29.0905,76.6799
RKY,KOTHARIYA,22.1764,70.814
RKZ,RAJKIAWAS,25.75027,73.523426
RLA,RAJULA JN,21.103559,71.479111
RLD,RANDALA,23.659148,72.453804
RLE,RAILEY ENGLISH HALT,25.482486,85.758934
RLG,RELANGI,16.7101,81.6443
RLK,ROHAL KHURD,23.4819,75.4602
RLL,REGADIPALLI,14.814,78.1364
RLO,RAYALCHERUVU,15.0555,77.8206
RLP,HARLAPUR,15.4352,75.7996
RLR,RAILA ROAD,25.630848,74.596825
RLS,RMNA ALBEL SNGH,30.5109,74.8503
RM,RAJMANE,20.6429,74.9414
RMA,RAMGANJ MANDI JUNCTION,24.644326,75.939131
RMB,RAMPURA BERI,28.530845,75.644217
RMBG,RAMGHAT  HALT,26.805196,82.215809
RMC,RAM CHAURA ROAD,25.6094,81.6869
RMD,RAMANATHAPURAM,9.3584,78.8369
RMF,RAMNA,24.24,83.606
RMGJ,RAMGANJ,26.0487,82.0203
RMGM,RAMANAGARAM,12.72,77.2834
RMH,RANGMAHAL,29.405806,73.974724
RMJ,RAMRAJATALA,22.5882,88.2959
RMJK,RAM NAGAR,32.8637,75.1456
RMM,RAMESWARAM,9.2812,79.307
RMN,RAMAN,29.9596,74.9619
RMNP,RAMANNAPET,17.282464,79.087143
RMNR,RAHMATNAGAR,26.7301,81.1804
RMO,RAMAKONA,21.6842,78.8263
RMOA,RAIMOHA,18.9877197,75.4904189
RMP,RAHIMATPUR,17.6122,74.1722
RMPB,RAMPUR.,25.358763,88.60611
RMPR,RAMPUR  HALT,25.1714457,86.135526
RMR,RAMNAGAR,29.389803,79.121819
RMRB,RAMNAGAR BENGAL,21.6816,87.5622
RMSR,RAMSINGHPUR,29.1776,73.3831
RMT,RAMGARH CANTT,23.617317,85.520239
RMTR,RE-MOUNT  ROAD,22.525758,88.316603
RMU,RAMPUR,28.7786,79.0231
RMV,RAMAVARAPPADU,16.5257,80.6834
RMW,ROSHAN MAU,26.4791,79.9845
RMX,RAMSAR,25.7222,70.8661
RMY,RUKMAPUR,17.2739,77.6757
RMZ,ROUTHPURAM HALT,18.6203,84.3352
RN,RATNAGIRI,17.003113,73.357258
RNA,ROHANA KALAN,29.5759,77.686
RNBD,RANA BORDI,21.715,69.7921
RNBT,RAHEN BATA,20.3288,83.0897
RNC,RANCHI,23.349191,85.3339
RNE,RANJANI,19.646589,76.107488
RNG,RANIGANJ,23.6031,87.1172
RNGG,RANGALITING,26.656817,93.918686
RNGN,RANIGAON,24.821833,92.931453
RNGR,RAINAGAR PH,23.064018,87.892599
RNH,RUNKHERA,23.41,75.1799
RNI,RANGAPANI,26.6643,88.3744
RNIS,RANOLISHISHU,27.517482,75.301495
RNJ,RUNIJA,23.1676,75.2697
RNJD,RANJANGAON RD,18.871,74.6007
RNKA,RUNKUTA,27.2229,77.898
RNL,RANALA,21.3723,74.4713
RNN,RAJANKUNTI,13.1746,77.5653
RNO,RANOLI,22.4013,73.1171
RNPR,RUPNARAYANPUR,23.8191,86.8858
RNQ,RENUKUT,24.2033,83.0396
RNR,RANIBENNUR,14.625611,75.635204
RNRD,RANIPUR ROAD,25.2707,79.0557
RNT,RANTHAMBHORE,26.0934,76.4103
RNTE,RAMANAND TIWARI HALT,25.554832,84.491043
RNTL,RANITAL,21.1498,86.5566
RNV,RANIWARA,24.750885,72.204723
RNW,RENWAL,27.1492,75.356
RNX,RANIPATRA,25.7357,87.5143
RNY,RANGIYA JN.,26.447521,91.605549
ROA,RUSERA GHAT,25.7462,86.0356
ROB,ROBERTSON,21.9891,83.1828
ROHA,ROHA,18.4468,73.1239
ROHN,ROHEDNAGAR HALT,28.762242,76.811771
ROI,REOTI,25.8341,84.375
ROK,ROHTAK JN,28.890524,76.57917
ROL,RAJULI,20.1919,79.6855
ROP,RUPSA JN,21.6222,87.0187
RORA,RORA,25.2942,79.237
ROS,RAJOSI,26.3132,74.6721
ROU,ROURKELA,22.22817,84.862862
ROZA,ROZA JN,27.8526,79.9555
RPAN,RANGAPARA NORTH,26.8214,92.6824
RPAP,RATNIPORA HALT,33.9277251,74.9570558
RPAR,RUPNAGAR,30.972826,76.533251
RPB,RUPASIBARI,24.855444,92.529602
RPD,RUPAUND,23.7314,80.573
RPGU,RASULPURGOGAMAU,26.3763,80.1184
RPH,RAMPUR HAT,24.179957,87.782307
RPHR,RAIPUR HARIYANA JN.,29.158701,75.773134
RPI,RUPAHELI,25.772223,74.636307
RPJ,RAJPURA JN,30.4877,76.5908
RPLY,RUPAULI,25.879458,87.058067
RPM,ROYAPURAM,13.1039,80.2936
RPMN,RAMPURMANI HARAN,29.805,77.46
RPO,RAWATPUR,26.4832,80.2983
RPR,RAGHUNATHPUR,25.5653,84.3021
RPRD,RUPRA ROAD,20.0844,83.3309
RPRL,RAPARLA HALT,15.6189,80.1687
RPSC,RUDRAPUR SIDCUL HALT,29.081832,79.430637
RPUR,RATANPUR,25.280014,86.5763
RPV,RAJAPATTI,26.1805,84.8078
RPWN,RPWN,25.254359,85.239396
RPY,RUPAI,27.597456,95.55685
RPZ,RANA PRATAP NAGAR,24.582407,73.728046
RQJ,RANINAGAR JALPAIGURI,26.544193,88.647823
RQP,RADHAKISHOREPUR,20.5595,85.7541
RR,RICHHA ROAD,28.717539,79.489174
RRAL,RURE ASAL,31.4114,74.9112
RRB,BIRUR JN,13.590931,75.974579
RRD,REAY ROAD,18.977058,72.844323
RRE,RAHUI ROAD,25.322615,85.531311
RRGA,RANGAREDDY GUDA,16.902,78.1809
RRI,RAHURI,19.41204,74.678192
RRL,REWRAL,21.2607,79.4677
RRME,RANCHI ROAD,23.6663,85.5119
RRNH,RAMROOP NAGAR HALT,26.790364,85.162239
RRP,RAIRANGPUR,22.2633,86.1803
RRS,RAGHURAJ SINGH,26.255626,80.879459
RRU,RAYARU,26.307034,78.129444
RRW,RORANWALA,30.443642,74.255733
RS,RISIA,27.6891,81.6058
RSA,RISAMA,21.0591,81.325
RSG,RAMSAGAR,23.1063,87.2771
RSH,RATANSHAHAR,28.159227,75.526156
RSI,RAISI,29.6739,78.08
RSJ,RAYSER,24.915086,77.549744
RSKA,RAJSUNAKHALA,20.164337,85.344136
RSLR,RASULPUR,23.187549,88.040314
RSM,RASMARA,21.2045,81.2168
RSMN,RAMGOVINDSINGH MAHULI HALT,25.519894,85.10755
RSNR,RAI SINGH NAGAR,29.536126,73.450642
RSR,RASRA,25.8617,83.8578
RSWN,NARAYANPUR TATWARA,26.980523,84.520226
RSWT,RAMGARH SHEKHAWATI,28.169027,74.992676
RSYI,RASAYANI,18.8938,73.1517
RT,ROHAT,25.92146,73.095474
RTA,RUTHIYAI JUNCTION,24.532132,77.176037
RTB,RAJA TALAB,25.2559,82.8158
RTBR,RATABARI,24.5716,92.4164
RTG,RANGTONG,26.836172,88.342438
RTGH,RATANGARH JN,28.0739,74.6241
RTGN,RATANGAON,23.8332,79.8464
RTI,RAOTI,23.1837,74.8788
RTK,RAMTEK,21.400655,79.326439
RTM,RATLAM JN,23.34068,75.051126
RTN,RETANG,20.1992,85.7606
RTP,RATANPURA,25.9221,83.7447
RTR,RAMNATHPUR,25.4124,82.0178
RTRA,NEW RAMNATH PUR,24.231469,92.526989
RTU,RATAN SARAI,26.3735,84.5736
RTWS,RAHATWAS,24.518155,77.896217
RTZ,RATONA,23.83513,78.685112
RU,RENIGUNTA JN,13.636311,79.50634
RUB,RASULABAD,25.827,80.9771
RUG,RAJLU GARHI,29.0905,77.0119
RUI,RUKNI,23.552186,86.548405
RUJ,RANUJ,23.75911,72.21498
RUKH,RUKHAI HALT,25.334983,85.379265
RUL,RAVLI,19.2306,83.1676
RUM,RUPAMAU,26.2302,81.3254
RUP,RUPAHIGAON,26.421082,92.735252
RUPC,RUDRAPUR CITY,28.969551,79.379482
RUR,RANPUR,22.359601,71.717033
RURA,RURA,26.485,79.9078
RUSD,RUNNISAIDPUR,26.377414,85.514317
RV,RAVER,21.2221,76.0445
RVG,REVELGANJ GHAT,25.7995,84.620354
RVK,RAJA BHAT KHAWA,26.617306,89.528961
RVKH,RAVINDRAKHANI,18.9367,79.4615
RVS,RAVANASAMUDRAM,8.804163,77.377052
RW,RANKUA,20.81742,73.164825
RWA,RAUTARA,25.6741,87.523
RWJ,RAWANIA DUNGAR,25.8882,76.3141
RWL,RAIWALA,30.0321,78.2098
RWO,RANAVAV,21.698584,69.726448
RWTB,ROWTA BAGAN,26.7371,92.2152
RXL,RAXAUL JN,26.9869,84.8444
RXM,ROOMA,26.35742,80.430737
RXN,RAMSAN,24.405731,72.035637
RXR,RANGAPAHAR,25.855091,93.707886
RY,RAYAKA,22.4129,72.0234
RYC,RAYAKKOTTAI,12.5144,78.027
RYP,RAYANAPAD,16.577,80.5624
RYS,RASURIYA,28.2641,79.4746
RYT,RAYAT PURA,26.457357,78.382301
RZJ,RAZAGANJ,27.993947,80.632439
RZN,RAUZAGAON,26.785154,81.707897
S,SHRIRANGAPATNA,12.4248,76.6781
SA,SALEM JN,11.671276,78.112965
SAA,SATHIAON,26.0345,83.2876
SAB,SANTAMAGULUR,16.147,79.915
SABD,SALABAD,26.985265,77.310619
SAC,SANICHARA,26.3631,78.1981
SACH,SUCHITRA CENTRE HALT,17.4890785,78.4733863
SAD,SONADA,26.960787,88.273773
SADP,SAIDAPUR,16.570774,77.249753
SAF,SALKHAPUR,25.6551,82.6805
SAG,SANGRUR,30.2434,75.8301
SAGM,SAGMA JUNCTION,24.622207,80.828447
SAGR,SHRIRAJNAGAR,26.5223,81.0775
SAH,SAPHALE,19.5766,72.8218
SAHA,SARAHULA,25.465904,83.662434
SAHI,SATHI,27.015855,84.503832
SAHP,SAHIJPUR,23.061806,72.632074
SAHR,SAHERI,25.565052,83.471718
SAI,SARAI,25.7802,85.2769
SAJH,SAHJA HALT,25.478302,87.674074
SAK,SAK BAHADURPUR,22.1783,73.5598
SAKA,SIMARIYA  KAJANWADA,22.415948,80.296326
SAKD,SUPRAKANDI HALT,24.788293,92.37854
SAL,SALWA,21.2361,79.2925
SALE,SALAR,23.7743,88.1108
SALI,SAHELI,26.7062,75.0319
SAMT,SALEM MARKET,11.6542,78.1427
SAN,SANDILA,27.059355,80.517254
SANG,SAIRANG,23.7978,92.646
SANH,SANHA HALT,25.427227,86.369255
SANI,SHANKI,23.579954,85.377015
SANK,SANK,26.43069,78.059921
SANR,SARDARNAGAR,26.7008,83.494
SAO,SAGONI,23.804664,79.806404
SAP,SATTENAPALLE,16.405,80.1527
SAPD,SANAPADAR PASSENGER HALT (PH),20.1737394,85.3850912
SAPE,SAPE WAMANE,18.085649,73.356571
SAPR,SARANGPUR ROAD,22.2365,71.7484
SAPT,TP NO. 7/11 (SUGAPAHARI HALT),24.279044,86.571238
SARR,SIDHAOUNA RAMPUR HALT,25.521616,83.140725
SARY,SARAIYA HALT,26.02165,85.11877
SAS,SHEODASPURA PADAMPURA,26.71326,75.882912
SASG,SASAN GIR,21.1686,70.602
SASN,SAHIBZADA AJIT SINGH NAGAR,30.665675,76.739502
SASR,SAUSAR,21.6585,78.8021
SAT,SANT ROAD,22.7972,73.8019
SATR,SATAR HALT,26.000808,87.509159
SAU,SANAND,23.0242,72.3858
SAV,SAVDA,21.111,75.9105
SAW,SURIAWAN,25.4611,82.4237
SAWN,SOHANSRA,28.405519,75.866346
SAY,SAYAMA,22.4159,72.6641
SB,SARAI BHOPAT,26.8383,78.9451
SBB,SAHIBABAD,28.673947,77.364092
SBBJ,SRI BALA BRAMARESHWARA JOGULAMBA,15.91558,78.041802
SBBP,SARDARBALLABH BHAI PATEL,26.465841,86.386588
SBC,KSR BENGALURU,12.977795,77.568283
SBD,SLEEMANABAD RD,23.6143,80.2851
SBDP,SABDALPUR JN,25.427773,86.438815
SBDR,SONBHADRA,24.683293,83.078031
SBE,SORBHOG JN,26.4946,90.8886
SBG,SAHIBGANJ JN,25.2408,87.634
SBGA,SHRAVANABELAGOLA,12.871613,76.46568
SBGB,SUTEI BADEGAN,21.490468,86.862802
SBGN,SISIBARGAON,27.55995,94.664297
SBGR,SUBHAS GRAM,22.4137,88.4339
SBH,SULEBHAVI,15.9125,74.6417
SBHN,SHRI BHAVNATH,23.818,73.5871
SBHR,SUBRAHMANYA ROAD,12.732656,75.558257
SBIB,SABARMATI BG,23.07732,72.588972
SBJ,SARAI BANJARA,30.538,76.5153
SBK,SHAHBAZ KULI,25.632241,83.674793
SBLJ,SHRI BALAJI,27.398899,73.549004
SBLT,SHRI BHADRIYA LATHI,27.030841,71.516361
SBM,SONBARSA KCHERI,25.8948,86.5941
SBNM,SUBARNAMRIGI,24.2735,88.2924
SBNR,SHRI VIJAINAGAR,29.2408,73.5237
SBO,SABAUR,25.2388,87.0457
SBP,SAMBALPUR JN.,21.482862,83.961639
SBPY,SAMBALPUR CITY,21.4826,83.9617
SBR,SAMBHAR LAKE,26.904008,75.179615
SBRA,SARBAHARA,22.7104,81.9103
SBRM,SABROOM,23.014216,91.701353
SBT,SABARMATI JN,23.077166,72.588902
SBTJ,SHANIDEV DHAM BISHNATHGANJ,25.8012076,81.9338334
SBV,S BHAKHTIYARPUR,25.724099,86.597328
SBW,SHEWBABUDIH,23.659462,86.390648
SBZ,SISWA BAZAR,27.1517,83.7589
SC,SECUNDERABAD JN,17.433487,78.501821
SCA,SALCHAPRA,24.827248,92.671909
SCE,SENCHOA JN,26.320191,92.652683
SCH,SACHIN,21.078,72.8745
SCI,SANCHI,23.4879,77.7356
SCKR,SALICHAUKA ROAD,22.834,78.6767
SCL,SILCHAR,24.8302,92.7866
SCM,SIMHACHALAM,17.744967,83.220749
SCMN,SIMHACHALAM NORTH,17.751834,83.209376
SCN,SONDHA ROAD,26.4985,78.4842
SCO,SATUNA,19.494751,76.347942
SCP,SIRNAPALLI,18.487668,78.271322
SCPD,SUCHIPIND,31.343082,75.621471
SCPR,SHYAMA CHARANPUR HAL,20.642503,85.616369
SCQ,SHAM CHAURASI,31.4581,75.766
SCT,SENGOTTAI,8.987603,77.24204
SCV,SUKHCHAIN,29.7675,74.9897
SCY,SACHIWALAY(HALT),25.594626,85.113144
SD,SIDHAULI,27.2813,80.8379
SDAH,SEALDAH,22.567098,88.375053
SDAM,SUNDHIAMAU,27.1295,81.267
SDB,SHAHABAD,17.1218,76.9436
SDBH,SINDRI B.H,23.6926,86.4467
SDC,SAIDABAD,25.379567,82.120625
SDD,SINDHAWADAR,22.5465,70.8941
SDDN,SIDDHARTH NAGAR,27.275,83.088269
SDE,SADISOPUR,25.566369,84.917192
SDF,SUDSAR,28.012286,73.785725
SDG,SAHADAI BUZURG,25.6615,85.4548
SDGH,SRI DUNGARGARH,28.070541,74.008241
SDGM,SARDARGRAM,23.070888,72.642117
SDH,SARADHNA,26.343345,74.570475
SDHA,SIDHARI HALT,26.038276,83.183842
SDHS,SIDHIRSAI,22.497925,86.154463
SDI,SAGARDIGHI,24.2882,88.1058
SDL,SHAHDOL,23.2862,81.3644
SDLE,SWADINPUR,24.2535,87.8226
SDLK,SUNDLAK,25.121,76.4554
SDLP,SADULPUR JN,28.630788,75.386639
SDM,SURAREDDIPALEM,15.407761,80.045872
SDMD,SUDAMDIH,23.654588,86.44043
SDMK,SIDMUKH,28.8926,75.2918
SDN,SHOLAVANDAN,10.0226,77.9654
SDNR,SEYDUNGANALLUR,8.639,77.8347
SDPH,SARDAR PATEL HALT,25.050458,85.424194
SDPR,SARDAR PATEL RD,28.5962,77.1674
SDPT,SEDARAMPATTU,12.672496,79.203186
SDRA,SUDHARANA,28.4537,76.4258
SDS,SADULSHAHR,29.903014,74.172821
SDT,SADAT,25.6734,83.3085
SDUA,SADURA,33.664925,75.139275
SDV,SOMIDEVIPALLE,15.4536,79.0383
SDVL,SOLDEVANAHALLI,13.091,77.49
SDWR,SIDHWAR,23.587066,85.480284
SDY,SADHOO GARH,30.5804,76.4514
SDZ,SINDHAR,31.1106,75.2414
SEB,SON NAGAR,24.8825,84.2296
SED,SHEDBAL,16.7203,74.7527
SEE,SONPUR,25.696529,85.166531
SEG,SHEGAON,20.801414,76.690021
SEGM,SEVAGRAM,20.7386,78.6187
SEH,SEHORE,23.2148,77.0776
SEI,SHENDRI,18.130273,75.552807
SEJ,SARKHEJ,22.981864,72.497406
SEL,SANKRAIL,22.562738,88.210087
SELU,SELU,19.44814,76.433344
SEM,SEDAM,17.180893,77.28374
SEN,SENAPURA,13.7095,74.7069
SEO,SEOHARA,29.2043,78.5805
SEP,SODPUR,22.6989,88.3822
SEPN,SEPON,27.117354,94.856644
SEPR,SHERPUR,28.9195,78.253
SEQ,SEKHA,30.3801,75.6434
SER,SAMAYANALLUR,9.9814,78.0349
SES,SEMARI,24.071857,73.851128
SET,SETTIHALLY,12.6431,77.1303
SEU,SENDRA,26.078024,74.194193
SEV,SITHALAVAI,10.958,78.2738
SEW,SEHAL,28.9181,78.8222
SEY,SEONI,22.075141,79.545479
SF,SETTIGUNTA,13.8745,79.3825
SFA,SANHERA HALT,28.9036,77.2826
SFC,SAINTALA,20.4336,83.3347
SFDE,SAFIDON,29.3977,76.6612
SFE,SANODIYA,27.0111,75.2789
SFG,SUBEDARGANJ,25.440019,81.790037
SFH,SAFEDABAD,26.9019,81.1233
SFK,SIKIR,20.3377,83.1995
SFMU,SUNAM UDHAM SINGH WALA,30.130064,75.808427
SFNR,SAIFINAGAR HALT,22.698505,75.853214
SFPR,SAFIPUR,26.7439,80.3543
SFR,SAFRAI,27.029465,94.943333
SFW,SARANGPUR,23.574057,76.473427
SFX,SAFILGUDA,17.461531,78.53297
SFY,SHAJAPUR,23.425134,76.297903
SFZ,SHINDURIYA KACHARI,24.037371,76.92421
SG,SHAHGARH,28.559345,80.043125
SGA,SHERGARH,30.0806,74.9477
SGAC,SOGARIYA,25.230255,75.900421
SGAM,SAREIGRAM,24.0423,82.2129
SGBA,SIR GURUDAS BANERJEE,22.567177,88.386555
SGBJ,SURGAON BANJARI,21.946389,76.544495
SGC,SAONGI,21.7963,80.0141
SGD,SONGADH,21.728726,71.886549
SGDM,SIGADAM,18.3603,83.6812
SGDN,SANGALDAN,33.244906,75.0870808
SGDP,SAGADAPATA,21.244262,85.908966
SGE,SANKARIDURG,11.445872,77.870579
SGF,SANGAT,30.087959,74.83243
SGG,SULTANGANJ,25.2406,86.7359
SGJ,SAFDARGANJ,26.914264,81.36097
SGKM,SRUNGAVRUKSHAM,16.543446,81.601596
SGL,SAGAULI JN,26.758,84.7391
SGLA,SANGOLA,17.435493,75.187511
SGLM,SENGULAM,8.606821,77.682681
SGM,SOLAGAMPATTI,10.785419,78.858447
SGND,SHRIGONDA ROAD,18.598663,74.641886
SGNL,SANGANAL,15.5626462,75.9799364
SGNR,SHRI GANGANAGAR,29.932102,73.871727
SGO,SAUGOR,23.84722,78.74279
SGP,SOHAGPUR,22.6938,78.1944
SGPA,TP NO. 6/3 (SUGAPAHARI HALT),24.279206,86.571166
SGR,SANGAMESHWAR ROAD,17.201679,73.545914
SGRA,SANGARIA,29.792388,74.465933
SGRD,SARAGAON ROAD  HALT,22.0202,82.744
SGRE,SALGARE,16.914611,74.909935
SGRL,SINGRAULI,24.2042,82.6427
SGRM,SINGARAM,19.1104,83.1045
SGRP,SINGHIRAMPUR,27.2627,79.6294
SGRR,SANGER,32.8066,75.0445
SGS,SHOGHI,31.038889,77.124367
SGTY,SANKRAIL GOODS TERMINAL,22.572963,88.221588
SGUJ,SILIGURI JN,26.723304,88.413763
SGUT,SILIGURI TOWN,26.70682,88.429127
SGV,SARAGCHNI,24.0179,88.2442
SGW,SINGHAWAL,26.061255,74.682999
SGYW,SINGRIYAWAN HALT,25.409832,85.284939
SGZ,SHAMGARH,24.1912,75.6429
SHAD,SHAHAD,19.2442,73.1581
SHAN,SRINIVASA NAGAR,17.932192,78.456116
SHBA,SAHEBTALA HALT,23.591835,88.201246
SHBC,SIBAICHANDI,22.9745,88.1337
SHBL,SHIBLUN,23.6927,88.0832
SHC,SAHARSA JN,25.874708,86.594453
SHDM,SHAHBAD MARKNDA,30.166056,76.861424
SHDR,SHADHORAGAON,24.633286,77.584591
SHE,SEORAPHULI,22.7745,88.3286
SHEO,SHISHO JUNCTION,26.205812,85.863647
SHER,SHER,26.351883,84.626484
SHF,SHIRUD,20.735566,74.876461
SHG,SHAHGANJ JN,26.0614,82.6796
SHGN,SHRI GHASINAGAR,27.0679,76.6001
SHH,SHAPUR,21.477831,70.370607
SHHT,SINGHAUL HALT,25.434433,86.096659
SHI,SINGANALLUR,11.0127,77.0393
SHIH,SARHARI,26.125488,84.592963
SHIT,SALHAITOLA P.H.,20.491592,81.077279
SHIV,SHINDAWANE,18.434505,74.163551
SHJ,SAHASPUR ROAD,23.1324,87.6749
SHJP,SAHAJIPUR HALT,26.096563,81.864452
SHK,SHEIKPURA,25.131998,85.853934
SHKL,SHANKRUL,23.1407,87.6558
SHKY,SAHARSA KUTCHERY HAL,25.894824,86.594067
SHLK,SHOLAKA,27.9736,77.3605
SHLT,SHALASHAH THANA,23.839,73.6562
SHLU,SHELU,19.063375,73.317776
SHLV,SELAVI,23.703008,72.258282
SHM,SHALIMAR,22.555208,88.315315
SHMI,SHIROOR,13.9306,74.5939
SHMR,SHYAMSUNDER,23.081,87.8613
SHN,SUCHAN KOTLI,29.5155,75.17
SHNG,SHIVNAGAR,26.3363,81.8826
SHNR,SHADNAGAR,17.0644,78.213
SHNX,SHEOSINGH PURA,26.913498,75.567398
SHR,SIHORA ROAD,23.4669,80.11
SHRG,SRI RAMGARH HALT,29.18259,74.885731
SHRM,SHARMA,27.6036,80.0031
SHRN,SANT HIRDARAM NAGAR JUNCTION,23.274,77.3366
SHSK,SAHARSRAKUND,19.403135,78.008423
SHT,SAHRI HALT,25.479232,85.733013
SHTS,SAMBHAL HTM SAR,28.5968,78.5682
SHTT,SILGHAT TOWN,26.609402,92.930431
SHU,SHOLINGHUR,13.0139,79.4845
SHV,SHIVANI,13.812,76.0592
SHW,SAMHON,26.7342,79.3207
SHWL,SAHUWALA,29.355097,73.812847
SHX,SHUKARULLAHPUR,27.4478,79.4714
SHYP,SAKARAYAPATNA,13.429878,75.927973
SHZ,SUMMER HILL,31.107919,77.138615
SI,SONALLI,25.5954,87.6952
SIA,SHIVLANKHA,23.380865,70.620632
SIBR,SHRIBAR,24.816547,93.00988
SIC,SONIK,26.5858,80.5594
SICY,SAHEED ISHWAR CHOWDHARY HALT,24.807694,85.01519
SID,SIDDHPUR,23.9181,72.368
SIDG,SIDDAPUR,15.5230299,76.6354391
SIE,SIDDAMPALLI,13.1604,79.1369
SIF,SIRLI,19.5086,77.2113
SIGA,SHANTIGRAMA,12.984475,76.205403
SIHI,SHIHORI,24.070725,71.980759
SIHO,SIHO,26.00889,85.50642
SIHT,SAMELI HALT,25.47736,87.277764
SII,SITIMANI,16.3198,75.8654
SIJU,SIJU,20.294301,86.59026
SIKD,SIKRODA KWANRI,26.569644,77.962933
SIKR,SIKAR JN,27.616205,75.153308
SIL,SAKHI GOPAL,19.942712,85.815904
SILO,SILAO,25.0783,85.4344
SILR,SILARI,26.308804,73.560848
SIM,SHRI AMIRGADH,24.406278,72.644005
SIMR,SRIRAMPUR F,23.323183,87.316246
SINA,SRI NAGAR,34.023,74.8433
SINI,SINI JN,22.78908,85.946646
SIOB,SAMAKHIALI B G,23.309469,70.503044
SION,SION,19.0465101,72.8583906
SIP,SURAIMANPUR,25.8087,84.479542
SIPA,SINGHPOKHARIA,22.498443,85.795326
SIPI,SAIPHAI,26.964054,78.95159
SIPR,SIHAPAR,26.7566,83.1584
SIQ,SARKONI,25.6427,82.7517
SIR,SIRHIND JN,30.6237,76.3827
SIRA,SIRHILTARA,26.367418,80.215645
SIRD,SIRD,27.478273,72.497921
SISN,SISAUNA,29.2164,78.2808
SIU,SINGUR,22.8145,88.2287
SIVN,SIVNAR HALT,25.40467,85.880814
SIW,SHIRAVADE,17.370791,74.153681
SIZ,SHRIKHANDA,23.5992,88.0646
SJA,SIJUA,23.7902,86.3372
SJDA,SANJUJE DA AREY,15.2663,74.002
SJDR,SRI JHADESHWAR ROAD,20.597517,86.020203
SJER,SANJARPUR,26.015755,82.990036
SJF,SAJANVAR ROAD,21.07489,71.608028
SJGH,SARAI JAGDISH,25.30023,82.365274
SJGM,SANJAY GRAM,25.706661,87.890797
SJHG,SHAHEED JITENDRA HALT GOPALPUR,25.02174,86.2013367
SJJ,SANJHA,25.056989,87.000046
SJKL,SURJA KAMAL,25.9359,87.8492
SJL,SGM JAGARLAMUDI,16.2462,80.5702
SJM,SAJUMA,29.726968,76.296444
SJMA,SANJAMALA,15.157507,78.315509
SJN,SANJAN,20.19213,72.821074
SJNP,SUJANPUR,32.312,75.6135
SJP,SHUJALPUR,23.3808,76.723
SJPA,SUJALPUR PH,21.763007,87.657337
SJPM,SUJATA PURAM HALT,12.140033,76.675301
SJPR,SURJYAPUR,22.292948,88.466377
SJQ,SURAJPUR ROAD,23.2896,82.8805
SJS,SHAMLAJI ROAD,23.621249,73.335285
SJSM,SALEMGARHMASANI,29.5501,74.4632
SJT,SHUJAATPUR,25.6059,81.4022
SJV,SAJHAULI HALT,25.142643,84.189777
SJVP,SANJIVAIH PARK,17.435841,78.475578
SJWB,SUMERPUR JAWAI BANDH,25.114163,73.147445
SK,SAAKHUN,26.739478,75.095329
SKA,SIKANDRA RAO,27.6841,78.3876
SKAP,S.K.PARA,23.971509,91.94664
SKAR,SAKARIYA,24.606991,80.90029
SKB,SHIKOHABAD JN,27.086066,78.575335
SKBR,SHANKARPUR BHADAURA,24.1038064,81.8668425
SKDM,SIKRODA MINA,26.722614,77.001972
SKEN,SUKHSHENA HALT,25.790927,87.112312
SKF,SAKHOTI TANDA,29.1927,77.7181
SKG,SAKTIGARH,23.206,87.9719
SKGH,SAKTESGARH,24.9993,82.8215
SKHK,SUKHASAN KOTHI HALT,25.841767,87.152481
SKHV,SUKHOVI,25.759791,93.701309
SKI,SAKRI JN,26.2087,86.0779
SKIP,SHIKARIPARA,24.239475,87.459471
SKJ,SAHIBPUR KAMAL JN,25.427462,86.406527
SKK,SIKKAL,10.753,79.7906
SKKE,SEKERKOTE,23.743681,91.277546
SKL,SINGAPERUMAL KOIL,12.762752,80.00124
SKLI,SUKLI,21.6775,79.6833
SKLP,SHANKARPUR,27.4472,81.0143
SKLR,SAKLESHPUR,12.9455,75.7788
SKM,SINGARAYAKONDA,15.2526,80.0266
SKN,SRIKRISHN NAGAR,25.9233,82.4215
SKND,SUKINDA ROAD,20.9715,86.054
SKNP,SARKANPUR,24.823082,79.063917
SKP,SHANKARPALLI,17.4503,78.1306
SKPA,SRI KALYANPURA,25.1894,76.0937
SKPI,SIKRIPAI,19.39168,83.319883
SKPR,SIKARPUR P.H.,21.984756,78.945866
SKPT,SOMANAYAKKANPTI,12.574502,78.542032
SKQ,SIKANDARPUR,28.2476,77.7838
SKR,SAKHPUR,21.7489,69.8332
SKRI,SIKARIA,25.562575,84.363499
SKS,SALEKASA,21.3013,80.4929
SKSO,SIKOSA P.H.,20.868516,81.285868
SKT,SAKTI,22.0117,82.9564
SKTN,SHAKTINAGAR,24.1248,82.6942
SKVL,SANKVAL,15.370771,73.867693
SKW,SHEIKHUPUR,28.004102,79.10497
SKX,SARKARA,29.167152,79.083538
SKY,SHIKARA,22.7984,79.8577
SKZR,SIRPUR KAGHAZNAGAR,19.3458,79.4894
SL,SURATHKAL,12.988751,74.805737
SLB,SALBONI,22.640511,87.321439
SLBN,SALAI BANWA,24.426676,83.009434
SLD,SAKALDIHA,25.3316,83.2894
SLF,SILLI,23.350924,85.833607
SLG,SIMLAGARH,23.0958,88.2313
SLGE,SULERJAVALGE,17.45883,75.974751
SLGH,SHELGAON,19.085074,77.582574
SLGR,SIMALUGURI JN,26.917631,94.757166
SLH,SILIARI,21.4259,81.7551
SLHA,SALHANA,23.806549,80.639477
SLHI,SHILHAURI HALT,25.952865,84.833802
SLHP,SULAH HMCHL PDH,32.071193,76.476045
SLI,SANGLI,16.8582,74.5884
SLIA,SALAIYA,24.208983,86.256929
SLJ,SAKRIGALI JN,25.2436,87.7162
SLKN,SANDAL KALAN,29.0633,77.0125
SLKR,SALKA ROAD,22.3673,82.0105
SLKX,SALAKATI,26.4458,90.3573
SLM,SOMALAPURAM,14.9142,76.8691
SLN,SULTANPUR,26.2632,82.0663
SLNA,SALAUNA,25.6032,86.26
SLNG,SULTANPUR GRAM,25.386136,85.320171
SLO,SAMALKOT JN,17.0452,82.1691
SLON,SALONA,26.5225,92.993603
SLOR,SELOO ROAD,20.7769,78.7152
SLP,SALPA,18.007631,74.181232
SLR,SALOGRA,30.934771,77.130976
SLRA,SARALA,21.511692,84.017404
SLRD,SURLA ROAD,19.1766,84.7187
SLRP,SALARPUR,26.752662,82.013283
SLS,SALANPUR,23.7598,86.8759
SLT,SILAUT,26.049226,85.443678
SLTH,SILLAKKUDI,11.0749,79.0318
SLU,SASALU,14.2271,76.1088
SLW,SOHWAL,26.752968,81.983757
SLWR,SILAWAR,29.505,77.3446
SLX,SELENG HAT,26.782166,94.481907
SLY,SAMALPATTI,12.3117,78.4841
SLZ,SOLARI,19.8006,85.2481
SM,SAMSI,25.2763,88.0098
SMAE,SAMUDRA GARH,23.3355,88.3247
SMAP,SHAMNAPUR,18.1090953,78.3230679
SMBH,SALIM PUR BIHAR(H),25.473498,85.445652
SMBL,SIMBHOOLI,28.7652,77.9835
SMBR,SUMBAR,33.2956859,75.105861
SMBX,SAMBA,32.528108,75.120006
SMC,SAMNAPUR,21.9268,80.1742
SMCK,SHYAM CHAK,22.3634,87.5004
SMCP,SIMEN CHAPARI,27.719169,94.875745
SMD,CHERAN MAHADEVI,8.678779,77.56176
SMDM,SAMUDRAM,10.6526,78.4934
SMDP,SHAHABAD MD.PUR,28.5606,77.0715
SMDT,SEMMANDAPPATTI,11.7904,78.0269
SME,SHIMOGA,13.9274,75.5924
SMET,SHIMOGA TOWN,13.943397,75.583534
SMF,SAMAR GOPALPUR,28.9635,76.5161
SMGR,SAMAGURI,26.415087,92.848034
SMH,SIMRAHA,26.182091,87.332554
SMI,SITAMARHI JUNCTION,26.594514,85.504847
SMK,SAMALKHA,29.2403,77.0031
SMKR,SHAM KAURIA,26.0254,84.8374
SMKT,SOMANKATTI,15.7662,75.6321
SML,SHIMLA,31.102334,77.159472
SMLA,SAMLAYA JN,22.4844,73.3025
SMLG,SHIMILI GUDA,18.30344,82.956905
SMLT,SAMLOTI,32.098572,76.360645
SMM,SALIYAMANGALAM,10.77918,79.275112
SMND,SARMATANR,24.3494,85.6418
SMNE,SOMATNE,18.951793,73.145084
SMNN,SHRI MAKRI NATH NAGA,28.180224,74.824963
SMO,SEMAPUR,25.5247,87.4707
SMP,SHAMBHUPURA,24.7711,74.6416
SMPA,SHYAMPURA,25.222491,75.232658
SMPR,SHRI MADHOPUR,27.4577,75.5984
SMQL,SHAMLI,29.4443,77.3159
SMR,SAMDHARI JN,25.837132,72.572937
SMRL,SAMARALA,30.825135,76.177514
SMRR,SUMRERI,24.007345,78.399811
SMSR,SAMASWARA,22.048891,79.335194
SMT,SALAMATPUR,23.4611,77.6723
SMTA,SAMUKTALA ROAD,26.484095,89.609642
SMTG,SAHEED MATANGINI,22.301564,87.907705
SMTL,SIMARIATAL,25.955575,78.2763
SMU,SAMBHU,30.4192,76.6993
SMVB,SMVT BENGALURU,12.998794,77.64315
SMVJ,SHRI MAHAVEERJI,26.6848,76.9657
SMWA,SOMESHWARA,13.55639,77.513781
SMX,SIMURALI,23.0416,88.5104
SMZ,SARAI MIR,26.0278,82.9236
SN,SUKNA,26.790517,88.363123
SNA,SADANAPURA,22.602918,73.012905
SNAP,SONA ARJUNPUR,29.7573,77.4523
SNAR,SRINAGAR,25.3541,75.5548
SNB,SATNAUR BADESRON,31.257606,76.110921
SNBD,SUNDERABAD,23.1049,75.3358
SNBR,SONUABARY,26.172694,92.310047
SNC,S NARAYAN CHHAPIA,26.9766,82.4041
SNCA,SINGRA,25.984897,91.143411
SNCR,SANPADA,19.066012,73.0093
SND,SONDIMRA,23.4853,85.7838
SNDD,SINDHUDURG,16.111792,73.67981
SNDI,SENDURAI,11.2561,79.1684
SNDT,SINDRI TOWN,23.661192,86.480083
SNDY,SANDAI,28.572764,79.991112
SNE,SHENOLI,17.2004,74.2526
SNF,SANATNAGAR,17.461531,78.438563
SNGN,SANGANER,26.8145,75.7727
SNGP,SINGHPUR,23.2574,81.3971
SNGR,SANGANAPUR,19.188866,76.73667
SNH,SAUNSHI,15.207006,75.296001
SNHR,SANKHAI,23.796183,72.177086
SNHT,SANHATI,22.845845,88.7043
SNI,SINDI,20.816,78.8829
SNIE,SATH NARAINI,25.794945,81.03904
SNK,SINDKHEDA,21.2341,74.7355
SNKB,SONKHAMB,21.274099,78.725452
SNKE,SUNEHTI KHARKHR,29.9131,77.6835
SNKG,SANKARAGUMMANUR HALT,15.167246,77.235603
SNKL,SANKARANKOVIL,9.1766,77.526
SNKR,SANKA,23.52732,86.616554
SNL,SANAHWAL,30.8378,75.9799
SNLR,SANTALPUR,23.7595,71.1819
SNM,SITANAGARAM,18.6722,83.3752
SNMY,SINDRI MARSHALLING Y,23.666695,86.465836
SNN,SONEGAON,20.6289,78.7093
SNNR,SINDHANUR,15.748782,76.7652324
SNO,SOMANUR,11.0868,77.1859
SNP,SONIPAT,28.989,77.0169
SNPR,SINGARPUR,27.1161,77.7236
SNPU,SONEPUR,20.8484995,83.8960479
SNQ,SANKARPUR,24.428,86.638
SNR,SHYAMNAGAR,22.8285,88.3802
SNRA,SANWARA,25.845,83.9096
SNRD,BY SANDHURST RD,18.962041,72.839463
SNRR,SANSARPUR,23.6382,80.3081
SNS,SASNI,27.7304,78.1174
SNSI,SAINAGAR SHIRDI,19.780692,74.480588
SNSL,SONSHELU,21.2741,74.662
SNSN,SONASAN,23.491824,72.896004
SNT,SAINTHIA,23.949391,87.680855
SNTD,SANTALDIH,23.596711,86.483173
SNTH,SONTHALIYA,27.400728,75.532036
SNTR,SHANTINAGAR HALT,23.2932749,88.6376774
SNU,SANGRAMPUR,22.225389,88.32922
SNV,SONDAD,21.0793,80.0936
SNX,SANEH ROAD,29.6984,78.4597
SNYN,SONIANA,25.122906,74.62532
SNZ,SHERGANJ,28.3808,79.8052
SOA,SANOSARA,21.753999,71.76939
SOAE,SOMRA BAZAR,23.1388,88.4327
SOB,SILANIBARI,27.224563,94.077902
SOD,SOJAT ROAD,25.862043,73.755512
SOF,SAOTA,23.4884,87.9771
SOG,SURATGARH JN,29.323822,73.906918
SOGR,SAGRA,22.1533,84.459
SOHL,SOHAL,31.9739,75.3481
SOJ,SAROJINI NAGAR,28.58113,77.196207
SOJN,SIHOR GUJARAT,21.725218,71.957617
SOL,SOLAN,30.908337,77.097931
SOLA,SOVABAZAR-AHIRITOLA,22.598124,88.355398
SOLR,SOLUR,13.070052,77.258871
SOM,SOMNA,28.0528,77.9484
SONA,SONAMUKHI PH,23.295752,87.41066
SONH,SEONAN HALT,25.282929,85.010848
SONI,SONI,26.5274,78.5553
SONR,SAONER JN,21.3877,78.9252
SONW,SONWARSA  HALT,25.04377,85.669327
SOP,SHIUPUR,25.3557,82.9472
SOPR,SONMA PRANPUR(HALT),25.631776,86.226711
SOQ,SOMPUR ROAD,15.4218,75.8724
SOR,SONAGIR,25.7304,78.4089
SORO,SORO,21.2909,86.6924
SOS,SOMESAR,25.519826,73.450599
SOT,SHOHRATGARH,27.374511,82.969093
SOU,SUPAUL JUNCTION,26.117527,86.602993
SOW,SOHSARAI,25.2737,85.5298
SOY,SUKRIMANGELA,22.9072,79.8345
SP,SAIDAPET,13.02398,80.224013
SPAK,SALEMPUR ARNIYA KHURD,26.6473488,76.3115347
SPAM,SENJI PANAMBAKKAM,13.094025,79.83284
SPBK,SUNDERPUR (BARAH KALAN),29.3267682,76.4203543
SPC,SITAPUR CITY,27.5839,80.68
SPD,SUPEDI,21.7572,70.3791
SPDM,SINGHPUR DUMRA,25.09275,79.894638
SPDR,SHEOPARSAD NAGAR,23.303478,82.789707
SPE,SULLURUPETA,13.696193,80.017891
SPF,STUARTPURAM,15.868223,80.407133
SPGL,SARAI GOPAL,25.5489,81.8225
SPGR,SAMPIGE ROAD,13.270523,76.761303
SPHL,SHAMPURHALLI,16.8755,77.0333
SPJ,SAMASTIPUR JN,25.858374,85.78743
SPJB,SAIDPUR JALALABAD HA,31.4412,75.156
SPK,SAPEKHATI,27.110326,95.160828
SPL,SUNDARAPERUMALKOIL,10.941782,79.30069
SPLE,SUJNIPARA,24.5713,88.0365
SPN,SHAHJAHANPUR JN.,27.893784,79.904165
SPO,SURPURA,27.707087,73.442659
SPP,SHAHPUR PATOREE,25.6394,85.5813
SPPA,SHERPUR DHIPURA,25.600045,85.838413
SPPR,SHUDNIPUR,25.6262,82.6404
SPQ,SORUPETA,26.4999,91.0702
SPR,SONARPUR JN.,22.443399,88.429813
SPRD,SINGAPUR ROAD (SPRD),19.258403,83.402796
SPRM,SITAPURAM,18.8143,83.9827
SPRN,SALEMPUR HALT,26.299687,86.083193
SPS,SHRIPAT SHRKHND,23.6064,88.0724
SPSR,SREEJHADESWAR PH,20.483306,85.745373
SPT,SOMPETA,18.9811,84.5813
SPTR,SILAPATHAR,27.597,94.723778
SPV,SIVAPUR,13.647155,75.939388
SPWI,SOLAPURWADI,18.9038,74.9585
SPX,SAPATGRAM,26.334499,90.109348
SPYA,SIPAYA,26.5647,84.3262
SPZ,SAMPLA,28.781953,76.773319
SQD,SATTIRAKKUDI,9.4006,78.7052
SQE,SAMRLA,18.921389,77.792645
SQF,SUKRITIPUR,24.9132,92.5829
SQJ,SAILA KHURD,31.2927,76.0775
SQK,SHANKAR,31.1377,75.5363
SQL,SONTALAI,22.6132,77.95
SQN,SARAI KANSRAI,25.5168,82.3454
SQQ,SALAGAON,20.5639,85.9571
SQR,SULTANPUR LODI,31.211443,75.202746
SQS,SIGSIGI,24.2607,83.8534
SQW,SIDHWALIA,26.3342,84.6674
SRA,SEMRA,26.7212,84.7952
SRAS,SIRAS,26.278024,75.989685
SRB,SAROBAG,25.276401,86.479323
SRBA,SARAGBUNDIA,22.2125,82.7325
SRBH,SHAHID RAMPHAL,28.89515,76.4653351
SRBZ,SEHARA BAZAR PH,23.109891,87.804108
SRC,SANTRAGACHI JN,22.58382,88.283901
SRDR,SARDARSHAHR,28.4388,74.4783
SRDW,SHRIMAD DWKPURI,27.3642,79.5691
SRE,SAHARANPUR JN.,29.960809,77.542019
SRF,SAGAR JAMBAGARU,14.142568,75.154552
SRGH,SURAJGARH,28.2979,75.7313
SRGM,SRIRANGAM,10.857668,78.696098
SRGP,SARAGIPALI,20.9836,84.5649
SRGR,SARAYGARH JUNCTION,26.281564,86.729679
SRGT,SURENDRANAGAR G,22.734865,71.636353
SRI,SALMARI,25.6158,87.8382
SRID,SRIDHAM,23.0342,79.4847
SRJ,SHANKARGARH,25.2224,81.678
SRJK,SURAJ KUNDA,26.1426,81.2028
SRJM,SIRJAM,23.4041,86.8353
SRJN,SIRAJNAGAR,23.818171,88.27034
SRJR,SARSA JARNALPUR,25.1843637,85.7805522
SRKI,SEMARKHERI,24.289061,78.177853
SRKN,SHEREKAN,29.5568,74.426
SRKR,SALARKHURD,26.44771,84.27384
SRL,SAROLA,18.9478,74.6484
SRM,SARNA,32.2528,75.5787
SRMP,SIRSI MUKHDUMPR,28.6331,78.6351
SRMR,SRIRAMPURAM,17.122745,79.210911
SRNK,SORON SHUKAR KSHETRA,27.883694,78.748798
SRNM,SRIRAMNAGAR H,15.4921885,76.6164404
SRNR,SRIRAMNAGAR,16.306918,77.866244
SRNT,SARNATH,25.376058,83.032694
SRO,SIRATHU,25.6501,81.3174
SRP,SERAMPORE,22.7542,88.3383
SRPB,SRIRAMPUR ASSAM,26.4287,89.9498
SRPJ,SWARUPGANJ,24.660395,72.933555
SRPM,SIRIPURAM,16.413,80.2955
SRPN,SRIPANI,27.568243,94.639664
SRPR,SARUPSAR JN,29.352704,73.694401
SRPU,SRIPUR HALT,25.253856,88.045292
SRR,SHORANUR JN,10.7589,76.2723
SRRG,SURERGOTH,27.18273,76.605263
SRSI,SARSI,25.855825,87.298393
SRSL,SIRSALA,28.422958,75.128803
SRSO,SARSOO,24.921469,85.39587
SRT,SATUR,9.3576,77.9217
SRTL,CHERTHALA,9.6909,76.3251
SRTN,SIBSAGAR TOWN,26.989548,94.643097
SRU,SALEMPUR JN,26.2978,83.9231
SRUR,SIRPUR TOWN,19.4789,79.5603
SRVN,SRAVANUR,12.743163,76.355324
SRVT,SIRUVATTUR,11.636264,78.943892
SRVX,SURAVALI (H),15.291637,73.939018
SRW,SHRI KARANPUR,29.844069,73.458366
SRWN,SARASWATI NAGAR,21.2518,81.6043
SRX,SURA NUSSI,31.3807,75.5421
SRY,SIRARI,25.1331,85.9528
SRZ,SARDARGARH,29.364374,73.740921
SS,SHIRSOLI,20.9333,75.508
SSA,SIRSA,29.5391,75.0349
SSB,SHAKURBASTI,28.679519,77.134066
SSC,SHAHI,28.5877,79.6905
SSCR,SSCR,23.631314,87.148018
SSD,SHAMSABAD,27.4695,79.4378
SSDT,SHAMSHABAD TOWN,27.025116,78.12706
SSG,SHIU SAGAR ROAD,24.9999,83.8958
SSGJ,SURSARAIGHAT JHARA,24.027181,82.108383
SSGR,SISAI GULABRAI HALT,26.282795,83.777275
SSHT,SAGHAR SUTANPUR,26.155154,84.725172
SSI,SHIRSAI,18.314766,74.578114
SSIA,SUISA,23.196385,85.908623
SSKA,SISARKA,28.430959,78.845959
SSKI,SARSOKI,26.0129376,79.5277993
SSKL,SUSKAL,22.3159,73.8056
SSL,SIRSAUL,26.2978,80.4633
SSM,SASARAM,24.9563,84.0198
SSN,SASON,21.5533,84.0386
SSNH,SHRI SHARADA NAGAR,13.260999,76.454887
SSNR,SATSANG NAGAR HALT,24.490707,86.682081
SSNS,SHAEED SURAJ NARYAN SINGH,26.201357,86.04312
SSNT,SIRSA NUNTHAR HALT,24.4724727,86.8245982
SSP,SANTOSHPUR,22.524,88.2721
SSPD,SADASHIVAPET RD,17.4882,77.8568
SSPH,SATISH SAMANTA P.H.,22.194875,87.987957
SSPN,SAI P NILAYAM,14.1608,77.7579
SSPR,SADASHIBAPUR,20.7357,85.5051
SSR,SARERI,25.6972,74.6237
SSRD,SHASAN ROAD,22.34698,88.434963
SSRH,SHASAN HALT,25.685778,86.196842
SSU,SASA MUSA,26.5271,84.3566
SSV,SASVAD ROAD,18.456163,74.006653
SSW,SARSAWA,30.0239,77.4237
SSZ,SADDA SINGHWALA,30.0179,75.3442
ST,SURAT,21.206418,72.840643
STA,SATNA,24.569099,80.828197
STB,SHANTIPUR,23.2631,88.4354
STBB,SATBERIA   H,23.047512,88.791504
STBD,SULTANABAD,18.517784,79.328842
STBJ,SITABINJ,21.5001,85.7905
STD,SATROD,29.1085,75.8207
STDR,SATADHAR,21.283616,70.720882
STE,SAGARKATTE,12.426015,76.46244
STF,SIKTA,27.024725,84.680901
STH,SETHAL,28.5427,79.5669
STJT,SATHAJAGAT,25.633324,85.866566
STKT,SASTHANKOTTA,9.0312,76.6008
STKW,SULTANPUR KALIAWAS H,28.460089,76.855373
STL,SIMULTALA,24.7134,86.5418
STLB,SITALAPUR PH,21.773608,87.672332
STLI,SITHOULI,26.1458,78.1872
STLR,SITALPUR,25.7689,85.0367
STM,ST THOMAS MOUNT,12.995066,80.199552
STMM,ST THOMAS MOUNT(MRTS),12.995066,80.199552
STN,SITARAMPUR,23.7237,86.8963
STNL,SATNALI,28.382188,75.966082
STNR,SITALNAGAR,28.04441,74.245262
STP,SITAPUR JN.,27.558808,80.697842
STPD,SITAFAL MANDI,17.4279,78.5199
STR,SATARA,17.688021,74.063387
STRB,SANTIR BAZAR,23.322251,91.532094
STRK,SITAPUR KUTHCERY HAL,27.566912,80.688164
STSN,SHAITANSINGHANAGAR,27.051788,72.467709
STUR,SATULUR,16.2543,80.1387
STVA,SATYAVADA,16.7996,81.6696
STW,SAHATWAR,25.8278,84.2955
STZ,SATRAON,26.2832,83.821
SUA,SARDIHA,22.3809,87.1239
SUAL,SAUNDAL (H),16.700364,73.619745
SUBR,SUBHAGPUR,27.2628,82.018
SUC,SUNAK,23.6044,73.2103
SUD,SUDHANI,25.74,87.8719
SUDR,SUNDERPUR HALT,26.24643,86.641056
SUDV,SUMMADEVI,18.8087,84.4671
SUH,SULEHALLI,17.0858,77.0556
SUI,SUI,28.850989,76.0956
SUIA,SURAINCHA HALT,27.33609,80.829678
SUJ,SARJU,27.1116,81.6478
SUJH,SUJANGARH,27.709063,74.463959
SUJR,SUJRA,29.0125,77.2611
SUKU,SUKU,18.7147,82.7265
SUL,SULDHAL,15.995903,74.676819
SULH,SULHANI,30.872209,74.865389
SUMR,SUMER,23.6248,77.8796
SUNM,SUNAMAI HALT,28.097272,78.220425
SUNR,SURENDRANAGAR,22.7447,71.6305
SUP,SHRUNGAVARPUKTA,18.1166,83.1329
SUPP,SUPPALAPADU,14.906551,78.38687
SUR,SOLAPUR JN,17.6643,75.8932
SURI,SIURI,23.8906,87.5331
SURL,SURELI,26.119,76.0772
SURP,SURATPURA,28.665136,75.408955
SURR,SURERA,29.4037,74.6963
SUT,SUTLANA,25.971163,72.951794
SUU,SULUR ROAD,11.0495,77.1172
SUW,SUKHISEWANIYAN,23.34068,77.485886
SUX,SUDIYUR,9.6032,78.4826
SUZ,SUBANSIRI,27.449943,94.216518
SV,SIWAN JN,26.2106,84.3592
SVA,SUWASRA,24.07,75.6485
SVB,SAVNI,20.9941,70.4711
SVC,SIWAN KACHARI,26.2262,84.3483
SVD,SARWARI,19.764927,75.939989
SVDK,SHRI MATA VAISHNO DEVI KATRA,32.982413,74.935419
SVE,SEWRI,18.998971,72.854623
SVG,SAWALGI,17.3396,76.7113
SVGA,SIVAGANGA,9.8534,78.4995
SVH,SONADANGA,23.6365,88.3542
SVHE,SISVINHALLI,15.429109,75.314112
SVI,SAGARPALI,25.758155,84.098797
SVJR,SHIVAJI NAGAR,18.532148,73.851557
SVKD,SAVARKUNDLA,21.335272,71.312857
SVKS,SIVAKASI,9.463,77.7889
SVL,SEVALIYA,22.8074,73.3438
SVM,SANVORDEM (KUDCHADE),15.264024,74.10862
SVN,SIVUNGAON,19.101864,77.551632
SVNR,SAVANUR,14.967672,75.40844
SVO,SANVRAD,27.521517,74.518204
SVPI,SHIVPURI,25.438004,77.637806
SVPR,SRIVILLIPUTTUR,9.4974,77.6449
SVQ,SIVOK,26.880354,88.468952
SVR,SEVVAPET ROAD,13.124787,79.966478
SVRP,SHIVANARAYANPUR,25.2905,87.3325
SVS,SRINIVASPUR,13.3351,78.207
SVT,SHIVPURA,23.2392,75.9764
SVUR,SEVUR,12.9722,79.1903
SVV,SRIVAIKUNTAM,8.6222,77.9061
SVW,SHIVNI SHIVAPUR,20.674708,77.049351
SVX,SAWARDA,17.404537,73.515058
SVZ,SARAI HARKHU,25.856,82.4778
SW,SEHRA MAU,28.361193,80.297012
SWA,SAHJANWA,26.7635,83.2151
SWAR,SEWAR,27.1776,77.4252
SWC,SHIVRAMPUR,25.2196,80.8271
SWD,SANAWAD,22.1759,76.074657
SWDE,SIWAHA,29.3404,76.4564
SWDK,SEAWOODS DARAVE KARAVE,19.021918,73.01892
SWE,SIWAITH,25.5772,81.8694
SWF,SATHIN ROAD,26.49024,73.510208
SWG,SIDHWAN,31.0952,75.5466
SWI,SWAMIMALAI,10.942,79.3285
SWJ,SIAJULI,27.349661,94.111118
SWKE,SAWALKOTE,33.2108875,75.0237735
SWLN,SURWADI,18.020104,74.334918
SWM,SAWAI MADHOPUR JN,26.018069,76.35601
SWNI,SIWANI,28.911564,75.602589
SWNR,SEWA NAGAR,28.578869,77.227278
SWO,SONWARA,30.894565,77.004719
SWPR,SEWAPURI,25.3509,82.7697
SWR,SONUA,22.5766,85.4641
SWRT,SAHAWAR TOWN,27.7945,78.831
SWS,SUWANSA,25.6987,82.1464
SWT,SHIVWALA TEHU,27.382895,78.224545
SWV,SAWANTWADI ROAD,15.866242,73.785038
SWW,SHAHNAGAR TMNS,27.4159,78.2592
SWX,SAIDANWALA,30.916953,74.679394
SXA,SAGPHATA,21.574123,76.392231
SXB,SAMBRE,15.8913,74.5933
SXC,SONDALIA,22.6818,88.5819
SXD,SIDULI,23.6479,87.211
SXE,SILA KHERI HALT,29.390103,76.613159
SXK,SHAJAHANPURCORT,27.8905,79.9131
SXN,SONAKHAN,22.1668,84.5198
SXP,SANKOPARA,24.7217,87.9283
SXQ,SUAHERI,29.437,78.191
SXR,SERNDANUR,11.868695,79.517841
SXT,SALEM TOWN,11.660096,78.162146
SXX,SALBARI,26.5465,89.1137
SXZM,SOPORE,34.2577,74.4514
SY,SIRKAZHI,11.2407,79.7267
SYA,SALAIA,23.838741,79.907169
SYC,SARAI CHANDI,25.5394,81.9744
SYE,SINDEWAHI,20.2957,79.669
SYH,SAIYEDPUR BHTRI,25.539344,83.232594
SYJ,SAIDRAJA,25.2533,83.351
SYK,SAIDKHANPUR,26.89819,81.461906
SYL,SALPURA,24.7733,76.7326
SYM,SAVALYAPURAM,16.1027,79.8194
SYN,SAYAN,21.317,72.8901
SYU,SARAYAN,27.3964,81.0429
SYW,SINDURWA,26.4923,81.5697
SYWN,SAIYID SARAWAN,25.4951,81.6139
SYZ,SONAI,27.5703,77.8872
SZ,SALAWAS,26.141261,73.013763
SZA,SAROTRA ROAD,24.377434,72.592335
SZB,SARONA CABIN,21.2531,81.5734
SZE,SONARDIH,23.791,86.2645
SZF,SATBAHINI,24.3865,83.849
SZH,SAONGA HALT,21.5204,78.8715
SZK,SUR KHAND KA KHERA,24.139391,73.876362
SZM,SUBZI MANDI,28.668713,77.199726
SZN,SHAHBAZNAGAR,27.9284,79.8865
SZR,SARUPATHAR,26.195955,93.862381
SZV,SIVADI,12.0395,78.1185
SZY,SILAK JHORI,18.981948,81.672664
SZZ,SABIRA,21.236902,86.629257
TA,TANUR,10.9792,75.8803
TAA,TADLA PUSAPALLI,17.6345,79.9476
TABU,TALABURU,22.3586,85.7564
TAC,TATICHERLA,14.7501,77.5947
TADA,TADA,13.5884,80.0359
TAE,TADALI,20.034725,79.187393
TAK,TARAKESWAR,22.8824,88.0132
TAKU,TAKU,22.4884,77.8198
TALA,TALA,22.606068,88.379173
TALL,TALL JN.,25.371793,85.967846
TAM,TILLAIVILAGAM,10.443078,79.559212
TAN,TARANA ROAD,23.2644,76.0668
TAO,TAMNA,23.268828,86.352153
TAP,TAPANG,20.053,85.5811
TAPA,TAPA,30.3031,75.3663
TAR,THARSA,21.2562,79.4143
TAS,THASRA,22.797389,73.221302
TASA,THIPPASANDRA,13.055007,77.119028
TAT,TUMMANAMGUTTA,13.707534,78.379383
TATA,TATANAGAR JN,22.768584,86.20019
TATI,TATI,22.558062,84.918137
TAV,TALALA JN,21.0422,70.5226
TAY,TALAIYUTHU,8.7956,77.744
TAZ,TARGAON,17.5142,74.1558
TB,THARBITIA,26.218903,86.657753
TBA,TIMBA ROAD,22.782,73.3862
TBAE,TRIBENI,22.9903,88.398
TBB,TILBHITA,24.6774,87.8427
TBDM,TUNGABHADRA DAM,15.2626,76.3525
TBH,TATIBAHAR,27.118424,93.857746
TBL,TARCHERRA BRLRM,27.2053,77.1044
TBM,TAMBARAM,12.925766,80.118055
TBMS,TAMBARAM SANATORIUM,12.937938,80.131574
TBN,TIMARNI,22.37627,77.22981
TBR,TAIABPUR,26.392639,88.154297
TBT,TALBAHAT,25.0391,78.4144
TBTN,THANA BHAWAN TN,29.5813,77.4022
TBU,THARBAN,19.280036,77.709904
TBV,TIMBARVA,21.1463,73.1443
TBX,TILBHUM,24.466213,92.245846
TCH,TIRUCHCHULI,9.536951,78.197122
TCL,TYAKAL,12.984486,78.070908
TCN,TIRUCHENDUR,8.502,78.1174
TCNR,TIRUCHANUR,13.6316,79.456
TCR,THRISUR,10.51448,76.207609
TCT,OTTANKADU,10.332821,79.240093
TDD,TADEPALLIGUDEM,16.8098,81.5261
TDE,THUDIYALUR,11.0824763,76.9482224
TDH,TINDHARIA,26.851871,88.333168
TDK,TADUKU,13.5023,79.5267
TDL,TUNDLA JN,27.207847,78.233385
TDLE,TILDANGA,24.7865,87.8736
TDN,TIRUPARANKUNDRAM,9.879147,78.065658
TDO,TANDA URMAR,31.6724,75.6378
TDOK,TADOKI,19.9591233,81.1225374
TDP,TODARPUR,27.5793,80.0197
TDPM,TODIKKAPULAM HALT,11.153224,76.268549
TDPR,TIRUPPADIRIPULIYUR,11.748723,79.753189
TDR,TIRUVIDALMARUDR,10.9906,79.4537
TDU,TANDUR,17.2505,77.5851
TDV,THONDEBHAVI,13.5034,77.5145
TDW,TANDWAL,30.234,76.9889
TEA,TAREGNA,25.3959,85.0655
TEG,TIRBEDIGANJ,26.6674,81.2809
TEK,TEKKALI PH,18.6052,84.2311
TEL,TENALI JN,16.2421,80.6401
TELO,TELO,23.8114,86.1342
TELY,TELIA,24.905695,86.976492
TEN,TIRUNELVELI JN,8.73664,77.708259
TENI,TENI,10.014285,77.472904
TEO,TEEGAON,21.636866,78.460128
TERH,TERHA HALT,25.999556,84.847069
TET,TETULMARI,23.8144,86.3435
TETA,TELTA,25.8061,87.8418
TFGN,TUFANGANJ,26.303046,89.66552
TGA,TEGHRA,25.51057,85.941324
TGB,TANGRABASULI BS,23.374405,85.060444
TGBP,THINGOU,24.8106931,93.4062048
TGCH,TERAGACHH,26.3777595,87.6830805
TGDE,THANGUNDI,16.8035,77.0679
TGE,THEKERAGURI,26.199151,92.403839
TGH,TITAGARH,22.7419,88.3743
TGL,TUGGALI,15.3111,77.5303
TGLN,TARADGAON,18.0381635,74.2374716
TGM,TANGARMUNDA,22.0941,84.3586
TGN,TALEGAON,18.735,73.6722
TGP,TULJAPUR,20.8005,78.8081
TGQ,TENGANMADA,22.507,81.9957
TGRL,TANGIRI APAL,21.164403,85.926132
TGT,TINAI GHAT,15.4488,74.4042
TGU,TARIGOPPULA,16.4852,80.8358
TH,TINICH,26.8824,82.6398
THA,TEHTA,25.1159,84.9861
THAN,THAN JN,22.5785,71.206
THB,THANA BIHPUR JN,25.3939,86.9351
THBN,THANA BHAWAN,29.5918,77.4118
THDR,THANDLA RD,23.033,74.6672
THE,THAWE JN,26.4389,84.3943
THEA,THALERA,25.316874,75.73597
THJ,TALHERI BUZURG,29.7668,77.6442
THK,THAKURLI,19.225968,73.097878
THKU,THALAKU,14.4513,76.6758
THL,TIRUVALAM,12.9744,79.2454
THM,THAIYAT HAMIRA,26.993066,71.077766
THMR,THATHANA MITHRI,27.058973,74.885902
THN,TOLAHUNSE,14.3992,75.9646
THO,TULIN,23.378423,85.902185
THP,TAHERPUR,23.2597,88.5435
THPR,TIPPAPUR,18.195516,78.375864
THS,THANSIT,19.549761,73.351593
THTW,THAILIK TWISA,23.124562,91.613712
THUR,THURIA,23.8327,75.5541
THV,THERUBALI,19.3357,83.4212
THVM,THIVIM,15.62998,73.876534
THW,THARWAI,25.5396,81.9171
THX,TOVALAI,8.227885,77.506042
TI,TIRUNINRAVUR,13.1237,80.0269
TIA,TILAYA,24.8224,85.4015
TIBI,TIBI,29.5431,74.5006
TIC,TIMMACHIPURAM,10.9519,78.3749
TID,TAGDI,22.296,71.9482
TIG,TITLAGARH,20.284419,83.154402
TIGJ,TRIVENIGANJ,26.1229541,86.8796372
TIHU,TIHU,26.4713,91.2677
TII,TINGRAI,27.464718,95.535393
TIK,TIK,29.863125,76.559258
TIL,TILRATH,25.4412,86.0686
TILA,TILA,24.835646,79.285995
TIM,TIMMANACHERLA,15.1634,77.394
TIP,TATTAPPARAI,8.8282,78.0221
TIR,TIRUR,10.9174,75.9215
TIS,TATISILWAI,23.369835,85.435696
TISI,TISI,21.3826,74.3644
TIT,TALIT,23.2932,87.819
TIU,TILARU,18.47,84.0722
TIW,TIVARI,26.55429,72.889137
TJ,THANJAVUR JN.,10.777915,79.138126
TJD,TAJPUR DEHMA,25.7281,83.9297
TJH,TAJGADH,22.351,73.9048
TJM,TURINJAPURAM,12.3369,79.0907
TJP,TAJPUR,23.2123,75.8916
TJSP,TAJ SULTANPUR,17.381689,76.831098
TJW,TEJPURWA HALT,25.939985,84.819603
TK,TUMKUR,13.333503,77.102909
TKA,TEHARKA,25.3001,78.9171
TKB,TUPKADIH,23.701437,86.066079
TKBG,TEKA BIGHA,25.4651,85.4853
TKBN,TSAKIBANDA,15.1631,77.1778
TKC,THAKURKUCHI,26.2202,91.8994
TKD,TUGLAKABAD,28.512143,77.294226
TKE,TARIKERE JN,13.711036,75.812359
TKF,TAKI ROAD,22.587,88.9154
TKG,THAKURGANJ,26.426463,88.129234
TKH,THAKURTOTA,21.652482,86.971207
TKHA,TAKHA,27.1359,78.7675
TKHE,TAKARKHEDE,21.0353,75.1674
TKI,TAKLI,20.832863,77.65656
TKJ,TILAK BRIDGE,28.627473,77.237835
TKLB,TAKLI BHANSALI,21.3608,78.9827
TKLE,TIKANI,25.112181,86.992149
TKMG,TIKAMGARH,24.766805,78.840435
TKN,TANKUPPA,24.7037,85.1191
TKND,TRIVIKRAMDEO NAGAR,26.301418,84.709568
TKNG,TILAKNAGAR,19.065687,72.889738
TKNR,THAKURNAGAR,22.9249,88.7774
TKO,TAKKOLAM,13.024,79.6773
TKP,TAKIPUR,24.3031,87.9204
TKPH,TAKIPUR HALT,22.865543,87.927805
TKPL,TIKIRAPAL HALT,21.535965,86.945028
TKPY,TURKAPALLI H,15.0863,77.6278
TKQ,TRIKARPUR,12.1417,75.1757
TKR,TAKARI,17.130046,74.363666
TKRA,TIKRA  PH,21.66365,87.530651
TKRI,TIKIRI,19.1775,83.0989
TKRP,TIKAULI RAWATPR,26.399,80.6132
TKRU,TAKHRAU,27.273856,79.212112
TKS,TOKISUD,23.6783,85.2389
TKT,TIKKOTTI,11.4902,75.6261
TKTB,THAKURBARI,26.7978,92.6997
TKU,TANAKALLU,13.922487,78.201284
TKUR,TAPPA KHAJURIA,27.579655,80.761871
TKV,TEKANWAS,25.8077044,84.6844619
TKWD,TIKEKARWADI,17.6151,75.9336
TKYR,TIKARIA,24.9958,80.8648
TL,TILONIYA,26.653135,74.934654
TLA,TITVALA,19.2967,73.2029
TLAM,TULSI ASHRAM,25.34294,83.355675
TLB,TALWA BAZAR,24.6949711,86.5569831
TLC,TALCHHAPAR,27.825262,74.487648
TLD,TILDA,21.5507,81.7945
TLE,TALGARIA,23.681316,86.335201
TLG,TOLLY GANJ,22.507859,88.346858
TLGI,TELIGI,14.659561,75.897985
TLGP,TALGUPPA,14.213801,74.913883
TLH,TILHAR,27.9727,79.7415
TLHD,TALCHER ROAD,20.8869,85.2082
TLHR,TALCHER,20.932182,85.200305
TLI,TALWARA JHIL,29.514915,74.583263
TLJ,TALJHARI,25.1023,87.7349
TLKH,TALAKHAJURI,26.1807,81.7284
TLKL,TALAKAL,15.3970069,75.9932535
TLL,TALAP,27.668022,95.563374
TLM,TIRUSULAM,12.98022,80.165691
TLMD,TRILOCHAN MAHDO,25.565,82.8047
TLMG,TALAMAGUDI,19.641456,78.396206
TLMR,TELIAMURA,23.861507,91.617994
TLN,TALNI,20.7543,78.2301
TLNH,TILAUNCHI,26.3334,80.0093
TLNR,TALANALLUR,11.4359,79.2407
TLO,TALANDU,23.0102,88.3455
TLPH,TALPUR HALT,22.875001,87.97436
TLPR,TELAPUR,17.475777,78.280334
TLR,TULSIPUR,27.532097,82.407503
TLRA,TALARA,32.239013,75.903927
TLS,BETTAHALSOOR,13.1669,77.6063
TLSI,TULSIA HALT,26.3609638,87.8567775
TLT,TILATI,17.5032,76.069
TLU,TARLUPADU,15.6603,79.2193
TLV,TALVADYA JUNCTION,21.941911,76.451883
TLWA,THALWARA,26.072435,85.897207
TLX,TALDI,22.3434,88.6085
TLY,THALASSERY,11.75305,75.492897
TLZ,TALAVLI,23.9032,75.5965
TMA,TAMURIA,26.245965,86.353011
TMB,TEMBURU,18.6376,84.1248
TMD,TALMADLA,18.239215,78.356638
TME,TUTI MELUR,8.8084,78.1458
TMH,TIN MILE HAT,26.437,88.2804
TMHA,THUMHA,26.1589136,86.7332017
TMKA,TOMKA,21.1077,85.9757
TML,TENMALAI,8.967997,77.071667
TMLP,TIRUMALPUR,12.9563,79.6735
TMLU,TUMMALACHERUVU,16.5274,79.8027
TMP,TAMARAIPADI,10.4,78.043
TMPT,TIRUMALAIRAYAN PATTINAM H,10.876682,79.839993
TMPY,TUMBOLI,9.51882,76.321507
TMQ,TIRUMANGALAM,9.8245,77.9906
TMR,TUMSAR ROAD,21.3421,79.7511
TMS,TUMSAR TOWN P.H.,21.383393,79.741344
TMT,TIMTALA,20.812526,77.79479
TMU,TIRUMANTHIKUNAM,10.767544,79.534149
TMUR,TENUA DUMARIA HALT,25.847406,84.759951
TMV,TINDIVANAM,12.229341,79.651265
TMVL,TIRUMULLAIVAYIL,13.115258,80.136681
TMX,TIMMAPUR,17.1695,78.2885
TMZ,TAMLUK,22.2758,87.9191
TN,TUTICORIN,8.806029,78.155279
TNA,THANE,19.185887,72.975547
TNDE,THANESAR CITY,29.966684,76.824646
TNGI,TUNGI HALT,25.171893,85.527105
TNGL,TORANAGALLU,15.203527,76.664314
TNGM,TONDALAGPAVARAM,16.8678,80.4303
TNGN,TANGANI,27.45223,94.714777
TNGR,THONGANUR,12.0819,78.3583
TNH,TINKHEDA,21.407667,78.523386
TNI,TANDARAI,12.1078,79.1575
TNJR,TAJNAGAR,28.3856411,76.8232194
TNK,TIRUNELLIKAVAL,10.6051,79.64
TNKU,TANUKU,16.751825,81.673865
TNL,TANGLA,26.658,91.9119
TNM,TIRUVANNAMALAI,12.238,79.0777
TNNH,TAPASWINARAYAN NAGAR HALT,26.631655,85.445995
TNP,TONDIARPET,13.1276,80.2813
TNPR,TEJNARAYANPUR,25.3358,87.652
TNR,TANGUTURU,15.3374,80.0334
TNRI,TENERI HALT,25.311528,85.024343
TNRU,TENNERU,16.4884,80.8135
TNT,TINNAPPATTI,11.8119,78.0983
TNUE,TINDAULI,27.1926,78.9577
TNW,THAPAR NAGAR,23.7689,86.7011
TNX,TARAK NAGAR,23.37992,88.679924
TO,TIRUVALANGADU,13.090096,79.763145
TOD,TALOD,23.351318,72.947931
TOI,TAMKUHI ROAD,26.7221,84.2287
TOK,THOKUR,12.963409,74.828997
TOM,TONDAMANPATTI,10.7862,78.8234
TOP,TAPASI,23.6665,87.127
TORA,TORNIYA,21.4508,70.497
TORI,TORI,23.6811,84.7401
TOY,TOPPUTURAI,10.39566,79.8462991
TP,TIRUCHCHIRAPPALLI FORT,10.825634,78.688931
TPB,TRILOKPUR,27.5085,82.701387
TPC,TIRUPPACHETTI,9.7748,78.3429
TPE,TIRUCHRPLI PLKI,10.8077,78.6941
TPF,TARAPITH ROAD,24.1332,87.756
TPG,TIPLING,27.134924,93.920918
TPH,TINPAHAR JN,24.9953,87.7419
TPJ,TIRUCHCHIRAPPALLI JN.,10.794167,78.685455
TPK,TIPKAI,26.294954,90.046864
TPKR,TIKIAPARA,22.5989,88.3242
TPM,TOTIYAPALAYAM,11.293,77.6822
TPND,TALOJA PANCHAND,19.0789,73.0874
TPP,TOPPUR,11.9315,78.0702
TPPI,TIPPARTHI,17.006437,79.422998
TPQ,TOKOPAL,19.00662,81.878185
TPSA,TOP SARTHUA,25.4212147,85.2451351
TPT,TIRUPATTUR JN,12.498,78.5615
TPTN,TIRUCHRPALI TWN,10.8293,78.703
TPTY,TIRUPATI,13.62797,79.419308
TPU,TANAKPUR,29.0672,80.1092
TPV,TINPHERIA,26.619,84.2924
TPW,TIRUPATI W HLT,13.6248,79.4049
TPY,TADAKALPUDI,17.5298,80.5318
TPZ,TAPRI,29.9155,77.5831
TQA,TAKIA,26.311189,80.781527
TQL,THEH QALANDAR,30.4631,74.0866
TQM,TELAM,27.766494,95.005646
TQN,TIQUNIA,28.378903,80.981297
TQR,TEKTAR,26.276023,85.846481
TR,TARUR,20.06875,74.590645
TRA,TANGRA,31.5761,75.107
TRAN,TORANG,23.268,85.858498
TRB,TIRUVERUMBUR,10.787527,78.776779
TRBE,TARABARI,26.435993,92.683067
TRBI,TARABOI PASSENGER HALT,20.1409502,85.6443628
TRDI,TIRODI,21.688496,79.724994
TRE,TIKRI,27.1162,82.0707
TRG,TARIGHAT,25.571246,83.602352
TRJ,TARIASUJAN,26.6537,84.2709
TRK,TIRUKKOVILUR,11.99701,79.214001
TRKR,TUREKALA ROAD,20.5677,82.8108
TRL,TIRUVALLUR,13.116,79.9134
TRM,TIRUNAGESVARAM,10.9754,79.4284
TRMN,THARAMANI,12.978548,80.240192
TRN,TARAON,25.5257,83.3106
TRO,TIRORA,21.4145,79.9175
TRP,TARAPUR JN,22.4606,72.664
TRPL,TRIPAL HALT,32.00582,76.204506
TRR,TARAORI,29.7978,76.9385
TRS,TARSARAI,26.193875,86.012821
TRSR,TARSAI,21.7642,69.8476
TRT,TIRUTTANI,13.1796,79.6118
TRTR,TRIPUNITTURA,9.94983,76.352491
TRVL,TIRUVALLA,9.3917,76.5798
TRVZ,TIRUVIZHA,9.641708,76.326141
TRWT,TARAVATA,24.74574,77.381001
TRZ,TOLRA,24.1853,83.9228
TSA,TISUA,28.1361,79.5858
TSAH,TATASIGUA,23.774506,86.329708
TSD,TAHSIL BHADRA,29.1016,75.1603
TSF,TAHSIL FATEHPUR,27.1683,81.2038
TSI,TENKASI JN,8.964013,77.307358
TSK,TINSUKIA JN.,27.48604,95.356007
TSL,TAKSAL,30.844911,76.953907
TSR,TSUNDURU,16.157,80.586
TSS,TALLI SAIDASAHU,31.0323,74.7481
TT,TITTE,10.8444,79.1829
TTB,TITABAR,26.601728,94.199438
TTI,TURTIPAR,26.1613,83.891
TTL,TIRUTTANGAL,9.4756,77.8084
TTLA,TETELIA,26.136,92.0055
TTO,TARN TARAN,31.4556,74.9329
TTP,TIRUTURAIPUNDI JN,10.537771,79.634399
TTPT,TALCHER THERMAL PH,20.904562,85.216656
TTQ,THATHANKULAM,8.6271,77.875
TTR,TIPTUR,13.255652,76.475487
TTU,TETTU,15.0425,80.0055
TTW,TITWA,21.9863,80.1343
TU,TADIPATRI,14.9072,77.9787
TUA,TIRUNNAVAYA,10.8746,75.9855
TUD,TALODHI ROAD,20.4541,79.736
TUG,THALANGAI,13.0036,79.426
TUJ,TANIJAN,27.194488,93.991642
TUL,TIRALDIH,23.131836,85.930424
TUN,TOHANA,29.7262,75.9042
TUNG,TUNG,26.922223,88.295231
TUNI,TUNI,17.3609,82.5423
TUP,TIRUPPUR,11.1093,77.3416
TUR,TURKI,26.034651,85.354929
TUV,TUVVUR,11.120465,76.282883
TUVR,TURAVUR,9.773179,76.310349
TUWA,TUWA,22.800712,73.463173
TUX,TUNIA,22.5399,85.4257
TUY,THIRUTHURAIYUR,11.824068,79.535093
TVC,THIRUVANANTHAPURAM CENTRAL,8.487059,76.95159
TVCN,THIRUVANANTHAPURAM NORTH,8.5101,76.8969
TVCS,THIRUVANANTHAPURAM SOUTH,8.4535305,77.0102779
TVG,TAVARGATTI,15.414298,74.670639
TVI,TARADEVI,31.07602,77.139473
TVL,TADWAL,17.393071,75.975609
TVN,TIRUPPUVANAM,9.8217,78.2589
TVNL,TIRUVENNAINALLUR ROAD,11.798633,79.380255
TVP,THIRUVANANTHAPURAM PETTAH,8.494614,76.931763
TVR,THIRUVARUR JN,10.7646,79.6342
TVS,TALAIVASAL,11.596582,78.75103
TVT,TIRUVOTTIYUR,13.1597,80.2961
TWB,TALWANDI,30.861784,74.924054
TWG,TWINING GANJ,25.5688,84.2181
TWI,TOTEWAHI HALT,20.0151,79.6009
TWL,TILWARA,25.893512,72.078381
TWV,THUWAVI,22.154,73.3817
TXM,TANDAVAPURA,12.1685,76.6782
TXR,TIRUNALLARU,10.931765,79.7917556
TY,TULUKAPATI,9.4675,77.9369
TYAE,TENYA,23.822,88.1488
TYK,THABALKE,31.1802,75.5847
TYM,TIRUMAYAM,10.246006,78.759413
TYMR,TIRUVANMIYUR,12.989462,80.25135
TYT,TIRUNELVELI TWN,8.7198,77.6867
TZD,TOZHUPPEDU,12.3672,79.7837
TZH,TAKAZHI,9.37044,76.408556
TZR,TURKI ROAD,24.5489,81.1176
UA,UPLETA,21.7464,70.2819
UAA,UPPALA,12.6699,74.9065
UAM,UDAGAMANDALAM,11.4049,76.6951
UB,USKA BAZAR,27.189563,83.12552
UBC,AMBALA CITY,30.3782,76.7637
UBL,SSS HUBBALLI JN,15.350742,75.148544
UBN,UBARNI,26.1181,81.1635
UBR,UMBARGAM ROAD,20.1535,72.7908
UCA,UCHANA,29.4662,76.1786
UCB,UNCHI BASSI,31.8606,75.6434
UCH,UNCHAULIA,27.80932,80.069046
UCP,UCHIPPULI,9.3078,79.0147
UCR,UNCHAHAR JN,25.9025,81.3003
UD,UDUPI,13.335841,74.771233
UDGR,UDGIR,18.390855,77.109003
UDK,UDYAN KHERI,23.6803,76.6397
UDKL,UDAI KALAN,26.515489,76.716021
UDKN,UDAIYAPUR KHURD,28.486044,80.178223
UDL,ANDAL JN.,23.579052,87.181234
UDM,UNDASA MADHAWPU,23.0871,75.9793
UDMR,UDI MOR JN,26.728965,78.950959
UDN,UDHNA JN,21.170766,72.851071
UDPR,UDAIPURA,24.775788,78.653013
UDPU,UDAIPUR,23.510816,91.47962
UDR,AMDARA,24.100223,80.578623
UDS,UDASAR,28.397592,74.483871
UDT,UDUMALAIPPETTAI,10.5789,77.2501
UDZ,UDAIPUR CITY,24.566952,73.699722
UGD,UPPUGUNDURU,15.6504,80.1942
UGN,UGAON,20.1221,74.1364
UGNA,UGNA HALT,26.2427,86.0938
UGP,UGARPUR,27.3514,79.5116
UGR,UGAR KHURD,16.6694,74.8219
UGU,UGU,26.8038,80.2989
UGWE,UGWE,20.806509,77.009525
UHL,UNA HIMACHAL,31.4784,76.2753
UHR,UNCHHERA,24.38103,80.79423
UIH,UMARIA ISPA HLT,22.050959,79.106197
UJ,UJALVAV,21.904826,71.704845
UJA,UNJHA,23.7965,72.3817
UJH,UJHANI,27.994856,79.01453
UJN,UJJAIN JN,23.178554,75.781803
UJP,UJIARPUR,25.780648,85.799875
UKA,UKHRA,23.6538,87.2326
UKC,UKSHI,17.159654,73.483944
UKD,ULINDAKONDA,15.652544,77.968297
UKE,UTTARKATHANI,26.93263,93.784447
UKH,UKHALI,18.912295,76.605434
UKL,UTTUKULI,11.1562,77.4483
UKLR,UKILERHAT HALT,21.8245869,88.230397
UKN,UKLANA,29.4989,75.883
UKR,UDALKACHHAR,23.287553,82.292233
UKV,UTTAMARKOVIL,10.8777,78.7021
ULA,UMRA NALA,21.8744,78.8789
ULB,ULUBARIA,22.4727,88.0935
ULD,ACHALDA,26.7017,79.4042
ULG,UDALGURI,26.7442,92.0942
ULL,ULLAL,12.7916,74.855
ULM,URLAM,18.4351,83.9891
ULNR,ULHASNAGAR,19.2179,73.1632
ULT,KULTI,23.738,86.849
ULU,ULUNDURPET,11.7024,79.318
UM,UMARDASHI,24.1132,72.4205
UMB,AMBALA CANT JN,30.3386,76.8267
UMED,UMED,26.548992,73.605566
UMG,UTTANGAL MANGALAM,11.535534,79.419651
UMH,UMRETH,22.6936,73.12
UMM,UMRAM,19.66328,78.43998
UMN,AMBLIYASAN,23.447046,72.422841
UMNR,UMESHNAGAR,25.4615,86.4316
UMR,UMARIA,23.523,80.8235
UMRA,UMRA,24.510736,73.768215
UMRI,UMRI,19.04216,77.643042
UMS,UDRAMSAR,27.9598,73.3467
UNA,UNA,20.819,71.036
UND,UNCHDIH,25.201,82.1415
UNDI,UNDI,16.5806,81.4588
UNI,UNAI VANSADA RD,20.853679,73.337345
UNK,UNKAL,15.376729,75.123825
UNL,UNHEL,23.317,75.4724
UNLA,UNAULA,26.788372,83.471375
UOI,UMROLI,19.7545,72.7604
UPA,UTTARPARA,22.667442,88.341107
UPD,ULAVAPADU,15.1668,80.013
UPL,UPPALUR,16.493,80.7803
UPM,URAPPAKKAM,12.867117,80.071621
UPR,USMANPUR,19.532047,76.2743
UPRD,USMANPUR DEHAT HALT,29.548404,77.377019
UPW,UPPALAVAI,18.424652,78.315868
UR,UMDANAGAR,17.263162,78.393373
URD,UNTARE ROAD,24.3413,83.8348
UREN,UREN,25.2049,86.3018
URG,USARGAON,26.0805,79.6804
URGA,URGA,22.2662,82.7364
URGR,URGR,20.6369899,86.2019091
URI,URULI,18.494,74.1366
URK,URKURA,21.2895,81.645
URL,UNJALUR,11.1284,77.8763
URMA,URMA,23.157407,86.253405
URML,UPRAMAL,25.248267,75.276947
URN,UTRAN,21.2321,72.8543
URP,UDAIRAMPUR,22.099955,88.273602
URPR,UGRASENPUR,25.5677,82.1887
USD,UKAI SONGADH,21.148,73.5558
USK,USIA KHAS,25.434594,83.707237
USL,USLAPUR,22.102818,82.111816
USLP,USILAMPATTI,9.9739,77.7842
USRA,USRA,22.842325,74.103212
UTA,UMAR TALI,27.0864,80.4729
UTD,UTARSANDA,22.655,72.8891
UTL,UTARLAI,25.788454,71.443748
UTN,UTTAR RADHANAGAR HALT,22.269558,88.383465
UTP,UTRIPURA,26.7401,80.0958
UTR,UTRAHTIA,26.7631,80.9741
UVD,UDVADA,20.4617,72.9191
UWAN,URWAN,24.350208,85.462788
VAA,BHAGA JN,23.723401,86.405625
VAJ,VADAPALANJI HALT,9.938078,78.011341
VAK,VARKALA,8.7408,76.723
VAL,VADAL,21.611153,70.492573
VAN,VADHVANA,22.1519,73.487
VAPI,VAPI,20.3739,72.9087
VAPM,VALAPATTANAM,11.9273,75.3459
VAR,VIDYANAGAR,17.4023,78.5114
VARD,VAIKAM ROAD,9.777408,76.474371
VAY,VAYALAR,9.741712,76.311378
VB,VILLIYAMBAKKAM,12.7547,79.9294
VBH,VISHNUPUR BATHUA HALT,25.931536,85.644429
VBL,BOBBILI,18.577104,83.346062
VBN,VALLABHNAGAR,24.690384,74.018669
VBR,VAMBORI,19.29875,74.685144
VBW,VAIBHAVWADI ROAD,16.511643,73.707275
VC,VYASA COLONY,15.18693,76.383348
VD,VAGDIYA,22.6167,71.299
VDA,VASAD JN,22.4526,73.0602
VDD,VENDODU,14.027,79.7284
VDE,VEDAYAPALEM,14.404838,79.957466
VDG,VADNAGAR,23.784481,72.633276
VDH,VEDCHHA,20.8744,72.9362
VDI,VELDURTI,15.553219,77.927141
VDKS,VADANAM KURUSHSHI HA,10.788539,76.253271
VDL,VAITHISVARANKOIL,11.1957,79.7036
VDLR,VADALA ROAD BBY,19.015871,72.858839
VDM,VADAMADURA,10.4357,78.1027
VDN,VADGAON,18.7424,73.6364
VDNP,BAIJNATH ANDOLI,26.25832,86.69981
VDP,VADIPPATTI,10.0861,77.9457
VDR,VANDALUR,12.8913,80.0844
VDS,VIDYASAGAR,24.10367,86.698265
VDV,VADIYA DEVLI,21.689971,70.853376
VDY,VEDARANNIYAM,10.377232,79.855328
VEER,VEER,18.098,73.3473
VEI,VELLIYANAI,10.84123,78.115025
VEK,VELLARAKKAD,11.4721,75.6532
VEL,VELLANUR,10.46705,78.796935
VELI,VELI,8.5311,76.8805
VEN,VERNA,15.353307,73.912239
VER,VELLUR HALT,11.242473,79.13847
VEU,VEPPAMPATTU,13.123617,79.998407
VG,VIRAMGAM JN,23.1287,72.0525
VGA,VEPAGUNTA,13.3949,79.5593
VGE,VALAPPADI G HLT,11.654884,78.400712
VGI,VANGANI,19.0941,73.3008
VGLJ,VIRANGANA LAKSHMIBAI JHANSI JN,25.443275,78.552675
VGM,VINNAMANGALAM,12.7284,78.6782
VGN,VANGAON,19.883,72.7633
VI,VILLIANUR,11.9197,79.7579
VID,VILAVADE,16.785313,73.619041
VINH,VINHERE,17.908019,73.38438
VJ,VIRINCHIPURAM,12.961,79.0244
VJA,VEJANDLA,16.2376,80.5201
VJD,VIJPADI ROAD,21.17961,71.449242
VJK,VEJALKA,22.417059,71.719408
VJM,VYASARPADI JEEVA,13.108738,80.257273
VJP,VIJAYPUR,24.469729,77.159815
VJPJ,VIJIYPUR JAMMU,32.572,75.021
VJR,VIJAYANAGAR,16.7743,74.7008
VK,VIKHROLI,19.1118,72.9282
VKA,VERKA JN,31.6655,74.9314
VKB,VIKARABAD JN,17.3376,77.9098
VKD,BAKHRABAD,22.1188,87.3637
VKDH,VEER KUNWAR SINGH DHARAULI HALT,25.567375,84.254665
VKG,VAVADI KHURD,22.7954,73.5033
VKH,VIKHRAN,21.302969,74.618111
VKI,VENKATAGIRI,13.944,79.6041
VKM,VENKATESAPURAM,11.9313,79.4436
VKN,VINUKONDA,16.0502,79.7475
VKNR,VALMIKINAGAR RD,27.195098,84.034595
VKP,VARAKALPATTU,11.766,79.7042
VKR,VENKATNAGAR,22.9232,81.8721
VKT,VENKATACHALAM,14.326846,79.92691
VKZ,VENKATANARASIMHARAJUVARIPETA,13.266179,79.581184
VL,VILAD,19.198269,74.674759
VLA,BAVLA,22.833149,72.364883
VLCY,VELACHERRY,12.967382,80.219507
VLD,VAYALPAD,13.634226,78.624687
VLDE,VALADI,10.8724,78.7574
VLDI,VITHALWADI,19.2287,73.1485
VLDR,VALADAR,20.9675,70.7243
VLE,VELLALCHERUVU HALT,16.1327,79.8913
VLG,VALLIGONDA,17.367023,79.008865
VLI,VALLIKUNNU,11.0906,75.8518
VLK,VILLIVAKKAM,13.1099,80.2095
VLL,VELLAYIL,11.2641,75.7742
VLNK,VELLANKANNI,10.6869138,79.8461843
VLR,VELLORE CANTONMENT,12.910708,79.127483
VLT,VALATHOOR,12.8894,78.8392
VLU,VADALUR,11.5577,79.548
VLY,VALLIYUR,8.37643,77.61426
VLYN,VALLABH VDYANGR,22.5425,72.9309
VM,VILLUPURAM JN,11.942601,79.499731
VMA,VIKRAMGARH ALOT,23.765,75.5382
VMD,VADLAMANNADU,16.3006,81.0993
VML,VEMULAPADU,15.0217,77.851
VMM,VALARAMANIKKAM,10.133652,78.934879
VMP,VALLAMPADUGAI,11.3498,79.7079
VMU,VEMURU,16.1777,80.7428
VN,VANIYAMBADI,12.6787,78.6219
VNA,VARANGAON,21.011766,75.897503
VNB,VANIYAMBALAM,11.188169,76.260223
VND,VENDRA,16.5785,81.5691
VNE,VISHWANATH CHARIALI,26.771974,93.171787
VNG,VISNAGAR,23.70238,72.542038
VNGP,VANGAICHUNGPAO,24.75866,93.180083
VNJ,VANJIPALAIYAM,11.1181,77.2662
VNK,BINAIKI,22.7201,79.9025
VNM,ONTIMITTA,14.3929,79.0167
VNN,BHANAUR,25.5729,82.5298
VNR,DEVANUR,13.4392,76.0883
VNTD,VANTADA,23.613101,73.0777342
VNUP,VISHNUPURAM,16.705588,79.638777
VNWI,VIGHANWADI,19.01998,75.4554454
VOC,VOC NAGAR,13.139833,80.287228
VONB,VONDH,23.303951,70.399876
VP,VIRAPUR,15.1593,77.132
VPDA,VIDYAPATIDHAM,25.601802,85.80229
VPG,VENTRAPRAGADA,16.4742,80.9149
VPH,VACHASPATINAGAR,26.400634,86.325588
VPJ,VAIYAMPATTI,10.594302,78.398266
VPL,VENKATAMPALLE,15.0439,77.4469
VPO,BHUPIA MAU,25.8751,81.9701
VPR,VISAPUR,18.8226,74.5985
VPT,VIRUDUNAGAR JN,9.5962,77.9575
VPU,VELPURU,16.7255,81.6622
VPY,VYASARPADI,13.108905,80.257187
VPZ,VALLAPUZHA,10.841736,76.252155
VR,VIRAR,19.454817,72.812147
VRA,VALAVANUR,11.9177,79.5741
VRB,VISHRAMBAG,16.851,74.602661
VRBD,VRINDABAN ROAD,27.5558,77.6232
VRE,VAREDIYA,21.85887,73.049469
VRG,VIKRAMNAGAR,23.1624,75.818
VRH,VIRBHADRA,30.0749,78.2523
VRI,VRIDDHACHALAM JN,11.534945,79.316053
VRL,VERAVAL,20.913141,70.370479
VRLI,VERAVALI,16.833398,73.615098
VRLR,VIRANI ALUR,8.1939,77.3683
VRM,VARNAMA,22.1844,73.1695
VRN,VANGANUR,14.8475,78.081
VRPD,VIRAPANDY ROAD,11.5967,78.0743
VRQ,VIRARAKKIYAM,10.9391,78.1658
VRR,VIRPUR,21.848753,70.707622
VRT,VRIDDHACHALM TN,11.482,79.2792
VRX,VARAHI,23.8004,71.431
VS,VISHVAMITRI JN.,22.284,73.1788
VSD,VASIND,19.4062,73.2674
VSG,VASCO DA GAMA,15.396921,73.813105
VSH,VASHI,19.063172,72.998657
VSHI,VAISHALI,25.9687255,85.1386478
VSKP,VISAKHAPATNAM,17.72179,83.289714
VSPR,BISHNUPRIYA,23.413556,88.35557
VSR,VASUNDHARA,27.4872325,78.5326376
VST,BIJAYSOTA,23.9705,81.0291
VSU,BISHNUPUR,23.065439,87.301011
VSW,VISAVADAR,21.3415,70.7554
VT,VELLORE TOWN,12.9232,79.1248
VTA,VATVA,22.957643,72.629972
VTDI,VARETHA,23.954724,72.693443
VTE,VENKATAGIRIKOTE HALT,13.32821,77.73149
VTG,BHETAGURI,26.194415,89.481583
VTJ,VARTEJ,21.745948,72.054949
VTK,VALLATHOL NAGAR,10.731453,76.280823
VTM,VETAPALEMU,15.783,80.3003
VTN,VAITARNA,19.518,72.8499
VTP,VASTRAPUR,23.0077,72.5176
VTV,VALANTARAVAL,9.3372,78.912
VU,VAGHPURA,23.7814,71.3495
VV,VALIVADE,16.7039,74.2993
VVB,VIVEKA VIHAR,28.673269,77.31946
VVD,VAVDI,21.714374,70.793638
VVG,V.V.GIRI HALT,25.570758,84.177458
VVH,VIDYAVIHAR,19.079518,72.897441
VVKP,VIVEKANAND PURI HALT,28.6644,77.184
VVM,VIRAVASARAM,16.542294,81.63271
VVN,VIKRAVANDI,12.0375,79.5376
VVR,VIRAVANALLUR,8.680476,77.502365
VVV,VAVERA,21.0622,71.4415
VWA,VIDURASWATTHA,13.6655,77.5095
VXD,VADOD,22.5157,73.0069
VXM,VELLPAPALYAM,10.7758,79.8438
VYA,VYARA,21.1183,73.384
VYK,VILAYATKALAN RD,23.7093,80.6105
VYN,VYASNAGAR,25.2973,83.0716
VYS,VYASANAKERI,15.2393,76.3601
VZ,VIJAYAMANGALAM,11.1959,77.5226
VZM,VIZIANAGRAM JN,18.1116,83.3958
VZPH,VAZEERPUR HALT,28.148292,79.863739
VZR,BHANJPUR,21.9511,86.7344
WAAD,WAYAD,24.023535,72.033947
WAB,BALWA,21.8959,69.9611
WADI,WADI JN.,17.054692,76.99193
WADO,WADODA,20.888164,76.285286
WAIR,WAIR,28.347635,77.699647
WANI,WANI,20.06609,78.962345
WC,WADHWAN CITY,22.702801,71.67223
WCN,WIMCO NAGAR,13.180451,80.305767
WDA,WADRENGDISA,25.2644,93.1779
WDG,WADEGAON,20.7642,79.9813
WDJ,WANDERJATANA,30.564922,74.740849
WDL,WANDAL,16.4164,75.8636
WDLN,WADWAL NAGNATH,18.538536,76.80748
WDM,WYNDHAMGANJ,24.2636,83.4011
WDN,VADGAON NILA,18.928859,76.643689
WDR,WADIARAM,17.972447,78.455257
WDS,WADSINGE,18.0683,75.4803
WEL,WELLINGTON,11.3559,76.7861
WENA,WENA,25.3713,85.54
WFD,WHITEFIELD,12.995693,77.761745
WG,WAGHOLI,20.585385,78.767338
WGA,WAGHODA,21.256102,76.088905
WGI,WAGHAI,20.774573,73.499908
WGJ,WARIS GANJ (HALT),26.450441,81.660004
WH,WEST HILL,11.2859,75.7651
WHM,WASHIM,20.103171,77.148056
WIRR,WIRUR,19.6416,79.4309
WJ,WALAJABAD,12.797,79.8181
WJR,WALAJAH ROAD,12.970936,79.360771
WKA,VAKAV,17.9878,75.5794
WKI,WADAKANCHERI,10.6491,76.2372
WKND,WANAWAR KOTESHWARNATH DHAM,25.006128,84.97736
WKR,WANKANER JN,22.622,70.9651
WL,WARANGAL,17.9729,79.6053
WLA,VALTOHA,31.1949,74.6637
WLGN,WALGAON,21.020285,77.710963
WLH,VALHA,18.184671,74.1572
WNG,WANEGAON,19.166573,77.25174
WOC,WARUD ORANGE CITY,21.458456,78.275869
WP,WANGAPALLI,17.5808,78.9839
WPR,WANPARTI ROAD,16.382197,77.88444
WR,WARDHA JN,20.7328,78.5942
WRA,WALAYAR,10.845,76.8376
WRC,WRS COLONY,21.278,81.6392
WRGN,WARIGAON NEWADA,25.5862,82.5684
WRI,WARASEONI,21.7705,80.0556
WRR,WARORA,20.2446,79.0103
WRS,WARIS ALEGANJ,25.0156,85.6424
WSA,WADSA,20.6239,79.9633
WSB,WASHIMBE,18.2838,75.0036
WSD,WASUD,17.3832,75.1478
WSJ,WANSJALIYA,21.799033,69.873219
WST,WASHERMANPET,13.1087,80.2825
WTJ,JAM WANTHALI,22.4291,70.3215
WTP,WATER PIPE,19.009054,73.290396
WTR,WATHAR,17.89103,74.136257
WTWI,WETALWADI,18.8919257,75.1868048
WZJ,WAZERGANJ,24.8133,85.2258
XBKJ,BIKRAMGANJ,25.219074,84.273891
XGN,GOKULNAGAR HALT,25.474306,85.297796
XSAD,SADIPUR HALT,24.933144,85.596542
XSAN,SARVODAYA HALT,25.551734,84.514732
Y,YELIYUR,12.5088,76.8155
YA,YERRAGUNTLA,14.6427,78.5343
YAD,YEULKHED,20.724689,77.0751
YADD,YADADRI,17.551164,78.941643
YAG,YAQUTGANJ,27.3257,79.6182
YDD,YADUDIH,24.334741,85.690613
YDLP,YADALAPUR,16.3848,77.327
YDM,YEDAMANGALA,12.714698,75.443115
YDV,YADVENDRANAGAR,25.7569,82.7517
YEAM,YOGENDRA DHAM HALT,27.454208,81.728153
YFP,YUSUFPUR,25.638586,83.748264
YG,YADGIR,16.7439,77.1299
YGA,YERRA GOPPA HALT,15.9057,75.6485
YGD,YERRAGUDIPADU,14.619133,78.606834
YGL,YELGUR,17.861,79.7471
YGM,YADUGRAM BH,24.543219,85.323944
YJUD,YAMUNANAGAR JAGADHRI,30.117171,77.287555
YKA,YAKUTPURA,17.359814,78.491971
YL,YEOLA,20.042869,74.502926
YLBA,YELBURGA,15.6092755,76.0273588
YLG,YALVIGI,15.042948,75.40844
YLK,YELLAKARU,13.84608,79.650192
YLM,ELAMANCHILI,17.5537,82.8527
YNG,YENUGONDA,16.758023,78.036204
YNK,YELAHANKA JN.,13.102385,77.592659
YNRK,YOG NAGARI RISHIKESH,30.074999,78.252354
YP,ERRUPALEM,16.8255,80.4712
YPD,YERPEDU,13.6886,79.578
YPR,YESVANTPUR JN.,13.023039,77.551374
YSI,YEDSHI,18.317618,75.97681
YT,YEVAT,18.4914,74.2102
YVP,YAWARPURA,22.44,72.6639
YY,YEDIYURU,12.978777,76.863981
ZARP,ZARAP,15.94763,73.734055
ZB,ZAHIRABAD,17.6754,77.6106
ZBD,ZAFARABAD JN,25.7079,82.7185
ZN,JANGAON,17.7248,79.1544
ZNA,ZAMANIA,25.3742,83.544
ZNP,ZINDPURA,28.1909,79.8493
ZP,ZERPUR PALI,28.281103,76.1483
ZPI,ZAMPANI HALT,16.1993,80.7142
ZPL,ZANGALAPALLE,14.5917,77.6407
ZPR,ZORAWAR PURA HALT,29.763185,73.449097
ZRDE,JIRADEI,26.221,84.2563
ZW,ZAWAR,24.356636,73.731308
